SET SQL_MODE="NO_AUTO_VALUE_ON_ZERO";

/*!40101 SET @OLD_CHARACTER_SET_CLIENT=@@CHARACTER_SET_CLIENT */;
/*!40101 SET @OLD_CHARACTER_SET_RESULTS=@@CHARACTER_SET_RESULTS */;
/*!40101 SET @OLD_COLLATION_CONNECTION=@@COLLATION_CONNECTION */;
/*!40101 SET NAMES utf8 */;


CREATE TABLE `va_admins` (
  `admin_id` int(11) NOT NULL AUTO_INCREMENT,
  `admin_name` varchar(255) NOT NULL,
  `nickname` varchar(32) DEFAULT NULL,
  `admin_alias` varchar(16) DEFAULT NULL,
  `privilege_id` int(11) NOT NULL DEFAULT '0',
  `is_hidden` tinyint(4) DEFAULT '0',
  `email` varchar(255) NOT NULL,
  `login` varchar(64) NOT NULL,
  `password` varchar(32) NOT NULL,
  `personal_image` varchar(255) DEFAULT NULL,
  `signature` text,
  `last_order_id` int(11) DEFAULT '0',
  `exported_order_id` int(11) DEFAULT '0',
  `exported_order_fields` text,
  `last_user_id` int(11) DEFAULT '0',
  `exported_email_id` varchar(50) DEFAULT NULL,
  `exported_user_id` int(11) DEFAULT '0',
  `exported_email_fields` varchar(50) DEFAULT NULL,
  `exported_user_fields` text,
  `imported_email_fields` varchar(50) DEFAULT NULL,
  `imported_user_fields` text,
  `exported_item_fields` text,
  `imported_item_fields` text,
  `edited_item_fields` text,
  `last_visit_date` datetime DEFAULT NULL,
  `is_generate_big_image` tinyint(4) DEFAULT '0',
  `is_generate_small_image` tinyint(4) DEFAULT '0',
  PRIMARY KEY (`admin_id`),
  KEY `login` (`login`),
  KEY `password` (`password`)
) ENGINE=MyISAM  DEFAULT CHARSET=utf8 AUTO_INCREMENT=7 ;

INSERT INTO `va_admins` (`admin_id`, `admin_name`, `nickname`, `admin_alias`, `privilege_id`, `is_hidden`, `email`, `login`, `password`, `personal_image`, `signature`, `last_order_id`, `exported_order_id`, `exported_order_fields`, `last_user_id`, `exported_email_id`, `exported_user_id`, `exported_email_fields`, `exported_user_fields`, `imported_email_fields`, `imported_user_fields`, `exported_item_fields`, `imported_item_fields`, `edited_item_fields`, `last_visit_date`, `is_generate_big_image`, `is_generate_small_image`) VALUES
(1, 'admin', NULL, NULL, 1, 0, 'www@rrr.vb', 'admin', '123456', NULL, NULL, 1, 0, NULL, 0, NULL, 0, NULL, NULL, NULL, NULL, NULL, NULL, NULL, NULL, 0, 0);

CREATE TABLE `va_admins_login_stats` (
  `stat_id` int(11) NOT NULL AUTO_INCREMENT,
  `admin_id` int(11) DEFAULT '0',
  `login_status` tinyint(4) DEFAULT '0',
  `ip_address` varchar(32) DEFAULT NULL,
  `forwarded_ips` varchar(255) DEFAULT NULL,
  `date_added` datetime DEFAULT NULL,
  PRIMARY KEY (`stat_id`),
  KEY `admin_id` (`admin_id`)
) ENGINE=MyISAM DEFAULT CHARSET=utf8 AUTO_INCREMENT=1 ;


CREATE TABLE `va_admins_settings` (
  `admin_id` int(11) NOT NULL DEFAULT '0',
  `setting_name` varchar(64) NOT NULL,
  `setting_value` text,
  PRIMARY KEY (`admin_id`,`setting_name`)
) ENGINE=MyISAM DEFAULT CHARSET=utf8;

INSERT INTO `va_admins_settings` (`admin_id`, `setting_name`, `setting_value`) VALUES
(2, 'records_per_page', '50'),
(1, 'records_per_page', '25');

CREATE TABLE `va_admin_privileges` (
  `privilege_id` int(11) NOT NULL AUTO_INCREMENT,
  `is_hidden` tinyint(4) DEFAULT '0',
  `support_privilege` tinyint(4) DEFAULT '0',
  `privilege_name` varchar(64) NOT NULL,
  `user_types_all` tinyint(4) DEFAULT '1',
  `non_logged_users` tinyint(4) DEFAULT '1',
  `user_types_ids` text,
  PRIMARY KEY (`privilege_id`)
) ENGINE=MyISAM  DEFAULT CHARSET=utf8 AUTO_INCREMENT=3 ;

INSERT INTO `va_admin_privileges` (`privilege_id`, `is_hidden`, `support_privilege`, `privilege_name`, `user_types_all`, `non_logged_users`, `user_types_ids`) VALUES
(1, 0, 0, 'Администратор', 1, 1, NULL),
(2, 0, 1, 'Оператор Службы Поддержки', 1, 1, NULL);

CREATE TABLE `va_admin_privileges_settings` (
  `privilege_id` int(11) NOT NULL DEFAULT '0',
  `block_name` varchar(64) NOT NULL,
  `permission` tinyint(4) DEFAULT NULL,
  PRIMARY KEY (`privilege_id`,`block_name`)
) ENGINE=MyISAM DEFAULT CHARSET=utf8;

INSERT INTO `va_admin_privileges_settings` (`privilege_id`, `block_name`, `permission`) VALUES
(1, 'users_login', 1),
(1, 'users_groups', 1),
(1, 'site_users', 1),
(1, 'support_users_priorities', 1),
(1, 'support_users_stats', 1),
(1, 'support_static_data', 1),
(1, 'support_predefined_reply', 1),
(1, 'support_departments', 1),
(1, 'support_users', 1),
(1, 'support_ticket_reply', 1),
(1, 'support_ticket_close', 1),
(1, 'support_ticket_edit', 1),
(1, 'support_ticket_new', 1),
(1, 'support_settings', 1),
(1, 'support', 1),
(1, 'orders_recover', 1),
(1, 'tax_rates', 1),
(1, 'payment_systems', 1),
(1, 'orders_import', 1),
(1, 'order_confirmation', 1),
(1, 'order_profile', 1),
(1, 'order_vouchers', 1),
(1, 'order_serials', 1),
(1, 'order_links', 1),
(1, 'order_notes', 1),
(1, 'order_statuses', 1),
(1, 'orders_stats', 1),
(1, 'create_orders', 1),
(1, 'update_orders', 1),
(1, 'remove_orders', 1),
(1, 'order_payment', 1),
(1, 'sales_orders', 1),
(1, 'articles_lost', 1),
(1, 'articles_reviews_settings', 1),
(1, 'articles_reviews', 1),
(1, 'articles_statuses', 1),
(1, 'articles', 1),
(1, 'products_reviews_settings', 1),
(1, 'products_reviews', 1),
(1, 'approve_products', 1),
(1, 'duplicate_products', 1),
(1, 'remove_products', 1),
(1, 'update_products', 1),
(1, 'add_products', 1),
(1, 'remove_categories', 1),
(1, 'update_categories', 1),
(1, 'add_categories', 1),
(1, 'view_products', 1),
(1, 'view_categories', 1),
(1, 'categories_order', 1),
(1, 'categories_import', 1),
(1, 'categories_export', 1),
(1, 'tell_friend', 1),
(1, 'features_groups', 1),
(1, 'products_export_google_base', 1),
(1, 'products_import', 1),
(1, 'products_export', 1),
(1, 'products_order', 1),
(1, 'product_releases', 1),
(1, 'product_accessories', 1),
(1, 'product_categories', 1),
(1, 'product_related', 1),
(1, 'product_features', 1),
(1, 'product_properties', 1),
(1, 'product_images', 1),
(1, 'product_prices', 1),
(1, 'products_report', 1),
(1, 'advanced_search', 1),
(1, 'saved_types', 1),
(1, 'coupons', 1),
(1, 'downloadable_products', 1),
(1, 'shipping_rules', 1),
(1, 'shipping_times', 1),
(1, 'shipping_methods', 1),
(1, 'suppliers', 1),
(1, 'manufacturers', 1),
(1, 'product_types', 1),
(1, 'products_settings', 1),
(1, 'products_categories', 1),
(1, 'sliders', 1),
(1, 'polls', 1),
(1, 'banners', 1),
(1, 'filters', 1),
(1, 'custom_friendly_urls', 1),
(1, 'custom_blocks', 1),
(1, 'web_pages', 1),
(1, 'filemanager', 1),
(1, 'static_messages', 1),
(1, 'footer_links', 1),
(1, 'site_navigation', 1),
(1, 'layouts', 1),
(1, 'cms_settings', 1),
(1, 'system_upgrade', 1),
(1, 'db_management', 1),
(1, 'visits_report', 1),
(1, 'ads', 1),
(1, 'import_export', 1),
(1, 'banned_contents', 1),
(1, 'black_ips', 1),
(1, 'newsletter', 1),
(1, 'manual', 1),
(1, 'forum', 1),
(1, 'site_settings', 1),
(2, 'users_groups', 0),
(2, 'site_users', 0),
(2, 'support_users_priorities', 1),
(2, 'support_users_stats', 1),
(2, 'support_static_data', 1),
(2, 'support_predefined_reply', 1),
(2, 'support_departments', 1),
(2, 'support_users', 1),
(2, 'support_ticket_reply', 1),
(2, 'support_ticket_close', 1),
(2, 'support_ticket_edit', 1),
(2, 'support_ticket_new', 1),
(2, 'support_settings', 1),
(2, 'support', 1),
(2, 'orders_recover', 0),
(2, 'tax_rates', 0),
(2, 'payment_systems', 0),
(2, 'orders_import', 0),
(2, 'order_confirmation', 0),
(2, 'order_profile', 0),
(2, 'order_vouchers', 0),
(2, 'order_serials', 0),
(2, 'order_links', 0),
(2, 'order_notes', 0),
(2, 'order_statuses', 0),
(2, 'orders_stats', 0),
(2, 'create_orders', 0),
(2, 'update_orders', 0),
(2, 'remove_orders', 0),
(2, 'order_payment', 0),
(2, 'sales_orders', 0),
(2, 'articles_lost', 0),
(2, 'articles_reviews_settings', 0),
(2, 'articles_reviews', 0),
(2, 'articles_statuses', 0),
(2, 'articles', 0),
(2, 'products_reviews_settings', 0),
(2, 'products_reviews', 0),
(2, 'approve_products', 0),
(2, 'duplicate_products', 0),
(2, 'remove_products', 0),
(2, 'update_products', 0),
(2, 'add_products', 0),
(2, 'remove_categories', 0),
(2, 'update_categories', 0),
(2, 'add_categories', 0),
(2, 'view_products', 0),
(2, 'view_categories', 0),
(2, 'categories_order', 0),
(2, 'categories_import', 0),
(2, 'categories_export', 0),
(2, 'tell_friend', 0),
(2, 'features_groups', 0),
(2, 'products_export_google_base', 0),
(2, 'products_import', 0),
(2, 'products_export', 0),
(2, 'products_order', 0),
(2, 'product_releases', 0),
(2, 'product_accessories', 0),
(2, 'product_categories', 0),
(2, 'product_related', 0),
(2, 'product_features', 0),
(2, 'product_properties', 0),
(2, 'product_images', 0),
(2, 'product_prices', 0),
(2, 'products_report', 0),
(2, 'advanced_search', 0),
(2, 'saved_types', 0),
(2, 'coupons', 0),
(2, 'downloadable_products', 0),
(2, 'shipping_rules', 0),
(2, 'shipping_times', 0),
(2, 'shipping_methods', 0),
(2, 'suppliers', 0),
(2, 'manufacturers', 0),
(2, 'product_types', 0),
(2, 'products_settings', 0),
(2, 'products_categories', 0),
(2, 'sliders', 0),
(2, 'polls', 0),
(2, 'banners', 0),
(2, 'filters', 0),
(2, 'custom_friendly_urls', 0),
(2, 'custom_blocks', 0),
(2, 'web_pages', 0),
(2, 'filemanager', 0),
(2, 'static_messages', 0),
(2, 'footer_links', 0),
(2, 'site_navigation', 0),
(2, 'layouts', 0),
(2, 'cms_settings', 0),
(2, 'system_upgrade', 0),
(2, 'db_management', 0),
(2, 'visits_report', 0),
(2, 'ads', 0),
(2, 'import_export', 0),
(2, 'banned_contents', 0),
(2, 'black_ips', 0),
(2, 'newsletter', 0),
(2, 'manual', 0),
(2, 'forum', 0),
(2, 'site_settings', 0),
(1, 'add_users', 1),
(1, 'update_users', 1),
(1, 'remove_users', 1),
(1, 'import_users', 1),
(1, 'export_users', 1),
(1, 'users_forgot', 1),
(1, 'users_payments', 1),
(1, 'add_payments', 1),
(1, 'update_payments', 1),
(1, 'remove_payments', 1),
(1, 'export_payments', 1),
(1, 'subscriptions', 1),
(1, 'subscriptions_groups', 1),
(1, 'admin_users', 1),
(1, 'admins_groups', 1),
(1, 'admins_login', 1),
(1, 'add_admins', 1),
(1, 'update_admins', 1),
(1, 'remove_admins', 1),
(1, 'admins_hidden', 1),
(1, 'static_tables', 1),
(1, 'static_google_base_types', 1),
(1, 'static_google_base_attributes', 1),
(1, 'static_prices', 1),
(1, 'admin_sites', 1),
(1, 'add_sites', 1),
(1, 'update_sites', 1),
(1, 'remove_sites', 1),
(1, 'get_orders_statuses', 1),
(1, 'get_orders_ids', 1),
(1, 'update_order_status', 1),
(1, 'add_duplicate_coupons', 1),
(1, 'admin_registration', 1),
(1, 'edit_reg_list', 1),
(1, 'edit_reg_categories', 1),
(1, 'edit_reg_products', 1),
(2, 'users_login', 0),
(2, 'add_users', 0),
(2, 'update_users', 0),
(2, 'remove_users', 0),
(2, 'import_users', 0),
(2, 'export_users', 0),
(2, 'users_forgot', 0),
(2, 'users_payments', 0),
(2, 'add_payments', 0),
(2, 'update_payments', 0),
(2, 'remove_payments', 0),
(2, 'export_payments', 0),
(2, 'subscriptions', 0),
(2, 'subscriptions_groups', 0),
(2, 'admin_users', 0),
(2, 'admins_groups', 0),
(2, 'admins_login', 0),
(2, 'add_admins', 0),
(2, 'update_admins', 0),
(2, 'remove_admins', 0),
(2, 'admins_hidden', 0),
(2, 'static_tables', 0),
(2, 'static_google_base_types', 0),
(2, 'static_google_base_attributes', 0),
(2, 'static_prices', 0),
(2, 'admin_sites', 0),
(2, 'add_sites', 0),
(2, 'update_sites', 0),
(2, 'remove_sites', 0),
(2, 'get_orders_statuses', 0),
(2, 'get_orders_ids', 0),
(2, 'update_order_status', 0),
(2, 'add_duplicate_coupons', 0),
(2, 'admin_registration', 0),
(2, 'edit_reg_list', 0),
(2, 'edit_reg_categories', 0),
(2, 'edit_reg_products', 0);

CREATE TABLE `va_ads_assigned` (
  `item_id` int(11) NOT NULL DEFAULT '0',
  `category_id` int(11) NOT NULL DEFAULT '0',
  PRIMARY KEY (`item_id`,`category_id`)
) ENGINE=MyISAM DEFAULT CHARSET=utf8;


CREATE TABLE `va_ads_categories` (
  `category_id` int(11) NOT NULL AUTO_INCREMENT,
  `language_code` varchar(2) DEFAULT NULL,
  `parent_category_id` int(11) DEFAULT '0',
  `alias_category_id` int(11) DEFAULT '0',
  `category_path` varchar(255) NOT NULL,
  `category_name` varchar(255) DEFAULT NULL,
  `friendly_url` varchar(255) DEFAULT NULL,
  `sites_all` tinyint(4) DEFAULT '1',
  `publish_price` double(16,2) DEFAULT '0.00',
  `access_level` tinyint(4) DEFAULT '7',
  `guest_access_level` tinyint(4) DEFAULT '7',
  `category_order` int(11) DEFAULT '0',
  `short_description` text,
  `full_description` text,
  `image_small` varchar(255) DEFAULT NULL,
  `image_large` varchar(255) DEFAULT NULL,
  `total_views` int(11) DEFAULT '0',
  `total_ads` int(11) DEFAULT '0',
  `total_subcategories` int(11) DEFAULT '0',
  PRIMARY KEY (`category_id`),
  KEY `parent_category_id` (`parent_category_id`),
  KEY `category_path` (`category_path`),
  KEY `friendly_url` (`friendly_url`),
  KEY `sites_all` (`sites_all`),
  KEY `access_level` (`access_level`),
  KEY `guest_access_level` (`guest_access_level`)
) ENGINE=MyISAM  DEFAULT CHARSET=utf8 AUTO_INCREMENT=4 ;

INSERT INTO `va_ads_categories` (`category_id`, `language_code`, `parent_category_id`, `alias_category_id`, `category_path`, `category_name`, `friendly_url`, `sites_all`, `publish_price`, `access_level`, `guest_access_level`, `category_order`, `short_description`, `full_description`, `image_small`, `image_large`, `total_views`, `total_ads`, `total_subcategories`) VALUES
(1, '', 0, 0, '0,', 'Книги', 'knigi', 1, NULL, 7, 7, 1, NULL, NULL, 'images/categories/books.gif', NULL, 1, NULL, NULL),
(2, '', 0, 0, '0,', 'Электроника', 'elektronika', 1, NULL, 7, 7, 2, '<br>', '<br>', 'images/categories/electronics.gif', NULL, 1, NULL, NULL),
(3, '', 0, 0, '0,', 'Компьютеры', 'kompyuteryi_1', 1, NULL, 7, 7, 3, '<br>', '<br>', 'images/categories/computers.gif', NULL, 1, NULL, NULL);

CREATE TABLE `va_ads_categories_sites` (
  `category_id` int(11) NOT NULL DEFAULT '0',
  `site_id` int(11) NOT NULL DEFAULT '0',
  PRIMARY KEY (`category_id`,`site_id`)
) ENGINE=MyISAM DEFAULT CHARSET=utf8;


CREATE TABLE `va_ads_categories_subscriptions` (
  `category_id` int(11) NOT NULL DEFAULT '0',
  `subscription_id` int(11) NOT NULL DEFAULT '0',
  `access_level` tinyint(4) DEFAULT '0',
  PRIMARY KEY (`category_id`,`subscription_id`)
) ENGINE=MyISAM DEFAULT CHARSET=utf8;


CREATE TABLE `va_ads_categories_types` (
  `category_id` int(11) NOT NULL DEFAULT '0',
  `user_type_id` int(11) NOT NULL DEFAULT '0',
  `access_level` tinyint(4) DEFAULT '0',
  PRIMARY KEY (`category_id`,`user_type_id`)
) ENGINE=MyISAM DEFAULT CHARSET=utf8;

INSERT INTO `va_ads_categories_types` (`category_id`, `user_type_id`, `access_level`) VALUES
(1, 1, 8),
(2, 1, 8),
(3, 1, 8);

CREATE TABLE `va_ads_days` (
  `days_id` int(11) NOT NULL AUTO_INCREMENT,
  `days_number` int(11) DEFAULT NULL,
  `days_title` varchar(64) DEFAULT NULL,
  `publish_price` double(16,2) DEFAULT NULL,
  PRIMARY KEY (`days_id`)
) ENGINE=MyISAM  DEFAULT CHARSET=utf8 AUTO_INCREMENT=9 ;

INSERT INTO `va_ads_days` (`days_id`, `days_number`, `days_title`, `publish_price`) VALUES
(1, 1, NULL, NULL),
(2, 3, NULL, NULL),
(3, 7, NULL, NULL),
(4, 14, NULL, NULL),
(5, 30, NULL, NULL),
(6, 60, NULL, NULL),
(7, 90, NULL, NULL),
(8, 180, NULL, NULL);

CREATE TABLE `va_ads_features` (
  `feature_id` int(11) NOT NULL AUTO_INCREMENT,
  `item_id` int(11) DEFAULT '0',
  `group_id` int(11) DEFAULT '0',
  `feature_name` varchar(255) DEFAULT NULL,
  `feature_value` varchar(255) DEFAULT NULL,
  PRIMARY KEY (`feature_id`),
  KEY `item_id` (`item_id`),
  KEY `group_id` (`group_id`)
) ENGINE=MyISAM DEFAULT CHARSET=utf8 AUTO_INCREMENT=1 ;


CREATE TABLE `va_ads_features_default` (
  `feature_id` int(11) NOT NULL AUTO_INCREMENT,
  `type_id` int(11) DEFAULT '0',
  `group_id` int(11) DEFAULT '0',
  `feature_name` varchar(50) DEFAULT NULL,
  `feature_value` text,
  PRIMARY KEY (`feature_id`),
  KEY `type_id` (`type_id`),
  KEY `group_id` (`group_id`)
) ENGINE=MyISAM DEFAULT CHARSET=utf8 AUTO_INCREMENT=1 ;


CREATE TABLE `va_ads_features_groups` (
  `group_id` int(11) NOT NULL AUTO_INCREMENT,
  `group_order` int(11) NOT NULL DEFAULT '1',
  `group_name` varchar(255) DEFAULT NULL,
  PRIMARY KEY (`group_id`)
) ENGINE=MyISAM  DEFAULT CHARSET=utf8 AUTO_INCREMENT=4 ;

INSERT INTO `va_ads_features_groups` (`group_id`, `group_order`, `group_name`) VALUES
(1, 1, 'Общие характеристики'),
(2, 2, 'Размеры'),
(3, 3, 'Аксессуары');

CREATE TABLE `va_ads_hot_days` (
  `days_id` int(11) NOT NULL AUTO_INCREMENT,
  `days_number` int(11) DEFAULT NULL,
  `days_title` varchar(64) DEFAULT NULL,
  `publish_price` double(16,2) DEFAULT NULL,
  PRIMARY KEY (`days_id`)
) ENGINE=MyISAM  DEFAULT CHARSET=utf8 AUTO_INCREMENT=6 ;

INSERT INTO `va_ads_hot_days` (`days_id`, `days_number`, `days_title`, `publish_price`) VALUES
(1, 1, NULL, NULL),
(2, 3, NULL, NULL),
(3, 7, NULL, NULL),
(4, 14, NULL, NULL),
(5, 30, NULL, NULL);

CREATE TABLE `va_ads_images` (
  `image_id` int(11) NOT NULL AUTO_INCREMENT,
  `item_id` int(11) NOT NULL DEFAULT '0',
  `image_small` varchar(255) DEFAULT NULL,
  `small_width` int(11) DEFAULT NULL,
  `small_height` int(11) DEFAULT NULL,
  `image_large` varchar(255) DEFAULT NULL,
  `image_title` varchar(255) DEFAULT NULL,
  `image_description` text,
  PRIMARY KEY (`image_id`),
  KEY `item_id` (`item_id`)
) ENGINE=MyISAM DEFAULT CHARSET=utf8 AUTO_INCREMENT=1 ;


CREATE TABLE `va_ads_items` (
  `item_id` int(11) NOT NULL AUTO_INCREMENT,
  `type_id` int(11) NOT NULL DEFAULT '0',
  `is_shown` tinyint(4) DEFAULT '1',
  `is_shown_internal` tinyint(4) DEFAULT '1',
  `is_paid` tinyint(4) DEFAULT '0',
  `publish_price` double(16,2) DEFAULT '0.00',
  `language_code` varchar(2) DEFAULT NULL,
  `item_title` varchar(255) NOT NULL,
  `friendly_url` varchar(255) DEFAULT NULL,
  `item_order` int(11) DEFAULT '0',
  `user_id` int(11) DEFAULT '0',
  `admin_id` int(11) DEFAULT '0',
  `days_run` int(11) DEFAULT NULL,
  `date_start` datetime DEFAULT NULL,
  `date_end` datetime DEFAULT NULL,
  `date_added` datetime DEFAULT NULL,
  `date_updated` datetime DEFAULT NULL,
  `image_small` varchar(255) DEFAULT NULL,
  `image_large` varchar(255) DEFAULT NULL,
  `is_special` tinyint(4) DEFAULT '0',
  `special_description` text,
  `special_days_run` int(11) DEFAULT NULL,
  `special_date_start` datetime DEFAULT NULL,
  `special_date_end` datetime DEFAULT NULL,
  `is_hot` tinyint(4) DEFAULT '0',
  `hot_description` text,
  `hot_days_run` int(11) DEFAULT NULL,
  `hot_date_start` datetime DEFAULT NULL,
  `hot_date_end` datetime DEFAULT NULL,
  `short_description` text,
  `full_description` text,
  `price` double(16,2) DEFAULT '0.00',
  `currency_code` varchar(4) DEFAULT NULL,
  `quantity` int(11) DEFAULT '0',
  `availability` varchar(255) DEFAULT NULL,
  `location_info` text,
  `location_city` varchar(128) DEFAULT NULL,
  `location_postcode` varchar(16) DEFAULT NULL,
  `location_state_id` int(11) DEFAULT '0',
  `location_state` varchar(8) DEFAULT NULL,
  `location_country_id` int(11) DEFAULT '0',
  `location_country` varchar(4) DEFAULT NULL,
  `is_approved` tinyint(4) DEFAULT '0',
  `is_compared` tinyint(4) DEFAULT '0',
  `total_views` int(11) DEFAULT '0',
  PRIMARY KEY (`item_id`),
  KEY `type_id` (`type_id`),
  KEY `is_shown` (`is_shown`),
  KEY `is_paid` (`is_paid`),
  KEY `item_title` (`item_title`),
  KEY `friendly_url` (`friendly_url`),
  KEY `special_date_start` (`special_date_start`),
  KEY `special_date_end` (`special_date_end`),
  KEY `is_hot` (`is_hot`),
  KEY `hot_date_start` (`hot_date_start`),
  KEY `hot_date_end` (`hot_date_end`),
  KEY `currency_code` (`currency_code`),
  KEY `location_postcode` (`location_postcode`),
  KEY `location_state_id` (`location_state_id`),
  KEY `location_country_id` (`location_country_id`)
) ENGINE=MyISAM DEFAULT CHARSET=utf8 AUTO_INCREMENT=1 ;


CREATE TABLE `va_ads_properties` (
  `property_id` int(11) NOT NULL AUTO_INCREMENT,
  `item_id` int(11) NOT NULL DEFAULT '0',
  `property_name` varchar(255) NOT NULL,
  `property_value` text,
  PRIMARY KEY (`property_id`),
  KEY `item_id` (`item_id`)
) ENGINE=MyISAM DEFAULT CHARSET=utf8 AUTO_INCREMENT=1 ;


CREATE TABLE `va_ads_properties_default` (
  `property_id` int(11) NOT NULL AUTO_INCREMENT,
  `type_id` int(11) NOT NULL DEFAULT '0',
  `property_name` varchar(255) NOT NULL,
  `property_value` text,
  PRIMARY KEY (`property_id`),
  KEY `type_id` (`type_id`)
) ENGINE=MyISAM DEFAULT CHARSET=utf8 AUTO_INCREMENT=1 ;


CREATE TABLE `va_ads_special_days` (
  `days_id` int(11) NOT NULL AUTO_INCREMENT,
  `days_number` int(11) DEFAULT NULL,
  `days_title` varchar(64) DEFAULT NULL,
  `publish_price` double(16,2) DEFAULT NULL,
  PRIMARY KEY (`days_id`)
) ENGINE=MyISAM  DEFAULT CHARSET=utf8 AUTO_INCREMENT=6 ;

INSERT INTO `va_ads_special_days` (`days_id`, `days_number`, `days_title`, `publish_price`) VALUES
(1, 1, NULL, NULL),
(2, 3, NULL, NULL),
(3, 7, NULL, NULL),
(4, 14, NULL, NULL),
(5, 30, NULL, NULL);

CREATE TABLE `va_ads_types` (
  `type_id` int(11) NOT NULL AUTO_INCREMENT,
  `type_name` varchar(50) DEFAULT NULL,
  PRIMARY KEY (`type_id`)
) ENGINE=MyISAM  DEFAULT CHARSET=utf8 AUTO_INCREMENT=3 ;

INSERT INTO `va_ads_types` (`type_id`, `type_name`) VALUES
(1, 'Объявление о товаре'),
(2, 'Объявление о аксессуаре');

CREATE TABLE `va_allowed_cell_phones` (
  `cell_phone_id` int(11) NOT NULL AUTO_INCREMENT,
  `cell_phone_number` varchar(32) DEFAULT NULL,
  PRIMARY KEY (`cell_phone_id`),
  KEY `cell_phone_number` (`cell_phone_number`)
) ENGINE=MyISAM DEFAULT CHARSET=utf8 AUTO_INCREMENT=1 ;


CREATE TABLE `va_articles` (
  `article_id` int(11) NOT NULL AUTO_INCREMENT,
  `language_code` varchar(2) DEFAULT NULL,
  `article_date` datetime DEFAULT NULL,
  `date_end` datetime DEFAULT NULL,
  `article_title` varchar(255) DEFAULT NULL,
  `friendly_url` varchar(255) DEFAULT NULL,
  `article_template` varchar(255) DEFAULT NULL,
  `article_order` int(11) DEFAULT '0',
  `author_name` varchar(255) DEFAULT NULL,
  `author_email` varchar(255) DEFAULT NULL,
  `author_url` varchar(255) DEFAULT NULL,
  `author_remote_address` varchar(255) DEFAULT NULL,
  `created_user_id` int(11) DEFAULT '0',
  `created_admin_id` int(11) DEFAULT '0',
  `updated_user_id` int(11) DEFAULT '0',
  `updated_admin_id` int(11) DEFAULT '0',
  `status_id` int(11) NOT NULL DEFAULT '0',
  `is_html` tinyint(4) DEFAULT '0',
  `allowed_rate` tinyint(4) DEFAULT '0',
  `is_hot` tinyint(4) DEFAULT '0',
  `link_url` varchar(255) DEFAULT NULL,
  `download_url` varchar(255) DEFAULT NULL,
  `is_link_direct` varchar(255) DEFAULT NULL,
  `is_remote_rss` tinyint(4) DEFAULT '0',
  `details_remote_url` varchar(255) DEFAULT NULL,
  `date_added` varchar(255) DEFAULT NULL,
  `date_updated` varchar(255) DEFAULT NULL,
  `keywords` text,
  `hot_description` text,
  `short_description` text,
  `full_description` text,
  `notes` text,
  `total_views` int(11) DEFAULT '0',
  `total_votes` int(11) DEFAULT '0',
  `total_points` int(11) DEFAULT '0',
  `rating` double(16,2) DEFAULT '0.00',
  `total_clicks` int(11) DEFAULT '0',
  `image_small` varchar(255) DEFAULT NULL,
  `image_small_alt` varchar(255) DEFAULT NULL,
  `image_large` varchar(255) DEFAULT NULL,
  `image_large_alt` varchar(255) DEFAULT NULL,
  `stream_video` varchar(255) DEFAULT NULL,
  `stream_video_width` int(11) DEFAULT NULL,
  `stream_video_height` int(11) DEFAULT NULL,
  `stream_video_preview` varchar(255) DEFAULT NULL,
  `meta_title` varchar(255) DEFAULT NULL,
  `meta_keywords` varchar(255) DEFAULT NULL,
  `meta_description` varchar(255) DEFAULT NULL,
  PRIMARY KEY (`article_id`),
  KEY `friendly_url` (`friendly_url`),
  KEY `status_id` (`status_id`)
) ENGINE=MyISAM  DEFAULT CHARSET=utf8 AUTO_INCREMENT=23 ;

INSERT INTO `va_articles` (`article_id`, `language_code`, `article_date`, `date_end`, `article_title`, `friendly_url`, `article_template`, `article_order`, `author_name`, `author_email`, `author_url`, `author_remote_address`, `created_user_id`, `created_admin_id`, `updated_user_id`, `updated_admin_id`, `status_id`, `is_html`, `allowed_rate`, `is_hot`, `link_url`, `download_url`, `is_link_direct`, `is_remote_rss`, `details_remote_url`, `date_added`, `date_updated`, `keywords`, `hot_description`, `short_description`, `full_description`, `notes`, `total_views`, `total_votes`, `total_points`, `rating`, `total_clicks`, `image_small`, `image_small_alt`, `image_large`, `image_large_alt`, `stream_video`, `stream_video_width`, `stream_video_height`, `stream_video_preview`, `meta_title`, `meta_keywords`, `meta_description`) VALUES
(20, '', NULL, NULL, 'Делаем GPS навигатор из нетбука', 'delaem-gps-navigator-iz-netbuka', NULL, 2, NULL, NULL, NULL, '127.0.0.1', NULL, 1, NULL, 1, 2, 1, 1, 0, NULL, NULL, NULL, 0, NULL, NULL, '2012-12-06 23:10:09', NULL, '<p>\r\n	<strong style="font-weight: normal;">GPS Receiver USB Adapter</strong> - простое устройство для превращения вашего UMPC, нетбука, ноутбука в полноценный GPS навигатор.</p>\r\n', '<p>\r\n	Современные нетбуки становятся всё компактней, мощнее и дешевле. GPS модули пока не входят в must have конфигурации нетбуков как, например, bluetooth или WiFi.&nbsp; <strong>GPS Receiver USB Adapter</strong> простое устройство для превращения вашего нетбука/ноутбука/UMPC в полноценный GPS навигатор.</p>\r\n', '<p>\r\n	Этот небольшой девайс&nbsp; размером со стандартную флешш-карту оснащен навигационным модулем SiRF Star III и обеспечивает точность позиционирования от 1 до 5 метров. <strong>Гаджет</strong>, подключается к нетбуку через стандартный USB-порт и работает с большинством современных программ глобального спутникового позиционирования. <strong>GPS Receiver USB Adapt</strong><strong><strong>er</strong> </strong>отслеживает до 20 спутников одновременно и обновляет данные (широта/долгота/высота/скорость перемещения/время/дата/статус спутника и ресивера) каждую секунду.</p>\r\n<p>\r\n	<strong>Компактный навигационный модуль</strong> питается от батареи компьютера, так что о лишних проводах и кабелях можно забыть. <strong>Гаджет</strong> рассчитан на мобильное использование, поэтому потребляет минимальное количество энергии. Кроме этого, он оснащён встроенным миниатюрным литиевым аккумулятором, который заряжается во время подключения к компьютеру, что позволяет поддерживать автономную работу внутренних часов и памяти.</p>\r\n', NULL, 30, 0, 0, 0.00, 0, 'images/articles/small/gps_usb_receiver_1.jpg', 'gps usb receiver', 'images/articles/large/gps_usb_receiver_2.jpg', 'ps usb receiver', NULL, NULL, NULL, NULL, 'Делаем GPS навигатор из нетбука', 'GPS,навигатор,нетбук,Receiver,USB,Adapter ', 'GPS Receiver USB Adapter отслеживает до 20 спутников одновременно'),
(19, '', NULL, NULL, 'Обзор 3G Wi-Fi модема Huawei E5830', 'obzor-3g-wi-fi-modema-huawei-e5830', NULL, 1, NULL, NULL, NULL, '127.0.0.1', NULL, 1, NULL, 1, 2, 1, 1, 0, NULL, NULL, NULL, 0, NULL, NULL, '2012-12-06 23:09:57', NULL, '<p>\r\n	Хотите иметь Wi-Fi сеть с хорошим доступом в интернет, которая будет всегда с Вами? Такую личную Wi-Fi сеть можно организовать с помощью Wi-Fi точки доступа <span style="font-weight: bold;">Huawei E5830</span>.</p>\r\n', '<p>\r\n	Хотите иметь Wi-Fi сеть с хорошим доступом в интернет, которая будет всегда с Вами? Дома, в офисе, на даче, в автомобиле? Чтобы ноутбук выходил в интернет через 3 секунды после выхода из режима сна, а ваш мобильный телефон экономил дорогой GPRS/EDGE трафик?</p>\r\n', '<p>\r\n	Внешне Huawei E583 выглядит как миниатюрный мобильный телефон. Практически все внутреннее пространство занимает модема мощный литиевый аккумулятор 1500 mAh. В комплект входит зарядное устройство, короткий USB кабель и удобная инструкция, реализованная в виде карточек, по одной на каждое распространенное действие.<br>\r\n	Рисунки помогают определить уровень покрытия, заряд батареи, статус Wi-Fi и подключения к интернету. В случае подключения в роуминге появляется соответствующий значок.<br>\r\n	Параметры Wi-Fi сети уже прописаны в устройстве. Для приведения устройста в рабочее состояние достаточно вставить в устройство SIM-карту вашего сотового оператора. Название Wi-Fi сети и код подключения написаны на корпусе под аккумулятором.<br>\r\n	Помимо работы модема от собственного аккумулятора, <span style="font-weight: bold;">Huawei E5830</span> можно подключить напрямую к компьютеру. Подключенный к ноутбуку, <span class="underline"><span style="font-weight: bold;">Huawei E5830</span></span> продолжает работать как Wi-Fi точка доступа для других устройств. При подключении к компьютеру встроенный аккумулятор модема заряжается.<br>\r\n	Субъективно у <span style="font-weight: bold;">Huawei E5830</span> прием 3G сигнала даже лучше, чем у обычных USB модемов. Принимая во внимание отсутствие внешней антенны, рассчитывать на значительное Wi-Fi покрытие не приходится, но портативные Wi-Fi точки доступа для этого и не предназначены. Работа от аккумулятора соответствует заявленным производителем 5 часам.</p>\r\n', NULL, 44, 0, 0, 0.00, 0, 'images/articles/small/modem_huawei_e5830.jpg', 'modem huawei e5830', 'images/articles/large/huawei_e5830_unboxing.jpg', 'modem huawei e5830', NULL, NULL, NULL, NULL, 'Обзор 3G Wi-Fi модема Huawei E5830', 'Обзор,3G,Wi-Fi,модем,Huawei E5830', 'Обзор 3G Wi-Fi модема Huawei E5830'),
(22, '', NULL, NULL, 'Panasonic Серия Viera', 'panasonic-seriya-viera', NULL, 4, NULL, NULL, NULL, '127.0.0.1', NULL, 1, NULL, 1, 2, 1, 1, 1, NULL, NULL, NULL, 0, NULL, NULL, '2012-12-09 16:24:25', NULL, '<p>\r\n	[ru]Все модели телевизоров Panasonic линейки VIERA поддерживают максимальное количество современных технологий. Телевизоры серии Panasonic VIERA&nbsp; имеют встроенный тюнер и тонкий профиль панели шириной два дюйма. Из семи современных линеек плазменных телевизоров VIERA&nbsp; серия V уступает самой дорогой и престижной серии VIERA Z только по толщине корпуса, которая у моделей VIERA Z составляет всего один дюйм.[/ru]</p>\r\n', '<p>\r\n	Все модели ряда V поддерживают максимальное количество современных технологий. Телевизоры серии Panasonic VIERA&nbsp; имеют встроенный тюнер и тонкий профиль панели шириной два дюйма. Из семи современных линеек плазменных телевизоров VIERA&nbsp; серия V уступает самой дорогой и престижной серии VIERA Z только по&nbsp; толщине корпуса, которая у моделей VIERA Z составляет один дюйм.</p>\r\n', '<p>\r\n	Благодаря использованию технологии 600 Гц достигается безупречная четкостью изображения даже при просмотре самых динамичных сцен. Panasonic использует уникальную технологию анализа видео изображения, которая определяет движение в каждой сцене, а затем оптимизирует каждый кадр, обеспечивая высокую четкость изображения с разрешением 1080 строк. Кроме того, каждый кадр воспроизводится в течение более короткого времени по сравнению с прежними системами, что сокращает остаточные эффекты.&nbsp; В линейке Viera серии V используется&nbsp; плазменная панель нового двенадцатого поколения с технологией Neo PDP и полноценной Full HD развёрткой в реальные 1080 телевизионных строк.&nbsp; новых моделях телевизоров VIERA используется усовершенствованная панель с новой системой Real Black Drive. <text><img alt="" src="images/articles/editor/600Hz_viera.jpg" border="0" align="right" height="175" hspace="0" vspace="0" width="300"></text>При просмотре фильмов на экране телевизора VIERA Вы видите изображение таким, каким оно было задумано режиссером, даже в тех сценах, где трудно добиться правильного баланса ярких и темных участков кадра. Плазменные телевизоры VIERA предлагают 120 % покрытие цветопередачи в соответствии со стандартом HDTV. В результате изображение приближается по богатству и выразительности цветопередачи к кинематографическому. Совместимость со стандартами x.v.Colour позволяет телевизорам VIERA передавать все богатство цветовой палитры, благодаря чему воспроизводимые цвета получаются такими же яркими, как в реальной жизни. Телевизоры VIERA обеспечивают превосходное звучание с помощью технологии V-Audio.<br>\r\n	<b style="font-weight: bold;">&nbsp;Легкий выход в Интернет</b><br>\r\n	Теперь Вы можете вывести информацию из интернета прямо на экран Вашего телевизора. Функция VIERA CAST позволит Вам просматривать содержимое веб-сайтов, видеоклипы, фотографии, прогнозы погоды и биржевые сводки&nbsp; через легко доступный интерфейс на экране Вашего телевизора VIERA. И никакого дополнительного оборудования!<br>\r\n	</p>\r\n', NULL, 32, 0, 0, 0.00, 0, 'images/articles/small/VIERA_TX-PR42V10.jpg', 'VIERA TX-PR42V10', 'images/articles/large/v_series.jpg', 'v_series', NULL, NULL, NULL, NULL, 'Panasonic Серия Viera', 'Panasonic Серия Viera', 'Panasonic Серия Viera'),
(21, '', NULL, NULL, 'Ноутбук Acer Aspire One AOD255', 'noutbuk-acer-aspire-one-aod255', NULL, 3, NULL, NULL, NULL, '127.0.0.1', NULL, 1, NULL, 1, 1, 1, 1, 0, NULL, NULL, NULL, 0, NULL, NULL, '2012-12-06 23:12:34', NULL, '<p>\r\n	Процессор Intel Atom N450 1,66 ГГц,&nbsp; графика GMA 3150, RAM&nbsp; 2 Gb, жесткий диск 250Gb.</p>\r\n', '<p>\r\n	Ноутбук Acer Aspire One AOD255 вполне можно назвать дизайнерским: модель представлена в&nbsp; пяти расцветках, над толщиной корпуса хорошо поработали конструкторы, чтобы сделать его не более 2,5 сантиметров. Из прочих особенностей модели можно отметить малый вес (менее 1 килограмма)</p>\r\n', '<p>\r\n	Ноутбук Acer Aspire One AOD255 вполне можно назвать дизайнерским: модель представлена в&nbsp; пяти расцветках, над толщиной корпуса хорошо поработали конструкторы, чтобы сделать его не более 2,5 сантиметров. Из прочих особенностей модели можно отметить малый вес (менее 1 килограмма). при довольно широком экране&nbsp; 10,1 дюйм (разрешение&nbsp; 1024х600) ноутбук Acer Aspire One AOD255 опционально имеет в наличие 3G-коммуникации и срок работы от одного заряда аккумулятора до 8 часов. Технические характеристики Acer Aspire One AOD255 вполне достаточны для современного нетбука: процессор Intel Atom N450 1,66 ГГц с интегрированным графическим ядром GMA 3150, 2 гигабайта оперативной памяти и 250 гигабайт жесткого диска.</p>\r\n', NULL, 24, 0, 0, 0.00, 0, 'images/articles/small/Acer_Aspire_One_AOD255.jpg', 'Acer Aspire One AOD255', 'images/articles/large/Acer_Aspire_One_AOD255.jpg', 'Acer Aspire One AOD255', NULL, NULL, NULL, NULL, 'Ноутбук Acer Aspire One AOD255', 'Ноутбук Acer Aspire One AOD255', 'Ноутбук Acer Aspire One AOD255');

CREATE TABLE `va_articles_assigned` (
  `article_id` int(11) NOT NULL DEFAULT '0',
  `category_id` int(11) NOT NULL DEFAULT '0',
  `article_order` int(11) DEFAULT '0',
  PRIMARY KEY (`article_id`,`category_id`)
) ENGINE=MyISAM DEFAULT CHARSET=utf8;

INSERT INTO `va_articles_assigned` (`article_id`, `category_id`, `article_order`) VALUES
(22, 32, 4),
(20, 31, 2),
(19, 32, 1),
(19, 31, 1),
(22, 31, 4),
(21, 32, 3),
(21, 31, 3),
(20, 32, 2);

CREATE TABLE `va_articles_categories` (
  `category_id` int(11) NOT NULL AUTO_INCREMENT,
  `language_code` varchar(2) DEFAULT NULL,
  `parent_category_id` int(11) DEFAULT '0',
  `alias_category_id` int(11) DEFAULT '0',
  `category_path` varchar(255) NOT NULL,
  `category_name` varchar(255) DEFAULT NULL,
  `friendly_url` varchar(255) DEFAULT NULL,
  `category_order` int(11) DEFAULT '0',
  `articles_list_template` varchar(255) DEFAULT NULL,
  `articles_details_template` varchar(255) DEFAULT NULL,
  `articles_order_column` varchar(50) DEFAULT NULL,
  `articles_order_direction` varchar(50) DEFAULT NULL,
  `article_list_fields` text,
  `article_details_fields` text,
  `article_required_fields` text,
  `moderators_ids` varchar(255) DEFAULT NULL,
  `is_hot` tinyint(4) DEFAULT '0',
  `sites_all` tinyint(4) DEFAULT '1',
  `user_types_all` tinyint(4) DEFAULT '1',
  `access_level` tinyint(4) DEFAULT '7',
  `guest_access_level` tinyint(4) DEFAULT '7',
  `allowed_rate` tinyint(4) DEFAULT '0',
  `short_description` text,
  `full_description` text,
  `image_small` varchar(255) DEFAULT NULL,
  `image_small_alt` varchar(255) DEFAULT NULL,
  `image_large` varchar(255) DEFAULT NULL,
  `image_large_alt` varchar(255) DEFAULT NULL,
  `is_rss` tinyint(4) DEFAULT '0',
  `rss_limit` int(11) DEFAULT '0',
  `rss_on_breadcrumb` int(11) DEFAULT '0',
  `rss_on_list` int(11) DEFAULT '0',
  `is_remote_rss` tinyint(4) DEFAULT '0',
  `remote_rss_url` varchar(255) DEFAULT NULL,
  `remote_rss_date_updated` datetime DEFAULT NULL,
  `remote_rss_ttl` int(11) DEFAULT NULL,
  `remote_rss_refresh_rate` int(11) DEFAULT NULL,
  `meta_title` varchar(255) DEFAULT NULL,
  `meta_keywords` varchar(255) DEFAULT NULL,
  `meta_description` varchar(255) DEFAULT NULL,
  `total_views` int(11) DEFAULT '0',
  `total_articles` int(11) DEFAULT '0',
  `total_subcategories` int(11) DEFAULT '0',
  PRIMARY KEY (`category_id`),
  KEY `parent_category_id` (`parent_category_id`),
  KEY `category_path` (`category_path`),
  KEY `friendly_url` (`friendly_url`),
  KEY `sites_all` (`sites_all`),
  KEY `user_types_all` (`user_types_all`),
  KEY `access_level` (`access_level`),
  KEY `guest_access_level` (`guest_access_level`)
) ENGINE=MyISAM  DEFAULT CHARSET=utf8 AUTO_INCREMENT=36 ;

INSERT INTO `va_articles_categories` (`category_id`, `language_code`, `parent_category_id`, `alias_category_id`, `category_path`, `category_name`, `friendly_url`, `category_order`, `articles_list_template`, `articles_details_template`, `articles_order_column`, `articles_order_direction`, `article_list_fields`, `article_details_fields`, `article_required_fields`, `moderators_ids`, `is_hot`, `sites_all`, `user_types_all`, `access_level`, `guest_access_level`, `allowed_rate`, `short_description`, `full_description`, `image_small`, `image_small_alt`, `image_large`, `image_large_alt`, `is_rss`, `rss_limit`, `rss_on_breadcrumb`, `rss_on_list`, `is_remote_rss`, `remote_rss_url`, `remote_rss_date_updated`, `remote_rss_ttl`, `remote_rss_refresh_rate`, `meta_title`, `meta_keywords`, `meta_description`, `total_views`, `total_articles`, `total_subcategories`) VALUES
(32, '', 31, 0, '0,31,', 'Компьютерная техника', 'kompyuternaya-tehnika', 1, NULL, NULL, NULL, NULL, NULL, NULL, NULL, NULL, 0, 1, 1, 15, 15, 1, '<br>', '<br>', NULL, NULL, NULL, NULL, 0, NULL, 0, 0, 0, NULL, NULL, NULL, NULL, NULL, NULL, NULL, 10, 0, 0),
(33, '', 31, 0, '0,31,', 'Телефоны и коммуникаторы', 'telefonyi-i-kommunikatoryi', 2, NULL, NULL, NULL, NULL, NULL, NULL, NULL, NULL, 0, 1, 1, 15, 15, 1, '<br>', '<br>', NULL, NULL, NULL, NULL, 0, NULL, 0, 0, 0, NULL, NULL, NULL, NULL, NULL, NULL, NULL, 7, 0, 0),
(34, '', 31, 0, '0,31,', 'Фото, Видеотехника', 'foto-videotehnika', 3, NULL, NULL, NULL, NULL, NULL, NULL, NULL, NULL, 0, 1, 1, 15, 15, 1, '<br>', '<br>', NULL, NULL, NULL, NULL, 0, NULL, 0, 0, 0, NULL, NULL, NULL, NULL, NULL, NULL, NULL, 8, 0, 0),
(31, '', 0, 0, '0,', 'Обзоры', 'obzoryi', 1, NULL, NULL, NULL, NULL, 'article_title,short_description,image_small', 'article_title,full_description,image_large', 'article_title', NULL, 0, 1, 1, 15, 15, 1, '<br>', '<br>', NULL, NULL, NULL, NULL, 1, NULL, 1, 1, 0, NULL, NULL, NULL, NULL, NULL, NULL, NULL, 56, 6, 0),
(35, '', 0, 0, '0,', 'Обзоры 2', 'obzoryi-2', 2, NULL, NULL, NULL, NULL, 'article_date,article_title,short_description,image_small', 'article_date,article_title,full_description,image_large', 'article_date,article_title', NULL, 0, 1, 1, 15, 15, 1, NULL, NULL, NULL, NULL, NULL, NULL, 0, NULL, 0, 0, 0, NULL, NULL, NULL, NULL, NULL, NULL, NULL, 0, 0, 0);

CREATE TABLE `va_articles_categories_items` (
  `category_id` int(11) DEFAULT '0',
  `item_id` int(11) DEFAULT '0',
  `related_order` int(11) NOT NULL DEFAULT '1',
  KEY `category_id` (`category_id`),
  KEY `item_id` (`item_id`)
) ENGINE=MyISAM DEFAULT CHARSET=utf8;


CREATE TABLE `va_articles_categories_sites` (
  `category_id` int(11) NOT NULL DEFAULT '0',
  `site_id` int(11) NOT NULL DEFAULT '0',
  PRIMARY KEY (`category_id`,`site_id`)
) ENGINE=MyISAM DEFAULT CHARSET=utf8;


CREATE TABLE `va_articles_categories_subscriptions` (
  `category_id` int(11) NOT NULL DEFAULT '0',
  `subscription_id` int(11) NOT NULL DEFAULT '0',
  `access_level` tinyint(4) DEFAULT '0',
  PRIMARY KEY (`category_id`,`subscription_id`)
) ENGINE=MyISAM DEFAULT CHARSET=utf8;


CREATE TABLE `va_articles_categories_types` (
  `category_id` int(11) NOT NULL DEFAULT '0',
  `user_type_id` int(11) NOT NULL DEFAULT '0',
  `access_level` tinyint(4) DEFAULT '0',
  PRIMARY KEY (`category_id`,`user_type_id`)
) ENGINE=MyISAM DEFAULT CHARSET=utf8;


CREATE TABLE `va_articles_forum_topics` (
  `article_id` int(11) NOT NULL DEFAULT '0',
  `thread_id` int(11) NOT NULL DEFAULT '0',
  `article_order` int(11) DEFAULT '1',
  `thread_order` int(11) DEFAULT '1',
  PRIMARY KEY (`article_id`,`thread_id`)
) ENGINE=MyISAM DEFAULT CHARSET=utf8;


CREATE TABLE `va_articles_images` (
  `image_id` int(11) NOT NULL AUTO_INCREMENT,
  `article_id` int(11) DEFAULT '0',
  `image_name` varchar(255) DEFAULT NULL,
  `image_title` varchar(255) DEFAULT NULL,
  `image_width` varchar(255) DEFAULT NULL,
  `image_height` varchar(255) DEFAULT NULL,
  `image_alt` varchar(255) DEFAULT NULL,
  `image_align` varchar(255) DEFAULT NULL,
  `date_added` datetime DEFAULT NULL,
  PRIMARY KEY (`image_id`),
  KEY `article_id` (`article_id`)
) ENGINE=MyISAM DEFAULT CHARSET=utf8 AUTO_INCREMENT=1 ;


CREATE TABLE `va_articles_items_related` (
  `article_id` int(11) DEFAULT '0',
  `item_id` int(11) DEFAULT '0',
  `item_order` int(11) NOT NULL DEFAULT '1',
  `article_order` int(11) DEFAULT '1',
  KEY `article_id` (`article_id`),
  KEY `item_id` (`item_id`)
) ENGINE=MyISAM DEFAULT CHARSET=utf8;

INSERT INTO `va_articles_items_related` (`article_id`, `item_id`, `item_order`, `article_order`) VALUES
(21, 1, 1, 1),
(20, 3, 1, 1),
(19, 4, 1, 1),
(21, 10, 1, 1),
(21, 11, 1, 1),
(21, 6, 1, 1),
(19, 8, 1, 1),
(19, 9, 1, 1),
(21, 45, 1, 1),
(22, 12, 1, 1),
(21, 13, 1, 1),
(20, 14, 1, 1),
(22, 18, 1, 1),
(20, 19, 1, 1),
(21, 15, 1, 1),
(21, 21, 1, 1),
(20, 54, 1, 1),
(22, 62, 1, 1),
(19, 63, 1, 1),
(22, 55, 1, 1),
(22, 56, 1, 1),
(22, 57, 1, 1),
(22, 58, 1, 1),
(22, 59, 1, 1),
(21, 65, 1, 1),
(22, 66, 1, 1),
(22, 67, 1, 1),
(19, 32, 1, 1),
(20, 33, 1, 1),
(21, 34, 1, 1),
(19, 35, 1, 1),
(21, 36, 1, 1),
(21, 44, 1, 1),
(21, 53, 1, 1),
(19, 61, 1, 1);

CREATE TABLE `va_articles_related` (
  `article_id` int(11) NOT NULL DEFAULT '0',
  `related_id` int(11) NOT NULL DEFAULT '0',
  `related_order` int(11) NOT NULL DEFAULT '1',
  PRIMARY KEY (`article_id`,`related_id`)
) ENGINE=MyISAM DEFAULT CHARSET=utf8;


CREATE TABLE `va_articles_reviews` (
  `review_id` int(11) NOT NULL AUTO_INCREMENT,
  `article_id` int(11) NOT NULL DEFAULT '0',
  `user_id` int(11) DEFAULT '0',
  `admin_id` int(11) DEFAULT '0',
  `recommended` tinyint(4) DEFAULT '0',
  `approved` tinyint(4) DEFAULT '0',
  `rating` int(11) DEFAULT '0',
  `summary` text,
  `user_name` varchar(64) DEFAULT NULL,
  `user_email` varchar(128) DEFAULT NULL,
  `remote_address` varchar(255) DEFAULT NULL,
  `comments` text,
  `admin_id_approved_by` int(11) DEFAULT NULL,
  `admin_id_modified_by` int(11) DEFAULT NULL,
  `date_added` datetime NOT NULL,
  `date_modified` datetime DEFAULT NULL,
  `date_approved` datetime DEFAULT NULL,
  PRIMARY KEY (`review_id`),
  KEY `article_id` (`article_id`),
  KEY `user_id` (`user_id`),
  KEY `admin_id` (`admin_id`)
) ENGINE=MyISAM DEFAULT CHARSET=utf8 AUTO_INCREMENT=1 ;


CREATE TABLE `va_articles_statuses` (
  `status_id` int(11) NOT NULL AUTO_INCREMENT,
  `status_name` varchar(255) DEFAULT NULL,
  `status_description` varchar(255) DEFAULT NULL,
  `is_shown` tinyint(4) DEFAULT '0',
  `status_icon` varchar(255) DEFAULT NULL,
  `status_style` varchar(255) DEFAULT NULL,
  `allowed_view` tinyint(4) NOT NULL DEFAULT '0',
  PRIMARY KEY (`status_id`)
) ENGINE=MyISAM  DEFAULT CHARSET=utf8 AUTO_INCREMENT=5 ;

INSERT INTO `va_articles_statuses` (`status_id`, `status_name`, `status_description`, `is_shown`, `status_icon`, `status_style`, `allowed_view`) VALUES
(1, 'Новая', NULL, 1, NULL, NULL, 1),
(2, 'Опубликовано', NULL, 1, NULL, NULL, 1),
(3, 'На рассмотрении', NULL, 1, NULL, NULL, 0),
(4, 'Скрыто', NULL, 1, NULL, NULL, 0);

CREATE TABLE `va_authors` (
  `author_id` int(11) NOT NULL AUTO_INCREMENT,
  `author_name` varchar(255) DEFAULT NULL,
  `friendly_url` varchar(255) DEFAULT NULL,
  `short_description` text,
  `full_description` text,
  PRIMARY KEY (`author_id`),
  KEY `friendly_url` (`friendly_url`)
) ENGINE=MyISAM DEFAULT CHARSET=utf8 AUTO_INCREMENT=1 ;


CREATE TABLE `va_banned_contents` (
  `content_id` int(11) NOT NULL AUTO_INCREMENT,
  `content_text` varchar(255) NOT NULL,
  PRIMARY KEY (`content_id`)
) ENGINE=MyISAM DEFAULT CHARSET=utf8 AUTO_INCREMENT=1 ;


CREATE TABLE `va_banners` (
  `banner_id` int(11) NOT NULL AUTO_INCREMENT,
  `banner_rank` int(11) NOT NULL DEFAULT '1',
  `banner_title` varchar(255) NOT NULL,
  `show_title` int(11) DEFAULT '0',
  `image_src` varchar(255) DEFAULT NULL,
  `image_alt` varchar(255) DEFAULT NULL,
  `html_text` text,
  `target_url` varchar(255) DEFAULT NULL,
  `is_new_window` tinyint(4) DEFAULT '0',
  `is_active` tinyint(4) DEFAULT '0',
  `sites_all` tinyint(4) DEFAULT '1',
  `show_on_ssl` tinyint(4) DEFAULT '0',
  `max_impressions` int(11) DEFAULT '0',
  `max_clicks` int(11) DEFAULT '0',
  `expiry_date` datetime DEFAULT NULL,
  `total_impressions` int(11) DEFAULT '0',
  `total_clicks` int(11) DEFAULT '0',
  PRIMARY KEY (`banner_id`),
  KEY `is_active` (`is_active`),
  KEY `sites_all` (`sites_all`),
  KEY `max_impressions` (`max_impressions`),
  KEY `max_clicks` (`max_clicks`)
) ENGINE=MyISAM  DEFAULT CHARSET=utf8 AUTO_INCREMENT=11 ;

INSERT INTO `va_banners` (`banner_id`, `banner_rank`, `banner_title`, `show_title`, `image_src`, `image_alt`, `html_text`, `target_url`, `is_new_window`, `is_active`, `sites_all`, `show_on_ssl`, `max_impressions`, `max_clicks`, `expiry_date`, `total_impressions`, `total_clicks`) VALUES
(1, 1, '20% на все наушники', 0, NULL, NULL, '<a href="./products.php?category_id=58"><img alt="" src="./images/editor/banner.png"  border="0" width="100%"></a>', './products.php?category_id=58', 0, 1, 1, 0, 0, 0, NULL, 554, 0),
(2, 1, '50% на весеннюю коллекцию', 0, NULL, NULL, '<a href="./products.php?category_id=53"><img alt="" src="./images/editor/spring.jpg"  border="0" width="100%"></a>', './products.php?category_id=53', 0, 1, 1, 0, 0, 0, NULL, 318, 0),
(3, 1, 'Доставка EN', 0, NULL, NULL, '<a href="./products.php?category_id=58"><img alt="" src="./images/editor/free_shipping_en.jpg"  border="0" width="100%"></a>', './page.php?page=help', 0, 0, 1, 0, 0, 0, NULL, 333, 0),
(4, 1, 'Доставка RU', 0, NULL, NULL, '<a href="./products.php?category_id=58"><img alt="" src="./images/editor/free_shipping_ru.jpg"  border="0" width="100%"></a>', './page.php?page=help', 0, 0, 1, 0, 0, 0, NULL, 363, 0),
(5, 1, '50% на летнюю коллекцию', 0, NULL, NULL, '<a href="./products.php?category_id=58"><img alt="" src="./images/editor/summer_off.png"  border="0" width="100%"></a>', './products.php?category_id=58', 0, 1, 1, 0, 0, 0, NULL, 137, 0),
(7, 1, '50% на весеннюю коллекцию 2', 0, NULL, NULL, '<a href="./products.php?category_id=58"><img alt="" src="./images/editor/spring_off_2.png"  border="0" width="100%"></a>', './products.php?category_id=58', 0, 1, 1, 0, 0, 0, NULL, 121, 0),
(6, 1, 'Снеговик', 0, NULL, NULL, '<a href="./products.php?category_id=58"><img alt="" src="./images/editor/snowman.png"  border="0" width="100%"></a>', './products.php?category_id=58', 0, 0, 1, 0, 0, 0, NULL, 96, 0),
(8, 1, ' Снеговик 2', 0, NULL, NULL, '<a href="./products.php?category_id=58"><img alt="" src="./images/editor/snowman2.png"  border="0" width="100%"></a>', './products.php?category_id=58', 0, 0, 1, 0, 0, 0, NULL, 15, 0),
(9, 1, 'Скидка 99%', 0, NULL, NULL, '<a href="./products.php?category_id=58"><img alt="" src="./images/editor/snowman5.png"  border="0" width="100%"></a>', './products.php?category_id=58', 0, 1, 1, 0, 0, 0, NULL, 59, 0),
(10, 1, 'Вам подарочек', 0, NULL, NULL, '<a href="./products.php?category_id=58"><img alt="" src="./images/editor/bunny.png"  border="0" width="100%"></a>', './page.php?page=help', 0, 1, 1, 0, 0, 0, NULL, 170, 0);

CREATE TABLE `va_banners_assigned` (
  `banner_id` int(11) NOT NULL DEFAULT '0',
  `group_id` int(11) NOT NULL DEFAULT '0',
  PRIMARY KEY (`banner_id`,`group_id`)
) ENGINE=MyISAM DEFAULT CHARSET=utf8;

INSERT INTO `va_banners_assigned` (`banner_id`, `group_id`) VALUES
(1, 1),
(2, 1),
(3, 2),
(4, 2),
(5, 1),
(6, 1),
(7, 1),
(8, 1),
(9, 1),
(10, 2);

CREATE TABLE `va_banners_clicks` (
  `click_id` int(11) NOT NULL AUTO_INCREMENT,
  `banner_id` int(11) DEFAULT '0',
  `user_id` int(11) DEFAULT '0',
  `remote_address` varchar(50) DEFAULT NULL,
  `click_date` datetime NOT NULL,
  PRIMARY KEY (`click_id`),
  KEY `banner_id` (`banner_id`),
  KEY `user_id` (`user_id`),
  KEY `click_date` (`click_date`)
) ENGINE=MyISAM DEFAULT CHARSET=utf8 AUTO_INCREMENT=1 ;


CREATE TABLE `va_banners_groups` (
  `group_id` int(11) NOT NULL AUTO_INCREMENT,
  `group_name` varchar(128) DEFAULT NULL,
  `group_desc` text,
  `is_active` tinyint(4) DEFAULT '0',
  PRIMARY KEY (`group_id`),
  KEY `is_active` (`is_active`)
) ENGINE=MyISAM  DEFAULT CHARSET=utf8 AUTO_INCREMENT=3 ;

INSERT INTO `va_banners_groups` (`group_id`, `group_name`, `group_desc`, `is_active`) VALUES
(1, 'Баннеры на главной', NULL, 1),
(2, 'Баннеры в правой колонке', NULL, 1);

CREATE TABLE `va_banners_sites` (
  `banner_id` int(11) NOT NULL DEFAULT '0',
  `site_id` int(11) NOT NULL DEFAULT '0',
  PRIMARY KEY (`banner_id`,`site_id`)
) ENGINE=MyISAM DEFAULT CHARSET=utf8;


CREATE TABLE `va_black_ips` (
  `ip_address` varchar(32) NOT NULL,
  `address_action` int(11) DEFAULT '0',
  `address_notes` varchar(255) DEFAULT NULL,
  PRIMARY KEY (`ip_address`)
) ENGINE=MyISAM DEFAULT CHARSET=utf8;


CREATE TABLE `va_bookmarks` (
  `bookmark_id` int(11) NOT NULL AUTO_INCREMENT,
  `title` varchar(50) NOT NULL,
  `url` varchar(255) NOT NULL,
  `admin_id` int(11) NOT NULL DEFAULT '0',
  `image_path` varchar(255) DEFAULT NULL,
  `is_start_page` tinyint(4) DEFAULT '0',
  `is_popup` tinyint(4) DEFAULT '0',
  `notes` varchar(255) DEFAULT NULL,
  PRIMARY KEY (`bookmark_id`),
  KEY `admin_id` (`admin_id`)
) ENGINE=MyISAM DEFAULT CHARSET=utf8 AUTO_INCREMENT=1 ;


CREATE TABLE `va_caches` (
  `cache_id` int(11) NOT NULL AUTO_INCREMENT,
  `cache_type` varchar(32) DEFAULT NULL,
  `cache_name` varchar(32) DEFAULT NULL,
  `cache_parameter` varchar(32) DEFAULT NULL,
  `cache_date` datetime NOT NULL,
  `cache_data` text NOT NULL,
  PRIMARY KEY (`cache_id`),
  KEY `cache_type` (`cache_type`),
  KEY `cache_name` (`cache_name`),
  KEY `cache_parameter` (`cache_parameter`)
) ENGINE=MyISAM  DEFAULT CHARSET=utf8 AUTO_INCREMENT=274 ;

INSERT INTO `va_caches` (`cache_id`, `cache_type`, `cache_name`, `cache_parameter`, `cache_date`, `cache_data`) VALUES
(1, 'admin.php', 'orders', 'yesterday', '2013-01-11 00:00:00', '0'),
(2, 'admin.php', 'orders', 'this_week', '2013-01-11 00:00:00', '0'),
(3, 'admin.php', 'orders', 'this_month', '2013-01-11 00:00:00', '0'),
(4, 'admin.php', 'orders', 'last_month', '2013-01-11 00:00:00', '0'),
(5, 'admin.php', 'orders', 'total_year', '2013-01-11 00:00:00', '0'),
(6, 'admin.php', 'sales', 'yesterday', '2013-01-11 00:00:00', '0'),
(7, 'admin.php', 'sales', 'this_week', '2013-01-11 00:00:00', '0'),
(8, 'admin.php', 'sales', 'this_month', '2013-01-11 00:00:00', '0'),
(9, 'admin.php', 'sales', 'last_month', '2013-01-11 00:00:00', '0'),
(10, 'admin.php', 'sales', 'total_year', '2013-01-11 00:00:00', '0'),
(11, 'admin.php', 'users', 'yesterday', '2013-01-11 00:00:00', '1'),
(12, 'admin.php', 'users', 'this_week', '2013-01-11 00:00:00', '1'),
(13, 'admin.php', 'users', 'this_month', '2013-01-11 00:00:00', '1'),
(14, 'admin.php', 'users', 'last_month', '2013-01-11 00:00:00', '0'),
(15, 'admin.php', 'users', 'total_year', '2013-01-11 00:00:00', '1'),
(16, 'admin.php', 'visits', 'yesterday', '2013-01-11 00:00:00', '0'),
(17, 'admin.php', 'visits', 'this_week', '2013-01-11 00:00:00', '0'),
(18, 'admin.php', 'visits', 'this_month', '2013-01-11 00:00:00', '0'),
(19, 'admin.php', 'visits', 'last_month', '2013-01-11 00:00:00', '0'),
(20, 'admin.php', 'visits', 'total_year', '2013-01-11 00:00:00', '0'),
(21, 'admin.php', 'tickets', 'yesterday', '2013-01-11 00:00:00', '0'),
(22, 'admin.php', 'tickets', 'this_week', '2013-01-11 00:00:00', '0'),
(23, 'admin.php', 'tickets', 'this_month', '2013-01-11 00:00:00', '0'),
(24, 'admin.php', 'tickets', 'last_month', '2013-01-11 00:00:00', '0'),
(25, 'admin.php', 'tickets', 'total_year', '2013-01-11 00:00:00', '0'),
(26, 'counts_sales', 'date', '2012-11-10', '2012-12-10 00:00:00', '0'),
(27, 'counts_sales', 'date', '2012-11-11', '2012-12-10 00:00:00', '0'),
(28, 'counts_sales', 'date', '2012-11-12', '2012-12-10 00:00:00', '0'),
(29, 'counts_sales', 'date', '2012-11-13', '2012-12-10 00:00:00', '0'),
(30, 'counts_sales', 'date', '2012-11-14', '2012-12-10 00:00:00', '0'),
(31, 'counts_sales', 'date', '2012-11-15', '2012-12-10 00:00:00', '0'),
(32, 'counts_sales', 'date', '2012-11-16', '2012-12-10 00:00:00', '0'),
(33, 'counts_sales', 'date', '2012-11-17', '2012-12-10 00:00:00', '0'),
(34, 'counts_sales', 'date', '2012-11-18', '2012-12-10 00:00:00', '0'),
(35, 'counts_sales', 'date', '2012-11-19', '2012-12-10 00:00:00', '0'),
(36, 'counts_sales', 'date', '2012-11-20', '2012-12-10 00:00:00', '0'),
(37, 'counts_sales', 'date', '2012-11-21', '2012-12-10 00:00:00', '0'),
(38, 'counts_sales', 'date', '2012-11-22', '2012-12-10 00:00:00', '0'),
(39, 'counts_sales', 'date', '2012-11-23', '2012-12-10 00:00:00', '0'),
(40, 'counts_sales', 'date', '2012-11-24', '2012-12-10 00:00:00', '0'),
(41, 'counts_sales', 'date', '2012-11-25', '2012-12-10 00:00:00', '0'),
(42, 'counts_sales', 'date', '2012-11-26', '2012-12-10 00:00:00', '0'),
(43, 'counts_sales', 'date', '2012-11-27', '2012-12-10 00:00:00', '0'),
(44, 'counts_sales', 'date', '2012-11-28', '2012-12-28 00:00:00', '0'),
(45, 'counts_sales', 'date', '2012-11-29', '2012-12-28 00:00:00', '0'),
(46, 'counts_sales', 'date', '2012-11-30', '2012-12-28 00:00:00', '0'),
(47, 'counts_sales', 'date', '2012-12-01', '2012-12-28 00:00:00', '0'),
(48, 'counts_sales', 'date', '2012-12-02', '2012-12-28 00:00:00', '0'),
(49, 'counts_sales', 'date', '2012-12-03', '2012-12-28 00:00:00', '0'),
(50, 'counts_sales', 'date', '2012-12-04', '2012-12-28 00:00:00', '0'),
(51, 'counts_sales', 'date', '2012-12-05', '2012-12-28 00:00:00', '0'),
(52, 'counts_sales', 'date', '2012-12-06', '2012-12-28 00:00:00', '0'),
(53, 'counts_sales', 'date', '2012-12-07', '2012-12-28 00:00:00', '0'),
(54, 'counts_sales', 'date', '2012-12-08', '2012-12-28 00:00:00', '0'),
(55, 'counts_sales', 'date', '2012-12-09', '2012-12-28 00:00:00', '0'),
(56, 'counts_orders', 'date', '2012-11-10', '2012-12-10 00:00:00', '0'),
(57, 'counts_orders', 'date', '2012-11-11', '2012-12-10 00:00:00', '0'),
(58, 'counts_orders', 'date', '2012-11-12', '2012-12-10 00:00:00', '0'),
(59, 'counts_orders', 'date', '2012-11-13', '2012-12-10 00:00:00', '0'),
(60, 'counts_orders', 'date', '2012-11-14', '2012-12-10 00:00:00', '0'),
(61, 'counts_orders', 'date', '2012-11-15', '2012-12-10 00:00:00', '0'),
(62, 'counts_orders', 'date', '2012-11-16', '2012-12-10 00:00:00', '0'),
(63, 'counts_orders', 'date', '2012-11-17', '2012-12-10 00:00:00', '0'),
(64, 'counts_orders', 'date', '2012-11-18', '2012-12-10 00:00:00', '0'),
(65, 'counts_orders', 'date', '2012-11-19', '2012-12-10 00:00:00', '0'),
(66, 'counts_orders', 'date', '2012-11-20', '2012-12-10 00:00:00', '0'),
(67, 'counts_orders', 'date', '2012-11-21', '2012-12-10 00:00:00', '0'),
(68, 'counts_orders', 'date', '2012-11-22', '2012-12-10 00:00:00', '0'),
(69, 'counts_orders', 'date', '2012-11-23', '2012-12-10 00:00:00', '0'),
(70, 'counts_orders', 'date', '2012-11-24', '2012-12-10 00:00:00', '0'),
(71, 'counts_orders', 'date', '2012-11-25', '2012-12-10 00:00:00', '0'),
(72, 'counts_orders', 'date', '2012-11-26', '2012-12-10 00:00:00', '0'),
(73, 'counts_orders', 'date', '2012-11-27', '2012-12-10 00:00:00', '0'),
(74, 'counts_orders', 'date', '2012-11-28', '2012-12-28 00:00:00', '0'),
(75, 'counts_orders', 'date', '2012-11-29', '2012-12-28 00:00:00', '0'),
(76, 'counts_orders', 'date', '2012-11-30', '2012-12-28 00:00:00', '0'),
(77, 'counts_orders', 'date', '2012-12-01', '2012-12-28 00:00:00', '0'),
(78, 'counts_orders', 'date', '2012-12-02', '2012-12-28 00:00:00', '0'),
(79, 'counts_orders', 'date', '2012-12-03', '2012-12-28 00:00:00', '0'),
(80, 'counts_orders', 'date', '2012-12-04', '2012-12-28 00:00:00', '0'),
(81, 'counts_orders', 'date', '2012-12-05', '2012-12-28 00:00:00', '0'),
(82, 'counts_orders', 'date', '2012-12-06', '2012-12-28 00:00:00', '0'),
(83, 'counts_orders', 'date', '2012-12-07', '2012-12-28 00:00:00', '0'),
(84, 'counts_orders', 'date', '2012-12-08', '2012-12-28 00:00:00', '0'),
(85, 'counts_orders', 'date', '2012-12-09', '2012-12-28 00:00:00', '0'),
(86, 'counts_users', 'date', '2012-11-10', '2012-12-10 00:00:00', '0'),
(87, 'counts_users', 'date', '2012-11-11', '2012-12-10 00:00:00', '0'),
(88, 'counts_users', 'date', '2012-11-12', '2012-12-10 00:00:00', '0'),
(89, 'counts_users', 'date', '2012-11-13', '2012-12-10 00:00:00', '0'),
(90, 'counts_users', 'date', '2012-11-14', '2012-12-10 00:00:00', '0'),
(91, 'counts_users', 'date', '2012-11-15', '2012-12-10 00:00:00', '0'),
(92, 'counts_users', 'date', '2012-11-16', '2012-12-10 00:00:00', '0'),
(93, 'counts_users', 'date', '2012-11-17', '2012-12-10 00:00:00', '0'),
(94, 'counts_users', 'date', '2012-11-18', '2012-12-10 00:00:00', '0'),
(95, 'counts_users', 'date', '2012-11-19', '2012-12-10 00:00:00', '0'),
(96, 'counts_users', 'date', '2012-11-20', '2012-12-10 00:00:00', '0'),
(97, 'counts_users', 'date', '2012-11-21', '2012-12-10 00:00:00', '0'),
(98, 'counts_users', 'date', '2012-11-22', '2012-12-10 00:00:00', '0'),
(99, 'counts_users', 'date', '2012-11-23', '2012-12-10 00:00:00', '0'),
(100, 'counts_users', 'date', '2012-11-24', '2012-12-10 00:00:00', '0'),
(101, 'counts_users', 'date', '2012-11-25', '2012-12-10 00:00:00', '0'),
(102, 'counts_users', 'date', '2012-11-26', '2012-12-10 00:00:00', '0'),
(103, 'counts_users', 'date', '2012-11-27', '2012-12-10 00:00:00', '0'),
(104, 'counts_users', 'date', '2012-11-28', '2012-12-28 00:00:00', '0'),
(105, 'counts_users', 'date', '2012-11-29', '2012-12-28 00:00:00', '0'),
(106, 'counts_users', 'date', '2012-11-30', '2012-12-28 00:00:00', '0'),
(107, 'counts_users', 'date', '2012-12-01', '2012-12-28 00:00:00', '0'),
(108, 'counts_users', 'date', '2012-12-02', '2012-12-28 00:00:00', '0'),
(109, 'counts_users', 'date', '2012-12-03', '2012-12-28 00:00:00', '0'),
(110, 'counts_users', 'date', '2012-12-04', '2012-12-28 00:00:00', '0'),
(111, 'counts_users', 'date', '2012-12-05', '2012-12-28 00:00:00', '0'),
(112, 'counts_users', 'date', '2012-12-06', '2012-12-28 00:00:00', '0'),
(113, 'counts_users', 'date', '2012-12-07', '2012-12-28 00:00:00', '0'),
(114, 'counts_users', 'date', '2012-12-08', '2012-12-28 00:00:00', '0'),
(115, 'counts_users', 'date', '2012-12-09', '2012-12-28 00:00:00', '0'),
(116, 'counts_visits', 'date', '2012-11-10', '2012-12-10 00:00:00', '0'),
(117, 'counts_visits', 'date', '2012-11-11', '2012-12-10 00:00:00', '0'),
(118, 'counts_visits', 'date', '2012-11-12', '2012-12-10 00:00:00', '0'),
(119, 'counts_visits', 'date', '2012-11-13', '2012-12-10 00:00:00', '0'),
(120, 'counts_visits', 'date', '2012-11-14', '2012-12-10 00:00:00', '0'),
(121, 'counts_visits', 'date', '2012-11-15', '2012-12-10 00:00:00', '0'),
(122, 'counts_visits', 'date', '2012-11-16', '2012-12-10 00:00:00', '0'),
(123, 'counts_visits', 'date', '2012-11-17', '2012-12-10 00:00:00', '0'),
(124, 'counts_visits', 'date', '2012-11-18', '2012-12-10 00:00:00', '0'),
(125, 'counts_visits', 'date', '2012-11-19', '2012-12-10 00:00:00', '0'),
(126, 'counts_visits', 'date', '2012-11-20', '2012-12-10 00:00:00', '0'),
(127, 'counts_visits', 'date', '2012-11-21', '2012-12-10 00:00:00', '0'),
(128, 'counts_visits', 'date', '2012-11-22', '2012-12-10 00:00:00', '0'),
(129, 'counts_visits', 'date', '2012-11-23', '2012-12-10 00:00:00', '0'),
(130, 'counts_visits', 'date', '2012-11-24', '2012-12-10 00:00:00', '0'),
(131, 'counts_visits', 'date', '2012-11-25', '2012-12-10 00:00:00', '0'),
(132, 'counts_visits', 'date', '2012-11-26', '2012-12-10 00:00:00', '0'),
(133, 'counts_visits', 'date', '2012-11-27', '2012-12-10 00:00:00', '0'),
(134, 'counts_visits', 'date', '2012-11-28', '2012-12-28 00:00:00', '0'),
(135, 'counts_visits', 'date', '2012-11-29', '2012-12-28 00:00:00', '0'),
(136, 'counts_visits', 'date', '2012-11-30', '2012-12-28 00:00:00', '0'),
(137, 'counts_visits', 'date', '2012-12-01', '2012-12-28 00:00:00', '0'),
(138, 'counts_visits', 'date', '2012-12-02', '2012-12-28 00:00:00', '0'),
(139, 'counts_visits', 'date', '2012-12-03', '2012-12-28 00:00:00', '0'),
(140, 'counts_visits', 'date', '2012-12-04', '2012-12-28 00:00:00', '0'),
(141, 'counts_visits', 'date', '2012-12-05', '2012-12-28 00:00:00', '0'),
(142, 'counts_visits', 'date', '2012-12-06', '2012-12-28 00:00:00', '0'),
(143, 'counts_visits', 'date', '2012-12-07', '2012-12-28 00:00:00', '0'),
(144, 'counts_visits', 'date', '2012-12-08', '2012-12-28 00:00:00', '0'),
(145, 'counts_visits', 'date', '2012-12-09', '2012-12-28 00:00:00', '0'),
(146, 'counts_users', 'date', '2012-12-10', '2013-01-09 00:00:00', '0'),
(147, 'counts_users', 'date', '2012-12-11', '2013-01-10 00:00:00', '0'),
(148, 'counts_users', 'date', '2012-12-12', '2013-01-11 00:00:00', '0'),
(149, 'counts_users', 'date', '2012-12-13', '2013-01-11 00:00:00', '0'),
(150, 'counts_users', 'date', '2012-12-14', '2013-01-11 00:00:00', '0'),
(151, 'counts_users', 'date', '2012-12-15', '2013-01-11 00:00:00', '0'),
(152, 'counts_users', 'date', '2012-12-16', '2013-01-11 00:00:00', '0'),
(153, 'counts_users', 'date', '2012-12-17', '2013-01-11 00:00:00', '0'),
(154, 'counts_users', 'date', '2012-12-18', '2013-01-11 00:00:00', '0'),
(155, 'counts_users', 'date', '2012-12-19', '2013-01-11 00:00:00', '0'),
(156, 'counts_users', 'date', '2012-12-20', '2013-01-11 00:00:00', '0'),
(157, 'counts_users', 'date', '2012-12-21', '2013-01-11 00:00:00', '0'),
(158, 'counts_users', 'date', '2012-12-22', '2013-01-11 00:00:00', '0'),
(159, 'counts_users', 'date', '2012-12-23', '2013-01-11 00:00:00', '0'),
(160, 'counts_users', 'date', '2012-12-24', '2013-01-11 00:00:00', '0'),
(161, 'counts_users', 'date', '2012-12-25', '2013-01-11 00:00:00', '0'),
(162, 'counts_users', 'date', '2012-12-26', '2013-01-11 00:00:00', '0'),
(163, 'counts_users', 'date', '2012-12-27', '2013-01-11 00:00:00', '0'),
(164, 'counts_orders', 'date', '2012-12-10', '2013-01-09 00:00:00', '0'),
(165, 'counts_orders', 'date', '2012-12-11', '2013-01-10 00:00:00', '0'),
(166, 'counts_orders', 'date', '2012-12-12', '2013-01-11 00:00:00', '0'),
(167, 'counts_orders', 'date', '2012-12-13', '2013-01-11 00:00:00', '0'),
(168, 'counts_orders', 'date', '2012-12-14', '2013-01-11 00:00:00', '0'),
(169, 'counts_orders', 'date', '2012-12-15', '2013-01-11 00:00:00', '0'),
(170, 'counts_orders', 'date', '2012-12-16', '2013-01-11 00:00:00', '0'),
(171, 'counts_orders', 'date', '2012-12-17', '2013-01-11 00:00:00', '0'),
(172, 'counts_orders', 'date', '2012-12-18', '2013-01-11 00:00:00', '0'),
(173, 'counts_orders', 'date', '2012-12-19', '2013-01-11 00:00:00', '0'),
(174, 'counts_orders', 'date', '2012-12-20', '2013-01-11 00:00:00', '0'),
(175, 'counts_orders', 'date', '2012-12-21', '2013-01-11 00:00:00', '0'),
(176, 'counts_orders', 'date', '2012-12-22', '2013-01-11 00:00:00', '0'),
(177, 'counts_orders', 'date', '2012-12-23', '2013-01-11 00:00:00', '0'),
(178, 'counts_orders', 'date', '2012-12-24', '2013-01-11 00:00:00', '0'),
(179, 'counts_orders', 'date', '2012-12-25', '2013-01-11 00:00:00', '0'),
(180, 'counts_orders', 'date', '2012-12-26', '2013-01-11 00:00:00', '0'),
(181, 'counts_orders', 'date', '2012-12-27', '2013-01-11 00:00:00', '0'),
(182, 'counts_visits', 'date', '2012-12-10', '2013-01-09 00:00:00', '0'),
(183, 'counts_visits', 'date', '2012-12-11', '2013-01-10 00:00:00', '0'),
(184, 'counts_visits', 'date', '2012-12-12', '2013-01-11 00:00:00', '0'),
(185, 'counts_visits', 'date', '2012-12-13', '2013-01-11 00:00:00', '0'),
(186, 'counts_visits', 'date', '2012-12-14', '2013-01-11 00:00:00', '0'),
(187, 'counts_visits', 'date', '2012-12-15', '2013-01-11 00:00:00', '0'),
(188, 'counts_visits', 'date', '2012-12-16', '2013-01-11 00:00:00', '0'),
(189, 'counts_visits', 'date', '2012-12-17', '2013-01-11 00:00:00', '0'),
(190, 'counts_visits', 'date', '2012-12-18', '2013-01-11 00:00:00', '0'),
(191, 'counts_visits', 'date', '2012-12-19', '2013-01-11 00:00:00', '0'),
(192, 'counts_visits', 'date', '2012-12-20', '2013-01-11 00:00:00', '0'),
(193, 'counts_visits', 'date', '2012-12-21', '2013-01-11 00:00:00', '0'),
(194, 'counts_visits', 'date', '2012-12-22', '2013-01-11 00:00:00', '0'),
(195, 'counts_visits', 'date', '2012-12-23', '2013-01-11 00:00:00', '0'),
(196, 'counts_visits', 'date', '2012-12-24', '2013-01-11 00:00:00', '0'),
(197, 'counts_visits', 'date', '2012-12-25', '2013-01-11 00:00:00', '0'),
(198, 'counts_visits', 'date', '2012-12-26', '2013-01-11 00:00:00', '0'),
(199, 'counts_visits', 'date', '2012-12-27', '2013-01-11 00:00:00', '0'),
(200, 'counts_sales', 'date', '2012-12-10', '2013-01-09 00:00:00', '0'),
(201, 'counts_sales', 'date', '2012-12-11', '2013-01-10 00:00:00', '0'),
(202, 'counts_sales', 'date', '2012-12-12', '2013-01-11 00:00:00', '0'),
(203, 'counts_sales', 'date', '2012-12-13', '2013-01-11 00:00:00', '0'),
(204, 'counts_sales', 'date', '2012-12-14', '2013-01-11 00:00:00', '0'),
(205, 'counts_sales', 'date', '2012-12-15', '2013-01-11 00:00:00', '0'),
(206, 'counts_sales', 'date', '2012-12-16', '2013-01-11 00:00:00', '0'),
(207, 'counts_sales', 'date', '2012-12-17', '2013-01-11 00:00:00', '0'),
(208, 'counts_sales', 'date', '2012-12-18', '2013-01-11 00:00:00', '0'),
(209, 'counts_sales', 'date', '2012-12-19', '2013-01-11 00:00:00', '0'),
(210, 'counts_sales', 'date', '2012-12-20', '2013-01-11 00:00:00', '0'),
(211, 'counts_sales', 'date', '2012-12-21', '2013-01-11 00:00:00', '0'),
(212, 'counts_sales', 'date', '2012-12-22', '2013-01-11 00:00:00', '0'),
(213, 'counts_sales', 'date', '2012-12-23', '2013-01-11 00:00:00', '0'),
(214, 'counts_sales', 'date', '2012-12-24', '2013-01-11 00:00:00', '0'),
(215, 'counts_sales', 'date', '2012-12-25', '2013-01-11 00:00:00', '0'),
(216, 'counts_sales', 'date', '2012-12-26', '2013-01-11 00:00:00', '0'),
(217, 'counts_sales', 'date', '2012-12-27', '2013-01-11 00:00:00', '0'),
(218, 'counts_sales', 'date', '2012-12-28', '2013-01-11 00:00:00', '0'),
(219, 'counts_sales', 'date', '2012-12-29', '2013-01-11 00:00:00', '0'),
(220, 'counts_sales', 'date', '2012-12-30', '2013-01-11 00:00:00', '0'),
(221, 'counts_sales', 'date', '2012-12-31', '2013-01-11 00:00:00', '0'),
(222, 'counts_sales', 'date', '2013-01-01', '2013-01-11 00:00:00', '0'),
(223, 'counts_sales', 'date', '2013-01-02', '2013-01-11 00:00:00', '0'),
(224, 'counts_sales', 'date', '2013-01-03', '2013-01-11 00:00:00', '0'),
(225, 'counts_sales', 'date', '2013-01-04', '2013-01-11 00:00:00', '0'),
(226, 'counts_sales', 'date', '2013-01-05', '2013-01-11 00:00:00', '0'),
(227, 'counts_sales', 'date', '2013-01-06', '2013-01-11 00:00:00', '0'),
(228, 'counts_sales', 'date', '2013-01-07', '2013-01-11 00:00:00', '0'),
(229, 'counts_sales', 'date', '2013-01-08', '2013-01-11 00:00:00', '0'),
(230, 'counts_users', 'date', '2012-12-28', '2013-01-11 00:00:00', '0'),
(231, 'counts_users', 'date', '2012-12-29', '2013-01-11 00:00:00', '0'),
(232, 'counts_users', 'date', '2012-12-30', '2013-01-11 00:00:00', '0'),
(233, 'counts_users', 'date', '2012-12-31', '2013-01-11 00:00:00', '0'),
(234, 'counts_users', 'date', '2013-01-01', '2013-01-11 00:00:00', '0'),
(235, 'counts_users', 'date', '2013-01-02', '2013-01-11 00:00:00', '0'),
(236, 'counts_users', 'date', '2013-01-03', '2013-01-11 00:00:00', '0'),
(237, 'counts_users', 'date', '2013-01-04', '2013-01-11 00:00:00', '0'),
(238, 'counts_users', 'date', '2013-01-05', '2013-01-11 00:00:00', '0'),
(239, 'counts_users', 'date', '2013-01-06', '2013-01-11 00:00:00', '0'),
(240, 'counts_users', 'date', '2013-01-07', '2013-01-11 00:00:00', '0'),
(241, 'counts_users', 'date', '2013-01-08', '2013-01-11 00:00:00', '0'),
(242, 'counts_visits', 'date', '2012-12-28', '2013-01-11 00:00:00', '0'),
(243, 'counts_visits', 'date', '2012-12-29', '2013-01-11 00:00:00', '0'),
(244, 'counts_visits', 'date', '2012-12-30', '2013-01-11 00:00:00', '0'),
(245, 'counts_visits', 'date', '2012-12-31', '2013-01-11 00:00:00', '0'),
(246, 'counts_visits', 'date', '2013-01-01', '2013-01-11 00:00:00', '0'),
(247, 'counts_visits', 'date', '2013-01-02', '2013-01-11 00:00:00', '0'),
(248, 'counts_visits', 'date', '2013-01-03', '2013-01-11 00:00:00', '0'),
(249, 'counts_visits', 'date', '2013-01-04', '2013-01-11 00:00:00', '0'),
(250, 'counts_visits', 'date', '2013-01-05', '2013-01-11 00:00:00', '0'),
(251, 'counts_visits', 'date', '2013-01-06', '2013-01-11 00:00:00', '0'),
(252, 'counts_visits', 'date', '2013-01-07', '2013-01-11 00:00:00', '0'),
(253, 'counts_visits', 'date', '2013-01-08', '2013-01-11 00:00:00', '0'),
(254, 'counts_orders', 'date', '2012-12-28', '2013-01-11 00:00:00', '0'),
(255, 'counts_orders', 'date', '2012-12-29', '2013-01-11 00:00:00', '0'),
(256, 'counts_orders', 'date', '2012-12-30', '2013-01-11 00:00:00', '0'),
(257, 'counts_orders', 'date', '2012-12-31', '2013-01-11 00:00:00', '0'),
(258, 'counts_orders', 'date', '2013-01-01', '2013-01-11 00:00:00', '0'),
(259, 'counts_orders', 'date', '2013-01-02', '2013-01-11 00:00:00', '0'),
(260, 'counts_orders', 'date', '2013-01-03', '2013-01-11 00:00:00', '0'),
(261, 'counts_orders', 'date', '2013-01-04', '2013-01-11 00:00:00', '0'),
(262, 'counts_orders', 'date', '2013-01-05', '2013-01-11 00:00:00', '0'),
(263, 'counts_orders', 'date', '2013-01-06', '2013-01-11 00:00:00', '0'),
(264, 'counts_orders', 'date', '2013-01-07', '2013-01-11 00:00:00', '0'),
(265, 'counts_orders', 'date', '2013-01-08', '2013-01-11 00:00:00', '0'),
(266, 'counts_sales', 'date', '2013-01-09', '2013-01-11 00:00:00', '0'),
(267, 'counts_orders', 'date', '2013-01-09', '2013-01-11 00:00:00', '0'),
(268, 'counts_users', 'date', '2013-01-09', '2013-01-11 00:00:00', '0'),
(269, 'counts_visits', 'date', '2013-01-09', '2013-01-11 00:00:00', '0'),
(270, 'counts_users', 'date', '2013-01-10', '2013-01-11 00:00:00', '1'),
(271, 'counts_visits', 'date', '2013-01-10', '2013-01-11 00:00:00', '0'),
(272, 'counts_orders', 'date', '2013-01-10', '2013-01-11 00:00:00', '0'),
(273, 'counts_sales', 'date', '2013-01-10', '2013-01-11 00:00:00', '0');

CREATE TABLE `va_categories` (
  `category_id` int(11) NOT NULL AUTO_INCREMENT,
  `parent_category_id` int(11) NOT NULL DEFAULT '0',
  `alias_category_id` int(11) DEFAULT '0',
  `google_base_type_id` int(11) DEFAULT '0',
  `category_path` varchar(255) NOT NULL,
  `category_name` varchar(255) NOT NULL,
  `friendly_url` varchar(255) DEFAULT NULL,
  `category_order` int(11) NOT NULL DEFAULT '1',
  `sites_all` tinyint(4) DEFAULT '1',
  `access_level` tinyint(4) DEFAULT '7',
  `guest_access_level` tinyint(4) DEFAULT '7',
  `is_showing` tinyint(4) NOT NULL DEFAULT '0',
  `allowed_post_subcategories` tinyint(4) DEFAULT '0',
  `show_sub_products` tinyint(4) DEFAULT '0',
  `short_description` text,
  `full_description` text,
  `image` varchar(255) DEFAULT NULL,
  `image_alt` varchar(255) DEFAULT NULL,
  `image_large` varchar(255) DEFAULT NULL,
  `image_large_alt` varchar(255) DEFAULT NULL,
  `list_template` varchar(128) DEFAULT NULL,
  `details_template` varchar(128) DEFAULT NULL,
  `table_view` tinyint(4) DEFAULT '0',
  `a_title` varchar(255) DEFAULT NULL,
  `meta_title` varchar(255) DEFAULT NULL,
  `meta_keywords` varchar(255) DEFAULT NULL,
  `meta_description` varchar(255) DEFAULT NULL,
  `total_views` int(11) DEFAULT '0',
  `admin_id_added_by` int(11) DEFAULT '0',
  `admin_id_modified_by` int(11) DEFAULT '0',
  `date_added` datetime DEFAULT NULL,
  `date_modified` datetime DEFAULT NULL,
  PRIMARY KEY (`category_id`),
  KEY `parent_category_id` (`parent_category_id`),
  KEY `google_base_type_id` (`google_base_type_id`),
  KEY `category_path` (`category_path`),
  KEY `friendly_url` (`friendly_url`),
  KEY `sites_all` (`sites_all`),
  KEY `access_level` (`access_level`),
  KEY `guest_access_level` (`guest_access_level`),
  KEY `is_showing` (`is_showing`)
) ENGINE=MyISAM  DEFAULT CHARSET=utf8 AUTO_INCREMENT=59 ;

INSERT INTO `va_categories` (`category_id`, `parent_category_id`, `alias_category_id`, `google_base_type_id`, `category_path`, `category_name`, `friendly_url`, `category_order`, `sites_all`, `access_level`, `guest_access_level`, `is_showing`, `allowed_post_subcategories`, `show_sub_products`, `short_description`, `full_description`, `image`, `image_alt`, `image_large`, `image_large_alt`, `list_template`, `details_template`, `table_view`, `a_title`, `meta_title`, `meta_keywords`, `meta_description`, `total_views`, `admin_id_added_by`, `admin_id_modified_by`, `date_added`, `date_modified`) VALUES
(57, 50, 0, -1, '0,50,', '[ru]Телевизоры[/ru][en]Plasma & LCD TV[/en]', 'televizoryi', 1, 1, 7, 7, 1, 0, 0, '<br>', '<br>', NULL, NULL, NULL, NULL, NULL, NULL, 0, NULL, 'Demo Site | TV & Home | Televisions', 'Demo Site | TV & Home | Televisions', 'Demo Site | TV & Home | Televisions', 1752, 0, 1, NULL, '2012-12-02 23:54:42'),
(56, 49, 0, -1, '0,49,', '[ru]Видеокамеры[/ru][en]Camcoders[/en]', 'videokameryi', 2, 1, 7, 7, 1, 0, 0, '<br>', '<br>', NULL, NULL, NULL, NULL, NULL, NULL, 0, NULL, 'Demo Site | Cameras | Camcorders', 'Demo Site | Cameras | Camcorders', 'Demo Site | Cameras | Camcorders', 1365, 0, 1, NULL, '2012-12-02 23:48:06'),
(54, 48, 0, -1, '0,48,', '[ru]Настольные компьютеры[/ru][en]Desktop Computers[/en]', 'nastolnyie-kompyuteryi', 2, 1, 7, 7, 1, 0, 0, '<br>', '<br>', NULL, NULL, NULL, NULL, NULL, NULL, 0, NULL, 'Demo Site | Computers | Desctops', 'Demo Site | Computers | Desctops', 'Demo Site | Computers | Desctops', 1691, 0, 1, NULL, '2012-12-06 23:07:36'),
(55, 49, 0, -1, '0,49,', '[ru]Фотоаппараты[/ru][en]Cameras[/en]', 'fotoapparatyi', 1, 1, 7, 7, 1, 0, 0, '<br>', '<br>', NULL, NULL, NULL, NULL, NULL, NULL, 0, NULL, 'Demo Site | Cameras | Digital Camera', 'Demo Site | Cameras | Digital Camera', 'Demo Site | Cameras | Digital Camera', 3877, 0, 1, NULL, '2012-12-02 23:47:34'),
(53, 48, 0, -1, '0,48,', '[ru]Ноутбуки[/ru][en]Notebooks[/en]', 'noutbuki', 1, 1, 7, 7, 1, 0, 0, '<br>', '<br>', NULL, NULL, NULL, NULL, NULL, NULL, 0, NULL, 'Demo Site | Computers | Notebooks', 'Demo Site | Computers | Notebooks', 'Demo Site | Computers | Notebooks', 5017, 0, 1, NULL, '2012-12-02 23:42:29'),
(52, 0, 0, -1, '0,', '[ru]Аксессуары[/ru][en]Accessories[/en]', 'aksessuaryi', 5, 1, 7, 7, 1, 0, 0, '<br>', '<br>', NULL, NULL, NULL, NULL, NULL, NULL, 0, NULL, 'Demo Site | Accessories', 'Demo Site | Accessories: Computers, Notebooks, Desctops, Cameras, Digital Camera, Camcorders, TV & Home, Televisions, Home Theater, ...', 'Demo Site | Accessories: Computers, Notebooks, Desctops, Cameras, Digital Camera, Camcorders, TV & Home, Televisions, Home Theater, ...', 2299, 0, 1, NULL, '2012-12-02 23:57:48'),
(51, 0, 0, -1, '0,', 'MP3', 'mp3', 4, 1, 7, 7, 1, 0, 1, '<br>', '<br>', NULL, NULL, NULL, NULL, NULL, NULL, 0, NULL, 'Demo Site | MP3', 'Demo Site | MP3: Players, Headphones, ...', 'Demo Site | MP3: Players, Headphones, ...', 561, 0, 1, NULL, '2012-12-04 14:36:13'),
(58, 51, 0, 0, '0,51,', '[ru]MP3 - плееры[/ru][en]MP3 Players[/en]', 'mp3-pleeryi', 1, 1, 7, 7, 1, 0, 0, NULL, NULL, NULL, NULL, NULL, NULL, NULL, NULL, 0, NULL, NULL, NULL, NULL, 2416, 0, 1, NULL, '2012-12-06 23:07:04'),
(50, 0, 0, -1, '0,', '[ru]TV-техника[/ru][en]Tv[/en]', 'tv-tehnika', 3, 1, 7, 7, 1, 0, 1, '<br>', '<br>', NULL, NULL, NULL, NULL, NULL, NULL, 0, NULL, 'Demo Site | TV & Home', 'Demo Site | TV & Home: Televisions, Home Theater, ...', 'Demo Site | TV & Home: Televisions, Home Theater, ...', 1390, 0, 1, NULL, '2012-12-02 23:49:50'),
(49, 0, 0, -1, '0,', '[ru]Фото и видео[/ru][en]Photo Video[/en]', 'foto-i-video', 2, 1, 7, 7, 1, 0, 1, '<br>', '<br>', NULL, NULL, NULL, NULL, NULL, NULL, 0, NULL, 'Demo Site | Cameras', 'Demo Site | Cameras: Digital Camera, Camcorders, ...', 'Demo Site | Cameras: Digital Camera, Camcorders, ...', 1196, 0, 1, NULL, '2012-12-02 23:44:36'),
(48, 0, 0, -1, '0,', '[ru]Компьютеры[/ru][en]Computers[/en]', 'kompyuteryi', 1, 1, 7, 7, 1, 0, 1, '<br>', '<br>', NULL, NULL, NULL, NULL, NULL, NULL, 0, NULL, 'Demo Site | Компьютеры', 'Demo Site | Компьютеры: Ноутбуки, Настольные компьютеры, ...', 'Demo Site | Компьютеры: Ноутбуки, Настольные компьютеры, ...', 3344, 0, 2, NULL, '2012-12-06 22:44:16');

CREATE TABLE `va_categories_columns` (
  `column_id` int(11) NOT NULL AUTO_INCREMENT,
  `category_id` int(11) NOT NULL DEFAULT '0',
  `column_order` tinyint(4) DEFAULT '0',
  `column_code` varchar(64) DEFAULT NULL,
  `column_title` varchar(255) DEFAULT NULL,
  `column_html` text,
  PRIMARY KEY (`column_id`),
  KEY `category_id` (`category_id`)
) ENGINE=MyISAM  DEFAULT CHARSET=utf8 AUTO_INCREMENT=5 ;

INSERT INTO `va_categories_columns` (`column_id`, `category_id`, `column_order`, `column_code`, `column_title`, `column_html`) VALUES
(1, 0, 1, 'image|compare', NULL, NULL),
(2, 0, 2, 'item_name|found_in_category|description', 'PROD_NAME_MSG', NULL),
(4, 0, 4, 'price|sales_price', 'PRICE_MSG', NULL);

CREATE TABLE `va_categories_sites` (
  `category_id` int(11) NOT NULL DEFAULT '0',
  `site_id` int(11) NOT NULL DEFAULT '0',
  PRIMARY KEY (`category_id`,`site_id`)
) ENGINE=MyISAM DEFAULT CHARSET=utf8;


CREATE TABLE `va_categories_subscriptions` (
  `category_id` int(11) NOT NULL DEFAULT '0',
  `subscription_id` int(11) NOT NULL DEFAULT '0',
  `access_level` tinyint(4) DEFAULT '0',
  PRIMARY KEY (`category_id`,`subscription_id`)
) ENGINE=MyISAM DEFAULT CHARSET=utf8;


CREATE TABLE `va_categories_user_types` (
  `category_id` int(11) NOT NULL DEFAULT '0',
  `user_type_id` int(11) NOT NULL DEFAULT '0',
  `access_level` tinyint(4) DEFAULT '0',
  PRIMARY KEY (`category_id`,`user_type_id`)
) ENGINE=MyISAM DEFAULT CHARSET=utf8;

INSERT INTO `va_categories_user_types` (`category_id`, `user_type_id`, `access_level`) VALUES
(48, 2, 8),
(54, 2, 8),
(53, 2, 8);

CREATE TABLE `va_cc_expiry_years` (
  `expiry_year` int(11) NOT NULL DEFAULT '0',
  PRIMARY KEY (`expiry_year`)
) ENGINE=MyISAM DEFAULT CHARSET=utf8;


CREATE TABLE `va_cc_start_years` (
  `start_year` int(11) NOT NULL DEFAULT '0',
  PRIMARY KEY (`start_year`)
) ENGINE=MyISAM DEFAULT CHARSET=utf8;


CREATE TABLE `va_change_types` (
  `type_id` int(11) NOT NULL AUTO_INCREMENT,
  `type_name` varchar(255) NOT NULL,
  PRIMARY KEY (`type_id`)
) ENGINE=MyISAM  DEFAULT CHARSET=utf8 AUTO_INCREMENT=3 ;

INSERT INTO `va_change_types` (`type_id`, `type_name`) VALUES
(1, 'Ошибка'),
(2, 'Дополнительный функционал');

CREATE TABLE `va_cms_blocks` (
  `block_id` int(11) NOT NULL AUTO_INCREMENT,
  `module_id` int(11) DEFAULT '0',
  `block_order` int(11) DEFAULT '1',
  `block_code` varchar(64) DEFAULT NULL,
  `block_name` varchar(128) DEFAULT NULL,
  `php_script` varchar(128) DEFAULT NULL,
  `block_title` text,
  `pages_all` tinyint(4) DEFAULT '0',
  PRIMARY KEY (`block_id`)
) ENGINE=MyISAM  DEFAULT CHARSET=utf8 AUTO_INCREMENT=176 ;

INSERT INTO `va_cms_blocks` (`block_id`, `module_id`, `block_order`, `block_code`, `block_name`, `php_script`, `block_title`, `pages_all`) VALUES
(1, 1, 1, 'language', 'LANGUAGE_TITLE', 'block_language.php', NULL, 1),
(2, 1, 2, 'user_profile', 'PROFILE_TITLE', 'block_user_profile.php', NULL, 1),
(3, 1, 3, 'subscribe', 'NEWSLETTER_SUBSRIPTION_MSG', 'block_subscribe.php', NULL, 1),
(4, 1, 4, 'login', 'LOGIN_TITLE', 'block_login.php', NULL, 1),
(5, 1, 5, 'login_advanced', '{LOGIN_TITLE}: {ADVANCED_MSG}', 'block_login_advanced.php', NULL, 1),
(6, 1, 6, 'forgot_password', 'FORGOTTEN_PASSWORD_SETTINGS_MSG', 'block_password_forgot.php', NULL, 1),
(7, 1, 7, 'reset_password', 'RESET_PASSWORD_INFO_MSG', 'block_password_reset.php', NULL, 1),
(8, 1, 8, 'custom_page_body', 'CUSTOM_PAGE_BODY_MSG', 'block_custom_page_body.php', NULL, 1),
(9, 1, 9, 'designs', 'DESIGNS_MSG', 'block_designs.php', NULL, 1),
(10, 1, 10, 'poll', 'POLL_TITLE', 'block_poll.php', NULL, 1),
(11, 1, 11, 'polls_previous_list', 'PREVIOUS_POLLS_MSG', 'block_polls_previous_list.php', NULL, 1),
(12, 1, 12, 'site_map', 'SITE_MAP_TITLE', 'block_site_map.php', NULL, 1),
(13, 1, 13, 'sms_test', 'SMS_TEST_TITLE', 'block_sms_test.php', NULL, 1),
(14, 12, 1, 'user_account_breadcrumb', '{USER_ACCOUNT_MSG}: {BREADCRUMB_MSG}', 'block_user_account_breadcrumb.php', NULL, 1),
(15, 12, 2, 'user_home', '{USER_ACCOUNT_MSG}: {USER_HOME_TITLE}', 'block_user_home.php', NULL, 1),
(16, 1, 14, 'site_search_form', '{ADMIN_SITE_MSG}: {SEARCH_TITLE}', 'block_site_search_form.php', NULL, 1),
(17, 1, 15, 'site_search_results', '{ADMIN_SITE_MSG}: {SEARCH_RESULTS_MSG}', 'block_site_search_results.php', NULL, 1),
(18, 2, 1, 'products_list', 'PRODUCTS_LIST_MSG', 'block_products_list.php', NULL, 1),
(19, 2, 2, 'product_details', 'PRODUCT_DETAILS_MSG', 'block_product_details.php', NULL, 1),
(20, 2, 3, 'categories_list', 'CATEGORIES_LIST_MSG', 'block_categories_list.php', NULL, 1),
(21, 2, 4, 'category_description', 'CATEGORY_INFO_MSG', 'block_category_description.php', NULL, 1),
(22, 2, 5, 'shopping_cart', 'CART_TITLE', 'block_basket.php', NULL, 1),
(23, 2, 6, 'cart_recommended_products', '{CART_TITLE}: {PRODUCTS_RECOMMENDED_TITLE}', 'block_basket_recommended.php', NULL, 1),
(24, 2, 7, 'mini_cart', 'SMALL_CART_MSG', 'block_cart.php', NULL, 1),
(25, 2, 8, 'cart_retrieve', 'RETRIEVE_CART_BUTTON', 'block_cart_retrieve.php', NULL, 1),
(26, 2, 9, 'cart_save.php', 'SAVE_CART_BUTTON', 'block_cart_save.php', NULL, 1),
(27, 2, 10, 'products_search', '{PRODUCTS_TITLE} {SEARCH_FORM_MSG}', 'block_search.php', NULL, 1),
(28, 2, 11, 'products_advanced_search', 'PRODUCTS_SEARCH_ADVANCED_MSG', 'block_products_search_advanced.php', NULL, 1),
(29, 2, 12, 'manufacturers_list', 'MANUFACTURERS_TITLE', 'block_manufacturers.php', NULL, 1),
(30, 2, 13, 'manufacturer_info', 'MANUFACTURER_INFO_MSG', 'block_manufacturer_info.php', NULL, 1),
(31, 2, 14, 'merchants_list', 'MERCHANTS_TITLE', 'block_merchants.php', NULL, 1),
(32, 2, 15, 'merchant_info', 'MERCHANT_INFO_MSG', 'block_merchant_info.php', NULL, 1),
(33, 2, 16, 'merchant_contact', 'CONTACT_MERCHANT_TITLE', 'block_merchant_contact.php', NULL, 1),
(34, 2, 17, 'products_offers', 'SPECIAL_OFFER_MSG', 'block_offers.php', NULL, 1),
(35, 2, 17, 'products_breadcrumb', '{PRODUCTS_TITLE} {BREADCRUMB_MSG}', 'block_products_breadcrumb.php', NULL, 1),
(36, 2, 19, 'products_changes_log', 'CHANGES_LOG_TITLE', 'block_products_changes_log.php', NULL, 1),
(37, 2, 20, 'products_compare', 'PRODUCTS_COMPARE_RESULTS_MSG', 'block_products_compare.php', NULL, 1),
(38, 2, 21, 'products_fast_add', 'FAST_PRODUCT_ADDING_MSG', 'block_products_fast_add.php', NULL, 1),
(39, 2, 22, 'products_latest', '{PRODUCTS_TITLE} {LATEST_TITLE}', 'block_products_latest.php', NULL, 1),
(40, 2, 23, 'products_options', 'PRODUCT_OPTIONS_MSG', 'block_product_options.php', NULL, 1),
(41, 2, 24, 'products_recently_viewed', '{PRODUCTS_TITLE} {RECENTLY_VIEWED_MSG}', 'block_products_recently.php', NULL, 1),
(42, 2, 25, 'products_recommended', '{REGISTERED_CUSTOMERS_MSG}: {PRODUCTS_RECOMMENDED_TITLE}', 'block_products_recommended.php', NULL, 1),
(43, 2, 26, 'products_releases', '{PRODUCTS_TITLE} {RELEASES_TITLE}', 'block_products_releases.php', NULL, 1),
(44, 2, 27, 'products_releases_hot', '{PRODUCTS_TITLE} {HOT_RELEASES_MSG}', 'block_products_releases_hot.php', NULL, 1),
(45, 2, 28, 'products_top_sellers', 'TOP_SELLERS_TITLE', 'block_products_top_sellers.php', NULL, 1),
(46, 2, 29, 'products_top_viewed', 'TOP_VIEWED_TITLE', 'block_products_top_viewed.php', NULL, 1),
(47, 2, 30, 'products_top_rated', 'TOP_RATED_TITLE', 'block_products_top_rated.php', NULL, 1),
(48, 2, 31, 'products_related', '{PRODUCTS_TITLE} {RELATED_MSG}', 'block_products_related.php', NULL, 1),
(49, 2, 32, 'products_related_purchase', 'WHO_BOUGHT_THIS_SHORT_MSG', 'block_products_related_purchase.php', NULL, 1),
(50, 2, 33, 'checkout_breadcrumb', '{ADMIN_CHECKOUT_MSG} {BREADCRUMB_MSG}', 'block_checkout_breadcrumb.php', NULL, 1),
(51, 2, 34, 'checkout_final', 'FINAL_CHECKOUT_MSG', 'block_checkout_final.php', NULL, 1),
(52, 2, 35, 'checkout_login', 'CHECKOUT_LOGIN_TITLE', 'block_checkout_login.php', NULL, 1),
(53, 2, 36, 'order_cart', 'ORDER_CART_MSG', 'block_order_cart.php', NULL, 1),
(54, 2, 37, 'order_form', 'ORDER_FORM_MSG', 'block_order_info.php', NULL, 1),
(55, 2, 38, 'order_preview', 'ORDER_PREVIEW_MSG', 'block_order_data_preview.php', NULL, 1),
(56, 2, 39, 'order_payment_details', 'PAYMENT_DETAILS_MSG', 'block_order_payment_form.php', NULL, 1),
(57, 2, 40, 'coupon_form', 'COUPON_INFO_MSG', 'block_coupon_form.php', NULL, 1),
(58, 2, 41, 'currencies_list', 'CURRENCIES_MSG', 'block_currency.php', NULL, 1),
(59, 2, 42, 'subscriptions', 'SUBSCRIPTIONS_MSG', 'block_subscriptions.php', NULL, 1),
(60, 2, 43, 'subscriptions_breadcrumb', '{SUBSCRIPTIONS_MSG}: {BREADCRUMB_MSG}', 'block_subscriptions_breadcrumb.php', NULL, 1),
(61, 2, 44, 'users_bought_item', 'CUSTOMERS_LIST_BOUGHT_ITEM_TITLE', 'block_products_users_bought.php', NULL, 1),
(62, 2, 45, 'wishlist_items', 'WISHLIST_ITEMS_SETTINGS_MSG', 'block_wishlist_items.php', NULL, 1),
(63, 2, 46, 'wishlist_search', '{WISHLIST_MSG}: {SEARCH_TITLE}', 'block_wishlist_search.php', NULL, 1),
(64, 2, 47, 'product_related_articles', 'RELATED_ARTICLES_MSG', 'block_articles_related.php', NULL, 1),
(65, 2, 48, 'product_related_forums', 'RELATED_FORUMS_MSG', 'block_forums_related.php', NULL, 1),
(66, 3, 1, 'articles_breadcrumb', 'BREADCRUMB_MSG', 'block_articles_breadcrumb.php', NULL, 1),
(67, 3, 2, 'articles_list', 'ARTICLES_LIST_MSG', 'block_articles_list.php', NULL, 1),
(68, 3, 3, 'article_details', 'ARTICLE_MSG', 'block_articles_details.php', NULL, 1),
(69, 3, 4, 'articles_categories', 'CATEGORIES_LIST_MSG', 'block_articles_categories.php', NULL, 1),
(70, 3, 5, 'articles_category_description', 'CATEGORY_INFO_MSG', 'block_articles_category.php', NULL, 1),
(71, 3, 6, 'articles_content', 'CONTENT_TITLE', 'block_articles_content.php', NULL, 1),
(72, 3, 7, 'articles_hot', 'HOT_TITLE', 'block_articles_hot.php', NULL, 1),
(73, 3, 8, 'articles_related', 'RELATED_ARTICLES_MSG', 'block_articles_related.php', NULL, 1),
(74, 3, 9, 'articles_related_forums', 'RELATED_FORUMS_MSG', 'block_forums_related.php', NULL, 1),
(75, 3, 10, 'articles_related_products', 'ARTICLE_RELATED_PRODUCTS_TITLE', 'block_products_related.php', NULL, 1),
(76, 3, 11, 'articles_category_products_relat', 'CATEGORY_RELATED_PRODUCTS_TITLE', 'block_products_related.php', NULL, 1),
(77, 3, 12, 'articles_latest', 'LATEST_TITLE', 'block_articles_latest.php', NULL, 1),
(78, 3, 13, 'articles_search', 'SEARCH_TITLE', 'block_articles_search.php', NULL, 1),
(79, 3, 14, 'articles_top_rated', 'TOP_RATED_TITLE', 'block_articles_top_rated.php', NULL, 1),
(80, 3, 15, 'articles_top_viewed', 'TOP_VIEWED_TITLE', 'block_articles_top_viewed.php', NULL, 1),
(81, 4, 1, 'ticket_new', 'SUBMIT_TICKET_MSG', 'block_support.php', NULL, 1),
(82, 4, 2, 'ticket_reply', 'REPLYING_TICKETS_MSG', 'block_support_reply.php', NULL, 1),
(83, 5, 1, 'forum_breadcrumb', 'BREADCRUMB_MSG', 'block_forum_breadcrumb.php', NULL, 1),
(84, 5, 2, 'forum_list', 'FORUMS_LIST_PAGE_MSG', 'block_forum_list.php', NULL, 1),
(85, 5, 3, 'forum_description', 'DESCRIPTION_MSG', 'block_forum_description.php', NULL, 1),
(86, 5, 4, 'forum_topics', 'TOPICS_LIST_MSG', 'block_forum_topics.php', NULL, 1),
(87, 5, 5, 'forum_topic', 'FORUM_TOPICS_THREAD_MSG', 'block_forum_topic.php', NULL, 1),
(88, 5, 6, 'forum_top_viewed', 'TOP_VIEWED_TITLE', 'block_forum_top_viewed.php', NULL, 1),
(89, 5, 7, 'forum_latest', 'LATEST_TITLE', 'block_forum_latest.php', NULL, 1),
(90, 5, 8, 'forum_related_articles', 'RELATED_ARTICLES_MSG', 'block_articles_related.php', NULL, 1),
(91, 5, 9, 'forum_related_products', 'RELATED_PRODUCTS_TITLE', 'block_products_related.php', NULL, 1),
(92, 5, 10, 'forum_search', 'SEARCH_TITLE', 'block_forum_search.php', NULL, 1),
(93, 6, 1, 'ads_breadcrumb', 'BREADCRUMB_MSG', 'block_ads_breadcrumb.php', NULL, 1),
(94, 6, 2, 'ads_categories', 'CATEGORIES_LIST_MSG', 'block_ads_categories.php', NULL, 1),
(95, 6, 3, 'ads_category_info', 'CATEGORY_INFO_MSG', 'block_ads_category.php', NULL, 1),
(96, 6, 4, 'ads_list', 'ADS_LISTING_MSG', 'block_ads_list.php', NULL, 1),
(97, 6, 5, 'ads_details', 'ADS_DETAILS_MSG', 'block_ads_details.php', NULL, 1),
(98, 6, 6, 'ads_compare', 'PRODUCTS_COMPARE_RESULTS_MSG', 'block_ads_compare.php', NULL, 1),
(99, 6, 7, 'ads_add', 'NEW_AD_MSG', 'block_ads_add.php', NULL, 1),
(100, 6, 8, 'ads_hot', 'HOT_OFFERS_MSG', 'block_ads_hot.php', NULL, 1),
(101, 6, 9, 'ads_special', 'SPECIAL_OFFER_MSG', 'block_ads_special.php', NULL, 1),
(102, 6, 10, 'ads_latest', 'LATEST_TITLE', 'block_ads_latest.php', NULL, 1),
(103, 6, 11, 'ads_top_viewed', 'TOP_VIEWED_TITLE', 'block_ads_top_viewed.php', NULL, 1),
(104, 6, 12, 'ads_recently_viewed', 'RECENTLY_VIEWED_MSG', 'block_ads_recently.php', NULL, 1),
(105, 6, 13, 'ads_sellers', 'SELLERS_MSG', 'block_ads_sellers.php', NULL, 1),
(106, 6, 14, 'ads_search', 'SEARCH_FORM_MSG', 'block_ads_search.php', NULL, 1),
(107, 6, 15, 'ads_search_advanced', 'ADVANCED_SEARCH_TITLE', 'block_ads_search_advanced.php', NULL, 1),
(108, 7, 1, 'manuals_breadcrumb', 'BREADCRUMB_MSG', 'block_manuals_breadcrumb.php', NULL, 1),
(109, 7, 2, 'manuals_list', 'MANUAL_LIST_MSG', 'block_manuals_list.php', NULL, 1),
(110, 7, 3, 'manuals_articles', 'MANUAL_ARTICLES_MSG', 'block_manuals_articles.php', NULL, 1),
(111, 7, 4, 'manuals_article_details', 'MANUAL_ARTICLE_DETAILS_MSG', 'block_manuals_article_details.php', NULL, 1),
(112, 7, 5, 'manuals_search', 'SEARCH_TITLE', 'block_manuals_search.php', NULL, 1),
(113, 7, 6, 'manuals_search_results', 'MANUAL_SEARCH_RESULTS_MSG', 'block_manuals_search_results.php', NULL, 1),
(114, 8, 1, 'filter', '{filter_name}', 'block_filter.php', NULL, 1),
(115, 9, 1, 'custom_block', '{block_name}', 'block_custom.php', NULL, 1),
(116, 10, 1, 'navigation', '{menu_title}', 'block_navigation.php', NULL, 1),
(117, 11, 1, 'banners', '{group_name}', 'block_banners.php', NULL, 1),
(118, 1, 18, 'header', 'HEADER_MSG', 'header.php', NULL, 1),
(119, 1, 19, 'footer', 'FOOTER_MSG', 'footer.php', NULL, 1),
(120, 2, 3, 'product_reviews', 'PRODUCTS_REVIEWS_MSG', 'block_reviews.php', NULL, 1),
(121, 3, 4, 'article_reviews', 'ARTICLES_REVIEWS_MSG', 'block_articles_reviews.php', NULL, 1),
(122, 1, 16, 'download', 'DOWNLOAD_TITLE', 'block_download.php', NULL, 1),
(123, 5, 6, 'forum_topic_new', 'NEW_TOPIC_MSG', 'block_forum_topic_new.php', NULL, 1),
(124, 12, 3, 'user_account_profile', 'PROFILE_TITLE', 'block_user_profile.php', NULL, 1),
(125, 12, 4, 'user_change_password', 'CHANGE_PASSWORD_MSG', 'block_user_change_password.php', NULL, 1),
(126, 12, 5, 'user_change_type', 'UPGRADE_DOWNGRADE_MSG', 'block_user_change_type.php', NULL, 1),
(127, 12, 6, 'user_carts', 'MY_SAVED_CARTS_MSG', 'block_user_carts.php', NULL, 1),
(128, 12, 7, 'user_wishlist', 'MY_WISHLIST_MSG', 'block_user_wishlist.php', NULL, 1),
(129, 12, 8, 'user_orders', '{MY_ORDERS_MSG}: {LIST_MSG}', 'block_user_orders.php', NULL, 1),
(130, 12, 9, 'user_order', '{MY_ORDERS_MSG}: {VIEW_DETAILS_MSG}', 'block_user_order.php', NULL, 1),
(131, 12, 10, 'user_order_update', '{MY_ORDERS_MSG}:  {EDIT_MSG}', 'block_user_order_update.php', NULL, 1),
(132, 12, 11, 'user_support', 'MY_SUPPORT_ISSUES_MSG', 'block_user_support.php', NULL, 1),
(133, 12, 12, 'user_ads', '{MY_ADS_MSG}: {LIST_MSG}', 'block_user_ads.php', NULL, 1),
(134, 12, 13, 'user_ad', '{MY_ADS_MSG}: {EDIT_MSG}', 'block_user_ad.php', NULL, 1),
(135, 12, 14, 'user_affiliate_sales', 'AFFILIATE_SALES_MSG', 'block_user_affiliate_sales.php', NULL, 1),
(136, 12, 15, 'user_affiliate_items', '{AFFILIATE_SALES_MSG}: {PRODUCTS_LIST_MSG}', 'block_user_affiliate_items.php', NULL, 1),
(137, 12, 16, 'user_products', '{MY_PRODUCTS_MSG}: {LIST_MSG}', 'block_user_products.php', NULL, 1),
(138, 12, 17, 'user_product', '{MY_PRODUCTS_MSG}: {EDIT_MSG}', 'block_user_product.php', NULL, 1),
(139, 12, 18, 'user_product_options', '{OPTIONS_AND_COMPONENTS_MSG}: {LIST_MSG}', 'block_user_product_options.php', NULL, 1),
(140, 12, 19, 'user_product_option', '{OPTIONS_AND_COMPONENTS_MSG}: {EDIT_OPTION_MSG}', 'block_user_product_option.php', NULL, 1),
(141, 12, 20, 'user_product_subcomponent', '{OPTIONS_AND_COMPONENTS_MSG}: {EDIT_SUBCOMP_MSG}', 'block_user_product_subcomponent.php', NULL, 1),
(142, 12, 21, 'user_product_subcomponents', '{OPTIONS_AND_COMPONENTS_MSG}: {EDIT_SUBCOMP_SELECTION_MSG}', 'block_user_product_subcomponents.php', NULL, 1),
(143, 12, 22, 'user_payments', '{COMMISSION_PAYMENTS_MSG}: {LIST_MSG}', 'block_user_payments.php', NULL, 1),
(144, 12, 23, 'user_payment', '{COMMISSION_PAYMENTS_MSG}: {VIEW_DETAILS_MSG}', 'block_user_payment.php', NULL, 1),
(145, 12, 24, 'user_merchant_orders', '{MY_SALES_ORDERS_MSG}: {LIST_MSG}', 'block_user_merchant_orders.php', NULL, 1),
(146, 12, 25, 'user_merchant_order', '{MY_SALES_ORDERS_MSG}: {VIEW_DETAILS_MSG}', 'block_user_merchant_order.php', NULL, 1),
(147, 12, 26, 'user_merchant_sales', 'MERCHANT_SALES_MSG', 'block_user_merchant_sales.php', NULL, 1),
(148, 12, 27, 'user_merchant_items', '{MERCHANT_SALES_MSG}: {PRODUCTS_LIST_MSG}', 'block_user_merchant_items.php', NULL, 1),
(149, 12, 28, 'user_reminders', '{MY_REMINDERS_MSG}: {LIST_MSG}', 'block_user_reminders.php', NULL, 1),
(150, 12, 29, 'user_reminder', '{MY_REMINDERS_MSG}: {EDIT_MSG}', 'block_user_reminder.php', NULL, 1),
(151, 12, 30, 'user_psd_list', '{PAYMENT_DETAILS_MSG}: {LIST_MSG}', 'block_user_psd_list.php', NULL, 1),
(152, 12, 31, 'user_psd_update', '{PAYMENT_DETAILS_MSG}: {EDIT_MSG}', 'block_user_psd_update.php', NULL, 1),
(153, 12, 32, 'user_product_registrations', 'MY_PRODUCT_REGISTRATIONS_MSG', 'block_user_product_registrations.php', NULL, 1),
(154, 12, 33, 'user_product_registration', 'REGISTER_PRODUCT_MSG', 'block_user_product_registration.php', NULL, 1),
(155, 1, 17, 'contact_us', 'CONTACT_US_TITLE', 'block_contact_us.php', NULL, 1),
(156, 1, 1, 'header_logo', 'Логотип', 'vi_header_logo.php', NULL, 1),
(157, 13, 1, 'sliders', '{slider_name}', 'block_sliders.php', NULL, 1),
(158, 1, 3, 'unsubscribe', 'UNSUBSCRIBE_TITLE', 'block_unsubscribe.php', NULL, 1),
(164, 15, 1, 'facebook_feed', 'Facebook Feed', 'block_facebook_feed.php', NULL, 1),
(165, 15, 1, 'twitter_feed', 'Twitter Feed', 'block_twitter_feed.php', NULL, 1),
(166, 1, 1, 'site_navigation', 'SITE_NAVIGATION_MSG', 'block_site_navigation.php', NULL, 1),
(167, 1, 1, 'cookies_control', 'COOKIE_CONTROL_MSG', 'block_cookies_control.php', NULL, 1),
(168, 12, 1, 'user_addresses', '{MY_ADDRESSES_MSG}: {LIST_MSG}', 'block_user_addresses.php', NULL, 1),
(169, 12, 1, 'user_address', '{MY_ADDRESSES_MSG}: {EDIT_MSG}', 'block_user_address.php', NULL, 1),
(173, 2, 1, 'vi_search_autocomplite', 'Autocomplite Search v.1.3', 'vi_search_autocomplite.php', 'Autocomplite Search', 1),
(172, 2, 1, 'SLIDING_CART', 'Ajax Sliding Cart v.1.3', 'vi_sliding_cart.php', 'Sliding Cart ', 1),
(174, 1, 2, 'vi_articles_search_autocomplite', 'Autocomplite Articles Search v.1.3', 'vi_articles_search_autocomplite.php', 'Autocomplite Articles Search', 1),
(175, 1, 1, 'vi_block_subscribe', 'Ajax Subscribe Form v 1.3', 'vi_block_subscribe.php', 'Ajax Subscribe Form v 1.3', 1);

CREATE TABLE `va_cms_blocks_pages` (
  `block_id` int(11) NOT NULL DEFAULT '0',
  `page_id` int(11) NOT NULL DEFAULT '0',
  PRIMARY KEY (`block_id`,`page_id`)
) ENGINE=MyISAM DEFAULT CHARSET=utf8;


CREATE TABLE `va_cms_blocks_periods` (
  `period_id` int(11) NOT NULL AUTO_INCREMENT,
  `ps_id` int(11) DEFAULT '0',
  `pb_id` int(11) DEFAULT '0',
  `start_date` datetime DEFAULT NULL,
  `end_date` datetime DEFAULT NULL,
  `start_time` int(11) DEFAULT '0',
  `end_time` int(11) DEFAULT '0',
  `week_days` int(11) DEFAULT '0',
  PRIMARY KEY (`period_id`)
) ENGINE=MyISAM DEFAULT CHARSET=utf8 AUTO_INCREMENT=1 ;


CREATE TABLE `va_cms_blocks_properties` (
  `property_id` int(11) NOT NULL AUTO_INCREMENT,
  `block_id` int(11) DEFAULT '0',
  `property_order` int(11) DEFAULT '1',
  `property_name` varchar(255) DEFAULT NULL,
  `control_type` varchar(16) DEFAULT NULL,
  `parent_property_id` int(11) DEFAULT NULL,
  `parent_value_id` int(11) DEFAULT NULL,
  `variable_name` varchar(64) DEFAULT NULL,
  `default_value` varchar(255) DEFAULT NULL,
  `required` tinyint(4) DEFAULT '0',
  `property_style` text,
  `control_style` text,
  `start_html` text,
  `middle_html` text,
  `before_control_html` text,
  `after_control_html` text,
  `end_html` text,
  `control_code` text,
  `onchange_code` text,
  `onclick_code` text,
  PRIMARY KEY (`property_id`)
) ENGINE=MyISAM  DEFAULT CHARSET=utf8 AUTO_INCREMENT=211 ;

INSERT INTO `va_cms_blocks_properties` (`property_id`, `block_id`, `property_order`, `property_name`, `control_type`, `parent_property_id`, `parent_value_id`, `variable_name`, `default_value`, `required`, `property_style`, `control_style`, `start_html`, `middle_html`, `before_control_html`, `after_control_html`, `end_html`, `control_code`, `onchange_code`, `onclick_code`) VALUES
(1, 1, 1, 'SELECT_TYPE_MSG', 'RADIOBUTTON', NULL, NULL, 'language_selection', NULL, 0, NULL, NULL, NULL, NULL, '<br>', NULL, NULL, NULL, NULL, NULL),
(2, 9, 1, 'SELECT_TYPE_MSG', 'RADIOBUTTON', NULL, NULL, 'design_selection', NULL, 0, NULL, NULL, NULL, NULL, '<br>', NULL, NULL, NULL, NULL, NULL),
(3, 13, 1, 'ORIGINATOR_MSG', 'TEXTBOX', NULL, NULL, 'sms_originator', NULL, 0, NULL, NULL, NULL, NULL, NULL, NULL, NULL, NULL, NULL, NULL),
(4, 13, 2, 'SMS_TEST_MESSAGE_MSG', 'TEXTAREA', NULL, NULL, 'sms_test_message', NULL, 0, NULL, NULL, NULL, NULL, NULL, NULL, NULL, NULL, NULL, NULL),
(5, 18, 1, 'RECORDS_PER_PAGE_MSG', 'TEXTBOX', NULL, NULL, 'products_per_page', NULL, 0, NULL, NULL, NULL, NULL, NULL, NULL, NULL, NULL, NULL, NULL),
(6, 18, 2, 'NUMBER_OF_COLUMNS_MSG', 'TEXTBOX', NULL, NULL, 'products_columns', NULL, 0, NULL, NULL, NULL, NULL, NULL, NULL, NULL, NULL, NULL, NULL),
(7, 18, 3, 'NAVIGATOR_SORTING_SETTINGS_MSG', 'LISTBOX', NULL, NULL, 'products_nav_type', NULL, 0, NULL, NULL, NULL, NULL, NULL, NULL, NULL, NULL, NULL, NULL),
(8, 18, 4, 'NAVIGATOR_FIRST_LAST_PAGES_MSG', 'CHECKBOX', NULL, NULL, 'products_nav_first_last', NULL, 0, NULL, NULL, NULL, NULL, NULL, NULL, NULL, NULL, NULL, NULL),
(9, 18, 5, 'NAVIGATOR_PREV_NEXT_PAGES_MSG', 'CHECKBOX', NULL, NULL, 'products_nav_prev_next', NULL, 0, NULL, NULL, NULL, NULL, NULL, NULL, NULL, NULL, NULL, NULL),
(10, 18, 6, 'NUMBER_OF_PAGES_NAVIGATOR_MSG', 'TEXTBOX', NULL, NULL, 'products_nav_pages', '5', 0, NULL, NULL, NULL, NULL, NULL, NULL, NULL, NULL, NULL, NULL),
(11, 18, 7, 'SHOW_PRODUCTS_SORTING_MSG', 'CHECKBOX', NULL, NULL, 'products_sortings', NULL, 0, NULL, NULL, NULL, NULL, NULL, NULL, NULL, NULL, NULL, NULL),
(12, 18, 8, 'GROUP_PRODUCTS_BY_CATEGORIES_MSG', 'CHECKBOX', NULL, NULL, 'products_group_by_cats', NULL, 0, NULL, NULL, NULL, NULL, NULL, NULL, NULL, NULL, NULL, NULL),
(13, 18, 9, 'DEFAULT_VIEW_TYPE_MSG', 'LISTBOX', NULL, NULL, 'products_default_view', NULL, 0, NULL, NULL, NULL, NULL, NULL, NULL, NULL, NULL, NULL, NULL),
(14, 19, 1, 'SHOW_PRODUCTS_SECTION_MSG', 'LISTBOX', NULL, NULL, 'use_tabs', NULL, 0, NULL, NULL, NULL, NULL, NULL, NULL, NULL, NULL, NULL, NULL),
(15, 19, 2, 'SHOW_SUPER_IMAGE_MSG', 'LISTBOX', NULL, NULL, 'show_super_image', NULL, 0, NULL, NULL, NULL, NULL, NULL, NULL, NULL, NULL, NULL, NULL),
(16, 19, 3, 'MANUFACTURER_IMAGE_MSG', 'LISTBOX', NULL, NULL, 'show_manufacturer_image', NULL, 0, NULL, NULL, NULL, NULL, NULL, NULL, NULL, NULL, NULL, NULL),
(17, 20, 1, 'CATEGORIES_TYPE_VIEW_MSG', 'LISTBOX', NULL, NULL, 'categories_type', NULL, 0, NULL, NULL, NULL, NULL, NULL, NULL, NULL, NULL, NULL, NULL),
(18, 20, 2, 'NUMBER_OF_COLUMNS_MSG', 'TEXTBOX', NULL, NULL, 'categories_columns', NULL, 0, NULL, NULL, NULL, NULL, NULL, NULL, NULL, NULL, NULL, NULL),
(19, 20, 3, 'NUMBER_OF_SHOWN_SUBS_MSG', 'TEXTBOX', 17, 20, 'categories_subs', NULL, 0, NULL, NULL, NULL, NULL, NULL, NULL, NULL, NULL, NULL, NULL),
(20, 20, 4, 'IMAGE_TYPE_FOR_TOP_CAT_MSG', 'LISTBOX', NULL, NULL, 'categories_image', NULL, 0, NULL, NULL, NULL, NULL, NULL, NULL, NULL, NULL, NULL, NULL),
(21, 21, 1, 'IMAGE_MSG', 'LISTBOX', NULL, NULL, 'category_description_image', NULL, 0, NULL, NULL, NULL, NULL, NULL, NULL, NULL, NULL, NULL, NULL),
(22, 21, 2, 'DESCRIPTION_MSG', 'LISTBOX', NULL, NULL, 'category_description_type', NULL, 0, NULL, NULL, NULL, NULL, NULL, NULL, NULL, NULL, NULL, NULL),
(23, 22, 1, 'IMAGE_TYPE_MSG', 'LISTBOX', NULL, NULL, 'image_type', NULL, 0, NULL, NULL, NULL, NULL, NULL, NULL, NULL, NULL, NULL, NULL),
(25, 29, 1, 'SELECT_TYPE_MSG', 'RADIOBUTTON', NULL, NULL, 'manufacturers_selection', NULL, 0, NULL, NULL, NULL, NULL, NULL, NULL, NULL, NULL, NULL, NULL),
(26, 29, 2, 'IMAGE_TYPE_MSG', 'LISTBOX', NULL, NULL, 'manufacturers_image', NULL, 0, NULL, NULL, NULL, NULL, NULL, NULL, NULL, NULL, NULL, NULL),
(27, 29, 3, 'DESCRIPTION_MSG', 'LISTBOX', NULL, NULL, 'manufacturers_desc', NULL, 0, NULL, NULL, NULL, NULL, NULL, NULL, NULL, NULL, NULL, NULL),
(28, 29, 4, 'SORT_ORDER_MSG', 'LISTBOX', NULL, NULL, 'manufacturers_order', NULL, 0, NULL, NULL, NULL, NULL, NULL, NULL, NULL, NULL, NULL, NULL),
(29, 29, 5, 'SORT_DIRECTION_MSG', 'LISTBOX', NULL, NULL, 'manufacturers_direction', NULL, 0, NULL, NULL, NULL, NULL, NULL, NULL, NULL, NULL, NULL, NULL),
(30, 30, 1, 'IMAGE_TYPE_MSG', 'LISTBOX', NULL, NULL, 'manufacturer_info_image', NULL, 0, NULL, NULL, NULL, NULL, NULL, NULL, NULL, NULL, NULL, NULL),
(31, 30, 2, 'DESCRIPTION_MSG', 'LISTBOX', NULL, NULL, 'manufacturer_info_type', NULL, 0, NULL, NULL, NULL, NULL, NULL, NULL, NULL, NULL, NULL, NULL),
(32, 31, 1, 'SELECT_TYPE_MSG', 'RADIOBUTTON', NULL, NULL, 'merchants_selection', NULL, 0, NULL, NULL, NULL, NULL, NULL, NULL, NULL, NULL, NULL, NULL),
(33, 32, 1, 'PERSONAL_IMAGE_FIELD', 'CHECKBOX', NULL, NULL, 'merchant_info_image', NULL, 0, NULL, NULL, NULL, NULL, NULL, NULL, NULL, NULL, NULL, NULL),
(34, 32, 2, 'NICKNAME_FIELD', 'CHECKBOX', NULL, NULL, 'merchant_info_nick', NULL, 0, NULL, NULL, NULL, NULL, NULL, NULL, NULL, NULL, NULL, NULL),
(35, 32, 3, 'MERCHANT_COUNTRY_FLAG_MSG', 'CHECKBOX', NULL, NULL, 'merchant_info_country_flag', NULL, 0, NULL, NULL, NULL, NULL, NULL, NULL, NULL, NULL, NULL, NULL),
(36, 32, 4, 'ONLINE_STATUS_MSG', 'CHECKBOX', NULL, NULL, 'merchant_info_online', NULL, 0, NULL, NULL, NULL, NULL, NULL, NULL, NULL, NULL, NULL, NULL),
(37, 32, 5, 'MEMBER_SINCE_MSG', 'CHECKBOX', NULL, NULL, 'merchant_info_member', NULL, 0, NULL, NULL, NULL, NULL, NULL, NULL, NULL, NULL, NULL, NULL),
(38, 32, 6, 'MERCHANT_PRODUCTS_LINK_MSG', 'CHECKBOX', NULL, NULL, 'merchant_info_prod_link', NULL, 0, NULL, NULL, NULL, NULL, NULL, NULL, NULL, NULL, NULL, NULL),
(39, 32, 7, 'DESCRIPTION_MSG', 'LISTBOX', NULL, NULL, 'merchant_info_desc_value', NULL, 0, NULL, NULL, NULL, NULL, NULL, NULL, NULL, NULL, NULL, NULL),
(40, 34, 1, 'RECORDS_PER_PAGE_MSG', 'TEXTBOX', NULL, NULL, 'prod_offers_recs', NULL, 0, NULL, NULL, NULL, NULL, NULL, NULL, NULL, NULL, NULL, NULL),
(41, 34, 2, 'NUMBER_OF_COLUMNS_MSG', 'TEXTBOX', NULL, NULL, 'prod_offers_cols', NULL, 0, NULL, NULL, NULL, NULL, NULL, NULL, NULL, NULL, NULL, NULL),
(42, 34, 3, 'SHOW_POINTS_PRICE_MSG', 'CHECKBOX', NULL, NULL, 'prod_offers_points_price', NULL, 0, NULL, NULL, NULL, NULL, NULL, NULL, NULL, NULL, NULL, NULL),
(43, 34, 4, 'SHOW_REWARD_POINTS_MSG', 'CHECKBOX', NULL, NULL, 'prod_offers_reward_points', NULL, 0, NULL, NULL, NULL, NULL, NULL, NULL, NULL, NULL, NULL, NULL),
(44, 34, 5, 'SHOW_REWARD_CREDITS_MSG', 'CHECKBOX', NULL, NULL, 'prod_offers_reward_credits', NULL, 0, NULL, NULL, NULL, NULL, NULL, NULL, NULL, NULL, NULL, NULL),
(45, 34, 6, 'ADD_TO_CART_MSG', 'CHECKBOX', NULL, NULL, 'prod_offers_add_button', NULL, 0, NULL, NULL, NULL, NULL, NULL, NULL, NULL, NULL, NULL, NULL),
(46, 34, 7, 'VIEW_CART_MSG', 'CHECKBOX', NULL, NULL, 'prod_offers_view_button', NULL, 0, NULL, NULL, NULL, NULL, NULL, NULL, NULL, NULL, NULL, NULL),
(47, 34, 8, 'GOTO_CHECKOUT_MSG', 'CHECKBOX', NULL, NULL, 'prod_offers_goto_button', NULL, 0, NULL, NULL, NULL, NULL, NULL, NULL, NULL, NULL, NULL, NULL),
(48, 34, 9, 'ADD_TO_WISHLIST_MSG', 'CHECKBOX', NULL, NULL, 'prod_offers_wish_button', NULL, 0, NULL, NULL, NULL, NULL, NULL, NULL, NULL, NULL, NULL, NULL),
(49, 34, 10, 'QUANTITY_CONTROL_MSG', 'LISTBOX', NULL, NULL, 'prod_offers_quantity_control', NULL, 0, NULL, NULL, NULL, NULL, NULL, NULL, NULL, NULL, NULL, NULL),
(50, 34, 11, 'SLIDER_TYPE_MSG', 'LISTBOX', NULL, NULL, 'prod_slider_type', NULL, 0, NULL, NULL, NULL, NULL, NULL, NULL, NULL, NULL, NULL, NULL),
(51, 34, 12, 'SLIDER_WIDTH_MSG', 'TEXTBOX', NULL, NULL, 'prod_slider_width', '100%', 0, NULL, NULL, NULL, NULL, NULL, NULL, NULL, NULL, NULL, NULL),
(52, 34, 13, 'SLIDER_HEIGHT_MSG', 'TEXTBOX', NULL, NULL, 'prod_slider_height', '300', 0, NULL, NULL, NULL, NULL, NULL, NULL, NULL, NULL, NULL, NULL),
(53, 34, 14, 'SLIDER_STYLE_MSG', 'TEXTAREA', NULL, NULL, 'prod_slider_style', NULL, 0, NULL, NULL, NULL, NULL, NULL, NULL, NULL, NULL, NULL, NULL),
(54, 38, 1, 'SHOW_POINTS_PRICE_MSG', 'CHECKBOX', NULL, NULL, 'prod_fast_add_points_price', NULL, 0, NULL, NULL, '{FAST_PRODUCT_ADDING_DESC_MSG}\r\n<br><br>', NULL, NULL, NULL, NULL, NULL, NULL, NULL),
(55, 38, 2, 'SHOW_REWARD_POINTS_MSG', 'CHECKBOX', NULL, NULL, 'prod_fast_add_reward_points', NULL, 0, NULL, NULL, NULL, NULL, NULL, NULL, NULL, NULL, NULL, NULL),
(56, 38, 3, 'SHOW_REWARD_CREDITS_MSG', 'CHECKBOX', NULL, NULL, 'prod_fast_add_reward_credits', NULL, 0, NULL, NULL, NULL, NULL, NULL, NULL, NULL, NULL, NULL, NULL),
(57, 38, 4, 'ADD_TO_CART_MSG', 'CHECKBOX', NULL, NULL, 'prod_fast_add_add_button', NULL, 0, NULL, NULL, NULL, NULL, NULL, NULL, NULL, NULL, NULL, NULL),
(58, 38, 5, 'VIEW_CART_MSG', 'CHECKBOX', NULL, NULL, 'prod_fast_add_view_button', NULL, 0, NULL, NULL, NULL, NULL, NULL, NULL, NULL, NULL, NULL, NULL),
(59, 38, 6, 'GOTO_CHECKOUT_MSG', 'CHECKBOX', NULL, NULL, 'prod_fast_add_goto_button', NULL, 0, NULL, NULL, NULL, NULL, NULL, NULL, NULL, NULL, NULL, NULL),
(60, 38, 7, 'ADD_TO_WISHLIST_MSG', 'CHECKBOX', NULL, NULL, 'prod_fast_add_wish_button', NULL, 0, NULL, NULL, NULL, NULL, NULL, NULL, NULL, NULL, NULL, NULL),
(61, 39, 1, 'RECORDS_PER_PAGE_MSG', 'TEXTBOX', NULL, NULL, 'products_latest_recs', '10', 0, NULL, NULL, NULL, NULL, NULL, NULL, NULL, NULL, NULL, NULL),
(62, 39, 2, 'NUMBER_OF_COLUMNS_MSG', 'TEXTBOX', NULL, NULL, 'products_latest_cols', '1', 0, NULL, NULL, NULL, NULL, NULL, NULL, NULL, NULL, NULL, NULL),
(63, 39, 3, 'IMAGE_TYPE_MSG', 'LISTBOX', NULL, NULL, 'prod_latest_image', NULL, 0, NULL, NULL, NULL, NULL, NULL, NULL, NULL, NULL, NULL, NULL),
(64, 39, 4, 'DESCRIPTION_MSG', 'LISTBOX', NULL, NULL, 'prod_latest_desc', NULL, 0, NULL, NULL, NULL, NULL, NULL, NULL, NULL, NULL, NULL, NULL),
(65, 39, 5, 'SORT_ORDER_MSG', 'LISTBOX', NULL, NULL, 'prod_latest_order', NULL, 0, NULL, NULL, NULL, NULL, NULL, NULL, NULL, NULL, NULL, NULL),
(66, 41, 1, 'RECORDS_PER_PAGE_MSG', 'TEXTBOX', NULL, NULL, 'products_recent_records', '5', 0, NULL, NULL, NULL, NULL, NULL, NULL, NULL, NULL, NULL, NULL),
(67, 41, 2, 'NUMBER_OF_COLUMNS_MSG', 'TEXTBOX', NULL, NULL, 'products_recent_cols', '1', 0, NULL, NULL, NULL, NULL, NULL, NULL, NULL, NULL, NULL, NULL),
(68, 41, 3, 'IMAGE_TYPE_MSG', 'LISTBOX', NULL, NULL, 'recent_image', NULL, 0, NULL, NULL, NULL, NULL, NULL, NULL, NULL, NULL, NULL, NULL),
(69, 41, 4, 'DESCRIPTION_MSG', 'LISTBOX', NULL, NULL, 'recent_desc', NULL, 0, NULL, NULL, NULL, NULL, NULL, NULL, NULL, NULL, NULL, NULL),
(70, 42, 1, 'RECORDS_PER_PAGE_MSG', 'TEXTBOX', NULL, NULL, 'prod_recom_per_page', '10', 0, NULL, NULL, '{RECOMMENDED_PRODUCTS_DESC}\r\n<br><br>', NULL, NULL, NULL, NULL, NULL, NULL, NULL),
(71, 42, 2, 'NUMBER_OF_COLUMNS_MSG', 'TEXTBOX', NULL, NULL, 'prod_recom_cols', '1', 0, NULL, NULL, NULL, NULL, NULL, NULL, NULL, NULL, NULL, NULL),
(72, 45, 1, 'RECORDS_PER_PAGE_MSG', 'TEXTBOX', NULL, NULL, 'bestsellers_records', '10', 0, NULL, NULL, NULL, NULL, NULL, NULL, NULL, NULL, NULL, NULL),
(73, 45, 2, 'RECENT_PERIOD_PRODUCTS_BOUGHT_MSG', 'TEXTBOX', NULL, NULL, 'bestsellers_days', '90', 0, NULL, NULL, NULL, NULL, NULL, NULL, 'DAYS_MSG', NULL, NULL, NULL),
(74, 45, 3, 'ORDER_STATUS_MSG', 'LISTBOX', NULL, NULL, 'bestsellers_status', NULL, 0, NULL, NULL, NULL, NULL, NULL, NULL, NULL, NULL, NULL, NULL),
(75, 45, 4, 'IMAGE_TYPE_MSG', 'LISTBOX', NULL, NULL, 'bestsellers_image', NULL, 0, NULL, NULL, NULL, NULL, NULL, NULL, NULL, NULL, NULL, NULL),
(76, 45, 5, 'DESCRIPTION_MSG', 'LISTBOX', NULL, NULL, 'bestsellers_desc', NULL, 0, NULL, NULL, NULL, NULL, NULL, NULL, NULL, NULL, NULL, NULL),
(77, 46, 1, 'RECORDS_PER_PAGE_MSG', 'TEXTBOX', NULL, NULL, 'prod_top_viewed_recs', '10', 0, NULL, NULL, NULL, NULL, NULL, NULL, NULL, NULL, NULL, NULL),
(78, 46, 2, 'NUMBER_OF_COLUMNS_MSG', 'TEXTBOX', NULL, NULL, 'prod_top_viewed_cols', '1', 0, NULL, NULL, NULL, NULL, NULL, NULL, NULL, NULL, NULL, NULL),
(79, 46, 3, 'IMAGE_TYPE_MSG', 'LISTBOX', NULL, NULL, 'top_viewed_image', NULL, 0, NULL, NULL, NULL, NULL, NULL, NULL, NULL, NULL, NULL, NULL),
(80, 46, 4, 'DESCRIPTION_MSG', 'LISTBOX', NULL, NULL, 'top_viewed_desc', NULL, 0, NULL, NULL, NULL, NULL, NULL, NULL, NULL, NULL, NULL, NULL),
(81, 47, 1, 'RECORDS_PER_PAGE_MSG', 'TEXTBOX', NULL, NULL, 'top_rates_recs', '10', 0, NULL, NULL, NULL, NULL, NULL, NULL, NULL, NULL, NULL, NULL),
(82, 47, 2, 'IMAGE_TYPE_MSG', 'LISTBOX', NULL, NULL, 'top_rated_image', NULL, 0, NULL, NULL, NULL, NULL, NULL, NULL, NULL, NULL, NULL, NULL),
(83, 47, 3, 'DESCRIPTION_MSG', 'LISTBOX', NULL, NULL, 'top_rated_desc', NULL, 0, NULL, NULL, NULL, NULL, NULL, NULL, NULL, NULL, NULL, NULL),
(84, 48, 1, 'RECORDS_PER_PAGE_MSG', 'TEXTBOX', NULL, NULL, 'related_per_page', '4', 0, NULL, NULL, NULL, NULL, NULL, NULL, NULL, NULL, NULL, NULL),
(85, 48, 2, 'NUMBER_OF_COLUMNS_MSG', 'TEXTBOX', NULL, NULL, 'related_columns', '1', 0, NULL, NULL, NULL, NULL, NULL, NULL, NULL, NULL, NULL, NULL),
(86, 49, 1, 'RECORDS_PER_PAGE_MSG', 'TEXTBOX', NULL, NULL, 'related_purchase_recs', '10', 0, NULL, NULL, NULL, NULL, NULL, NULL, NULL, NULL, NULL, NULL),
(87, 49, 2, 'NUMBER_OF_COLUMNS_MSG', 'TEXTBOX', NULL, NULL, 'related_purchase_cols', '1', 0, NULL, NULL, NULL, NULL, NULL, NULL, NULL, NULL, NULL, NULL),
(88, 49, 3, 'RECENT_PERIOD_PRODUCTS_BOUGHT_MSG', 'TEXTBOX', NULL, NULL, 'related_purchase_days', '90', 0, NULL, NULL, NULL, NULL, NULL, NULL, NULL, NULL, NULL, NULL),
(89, 49, 4, 'ORDER_STATUS_MSG', 'LISTBOX', NULL, NULL, 'related_purchase_status', NULL, 0, NULL, NULL, NULL, NULL, NULL, NULL, NULL, NULL, NULL, NULL),
(90, 49, 5, 'IMAGE_TYPE_MSG', 'LISTBOX', NULL, NULL, 'related_purchase_image', NULL, 0, NULL, NULL, NULL, NULL, NULL, NULL, NULL, NULL, NULL, NULL),
(91, 49, 6, 'DESCRIPTION_MSG', 'LISTBOX', NULL, NULL, 'related_purchase_desc', NULL, 0, NULL, NULL, NULL, NULL, NULL, NULL, NULL, NULL, NULL, NULL),
(92, 58, 1, 'SELECT_TYPE_MSG', 'RADIOBUTTON', NULL, NULL, 'currency_selection', NULL, 0, NULL, NULL, NULL, NULL, NULL, NULL, NULL, NULL, NULL, NULL),
(93, 61, 1, 'RECORDS_PER_PAGE_MSG', 'TEXTBOX', NULL, NULL, 'users_bought_item_recs', '10', 0, NULL, NULL, NULL, NULL, NULL, NULL, NULL, NULL, NULL, NULL),
(94, 61, 2, 'NUMBER_OF_COLUMNS_MSG', 'TEXTBOX', NULL, NULL, 'users_bought_item_cols', '1', 0, NULL, NULL, NULL, NULL, NULL, NULL, NULL, NULL, NULL, NULL),
(95, 61, 3, 'USERS_BOUGHT_DURING_MSG', 'TEXTBOX', NULL, NULL, 'users_bought_item_days', '90', 0, NULL, NULL, NULL, NULL, NULL, NULL, NULL, NULL, NULL, NULL),
(96, 61, 4, 'ORDER_STATUS_MSG', 'LISTBOX', NULL, NULL, 'users_bought_status', NULL, 0, NULL, NULL, NULL, NULL, NULL, NULL, NULL, NULL, NULL, NULL),
(97, 61, 5, 'USER_TYPE_MSG', 'LISTBOX', NULL, NULL, 'users_bought_type', NULL, 0, NULL, NULL, NULL, NULL, NULL, NULL, NULL, NULL, NULL, NULL),
(98, 61, 6, 'SELECT_FIELDS_TO_SHOW_MSG', 'CHECKBOXLIST', NULL, NULL, 'users_bought_item_fields', NULL, 0, NULL, NULL, NULL, '<br>', '&nbsp;&nbsp;&nbsp;', '<br>', NULL, NULL, NULL, NULL),
(99, 62, 1, 'RECORDS_PER_PAGE_MSG', 'TEXTBOX', NULL, NULL, 'wl_recs', '20', 0, NULL, NULL, NULL, NULL, NULL, NULL, NULL, NULL, NULL, NULL),
(100, 62, 2, 'IMAGE_TYPE_MSG', 'LISTBOX', NULL, NULL, 'wl_image', NULL, 0, NULL, NULL, NULL, NULL, NULL, NULL, NULL, NULL, NULL, NULL),
(101, 64, 1, 'RECORDS_PER_PAGE_MSG', 'TEXTBOX', NULL, NULL, 'articles_related_per_page', '4', 0, NULL, NULL, NULL, NULL, NULL, NULL, NULL, NULL, NULL, NULL),
(102, 64, 2, 'NUMBER_OF_COLUMNS_MSG', 'TEXTBOX', NULL, NULL, 'articles_related_columns', '1', 0, NULL, NULL, NULL, NULL, NULL, NULL, NULL, NULL, NULL, NULL),
(103, 64, 3, 'IMAGE_TYPE_MSG', 'LISTBOX', NULL, NULL, 'articles_related_image', NULL, 0, NULL, NULL, NULL, NULL, NULL, NULL, NULL, NULL, NULL, NULL),
(104, 64, 4, 'DESCRIPTION_MSG', 'LISTBOX', NULL, NULL, 'articles_related_desc', NULL, 0, NULL, NULL, NULL, NULL, NULL, NULL, NULL, NULL, NULL, NULL),
(105, 64, 5, 'DATE_MSG', 'LISTBOX', NULL, NULL, 'articles_related_date', NULL, 0, NULL, NULL, NULL, NULL, NULL, NULL, NULL, NULL, NULL, NULL),
(106, 65, 1, 'RECORDS_PER_PAGE_MSG', 'TEXTBOX', NULL, NULL, 'forums_related_per_page', '4', 0, NULL, NULL, NULL, NULL, NULL, NULL, NULL, NULL, NULL, NULL),
(107, 65, 2, 'NUMBER_OF_COLUMNS_MSG', 'TEXTBOX', NULL, NULL, 'forums_related_columns', '1', 0, NULL, NULL, NULL, NULL, NULL, NULL, NULL, NULL, NULL, NULL),
(108, 65, 3, 'DESCRIPTION_MSG', 'LISTBOX', NULL, NULL, 'forums_related_desc', NULL, 0, NULL, NULL, NULL, NULL, NULL, NULL, NULL, NULL, NULL, NULL),
(109, 65, 4, 'AUTHOR_INFO_MSG', 'CHECKBOX', NULL, NULL, 'forums_related_user_info', NULL, 0, NULL, NULL, NULL, NULL, NULL, NULL, NULL, NULL, NULL, NULL),
(110, 67, 1, 'RECORDS_PER_PAGE_MSG', 'TEXTBOX', NULL, NULL, 'articles_recs', '10', 0, NULL, NULL, NULL, NULL, NULL, NULL, NULL, NULL, NULL, NULL),
(111, 67, 2, 'NUMBER_OF_COLUMNS_MSG', 'TEXTBOX', NULL, NULL, 'articles_cols', '1', 0, NULL, NULL, NULL, NULL, NULL, NULL, NULL, NULL, NULL, NULL),
(112, 69, 1, 'CATEGORIES_TYPE_VIEW_MSG', 'LISTBOX', NULL, NULL, 'articles_categories_type', NULL, 0, NULL, NULL, NULL, NULL, NULL, NULL, NULL, NULL, NULL, NULL),
(113, 69, 2, 'NUMBER_OF_COLUMNS_MSG', 'TEXTBOX', NULL, NULL, 'articles_categories_cols', NULL, 0, NULL, NULL, NULL, NULL, NULL, NULL, NULL, NULL, NULL, NULL),
(114, 69, 3, 'NUMBER_OF_SHOWN_SUBS_MSG', 'TEXTBOX', NULL, NULL, 'articles_categories_subs', '0', 0, NULL, NULL, NULL, NULL, NULL, NULL, NULL, NULL, NULL, NULL),
(115, 69, 4, 'IMAGE_TYPE_FOR_TOP_CAT_MSG', 'LISTBOX', NULL, NULL, 'articles_categories_image', NULL, 0, NULL, NULL, NULL, NULL, NULL, NULL, NULL, NULL, NULL, NULL),
(116, 70, 1, 'IMAGE_MSG', 'LISTBOX', NULL, NULL, 'articles_category_image', NULL, 0, NULL, NULL, NULL, NULL, NULL, NULL, NULL, NULL, NULL, NULL),
(117, 70, 2, 'DESCRIPTION_MSG', 'LISTBOX', NULL, NULL, 'articles_category_desc_type', NULL, 0, NULL, NULL, NULL, NULL, NULL, NULL, NULL, NULL, NULL, NULL),
(118, 72, 1, 'RECORDS_PER_PAGE_MSG', 'TEXTBOX', NULL, NULL, 'articles_hot_recs', '10', 0, NULL, NULL, NULL, NULL, NULL, NULL, NULL, NULL, NULL, NULL),
(119, 72, 2, 'NUMBER_OF_COLUMNS_MSG', 'TEXTBOX', NULL, NULL, 'articles_hot_cols', '1', 0, NULL, NULL, NULL, NULL, NULL, NULL, NULL, NULL, NULL, NULL),
(120, 73, 1, 'RECORDS_PER_PAGE_MSG', 'TEXTBOX', NULL, NULL, 'articles_related_recs', '4', 0, NULL, NULL, NULL, NULL, NULL, NULL, NULL, NULL, NULL, NULL),
(121, 73, 2, 'NUMBER_OF_COLUMNS_MSG', 'TEXTBOX', NULL, NULL, 'articles_related_cols', '1', 0, NULL, NULL, NULL, NULL, NULL, NULL, NULL, NULL, NULL, NULL),
(122, 73, 3, 'IMAGE_TYPE_MSG', 'LISTBOX', NULL, NULL, 'articles_related_image', NULL, 0, NULL, NULL, NULL, NULL, NULL, NULL, NULL, NULL, NULL, NULL),
(123, 73, 4, 'DESCRIPTION_MSG', 'LISTBOX', NULL, NULL, 'articles_related_desc', NULL, 0, NULL, NULL, NULL, NULL, NULL, NULL, NULL, NULL, NULL, NULL),
(124, 73, 5, 'DATE_MSG', 'LISTBOX', NULL, NULL, 'articles_related_date', NULL, 0, NULL, NULL, NULL, NULL, NULL, NULL, NULL, NULL, NULL, NULL),
(125, 74, 1, 'RECORDS_PER_PAGE_MSG', 'TEXTBOX', NULL, NULL, 'articles_related_forums_recs', '4', 0, NULL, NULL, NULL, NULL, NULL, NULL, NULL, NULL, NULL, NULL),
(126, 74, 2, 'NUMBER_OF_COLUMNS_MSG', 'TEXTBOX', NULL, NULL, 'articles_related_forums_cols', '1', 0, NULL, NULL, NULL, NULL, NULL, NULL, NULL, NULL, NULL, NULL),
(127, 74, 3, 'DESCRIPTION_MSG', 'LISTBOX', NULL, NULL, 'articles_related_forums_desc', NULL, 0, NULL, NULL, NULL, NULL, NULL, NULL, NULL, NULL, NULL, NULL),
(128, 74, 4, 'AUTHOR_INFO_MSG', 'CHECKBOX', NULL, NULL, 'articles_related_forums_author', '1', 0, NULL, NULL, NULL, NULL, NULL, NULL, NULL, NULL, NULL, NULL),
(129, 75, 1, 'RECORDS_PER_PAGE_MSG', 'TEXTBOX', NULL, NULL, 'articles_related_products_recs', '5', 0, NULL, NULL, NULL, NULL, NULL, NULL, NULL, NULL, NULL, NULL),
(130, 75, 2, 'NUMBER_OF_COLUMNS_MSG', 'TEXTBOX', NULL, NULL, 'articles_related_products_cols', '1', 0, NULL, NULL, NULL, NULL, NULL, NULL, NULL, NULL, NULL, NULL),
(131, 76, 1, 'RECORDS_PER_PAGE_MSG', 'TEXTBOX', NULL, NULL, 'articles_products_cats_recs', '5', 0, NULL, NULL, NULL, NULL, NULL, NULL, NULL, NULL, NULL, NULL),
(132, 76, 2, 'NUMBER_OF_COLUMNS_MSG', 'TEXTBOX', NULL, NULL, 'articles_products_cats_cols', '1', 0, NULL, NULL, NULL, NULL, NULL, NULL, NULL, NULL, NULL, NULL),
(133, 77, 1, 'GROUP_BY_MSG', 'LISTBOX', NULL, NULL, 'articles_latest_group_by', NULL, 0, NULL, NULL, NULL, NULL, NULL, NULL, NULL, NULL, NULL, NULL),
(134, 77, 2, 'CATEGORIES_IDS_MSG', 'TEXTBOX', 133, 196, 'articles_latest_cats', NULL, 0, NULL, NULL, NULL, NULL, NULL, NULL, NULL, NULL, NULL, NULL),
(135, 77, 3, 'INCLUDE_ARTICLES_FROM_SUBCAT_MSG', 'CHECKBOX', NULL, NULL, 'articles_latest_subcats', NULL, 0, NULL, NULL, NULL, NULL, NULL, NULL, NULL, NULL, NULL, NULL),
(136, 77, 4, 'TOP_ARTICLES_MSG', 'TEXTBOX', NULL, NULL, 'articles_latest_recs', '10', 0, NULL, NULL, NULL, NULL, NULL, NULL, NULL, NULL, NULL, NULL),
(137, 77, 5, 'ARTICLES_LINKS_MSG', 'TEXTBOX', NULL, NULL, 'articles_latest_subrecs', NULL, 0, NULL, NULL, NULL, NULL, NULL, NULL, NULL, NULL, NULL, NULL),
(138, 77, 6, 'TOP_ARTICLE_IMAGE_TYPE_MSG', 'LISTBOX', NULL, NULL, 'articles_latest_image', NULL, 0, NULL, NULL, NULL, NULL, NULL, NULL, NULL, NULL, NULL, NULL),
(139, 77, 7, 'TOP_ARTICLE_DESCRIPTION_MSG', 'LISTBOX', NULL, NULL, 'articles_latest_desc', NULL, 0, NULL, NULL, NULL, NULL, NULL, NULL, NULL, NULL, NULL, NULL),
(140, 77, 8, 'NUMBER_OF_COLUMNS_MSG', 'TEXTBOX', NULL, NULL, 'articles_latest_cols', '1', 0, NULL, NULL, NULL, NULL, NULL, NULL, NULL, NULL, NULL, NULL),
(141, 80, 1, 'RECORDS_PER_PAGE_MSG', 'TEXTBOX', NULL, NULL, 'articles_top_viewed_recs', '10', 0, NULL, NULL, NULL, NULL, NULL, NULL, NULL, NULL, NULL, NULL),
(142, 80, 2, 'NUMBER_OF_COLUMNS_MSG', 'TEXTBOX', NULL, NULL, 'articles_top_viewed_cols', '1', 0, NULL, NULL, NULL, NULL, NULL, NULL, NULL, NULL, NULL, NULL),
(143, 85, 1, 'IMAGE_MSG', 'LISTBOX', NULL, NULL, 'forum_description_image', NULL, 0, NULL, NULL, NULL, NULL, NULL, NULL, NULL, NULL, NULL, NULL),
(144, 85, 2, 'DESCRIPTION_MSG', 'LISTBOX', NULL, NULL, 'forum_description_type', NULL, 0, NULL, NULL, NULL, NULL, NULL, NULL, NULL, NULL, NULL, NULL),
(145, 88, 1, 'RECORDS_PER_PAGE_MSG', 'TEXTBOX', NULL, NULL, 'forum_top_viewed_recs', '10', 0, NULL, NULL, NULL, NULL, NULL, NULL, NULL, NULL, NULL, NULL),
(146, 88, 2, 'NUMBER_OF_COLUMNS_MSG', 'TEXTBOX', NULL, NULL, 'forum_top_viewed_cols', '1', 0, NULL, NULL, NULL, NULL, NULL, NULL, NULL, NULL, NULL, NULL),
(147, 89, 1, 'RECORDS_PER_PAGE_MSG', 'TEXTBOX', NULL, NULL, 'forum_latest_recs', '10', 0, NULL, NULL, NULL, NULL, NULL, NULL, NULL, NULL, NULL, NULL),
(148, 89, 2, 'NUMBER_OF_COLUMNS_MSG', 'TEXTBOX', NULL, NULL, 'forum_latest_cols', '1', 0, NULL, NULL, NULL, NULL, NULL, NULL, NULL, NULL, NULL, NULL),
(149, 90, 1, 'RECORDS_PER_PAGE_MSG', 'TEXTBOX', NULL, NULL, 'forum_articles_related_recs', '4', 0, NULL, NULL, NULL, NULL, NULL, NULL, NULL, NULL, NULL, NULL),
(150, 90, 2, 'NUMBER_OF_COLUMNS_MSG', 'TEXTBOX', NULL, NULL, 'forum_articles_related_cols', '1', 0, NULL, NULL, NULL, NULL, NULL, NULL, NULL, NULL, NULL, NULL),
(151, 90, 3, 'IMAGE_TYPE_MSG', 'LISTBOX', NULL, NULL, 'forum_articles_related_image', NULL, 0, NULL, NULL, NULL, NULL, NULL, NULL, NULL, NULL, NULL, NULL),
(152, 90, 4, 'DESCRIPTION_MSG', 'LISTBOX', NULL, NULL, 'forum_articles_related_desc', NULL, 0, NULL, NULL, NULL, NULL, NULL, NULL, NULL, NULL, NULL, NULL),
(153, 90, 5, 'DATE_MSG', 'LISTBOX', NULL, NULL, 'forum_articles_related_date', NULL, 0, NULL, NULL, NULL, NULL, NULL, NULL, NULL, NULL, NULL, NULL),
(154, 91, 1, 'RECORDS_PER_PAGE_MSG', 'TEXTBOX', NULL, NULL, 'forum_item_related_recs', '4', 0, NULL, NULL, NULL, NULL, NULL, NULL, NULL, NULL, NULL, NULL),
(155, 91, 2, 'NUMBER_OF_COLUMNS_MSG', 'TEXTBOX', NULL, NULL, 'forum_item_related_cols', '1', 0, NULL, NULL, NULL, NULL, NULL, NULL, NULL, NULL, NULL, NULL),
(156, 94, 1, 'CATEGORIES_TYPE_VIEW_MSG', 'LISTBOX', NULL, NULL, 'ads_categories_type', NULL, 0, NULL, NULL, NULL, NULL, NULL, NULL, NULL, NULL, NULL, NULL),
(157, 94, 2, 'NUMBER_OF_COLUMNS_MSG', 'TEXTBOX', NULL, NULL, 'ads_categories_cols', NULL, 0, NULL, NULL, NULL, NULL, NULL, NULL, NULL, NULL, NULL, NULL),
(158, 94, 3, 'NUMBER_OF_SHOWN_SUBS_MSG', 'TEXTBOX', NULL, NULL, 'ads_categories_subs', '0', 0, NULL, NULL, NULL, NULL, NULL, NULL, NULL, NULL, NULL, NULL),
(159, 94, 4, 'IMAGE_TYPE_FOR_TOP_CAT_MSG', 'LISTBOX', NULL, NULL, 'ads_categories_image', NULL, 0, NULL, NULL, NULL, NULL, NULL, NULL, NULL, NULL, NULL, NULL),
(160, 95, 1, 'IMAGE_MSG', 'LISTBOX', NULL, NULL, 'ads_cat_desc_image', NULL, 0, NULL, NULL, NULL, NULL, NULL, NULL, NULL, NULL, NULL, NULL),
(161, 95, 2, 'DESCRIPTION_MSG', 'LISTBOX', NULL, NULL, 'ads_cat_desc_type', NULL, 0, NULL, NULL, NULL, NULL, NULL, NULL, NULL, NULL, NULL, NULL),
(162, 96, 1, 'RECORDS_PER_PAGE_MSG', 'TEXTBOX', NULL, NULL, 'ads_list_recs', '10', 0, NULL, NULL, NULL, NULL, NULL, NULL, NULL, NULL, NULL, NULL),
(163, 96, 2, 'NUMBER_OF_COLUMNS_MSG', 'TEXTBOX', NULL, NULL, 'ads_list_cols', '1', 0, NULL, NULL, NULL, NULL, NULL, NULL, NULL, NULL, NULL, NULL),
(164, 97, 1, 'SHOW_PRODUCTS_SECTION_MSG', 'RADIOBUTTON', NULL, NULL, 'ads_details_tabs', NULL, 0, NULL, NULL, NULL, NULL, NULL, NULL, NULL, NULL, NULL, NULL),
(165, 100, 1, 'RECORDS_PER_PAGE_MSG', 'TEXTBOX', NULL, NULL, 'ads_hot_recs', '10', 0, NULL, NULL, NULL, NULL, NULL, NULL, NULL, NULL, NULL, NULL),
(166, 100, 2, 'NUMBER_OF_COLUMNS_MSG', 'TEXTBOX', NULL, NULL, 'ads_hot_cols', '1', 0, NULL, NULL, NULL, NULL, NULL, NULL, NULL, NULL, NULL, NULL),
(167, 101, 1, 'RECORDS_PER_PAGE_MSG', 'TEXTBOX', NULL, NULL, 'ads_special_recs', '10', 0, NULL, NULL, NULL, NULL, NULL, NULL, NULL, NULL, NULL, NULL),
(168, 101, 2, 'NUMBER_OF_COLUMNS_MSG', 'TEXTBOX', NULL, NULL, 'ads_special_cols', '1', 0, NULL, NULL, NULL, NULL, NULL, NULL, NULL, NULL, NULL, NULL),
(169, 102, 1, 'RECORDS_PER_PAGE_MSG', 'TEXTBOX', NULL, NULL, 'ads_latest_recs', '10', 0, NULL, NULL, NULL, NULL, NULL, NULL, NULL, NULL, NULL, NULL),
(170, 102, 2, 'NUMBER_OF_COLUMNS_MSG', 'TEXTBOX', NULL, NULL, 'ads_latest_cols', '1', 0, NULL, NULL, NULL, NULL, NULL, NULL, NULL, NULL, NULL, NULL),
(171, 103, 1, 'RECORDS_PER_PAGE_MSG', 'TEXTBOX', NULL, NULL, 'ads_top_viewed_recs', '10', 0, NULL, NULL, NULL, NULL, NULL, NULL, NULL, NULL, NULL, NULL),
(172, 103, 2, 'NUMBER_OF_COLUMNS_MSG', 'TEXTBOX', NULL, NULL, 'ads_top_viewed_cols', '1', 0, NULL, NULL, NULL, NULL, NULL, NULL, NULL, NULL, NULL, NULL),
(173, 104, 1, 'RECORDS_PER_PAGE_MSG', 'TEXTBOX', NULL, NULL, 'ads_recent_recs', '5', 0, NULL, NULL, NULL, NULL, NULL, NULL, NULL, NULL, NULL, NULL),
(174, 114, 1, 'NUMBER_DEFAULT_VALUES_MSG', 'TEXTBOX', NULL, NULL, 'filter_values_limit', '10', 0, NULL, NULL, NULL, NULL, NULL, NULL, NULL, NULL, NULL, NULL),
(175, 115, 1, 'BLOCK_CSS_CLASS_MSG', 'TEXTBOX', NULL, NULL, 'cb_css_class', NULL, 0, NULL, NULL, NULL, NULL, NULL, NULL, NULL, NULL, NULL, NULL),
(176, 115, 2, 'CUSTOMERS_MSG', 'LISTBOX', NULL, NULL, 'cb_user_type', NULL, 0, NULL, NULL, NULL, NULL, NULL, NULL, NULL, NULL, NULL, NULL),
(177, 115, 3, 'ADMINISTRATORS_MSG', 'LISTBOX', NULL, NULL, 'cb_admin_type', NULL, 0, NULL, NULL, NULL, NULL, NULL, NULL, NULL, NULL, NULL, NULL),
(178, 115, 4, 'PARAMETERS_MSG', 'TEXTBOX', NULL, NULL, 'cb_params', NULL, 0, NULL, NULL, NULL, NULL, NULL, NULL, NULL, NULL, NULL, NULL),
(179, 117, 1, 'NUMBER_OF_SHOWN_BANNERS_MSG', 'TEXTBOX', NULL, NULL, 'bg_limit', NULL, 0, NULL, NULL, NULL, NULL, NULL, NULL, NULL, NULL, NULL, NULL),
(180, 117, 2, 'PARAMETERS_MSG', 'TEXTBOX', NULL, NULL, 'bg_params', NULL, 0, NULL, NULL, NULL, NULL, NULL, NULL, NULL, NULL, NULL, NULL),
(181, 116, 1, 'NAVIGATION_VISIBLE_DEPTH_MSG', 'LISTBOX', NULL, NULL, 'visible_depth_level', NULL, 0, NULL, NULL, NULL, NULL, NULL, NULL, NULL, NULL, NULL, NULL),
(182, 23, 1, 'RECORDS_PER_PAGE_MSG', 'TEXTBOX', NULL, NULL, 'basket_prod_recom_recs', '10', 0, NULL, NULL, NULL, NULL, NULL, NULL, NULL, NULL, NULL, NULL),
(183, 23, 2, 'NUMBER_OF_COLUMNS_MSG', 'TEXTBOX', NULL, NULL, 'basket_prod_recom_cols', '1', 0, NULL, NULL, NULL, NULL, NULL, NULL, NULL, NULL, NULL, NULL),
(184, 17, 1, 'RECORDS_PER_PAGE_MSG', 'TEXTBOX', NULL, NULL, 'ss_recs', '10', 0, NULL, NULL, NULL, NULL, NULL, NULL, NULL, NULL, NULL, NULL),
(185, 18, 10, 'CATEGORY_DESC_MSG', 'LISTBOX', 12, NULL, 'category_desc', NULL, 0, NULL, NULL, NULL, NULL, NULL, NULL, NULL, NULL, NULL, NULL),
(186, 34, 15, 'POPUP_BOX_MSG', 'CHECKBOX', NULL, NULL, 'popup_box', NULL, 0, NULL, NULL, NULL, NULL, NULL, NULL, 'SHOW_BOX_MOUSE_OVER_IMAGE_MSG', NULL, NULL, NULL),
(187, 34, 16, 'BOX_IMAGE_TYPE_MSG', 'LISTBOX', 186, NULL, 'box_image_type', NULL, 0, NULL, NULL, NULL, NULL, NULL, NULL, NULL, NULL, NULL, NULL),
(188, 34, 17, 'BOX_DESC_TYPE_MSG', 'LISTBOX', 186, NULL, 'box_desc_type', NULL, 0, NULL, NULL, NULL, NULL, NULL, NULL, NULL, NULL, NULL, NULL),
(189, 19, 4, 'ZOOM_WIDTH_MSG', 'TEXTBOX', 15, 259, 'zoom_width', '200', 0, NULL, NULL, NULL, NULL, NULL, NULL, NULL, NULL, NULL, NULL),
(190, 19, 5, 'ZOOM_HEIGHT_MSG', 'TEXTBOX', 15, 259, 'zoom_height', '200', 0, NULL, NULL, NULL, NULL, NULL, NULL, NULL, NULL, NULL, NULL),
(191, 18, 11, 'MULTI_ADD_MSG', 'CHECKBOX', NULL, NULL, 'multi_add', NULL, 0, NULL, NULL, NULL, NULL, NULL, 'MULTI_ADD_DESC', NULL, NULL, NULL, NULL),
(192, 72, 3, 'SLIDER_TYPE_MSG', 'LISTBOX', NULL, NULL, 'slider_type', NULL, 0, NULL, NULL, NULL, NULL, NULL, NULL, NULL, NULL, NULL, NULL),
(193, 72, 4, 'SLIDER_WIDTH_MSG', 'TEXTBOX', NULL, NULL, 'slider_width', '100%', 0, NULL, NULL, NULL, NULL, NULL, NULL, NULL, NULL, NULL, NULL),
(194, 72, 5, 'SLIDER_HEIGHT_MSG', 'TEXTBOX', NULL, NULL, 'slider_height', '300', 0, NULL, NULL, NULL, NULL, NULL, NULL, NULL, NULL, NULL, NULL),
(210, 18, 12, 'Переключатель вида списка товаров', 'CHECKBOX', NULL, NULL, 'viewer_toggle_nav', NULL, 0, NULL, NULL, NULL, NULL, NULL, NULL, NULL, NULL, NULL, NULL),
(196, 24, 1, 'Использовать упрощённый вид корзины', 'CHECKBOX', NULL, NULL, 'simple_cart', NULL, 0, NULL, NULL, NULL, NULL, NULL, NULL, NULL, NULL, NULL, NULL),
(197, 16, 1, 'Упрощённый вывод (для шапки)', 'CHECKBOX', NULL, NULL, 'simple_search', NULL, 0, NULL, NULL, NULL, NULL, NULL, NULL, NULL, NULL, NULL, NULL),
(198, 58, 2, 'Упрощённый вывод (для шапки)', 'CHECKBOX', NULL, NULL, 'simple_currency', NULL, 0, NULL, NULL, NULL, NULL, NULL, NULL, NULL, NULL, NULL, NULL),
(199, 1, 2, 'Упрощённый вывод (для шапки)', 'CHECKBOX', NULL, NULL, 'simple_language', NULL, 0, NULL, NULL, NULL, NULL, NULL, NULL, NULL, NULL, NULL, NULL),
(200, 157, 1, 'SLIDER_TYPE_MSG', 'LISTBOX', NULL, NULL, 'slider_type', NULL, 0, NULL, NULL, NULL, NULL, NULL, NULL, NULL, NULL, NULL, NULL),
(201, 157, 2, 'SLIDER_WIDTH_MSG', 'TEXTBOX', NULL, NULL, 'slider_width', '100%', 0, NULL, NULL, NULL, NULL, NULL, NULL, NULL, NULL, NULL, NULL),
(202, 157, 3, 'SLIDER_HEIGHT_MSG', 'TEXTBOX', NULL, NULL, 'slider_height', '300', 0, NULL, NULL, NULL, NULL, NULL, NULL, NULL, NULL, NULL, NULL),
(203, 157, 4, 'BLOCK_VIEW_TYPE_MSG', 'LISTBOX', NULL, NULL, 'block_view_type', NULL, 0, NULL, NULL, NULL, NULL, NULL, NULL, NULL, NULL, NULL, NULL),
(204, 164, 1, 'RECORDS_PER_PAGE_MSG', 'TEXTBOX', NULL, NULL, 'recs', '5', 0, NULL, NULL, NULL, NULL, NULL, NULL, NULL, NULL, NULL, NULL),
(205, 164, 2, 'USERNAME_FIELD', 'TEXTBOX', NULL, NULL, 'username', NULL, 0, NULL, NULL, NULL, NULL, NULL, NULL, NULL, NULL, NULL, NULL),
(206, 164, 3, 'ACCESS_TOKEN_MSG', 'TEXTBOX', NULL, NULL, 'access_token', NULL, 0, NULL, NULL, NULL, NULL, NULL, NULL, NULL, NULL, NULL, NULL),
(207, 165, 1, 'RECORDS_PER_PAGE_MSG', 'TEXTBOX', NULL, NULL, 'recs', '5', 0, NULL, NULL, NULL, NULL, NULL, NULL, NULL, NULL, NULL, NULL),
(208, 165, 2, 'USERNAME_FIELD', 'TEXTBOX', NULL, NULL, 'username', NULL, 0, NULL, NULL, NULL, NULL, NULL, NULL, NULL, NULL, NULL, NULL),
(209, 129, 1, 'SHOW_ORDER_RESTORE_MSG', 'CHECKBOX', NULL, NULL, 'show_restore', NULL, 0, NULL, NULL, NULL, NULL, NULL, NULL, NULL, NULL, NULL, NULL);

CREATE TABLE `va_cms_blocks_settings` (
  `bs_id` int(11) NOT NULL AUTO_INCREMENT,
  `ps_id` int(11) DEFAULT '0',
  `pb_id` int(11) DEFAULT '0',
  `property_id` int(11) DEFAULT '0',
  `value_id` int(11) DEFAULT '0',
  `variable_name` varchar(64) DEFAULT NULL,
  `variable_value` varchar(255) DEFAULT NULL,
  PRIMARY KEY (`bs_id`)
) ENGINE=MyISAM  DEFAULT CHARSET=utf8 AUTO_INCREMENT=12934 ;

INSERT INTO `va_cms_blocks_settings` (`bs_id`, `ps_id`, `pb_id`, `property_id`, `value_id`, `variable_name`, `variable_value`) VALUES
(1, 7, 27, 111, NULL, 'articles_cols', '2'),
(2, 7, 27, 110, NULL, 'articles_recs', '10'),
(3, 8, 31, 113, NULL, 'articles_categories_cols', '2'),
(4, 8, 31, 114, NULL, 'articles_categories_subs', '0'),
(5, 8, 31, 112, 169, 'articles_categories_type', '3'),
(6, 8, 32, 111, NULL, 'articles_cols', '1'),
(7, 8, 32, 110, NULL, 'articles_recs', '20'),
(8, 9, 36, 111, NULL, 'articles_cols', '1'),
(9, 9, 36, 110, NULL, 'articles_recs', '10'),
(10, 10, 40, 111, NULL, 'articles_cols', '1'),
(11, 10, 40, 110, NULL, 'articles_recs', '20'),
(12, 11, 43, 111, NULL, 'articles_cols', '3'),
(13, 11, 43, 110, NULL, 'articles_recs', '10'),
(14, 12, 47, 111, NULL, 'articles_cols', '1'),
(15, 12, 47, 110, NULL, 'articles_recs', '10'),
(9963, 14, 7711, 156, 222, 'ads_categories_type', '3'),
(9962, 14, 7711, 158, NULL, 'ads_categories_subs', '0'),
(9961, 14, 7711, 157, NULL, 'ads_categories_cols', '1'),
(9958, 15, 7701, 156, 222, 'ads_categories_type', '3'),
(9957, 15, 7701, 158, NULL, 'ads_categories_subs', '0'),
(9956, 15, 7701, 157, NULL, 'ads_categories_cols', '1'),
(9817, 41, 7453, 67, NULL, 'products_recent_cols', '1'),
(9816, 41, 7453, 66, NULL, 'products_recent_records', '2'),
(9814, 41, 7453, 68, 86, 'recent_image', '1'),
(9815, 41, 7453, 69, 89, 'recent_desc', '0'),
(9813, 41, 7451, 6, NULL, 'products_columns', '1'),
(9812, 41, 7451, 11, NULL, 'products_sortings', '1'),
(9811, 41, 7451, 5, NULL, 'products_per_page', '10'),
(9810, 41, 7451, 7, 5, 'products_nav_type', '1'),
(9808, 41, 7451, 10, NULL, 'products_nav_pages', '5'),
(9809, 41, 7451, 9, NULL, 'products_nav_prev_next', '1'),
(9807, 41, 7451, 8, NULL, 'products_nav_first_last', '0'),
(9806, 41, 7451, 12, NULL, 'products_group_by_cats', '1'),
(9805, 41, 7451, 13, 10, 'products_default_view', 'table'),
(9804, 41, 7449, 29, 53, 'manufacturers_direction', '1'),
(9803, 41, 7449, 28, 51, 'manufacturers_order', '1'),
(12062, 99, 9315, 64, 78, 'prod_latest_desc', '1'),
(11167, 48, 8754, 63, 75, 'prod_latest_image', '2'),
(11166, 48, 8754, 62, NULL, 'products_latest_cols', '1'),
(11165, 48, 8754, 64, 78, 'prod_latest_desc', '1'),
(11163, 48, 8753, 210, NULL, 'viewer_toggle_nav', '1'),
(11164, 48, 8754, 61, NULL, 'products_latest_recs', '3'),
(11162, 48, 8753, 13, 9, 'products_default_view', 'list'),
(9869, 36, 7522, 17, 21, 'categories_type', '3'),
(9689, 43, 7287, 92, 134, 'currency_selection', '1'),
(12061, 99, 9315, 63, 74, 'prod_latest_image', '1'),
(12060, 99, 9315, 62, NULL, 'products_latest_cols', '1'),
(9688, 43, 7284, 17, 21, 'categories_type', '3'),
(12740, 53, 9779, 138, 198, 'articles_latest_image', '2'),
(9773, 262, 7424, 17, 21, 'categories_type', '3'),
(9752, 50, 7398, 92, 134, 'currency_selection', '1'),
(3146, 101, 2560, 63, 75, 'prod_latest_image', '2'),
(3145, 101, 2560, 61, NULL, 'products_latest_recs', '2'),
(3144, 101, 2560, 62, NULL, 'products_latest_cols', '1'),
(3143, 101, 2558, 17, 21, 'categories_type', '3'),
(9964, 14, 7713, 164, 234, 'ads_details_tabs', '0'),
(3148, 101, 2563, 195, NULL, 'no_logo', '1'),
(3147, 101, 2562, 197, NULL, 'simple_search', '1'),
(11161, 48, 8753, 10, NULL, 'products_nav_pages', '5'),
(11160, 48, 8753, 7, 5, 'products_nav_type', '1'),
(9774, 263, 7431, 17, 21, 'categories_type', '3'),
(11801, 49, 9155, 199, NULL, 'simple_language', '1'),
(11800, 49, 9155, 1, 1, 'language_selection', '1'),
(11797, 49, 9152, 61, NULL, 'products_latest_recs', '2'),
(11798, 49, 9154, 198, NULL, 'simple_currency', '1'),
(11799, 49, 9154, 92, 134, 'currency_selection', '1'),
(12718, 39, 9765, 199, NULL, 'simple_language', '1'),
(10649, 103, 8430, 130, NULL, 'articles_related_products_cols', '1'),
(12716, 39, 9764, 198, NULL, 'simple_currency', '1'),
(5024, 104, 3543, 198, NULL, 'simple_currency', '1'),
(12717, 39, 9764, 92, 134, 'currency_selection', '1'),
(12932, 17, 9915, 199, NULL, 'simple_language', '1'),
(12933, 17, 9915, 1, 1, 'language_selection', '1'),
(12931, 17, 9914, 92, 134, 'currency_selection', '1'),
(12930, 17, 9914, 198, NULL, 'simple_currency', '1'),
(12058, 99, 9314, 111, NULL, 'articles_cols', '2'),
(12059, 99, 9315, 61, NULL, 'products_latest_recs', '5'),
(12057, 99, 9314, 110, NULL, 'articles_recs', '4'),
(12056, 99, 9313, 115, 171, 'articles_categories_image', '1'),
(12055, 99, 9313, 114, NULL, 'articles_categories_subs', '0'),
(12054, 99, 9313, 113, NULL, 'articles_categories_cols', '3'),
(10648, 103, 8427, 17, 21, 'categories_type', '3'),
(9684, 44, 7271, 92, 134, 'currency_selection', '1'),
(10650, 103, 8430, 129, NULL, 'articles_related_products_recs', '3'),
(9741, 21, 7379, 92, 134, 'currency_selection', '1'),
(9740, 21, 7379, 198, NULL, 'simple_currency', '1'),
(9739, 21, 7377, 64, 78, 'prod_latest_desc', '1'),
(9738, 21, 7377, 63, 75, 'prod_latest_image', '2'),
(9737, 21, 7377, 62, NULL, 'products_latest_cols', '1'),
(9735, 21, 7375, 26, 46, 'manufacturers_image', '2'),
(9736, 21, 7377, 61, NULL, 'products_latest_recs', '4'),
(9733, 21, 7374, 17, 21, 'categories_type', '3'),
(12759, 102, 9800, 198, NULL, 'simple_currency', '1'),
(12758, 102, 9800, 92, 134, 'currency_selection', '1'),
(12757, 102, 9798, 64, 78, 'prod_latest_desc', '1'),
(12756, 102, 9798, 63, 75, 'prod_latest_image', '2'),
(12755, 102, 9798, 62, NULL, 'products_latest_cols', '1'),
(12754, 102, 9798, 61, NULL, 'products_latest_recs', '3'),
(9940, 23, 7671, 77, NULL, 'prod_top_viewed_recs', '3'),
(9939, 23, 7671, 78, NULL, 'prod_top_viewed_cols', '1'),
(9938, 23, 7671, 79, 107, 'top_viewed_image', '2'),
(9945, 25, 7680, 64, 78, 'prod_latest_desc', '1'),
(9944, 25, 7680, 63, 75, 'prod_latest_image', '2'),
(9943, 25, 7680, 62, NULL, 'products_latest_cols', '1'),
(9942, 25, 7680, 61, NULL, 'products_latest_recs', '3'),
(9941, 25, 7677, 17, 21, 'categories_type', '3'),
(9937, 23, 7671, 80, 110, 'top_viewed_desc', '1'),
(9936, 23, 7668, 17, 21, 'categories_type', '3'),
(9950, 24, 7689, 64, 78, 'prod_latest_desc', '1'),
(9949, 24, 7689, 63, 75, 'prod_latest_image', '2'),
(9948, 24, 7689, 62, NULL, 'products_latest_cols', '1'),
(9947, 24, 7689, 61, NULL, 'products_latest_recs', '3'),
(9946, 24, 7686, 17, 21, 'categories_type', '3'),
(9960, 15, 7703, 162, NULL, 'ads_list_recs', '10'),
(9959, 15, 7703, 163, NULL, 'ads_list_cols', '1'),
(9955, 66, 7698, 77, NULL, 'prod_top_viewed_recs', '5'),
(9954, 66, 7698, 78, NULL, 'prod_top_viewed_cols', '1'),
(9953, 66, 7698, 79, 107, 'top_viewed_image', '2'),
(9952, 66, 7698, 80, 110, 'top_viewed_desc', '1'),
(9951, 66, 7695, 17, 21, 'categories_type', '3'),
(11796, 49, 9152, 62, NULL, 'products_latest_cols', '1'),
(11795, 49, 9152, 63, 75, 'prod_latest_image', '2'),
(11794, 49, 9150, 17, 21, 'categories_type', '3'),
(9753, 50, 7398, 198, NULL, 'simple_currency', '1'),
(9751, 50, 7396, 63, 75, 'prod_latest_image', '2'),
(9750, 50, 7396, 62, NULL, 'products_latest_cols', '1'),
(9749, 50, 7396, 61, NULL, 'products_latest_recs', '3'),
(12690, 268, 9750, 198, NULL, 'simple_currency', '1'),
(12691, 268, 9750, 92, 134, 'currency_selection', '1'),
(12689, 268, 9748, 68, 86, 'recent_image', '1'),
(12688, 268, 9748, 67, NULL, 'products_recent_cols', '1'),
(9973, 73, 7823, 17, 21, 'categories_type', '3'),
(9966, 67, 7775, 17, 21, 'categories_type', '3'),
(10000, 264, 8039, 17, 21, 'categories_type', '3'),
(9967, 68, 7783, 17, 21, 'categories_type', '3'),
(12687, 268, 9748, 66, NULL, 'products_recent_records', '5'),
(9974, 74, 7831, 17, 21, 'categories_type', '3'),
(9996, 95, 8007, 17, 21, 'categories_type', '3'),
(9995, 94, 7999, 17, 21, 'categories_type', '3'),
(9975, 75, 7839, 17, 21, 'categories_type', '3'),
(9934, 46, 7654, 17, 21, 'categories_type', '3'),
(9935, 47, 7661, 17, 21, 'categories_type', '3'),
(10001, 265, 8047, 17, 21, 'categories_type', '3'),
(9976, 76, 7847, 17, 21, 'categories_type', '3'),
(9977, 77, 7855, 17, 21, 'categories_type', '3'),
(9986, 86, 7927, 17, 21, 'categories_type', '3'),
(9987, 87, 7935, 17, 21, 'categories_type', '3'),
(9969, 70, 7799, 17, 21, 'categories_type', '3'),
(9970, 71, 7807, 17, 21, 'categories_type', '3'),
(9993, 92, 7983, 17, 21, 'categories_type', '3'),
(9994, 93, 7991, 17, 21, 'categories_type', '3'),
(9886, 19, 7548, 17, 21, 'categories_type', '3'),
(9889, 20, 7572, 17, 21, 'categories_type', '3'),
(9890, 32, 7580, 17, 21, 'categories_type', '3'),
(9891, 33, 7588, 17, 21, 'categories_type', '3'),
(9892, 30, 7597, 17, 21, 'categories_type', '3'),
(9997, 96, 8015, 17, 21, 'categories_type', '3'),
(9998, 97, 8023, 17, 21, 'categories_type', '3'),
(3149, 101, 2565, 196, NULL, 'simple_cart', '1'),
(9887, 18, 7556, 17, 21, 'categories_type', '3'),
(9888, 45, 7564, 17, 21, 'categories_type', '3'),
(12928, 17, 9912, 63, 75, 'prod_latest_image', '2'),
(12739, 53, 9779, 136, NULL, 'articles_latest_recs', '1'),
(9851, 58, 7490, 17, 21, 'categories_type', '3'),
(9683, 44, 7271, 198, NULL, 'simple_currency', '1'),
(9681, 44, 7269, 63, 75, 'prod_latest_image', '2'),
(9682, 44, 7269, 64, 78, 'prod_latest_desc', '1'),
(9680, 44, 7269, 62, NULL, 'products_latest_cols', '1'),
(9679, 44, 7269, 61, NULL, 'products_latest_recs', '3'),
(12715, 39, 9762, 68, 86, 'recent_image', '1'),
(9802, 41, 7449, 27, 48, 'manufacturers_desc', '0'),
(9801, 41, 7449, 26, 46, 'manufacturers_image', '2'),
(9860, 35, 7502, 61, NULL, 'products_latest_recs', '3'),
(9859, 35, 7502, 62, NULL, 'products_latest_cols', '1'),
(9858, 35, 7502, 63, 75, 'prod_latest_image', '2'),
(9857, 35, 7502, 64, 78, 'prod_latest_desc', '1'),
(9856, 35, 7499, 17, 21, 'categories_type', '3'),
(9732, 22, 7369, 198, NULL, 'simple_currency', '1'),
(9731, 22, 7369, 92, 134, 'currency_selection', '1'),
(9730, 22, 7366, 17, 21, 'categories_type', '3'),
(9729, 42, 7361, 198, NULL, 'simple_currency', '1'),
(9728, 42, 7361, 92, 134, 'currency_selection', '1'),
(9727, 42, 7358, 17, 21, 'categories_type', '3'),
(9726, 34, 7353, 198, NULL, 'simple_currency', '1'),
(9725, 34, 7353, 92, 134, 'currency_selection', '1'),
(9724, 34, 7350, 17, 21, 'categories_type', '3'),
(9723, 65, 7345, 92, 134, 'currency_selection', '1'),
(9722, 65, 7345, 198, NULL, 'simple_currency', '1'),
(9721, 65, 7342, 17, 21, 'categories_type', '3'),
(9855, 58, 7493, 61, NULL, 'products_latest_recs', '3'),
(9854, 58, 7493, 62, NULL, 'products_latest_cols', '1'),
(9853, 58, 7493, 63, 75, 'prod_latest_image', '2'),
(9734, 21, 7375, 25, 43, 'manufacturers_selection', '1'),
(12929, 17, 9912, 61, NULL, 'products_latest_recs', '3'),
(12927, 17, 9912, 64, 78, 'prod_latest_desc', '1'),
(12063, 100, 9321, 17, 21, 'categories_type', '3'),
(12064, 100, 9324, 129, NULL, 'articles_related_products_recs', '3'),
(12065, 100, 9324, 130, NULL, 'articles_related_products_cols', '1'),
(12053, 99, 9313, 112, 167, 'articles_categories_type', '1'),
(12052, 99, 9311, 26, 46, 'manufacturers_image', '2'),
(12051, 99, 9311, 25, 43, 'manufacturers_selection', '1'),
(12714, 39, 9762, 67, NULL, 'products_recent_cols', '1'),
(9852, 58, 7493, 64, 78, 'prod_latest_desc', '1'),
(9678, 44, 7267, 17, 21, 'categories_type', '3'),
(12712, 39, 9761, 61, NULL, 'products_latest_recs', '5'),
(12713, 39, 9762, 66, NULL, 'products_recent_records', '5'),
(12711, 39, 9761, 63, 75, 'prod_latest_image', '2'),
(9972, 72, 7817, 209, NULL, 'show_restore', '1'),
(9971, 72, 7815, 17, 21, 'categories_type', '3'),
(12264, 31, 9457, 17, 21, 'categories_type', '3'),
(9965, 51, 7767, 17, 21, 'categories_type', '3'),
(5025, 104, 3543, 92, 134, 'currency_selection', '1'),
(5026, 104, 3544, 133, 195, 'articles_latest_group_by', '2'),
(5027, 104, 3544, 136, NULL, 'articles_latest_recs', '2'),
(5028, 104, 3544, 140, NULL, 'articles_latest_cols', '1'),
(5029, 104, 3544, 139, 203, 'articles_latest_desc', '3'),
(5030, 104, 3544, 138, 198, 'articles_latest_image', '2'),
(5031, 104, 3546, 62, NULL, 'products_latest_cols', '1'),
(5032, 104, 3546, 61, NULL, 'products_latest_recs', '2'),
(5033, 104, 3546, 63, 74, 'prod_latest_image', '1'),
(5034, 104, 3547, 40, NULL, 'prod_offers_recs', '4'),
(5035, 104, 3547, 41, NULL, 'prod_offers_cols', '2'),
(5036, 104, 3548, 194, NULL, 'slider_height', '300'),
(5037, 104, 3548, 193, NULL, 'slider_width', '100%'),
(5038, 104, 3548, 118, NULL, 'articles_hot_recs', '1'),
(5039, 104, 3548, 119, NULL, 'articles_hot_cols', '1'),
(5040, 104, 3549, 200, 264, 'slider_type', '2'),
(5041, 104, 3549, 203, 269, 'block_view_type', '2'),
(5042, 104, 3549, 201, NULL, 'slider_width', '70%'),
(5043, 104, 3550, 26, 47, 'manufacturers_image', '3'),
(5044, 104, 3550, 25, 43, 'manufacturers_selection', '1'),
(5045, 104, 3551, 17, 21, 'categories_type', '3'),
(5046, 104, 3552, 195, NULL, 'no_logo', '1'),
(5047, 104, 3553, 196, NULL, 'simple_cart', '1'),
(5048, 104, 3554, 197, NULL, 'simple_search', '1'),
(5049, 105, 3556, 17, 21, 'categories_type', '3'),
(5050, 105, 3558, 195, NULL, 'no_logo', '1'),
(5051, 105, 3559, 197, NULL, 'simple_search', '1'),
(5052, 105, 3562, 196, NULL, 'simple_cart', '1'),
(5053, 105, 3563, 92, 134, 'currency_selection', '1'),
(5054, 105, 3563, 198, NULL, 'simple_currency', '1'),
(5055, 106, 3565, 195, NULL, 'no_logo', '1'),
(5056, 106, 3566, 197, NULL, 'simple_search', '1'),
(5057, 106, 3568, 64, 78, 'prod_latest_desc', '1'),
(5058, 106, 3568, 63, 75, 'prod_latest_image', '2'),
(5059, 106, 3568, 62, NULL, 'products_latest_cols', '1'),
(5060, 106, 3568, 61, NULL, 'products_latest_recs', '3'),
(5061, 106, 3570, 17, 21, 'categories_type', '3'),
(5062, 106, 3571, 196, NULL, 'simple_cart', '1'),
(5063, 106, 3572, 92, 134, 'currency_selection', '1'),
(5064, 106, 3572, 198, NULL, 'simple_currency', '1'),
(5065, 107, 3573, 92, 134, 'currency_selection', '1'),
(5066, 107, 3573, 198, NULL, 'simple_currency', '1'),
(5067, 107, 3575, 61, NULL, 'products_latest_recs', '4'),
(5068, 107, 3575, 62, NULL, 'products_latest_cols', '1'),
(5069, 107, 3575, 63, 75, 'prod_latest_image', '2'),
(5070, 107, 3575, 64, 78, 'prod_latest_desc', '1'),
(5071, 107, 3577, 25, 43, 'manufacturers_selection', '1'),
(5072, 107, 3577, 26, 46, 'manufacturers_image', '2'),
(5073, 107, 3578, 17, 21, 'categories_type', '3'),
(5074, 107, 3579, 195, NULL, 'no_logo', '1'),
(5075, 107, 3580, 196, NULL, 'simple_cart', '1'),
(5076, 107, 3581, 197, NULL, 'simple_search', '1'),
(5077, 108, 3585, 197, NULL, 'simple_search', '1'),
(5078, 108, 3586, 195, NULL, 'no_logo', '1'),
(5079, 108, 3588, 17, 21, 'categories_type', '3'),
(5080, 108, 3589, 196, NULL, 'simple_cart', '1'),
(5081, 108, 3590, 92, 134, 'currency_selection', '1'),
(5082, 108, 3590, 198, NULL, 'simple_currency', '1'),
(5083, 109, 3593, 197, NULL, 'simple_search', '1'),
(5084, 109, 3594, 195, NULL, 'no_logo', '1'),
(5085, 109, 3596, 17, 21, 'categories_type', '3'),
(5086, 109, 3597, 196, NULL, 'simple_cart', '1'),
(5087, 109, 3598, 92, 134, 'currency_selection', '1'),
(5088, 109, 3598, 198, NULL, 'simple_currency', '1'),
(5089, 110, 3599, 197, NULL, 'simple_search', '1'),
(5090, 110, 3601, 195, NULL, 'no_logo', '1'),
(5091, 110, 3604, 17, 21, 'categories_type', '3'),
(5092, 110, 3605, 196, NULL, 'simple_cart', '1'),
(5093, 110, 3606, 92, 134, 'currency_selection', '1'),
(5094, 110, 3606, 198, NULL, 'simple_currency', '1'),
(5095, 111, 3607, 197, NULL, 'simple_search', '1'),
(5096, 111, 3610, 195, NULL, 'no_logo', '1'),
(5097, 111, 3612, 17, 21, 'categories_type', '3'),
(5098, 111, 3613, 196, NULL, 'simple_cart', '1'),
(5099, 111, 3614, 92, 134, 'currency_selection', '1'),
(5100, 111, 3614, 198, NULL, 'simple_currency', '1'),
(5101, 112, 3615, 197, NULL, 'simple_search', '1'),
(5102, 112, 3617, 63, 75, 'prod_latest_image', '2'),
(5103, 112, 3617, 62, NULL, 'products_latest_cols', '1'),
(5104, 112, 3617, 61, NULL, 'products_latest_recs', '2'),
(5105, 112, 3619, 17, 21, 'categories_type', '3'),
(5106, 112, 3621, 196, NULL, 'simple_cart', '1'),
(5107, 112, 3622, 92, 134, 'currency_selection', '1'),
(5108, 112, 3622, 198, NULL, 'simple_currency', '1'),
(5109, 112, 3623, 195, NULL, 'no_logo', '1'),
(5110, 113, 3624, 92, 134, 'currency_selection', '1'),
(5111, 113, 3624, 198, NULL, 'simple_currency', '1'),
(5112, 113, 3625, 196, NULL, 'simple_cart', '1'),
(5113, 113, 3627, 195, NULL, 'no_logo', '1'),
(5114, 113, 3628, 197, NULL, 'simple_search', '1'),
(5115, 113, 3630, 63, 75, 'prod_latest_image', '2'),
(5116, 113, 3630, 62, NULL, 'products_latest_cols', '1'),
(5117, 113, 3630, 61, NULL, 'products_latest_recs', '3'),
(5118, 113, 3633, 17, 21, 'categories_type', '3'),
(5119, 114, 3634, 197, NULL, 'simple_search', '1'),
(5120, 114, 3636, 64, 78, 'prod_latest_desc', '1'),
(5121, 114, 3636, 63, 75, 'prod_latest_image', '2'),
(5122, 114, 3636, 62, NULL, 'products_latest_cols', '1'),
(5123, 114, 3636, 61, NULL, 'products_latest_recs', '3'),
(5124, 114, 3637, 38, NULL, 'merchant_info_prod_link', '1'),
(5125, 114, 3637, 36, NULL, 'merchant_info_online', '1'),
(5126, 114, 3637, 34, NULL, 'merchant_info_nick', '1'),
(5127, 114, 3637, 37, NULL, 'merchant_info_member', '1'),
(5128, 114, 3637, 33, NULL, 'merchant_info_image', '1'),
(5129, 114, 3637, NULL, NULL, 'merchant_info_country_flag', '2'),
(5130, 114, 3637, 35, NULL, 'merchant_info_country_flag', '1'),
(5131, 114, 3639, 17, 21, 'categories_type', '3'),
(5132, 114, 3640, 195, NULL, 'no_logo', '1'),
(5133, 116, 3645, 198, NULL, 'simple_currency', '1'),
(5134, 116, 3645, 92, 134, 'currency_selection', '1'),
(5135, 116, 3647, 67, NULL, 'products_recent_cols', '1'),
(5136, 116, 3647, 68, 86, 'recent_image', '1'),
(5137, 116, 3647, 66, NULL, 'products_recent_records', '5'),
(5138, 116, 3647, 69, 89, 'recent_desc', '0'),
(5139, 116, 3648, 65, 83, 'prod_latest_order', '1'),
(5140, 116, 3648, 64, 77, 'prod_latest_desc', '0'),
(5141, 116, 3648, 63, 74, 'prod_latest_image', '1'),
(5142, 116, 3648, 62, NULL, 'products_latest_cols', '1'),
(5143, 116, 3648, 61, NULL, 'products_latest_recs', '10'),
(5144, 116, 3649, 185, 248, 'category_desc', '0'),
(5145, 116, 3649, 13, 10, 'products_default_view', 'table'),
(5146, 116, 3649, 12, NULL, 'products_group_by_cats', '1'),
(5147, 116, 3649, 10, NULL, 'products_nav_pages', '5'),
(5148, 116, 3649, 9, NULL, 'products_nav_prev_next', '1'),
(5149, 116, 3649, 6, NULL, 'products_columns', '1'),
(5150, 116, 3649, 8, NULL, 'products_nav_first_last', '1'),
(5151, 116, 3649, 7, 6, 'products_nav_type', '2'),
(5152, 116, 3649, 5, NULL, 'products_per_page', '10'),
(5153, 116, 3650, 174, NULL, 'filter_values_limit', '10'),
(5154, 116, 3652, 26, 46, 'manufacturers_image', '2'),
(5155, 116, 3652, 27, 48, 'manufacturers_desc', '0'),
(5156, 116, 3652, 29, 53, 'manufacturers_direction', '1'),
(5157, 116, 3652, 25, 43, 'manufacturers_selection', '1'),
(5158, 116, 3652, 28, 51, 'manufacturers_order', '1'),
(5159, 116, 3653, 17, 21, 'categories_type', '3'),
(5160, 116, 3653, 20, 23, 'categories_image', '1'),
(5161, 116, 3653, 19, NULL, 'categories_subs', NULL),
(5162, 116, 3653, 18, NULL, 'categories_columns', NULL),
(5163, 116, 3654, 195, NULL, 'no_logo', '1'),
(5164, 116, 3655, 196, NULL, 'simple_cart', '1'),
(5165, 116, 3656, 197, NULL, 'simple_search', '1'),
(5166, 117, 3658, 195, NULL, 'no_logo', '1'),
(5167, 117, 3660, 197, NULL, 'simple_search', '1'),
(5168, 117, 3662, 92, 134, 'currency_selection', '1'),
(5169, 117, 3662, 198, NULL, 'simple_currency', '1'),
(5170, 117, 3663, 196, NULL, 'simple_cart', '1'),
(5171, 117, 3664, 68, 86, 'recent_image', '1'),
(5172, 117, 3664, 69, 89, 'recent_desc', '0'),
(5173, 117, 3664, 66, NULL, 'products_recent_records', '2'),
(5174, 117, 3664, 67, NULL, 'products_recent_cols', '1'),
(5175, 117, 3666, 11, NULL, 'products_sortings', '1'),
(5176, 117, 3666, 5, NULL, 'products_per_page', '10'),
(5177, 117, 3666, 7, 5, 'products_nav_type', '1'),
(5178, 117, 3666, 9, NULL, 'products_nav_prev_next', '1'),
(5179, 117, 3666, 10, NULL, 'products_nav_pages', '5'),
(5180, 117, 3666, 8, NULL, 'products_nav_first_last', '0'),
(5181, 117, 3666, 12, NULL, 'products_group_by_cats', '1'),
(5182, 117, 3666, 13, 10, 'products_default_view', 'table'),
(5183, 117, 3666, 6, NULL, 'products_columns', '1'),
(5184, 117, 3668, 29, 53, 'manufacturers_direction', '1'),
(5185, 117, 3668, 28, 51, 'manufacturers_order', '1'),
(5186, 117, 3668, 27, 48, 'manufacturers_desc', '0'),
(5187, 117, 3668, 26, 46, 'manufacturers_image', '2'),
(5188, 117, 3668, 25, 43, 'manufacturers_selection', '1'),
(5189, 117, 3669, 17, 21, 'categories_type', '3'),
(5190, 117, 3669, 19, NULL, 'categories_subs', NULL),
(5191, 117, 3669, 20, 23, 'categories_image', '1'),
(5192, 117, 3669, 18, NULL, 'categories_columns', NULL),
(5193, 118, 3670, 92, 134, 'currency_selection', '1'),
(5194, 118, 3670, 198, NULL, 'simple_currency', '1'),
(5195, 118, 3672, 102, NULL, 'articles_related_columns', '1'),
(5196, 118, 3672, 104, 160, 'articles_related_desc', '3'),
(5197, 118, 3672, 103, 155, 'articles_related_image', '2'),
(5198, 118, 3672, 105, 161, 'articles_related_date', '0'),
(5199, 118, 3673, 65, 83, 'prod_latest_order', '1'),
(5200, 118, 3673, 64, 77, 'prod_latest_desc', '0'),
(5201, 118, 3673, 63, 75, 'prod_latest_image', '2'),
(5202, 118, 3673, 62, NULL, 'products_latest_cols', '1'),
(5203, 118, 3673, 61, NULL, 'products_latest_recs', '2'),
(5204, 118, 3675, 14, 12, 'use_tabs', '1'),
(5205, 118, 3675, 16, 17, 'show_manufacturer_image', '2'),
(5206, 118, 3677, 25, 43, 'manufacturers_selection', '1'),
(5207, 118, 3677, 26, 46, 'manufacturers_image', '2'),
(5208, 118, 3678, 18, NULL, 'categories_columns', NULL),
(5209, 118, 3678, 19, NULL, 'categories_subs', NULL),
(5210, 118, 3678, 20, 23, 'categories_image', '1'),
(5211, 118, 3678, 17, 21, 'categories_type', '3'),
(5212, 118, 3679, 195, NULL, 'no_logo', '1'),
(5213, 118, 3680, 196, NULL, 'simple_cart', '1'),
(5214, 118, 3681, 197, NULL, 'simple_search', '1'),
(5215, 120, 3686, 17, 21, 'categories_type', '3'),
(5216, 120, 3689, 61, NULL, 'products_latest_recs', '3'),
(5217, 120, 3689, 62, NULL, 'products_latest_cols', '1'),
(5218, 120, 3689, 63, 75, 'prod_latest_image', '2'),
(5219, 120, 3689, 64, 78, 'prod_latest_desc', '1'),
(5220, 120, 3690, 196, NULL, 'simple_cart', '1'),
(5221, 120, 3691, 92, 134, 'currency_selection', '1'),
(5222, 120, 3691, 198, NULL, 'simple_currency', '1'),
(5223, 120, 3693, 197, NULL, 'simple_search', '1'),
(5224, 120, 3694, 195, NULL, 'no_logo', '1'),
(5225, 121, 3697, 17, 21, 'categories_type', '3'),
(5226, 121, 3699, 61, NULL, 'products_latest_recs', '3'),
(5227, 121, 3699, 62, NULL, 'products_latest_cols', '1'),
(5228, 121, 3699, 63, 75, 'prod_latest_image', '2'),
(5229, 121, 3699, 64, 78, 'prod_latest_desc', '1'),
(5230, 121, 3700, 196, NULL, 'simple_cart', '1'),
(5231, 121, 3701, 92, 134, 'currency_selection', '1'),
(5232, 121, 3701, 198, NULL, 'simple_currency', '1'),
(5233, 121, 3703, 197, NULL, 'simple_search', '1'),
(5234, 121, 3704, 195, NULL, 'no_logo', '1'),
(5235, 122, 3708, 100, 151, 'wl_image', '1'),
(5236, 122, 3708, 99, NULL, 'wl_recs', '10'),
(5237, 125, 3716, 198, NULL, 'simple_currency', '1'),
(5238, 125, 3716, 92, 134, 'currency_selection', '1'),
(5239, 125, 3718, 62, NULL, 'products_latest_cols', '1'),
(5240, 125, 3718, 61, NULL, 'products_latest_recs', '3'),
(5241, 125, 3718, 64, 78, 'prod_latest_desc', '1'),
(5242, 125, 3718, 63, 75, 'prod_latest_image', '2'),
(5243, 125, 3719, 67, NULL, 'products_recent_cols', '1'),
(5244, 125, 3719, 68, 87, 'recent_image', '2'),
(5245, 125, 3719, 66, NULL, 'products_recent_records', '2'),
(5246, 125, 3720, 23, 34, 'image_type', '1'),
(5247, 125, 3721, 20, 23, 'categories_image', '1'),
(5248, 125, 3721, 19, NULL, 'categories_subs', NULL),
(5249, 125, 3721, 18, NULL, 'categories_columns', NULL),
(5250, 125, 3721, 17, 21, 'categories_type', '3'),
(5251, 125, 3722, 195, NULL, 'no_logo', '1'),
(5252, 125, 3723, 196, NULL, 'simple_cart', '1'),
(5253, 125, 3724, 197, NULL, 'simple_search', '1'),
(5254, 126, 3726, 17, 21, 'categories_type', '3'),
(5255, 126, 3729, 196, NULL, 'simple_cart', '1'),
(5256, 126, 3730, 92, 134, 'currency_selection', '1'),
(5257, 126, 3730, 198, NULL, 'simple_currency', '1'),
(5258, 126, 3732, 197, NULL, 'simple_search', '1'),
(5259, 126, 3733, 195, NULL, 'no_logo', '1'),
(5260, 127, 3737, 17, 21, 'categories_type', '3'),
(5261, 127, 3738, 196, NULL, 'simple_cart', '1'),
(5262, 127, 3739, 92, 134, 'currency_selection', '1'),
(5263, 127, 3739, 198, NULL, 'simple_currency', '1'),
(5264, 127, 3741, 197, NULL, 'simple_search', '1'),
(5265, 127, 3742, 195, NULL, 'no_logo', '1'),
(5266, 129, 3747, 92, 134, 'currency_selection', '1'),
(5267, 129, 3747, 198, NULL, 'simple_currency', '1'),
(5268, 129, 3748, 196, NULL, 'simple_cart', '1'),
(5269, 129, 3749, 17, 21, 'categories_type', '3'),
(5270, 129, 3753, 197, NULL, 'simple_search', '1'),
(5271, 129, 3754, 195, NULL, 'no_logo', '1'),
(5272, 130, 3757, 92, 134, 'currency_selection', '1'),
(5273, 130, 3757, 198, NULL, 'simple_currency', '1'),
(5274, 130, 3758, 196, NULL, 'simple_cart', '1'),
(5275, 130, 3759, 17, 21, 'categories_type', '3'),
(5276, 130, 3762, 197, NULL, 'simple_search', '1'),
(5277, 130, 3763, 195, NULL, 'no_logo', '1'),
(5278, 131, 3765, 17, 21, 'categories_type', '3'),
(5279, 131, 3769, 196, NULL, 'simple_cart', '1'),
(5280, 131, 3770, 92, 134, 'currency_selection', '1'),
(5281, 131, 3770, 198, NULL, 'simple_currency', '1'),
(5282, 131, 3772, 197, NULL, 'simple_search', '1'),
(5283, 131, 3773, 195, NULL, 'no_logo', '1'),
(5284, 132, 3775, 17, 21, 'categories_type', '3'),
(5285, 132, 3779, 196, NULL, 'simple_cart', '1'),
(5286, 132, 3780, 92, 134, 'currency_selection', '1'),
(5287, 132, 3780, 198, NULL, 'simple_currency', '1'),
(5288, 132, 3782, 197, NULL, 'simple_search', '1'),
(5289, 132, 3783, 195, NULL, 'no_logo', '1'),
(5290, 133, 3786, 92, 134, 'currency_selection', '1'),
(5291, 133, 3786, 198, NULL, 'simple_currency', '1'),
(5292, 133, 3787, 196, NULL, 'simple_cart', '1'),
(5293, 133, 3788, 17, 21, 'categories_type', '3'),
(5294, 133, 3790, 197, NULL, 'simple_search', '1'),
(5295, 133, 3791, 195, NULL, 'no_logo', '1'),
(5296, 134, 3793, 196, NULL, 'simple_cart', '1'),
(5297, 134, 3794, 195, NULL, 'no_logo', '1'),
(5298, 134, 3795, 197, NULL, 'simple_search', '1'),
(5299, 134, 3798, 64, 78, 'prod_latest_desc', '1'),
(5300, 134, 3798, 61, NULL, 'products_latest_recs', '5'),
(5301, 134, 3798, 62, NULL, 'products_latest_cols', '1'),
(5302, 134, 3798, 63, 74, 'prod_latest_image', '1'),
(5303, 134, 3799, 111, NULL, 'articles_cols', '2'),
(5304, 134, 3799, 110, NULL, 'articles_recs', '4'),
(5305, 134, 3800, 115, 171, 'articles_categories_image', '1'),
(5306, 134, 3800, 113, NULL, 'articles_categories_cols', '3'),
(5307, 134, 3800, 114, NULL, 'articles_categories_subs', '0'),
(5308, 134, 3800, 112, 167, 'articles_categories_type', '1'),
(5309, 134, 3802, 26, 46, 'manufacturers_image', '2'),
(5310, 134, 3802, 25, 43, 'manufacturers_selection', '1'),
(5311, 134, 3803, 17, 21, 'categories_type', '3'),
(5312, 134, 3804, 92, 134, 'currency_selection', '1'),
(5313, 134, 3804, 198, NULL, 'simple_currency', '1'),
(5314, 135, 3805, 92, 134, 'currency_selection', '1'),
(5315, 135, 3805, 198, NULL, 'simple_currency', '1'),
(5316, 135, 3807, 129, NULL, 'articles_related_products_recs', '3'),
(5317, 135, 3807, 130, NULL, 'articles_related_products_cols', '1'),
(5318, 135, 3810, 17, 21, 'categories_type', '3'),
(5319, 135, 3811, 195, NULL, 'no_logo', '1'),
(5320, 135, 3812, 196, NULL, 'simple_cart', '1'),
(5321, 135, 3813, 197, NULL, 'simple_search', '1'),
(5322, 136, 3815, 92, 134, 'currency_selection', '1'),
(5323, 136, 3815, 198, NULL, 'simple_currency', '1'),
(5324, 136, 3817, 130, NULL, 'articles_related_products_cols', '1'),
(5325, 136, 3817, 129, NULL, 'articles_related_products_recs', '3'),
(5326, 136, 3820, 17, 21, 'categories_type', '3'),
(5327, 136, 3821, 195, NULL, 'no_logo', '1'),
(5328, 136, 3822, 196, NULL, 'simple_cart', '1'),
(5329, 136, 3823, 197, NULL, 'simple_search', '1'),
(5330, 137, 3825, 198, NULL, 'simple_currency', '1'),
(5331, 137, 3825, 92, 134, 'currency_selection', '1'),
(5332, 137, 3828, 17, 21, 'categories_type', '3'),
(5333, 137, 3829, 195, NULL, 'no_logo', '1'),
(5334, 137, 3830, 196, NULL, 'simple_cart', '1'),
(5335, 137, 3831, 197, NULL, 'simple_search', '1'),
(5336, 138, 3833, 195, NULL, 'no_logo', '1'),
(5337, 138, 3834, 197, NULL, 'simple_search', '1'),
(5338, 138, 3837, 17, 21, 'categories_type', '3'),
(5339, 138, 3839, 196, NULL, 'simple_cart', '1'),
(5340, 138, 3840, 92, 134, 'currency_selection', '1'),
(5341, 138, 3840, 198, NULL, 'simple_currency', '1'),
(5342, 139, 3841, 92, 134, 'currency_selection', '1'),
(5343, 139, 3841, 198, NULL, 'simple_currency', '1'),
(5344, 139, 3843, 80, 110, 'top_viewed_desc', '1'),
(5345, 139, 3843, 79, 107, 'top_viewed_image', '2'),
(5346, 139, 3843, 78, NULL, 'prod_top_viewed_cols', '1'),
(5347, 139, 3843, 77, NULL, 'prod_top_viewed_recs', '3'),
(5348, 139, 3846, 17, 21, 'categories_type', '3'),
(5349, 139, 3847, 195, NULL, 'no_logo', '1'),
(5350, 139, 3848, 196, NULL, 'simple_cart', '1'),
(5351, 139, 3849, 197, NULL, 'simple_search', '1'),
(5352, 140, 3851, 92, 134, 'currency_selection', '1'),
(5353, 140, 3851, 198, NULL, 'simple_currency', '1'),
(5354, 140, 3852, 196, NULL, 'simple_cart', '1'),
(5355, 140, 3853, 61, NULL, 'products_latest_recs', '3'),
(5356, 140, 3853, 62, NULL, 'products_latest_cols', '1'),
(5357, 140, 3853, 63, 75, 'prod_latest_image', '2'),
(5358, 140, 3853, 64, 78, 'prod_latest_desc', '1'),
(5359, 140, 3856, 17, 21, 'categories_type', '3'),
(5360, 140, 3858, 197, NULL, 'simple_search', '1'),
(5361, 140, 3860, 195, NULL, 'no_logo', '1'),
(5362, 141, 3861, 195, NULL, 'no_logo', '1'),
(5363, 141, 3864, 61, NULL, 'products_latest_recs', '3'),
(5364, 141, 3864, 62, NULL, 'products_latest_cols', '1'),
(5365, 141, 3864, 63, 75, 'prod_latest_image', '2'),
(5366, 141, 3864, 64, 78, 'prod_latest_desc', '1'),
(5367, 141, 3867, 17, 21, 'categories_type', '3'),
(5368, 141, 3868, 197, NULL, 'simple_search', '1'),
(5369, 141, 3869, 196, NULL, 'simple_cart', '1'),
(5370, 141, 3870, 92, 134, 'currency_selection', '1'),
(5371, 141, 3870, 198, NULL, 'simple_currency', '1'),
(5372, 142, 3871, 92, 134, 'currency_selection', '1'),
(5373, 142, 3871, 198, NULL, 'simple_currency', '1'),
(5374, 142, 3872, 196, NULL, 'simple_cart', '1'),
(5375, 142, 3873, 195, NULL, 'no_logo', '1'),
(5376, 142, 3875, 197, NULL, 'simple_search', '1'),
(5377, 142, 3877, 80, 110, 'top_viewed_desc', '1'),
(5378, 142, 3877, 79, 107, 'top_viewed_image', '2'),
(5379, 142, 3877, 78, NULL, 'prod_top_viewed_cols', '1'),
(5380, 142, 3877, 77, NULL, 'prod_top_viewed_recs', '5'),
(5381, 142, 3880, 17, 21, 'categories_type', '3'),
(5382, 143, 3884, 157, NULL, 'ads_categories_cols', '1'),
(5383, 143, 3884, 158, NULL, 'ads_categories_subs', '0'),
(5384, 143, 3884, 156, 222, 'ads_categories_type', '3'),
(5385, 143, 3886, 163, NULL, 'ads_list_cols', '1'),
(5386, 143, 3886, 162, NULL, 'ads_list_recs', '10'),
(5387, 144, 3891, 157, NULL, 'ads_categories_cols', '1'),
(5388, 144, 3891, 158, NULL, 'ads_categories_subs', '0'),
(5389, 144, 3891, 156, 222, 'ads_categories_type', '3'),
(5390, 144, 3893, 164, 234, 'ads_details_tabs', '0'),
(5391, 144, 3894, 173, NULL, 'ads_recent_recs', '5'),
(5392, 151, 3919, 197, NULL, 'simple_search', '1'),
(5393, 151, 3923, 17, 21, 'categories_type', '3'),
(5394, 151, 3924, 196, NULL, 'simple_cart', '1'),
(5395, 151, 3925, 92, 134, 'currency_selection', '1'),
(5396, 151, 3925, 198, NULL, 'simple_currency', '1'),
(5397, 151, 3926, 195, NULL, 'no_logo', '1'),
(5398, 152, 3927, 197, NULL, 'simple_search', '1'),
(5399, 152, 3931, 17, 21, 'categories_type', '3'),
(5400, 152, 3932, 195, NULL, 'no_logo', '1'),
(5401, 152, 3934, 196, NULL, 'simple_cart', '1'),
(5402, 152, 3935, 92, 134, 'currency_selection', '1'),
(5403, 152, 3935, 198, NULL, 'simple_currency', '1'),
(5404, 153, 3936, 92, 134, 'currency_selection', '1'),
(5405, 153, 3936, 198, NULL, 'simple_currency', '1'),
(5406, 153, 3937, 196, NULL, 'simple_cart', '1'),
(5407, 153, 3938, 17, 21, 'categories_type', '3'),
(5408, 153, 3940, 195, NULL, 'no_logo', '1'),
(5409, 153, 3941, 197, NULL, 'simple_search', '1'),
(5410, 155, 3949, 197, NULL, 'simple_search', '1'),
(5411, 155, 3953, 195, NULL, 'no_logo', '1'),
(5412, 155, 3955, 17, 21, 'categories_type', '3'),
(5413, 155, 3956, 196, NULL, 'simple_cart', '1'),
(5414, 155, 3957, 92, 134, 'currency_selection', '1'),
(5415, 155, 3957, 198, NULL, 'simple_currency', '1'),
(5416, 156, 3958, 197, NULL, 'simple_search', '1'),
(5417, 156, 3962, 195, NULL, 'no_logo', '1'),
(5418, 156, 3964, 17, 21, 'categories_type', '3'),
(5419, 156, 3965, 196, NULL, 'simple_cart', '1'),
(5420, 156, 3966, 92, 134, 'currency_selection', '1'),
(5421, 156, 3966, 198, NULL, 'simple_currency', '1'),
(5422, 157, 3967, 92, 134, 'currency_selection', '1'),
(5423, 157, 3967, 198, NULL, 'simple_currency', '1'),
(5424, 157, 3968, 196, NULL, 'simple_cart', '1'),
(5425, 157, 3969, 197, NULL, 'simple_search', '1'),
(5426, 157, 3971, 195, NULL, 'no_logo', '1'),
(5427, 157, 3975, 17, 21, 'categories_type', '3'),
(5428, 158, 3976, 197, NULL, 'simple_search', '1'),
(5429, 158, 3981, 195, NULL, 'no_logo', '1'),
(5430, 158, 3982, 17, 21, 'categories_type', '3'),
(5431, 158, 3983, 196, NULL, 'simple_cart', '1'),
(5432, 158, 3984, 92, 134, 'currency_selection', '1'),
(5433, 158, 3984, 198, NULL, 'simple_currency', '1'),
(5434, 159, 3985, 92, 134, 'currency_selection', '1'),
(5435, 159, 3985, 198, NULL, 'simple_currency', '1'),
(5436, 159, 3986, 196, NULL, 'simple_cart', '1'),
(5437, 159, 3987, 17, 21, 'categories_type', '3'),
(5438, 159, 3989, 195, NULL, 'no_logo', '1'),
(5439, 159, 3990, 197, NULL, 'simple_search', '1'),
(5440, 160, 3995, 17, 21, 'categories_type', '3'),
(5441, 160, 3998, 197, NULL, 'simple_search', '1'),
(5442, 160, 3999, 195, NULL, 'no_logo', '1'),
(5443, 160, 4001, 196, NULL, 'simple_cart', '1'),
(5444, 160, 4002, 92, 134, 'currency_selection', '1'),
(5445, 160, 4002, 198, NULL, 'simple_currency', '1'),
(5446, 161, 4003, 92, 134, 'currency_selection', '1'),
(5447, 161, 4003, 198, NULL, 'simple_currency', '1'),
(5448, 161, 4004, 196, NULL, 'simple_cart', '1'),
(5449, 161, 4005, 17, 21, 'categories_type', '3'),
(5450, 161, 4007, 195, NULL, 'no_logo', '1'),
(5451, 161, 4008, 197, NULL, 'simple_search', '1'),
(5452, 162, 4012, 197, NULL, 'simple_search', '1'),
(5453, 162, 4016, 195, NULL, 'no_logo', '1'),
(5454, 162, 4018, 17, 21, 'categories_type', '3'),
(5455, 162, 4019, 92, 134, 'currency_selection', '1'),
(5456, 162, 4019, 198, NULL, 'simple_currency', '1'),
(5457, 162, 4020, 196, NULL, 'simple_cart', '1'),
(5458, 171, 4053, 92, 134, 'currency_selection', '1'),
(5459, 171, 4053, 198, NULL, 'simple_currency', '1'),
(5460, 171, 4054, 17, 21, 'categories_type', '3'),
(5461, 171, 4055, 196, NULL, 'simple_cart', '1'),
(5462, 171, 4057, 195, NULL, 'no_logo', '1'),
(5463, 171, 4058, 197, NULL, 'simple_search', '1'),
(5464, 172, 4062, 197, NULL, 'simple_search', '1'),
(5465, 172, 4066, 195, NULL, 'no_logo', '1'),
(5466, 172, 4068, 17, 21, 'categories_type', '3'),
(5467, 172, 4069, 196, NULL, 'simple_cart', '1'),
(5468, 172, 4070, 92, 134, 'currency_selection', '1'),
(5469, 172, 4070, 198, NULL, 'simple_currency', '1'),
(5470, 177, 4087, 197, NULL, 'simple_search', '1'),
(5471, 177, 4091, 195, NULL, 'no_logo', '1'),
(5472, 177, 4093, 17, 21, 'categories_type', '3'),
(5473, 177, 4094, 196, NULL, 'simple_cart', '1'),
(5474, 177, 4095, 92, 134, 'currency_selection', '1'),
(5475, 177, 4095, 198, NULL, 'simple_currency', '1'),
(5476, 178, 4096, 92, 134, 'currency_selection', '1'),
(5477, 178, 4096, 198, NULL, 'simple_currency', '1'),
(5478, 178, 4100, 17, 21, 'categories_type', '3'),
(5479, 178, 4101, 195, NULL, 'no_logo', '1'),
(5480, 178, 4102, 196, NULL, 'simple_cart', '1'),
(5481, 178, 4103, 197, NULL, 'simple_search', '1'),
(5482, 179, 4105, 197, NULL, 'simple_search', '1'),
(5483, 179, 4109, 195, NULL, 'no_logo', '1'),
(5484, 179, 4111, 17, 21, 'categories_type', '3'),
(5485, 179, 4112, 196, NULL, 'simple_cart', '1'),
(5486, 179, 4113, 92, 134, 'currency_selection', '1'),
(5487, 179, 4113, 198, NULL, 'simple_currency', '1'),
(5488, 180, 4114, 197, NULL, 'simple_search', '1'),
(5489, 180, 4118, 195, NULL, 'no_logo', '1'),
(5490, 180, 4120, 196, NULL, 'simple_cart', '1'),
(5491, 180, 4121, 92, 134, 'currency_selection', '1'),
(5492, 180, 4121, 198, NULL, 'simple_currency', '1'),
(5493, 180, 4122, 17, 21, 'categories_type', '3'),
(5494, 181, 4123, 196, NULL, 'simple_cart', '1'),
(5495, 181, 4124, 17, 21, 'categories_type', '3'),
(5496, 181, 4127, 92, 134, 'currency_selection', '1'),
(5497, 181, 4127, 198, NULL, 'simple_currency', '1'),
(5498, 181, 4129, 197, NULL, 'simple_search', '1'),
(5499, 181, 4130, 195, NULL, 'no_logo', '1'),
(5500, 182, 4132, 196, NULL, 'simple_cart', '1'),
(5501, 182, 4133, 17, 21, 'categories_type', '3'),
(5502, 182, 4136, 92, 134, 'currency_selection', '1'),
(5503, 182, 4136, 198, NULL, 'simple_currency', '1'),
(5504, 182, 4138, 197, NULL, 'simple_search', '1'),
(5505, 182, 4139, 195, NULL, 'no_logo', '1'),
(12050, 99, 9310, 17, 21, 'categories_type', '3'),
(12710, 39, 9761, 62, NULL, 'products_latest_cols', '1'),
(12708, 39, 9760, 6, NULL, 'products_columns', '2'),
(12709, 39, 9761, 65, 83, 'prod_latest_order', '1'),
(12707, 39, 9760, 7, 6, 'products_nav_type', '2'),
(12706, 39, 9760, 8, NULL, 'products_nav_first_last', '1'),
(12705, 39, 9760, 5, NULL, 'products_per_page', '5'),
(12703, 39, 9760, 10, NULL, 'products_nav_pages', '5'),
(11159, 48, 8753, 6, NULL, 'products_columns', '2'),
(11158, 48, 8752, 38, NULL, 'merchant_info_prod_link', '1'),
(11157, 48, 8752, 39, 65, 'merchant_info_desc_value', '2'),
(11156, 48, 8752, 36, NULL, 'merchant_info_online', '1'),
(11154, 48, 8752, 35, NULL, 'merchant_info_country_flag', '1'),
(11152, 48, 8752, 33, NULL, 'merchant_info_image', '1'),
(12704, 39, 9760, 9, NULL, 'products_nav_prev_next', '1'),
(12738, 53, 9779, 140, NULL, 'articles_latest_cols', '1'),
(12737, 53, 9779, 139, 203, 'articles_latest_desc', '3'),
(12736, 53, 9778, 179, NULL, 'bg_limit', '1'),
(12735, 53, 9777, 63, 74, 'prod_latest_image', '1'),
(12734, 53, 9777, 62, NULL, 'products_latest_cols', '1'),
(12733, 53, 9777, 61, NULL, 'products_latest_recs', '3'),
(12732, 53, 9775, 119, NULL, 'articles_hot_cols', '1'),
(12731, 53, 9775, 194, NULL, 'slider_height', '300'),
(12730, 53, 9775, 193, NULL, 'slider_width', '100%'),
(12729, 53, 9775, 118, NULL, 'articles_hot_recs', '1'),
(12728, 53, 9774, 49, 66, 'prod_offers_quantity_control', 'NONE'),
(12727, 53, 9774, 41, NULL, 'prod_offers_cols', '2'),
(12726, 53, 9774, 51, NULL, 'prod_slider_width', '100%'),
(12725, 53, 9774, 52, NULL, 'prod_slider_height', '300'),
(12724, 53, 9774, 40, NULL, 'prod_offers_recs', '4'),
(12723, 53, 9773, 179, NULL, 'bg_limit', '1'),
(12722, 53, 9771, 25, 43, 'manufacturers_selection', '1'),
(12721, 53, 9771, 26, 46, 'manufacturers_image', '2'),
(5878, 184, 4340, 17, 21, 'categories_type', '3'),
(5879, 184, 4342, 195, NULL, 'no_logo', '1'),
(5880, 184, 4343, 197, NULL, 'simple_search', '1'),
(5881, 184, 4346, 196, NULL, 'simple_cart', '1'),
(5882, 184, 4347, 92, 134, 'currency_selection', '1'),
(5883, 184, 4347, 198, NULL, 'simple_currency', '1'),
(5884, 185, 4349, 195, NULL, 'no_logo', '1'),
(5885, 185, 4350, 197, NULL, 'simple_search', '1'),
(5886, 185, 4352, 64, 78, 'prod_latest_desc', '1'),
(5887, 185, 4352, 63, 75, 'prod_latest_image', '2'),
(5888, 185, 4352, 62, NULL, 'products_latest_cols', '1'),
(5889, 185, 4352, 61, NULL, 'products_latest_recs', '3'),
(5890, 185, 4354, 17, 21, 'categories_type', '3'),
(5891, 185, 4355, 196, NULL, 'simple_cart', '1'),
(5892, 185, 4356, 92, 134, 'currency_selection', '1'),
(5893, 185, 4356, 198, NULL, 'simple_currency', '1'),
(5894, 186, 4357, 92, 134, 'currency_selection', '1'),
(5895, 186, 4357, 198, NULL, 'simple_currency', '1'),
(5896, 186, 4359, 61, NULL, 'products_latest_recs', '4'),
(5897, 186, 4359, 62, NULL, 'products_latest_cols', '1'),
(5898, 186, 4359, 63, 75, 'prod_latest_image', '2'),
(5899, 186, 4359, 64, 78, 'prod_latest_desc', '1'),
(5900, 186, 4361, 25, 43, 'manufacturers_selection', '1'),
(5901, 186, 4361, 26, 46, 'manufacturers_image', '2'),
(5902, 186, 4362, 17, 21, 'categories_type', '3'),
(5903, 186, 4363, 195, NULL, 'no_logo', '1'),
(5904, 186, 4364, 196, NULL, 'simple_cart', '1'),
(5905, 186, 4365, 197, NULL, 'simple_search', '1'),
(5906, 187, 4369, 197, NULL, 'simple_search', '1'),
(5907, 187, 4370, 195, NULL, 'no_logo', '1'),
(5908, 187, 4372, 17, 21, 'categories_type', '3'),
(5909, 187, 4373, 196, NULL, 'simple_cart', '1'),
(5910, 187, 4374, 92, 134, 'currency_selection', '1'),
(5911, 187, 4374, 198, NULL, 'simple_currency', '1'),
(5912, 188, 4377, 197, NULL, 'simple_search', '1'),
(5913, 188, 4378, 195, NULL, 'no_logo', '1'),
(5914, 188, 4380, 17, 21, 'categories_type', '3'),
(5915, 188, 4381, 196, NULL, 'simple_cart', '1'),
(5916, 188, 4382, 92, 134, 'currency_selection', '1'),
(5917, 188, 4382, 198, NULL, 'simple_currency', '1'),
(5918, 189, 4383, 197, NULL, 'simple_search', '1'),
(5919, 189, 4385, 195, NULL, 'no_logo', '1'),
(5920, 189, 4388, 17, 21, 'categories_type', '3'),
(5921, 189, 4389, 196, NULL, 'simple_cart', '1'),
(5922, 189, 4390, 92, 134, 'currency_selection', '1'),
(5923, 189, 4390, 198, NULL, 'simple_currency', '1'),
(5924, 190, 4391, 197, NULL, 'simple_search', '1'),
(5925, 190, 4394, 195, NULL, 'no_logo', '1'),
(5926, 190, 4396, 17, 21, 'categories_type', '3'),
(5927, 190, 4397, 196, NULL, 'simple_cart', '1'),
(5928, 190, 4398, 92, 134, 'currency_selection', '1'),
(5929, 190, 4398, 198, NULL, 'simple_currency', '1'),
(5930, 191, 4399, 197, NULL, 'simple_search', '1'),
(5931, 191, 4401, 63, 75, 'prod_latest_image', '2'),
(5932, 191, 4401, 62, NULL, 'products_latest_cols', '1'),
(5933, 191, 4401, 61, NULL, 'products_latest_recs', '2'),
(5934, 191, 4403, 17, 21, 'categories_type', '3'),
(5935, 191, 4405, 196, NULL, 'simple_cart', '1'),
(5936, 191, 4406, 92, 134, 'currency_selection', '1'),
(5937, 191, 4406, 198, NULL, 'simple_currency', '1'),
(5938, 191, 4407, 195, NULL, 'no_logo', '1'),
(5939, 192, 4408, 92, 134, 'currency_selection', '1'),
(5940, 192, 4408, 198, NULL, 'simple_currency', '1'),
(5941, 192, 4409, 196, NULL, 'simple_cart', '1'),
(5942, 192, 4411, 195, NULL, 'no_logo', '1'),
(5943, 192, 4412, 197, NULL, 'simple_search', '1'),
(5944, 192, 4414, 63, 75, 'prod_latest_image', '2'),
(5945, 192, 4414, 62, NULL, 'products_latest_cols', '1'),
(5946, 192, 4414, 61, NULL, 'products_latest_recs', '3'),
(5947, 192, 4417, 17, 21, 'categories_type', '3'),
(5948, 193, 4419, 64, 78, 'prod_latest_desc', '1'),
(5949, 193, 4419, 63, 75, 'prod_latest_image', '2'),
(5950, 193, 4419, 62, NULL, 'products_latest_cols', '1'),
(5951, 193, 4419, 61, NULL, 'products_latest_recs', '3'),
(5952, 193, 4420, 13, 9, 'products_default_view', 'list'),
(5953, 193, 4420, 10, NULL, 'products_nav_pages', '5'),
(5954, 193, 4420, 7, 5, 'products_nav_type', '1'),
(5955, 193, 4420, 6, NULL, 'products_columns', '2'),
(5956, 193, 4421, 38, NULL, 'merchant_info_prod_link', '1'),
(5957, 193, 4421, 39, 65, 'merchant_info_desc_value', '2'),
(5958, 193, 4421, 36, NULL, 'merchant_info_online', '1'),
(5959, 193, 4421, 37, NULL, 'merchant_info_member', '1'),
(5960, 193, 4421, 35, NULL, 'merchant_info_country_flag', '1'),
(5961, 193, 4421, 33, NULL, 'merchant_info_image', '1'),
(5962, 193, 4421, 34, NULL, 'merchant_info_nick', '1'),
(5963, 193, 4423, 17, 21, 'categories_type', '3'),
(5964, 193, 4424, 195, NULL, 'no_logo', '1'),
(5965, 193, 4425, 197, NULL, 'simple_search', '1'),
(6529, 195, 5017, 65, 83, 'prod_latest_order', '1'),
(6528, 195, 5017, 62, NULL, 'products_latest_cols', '1'),
(6527, 195, 5017, 63, 74, 'prod_latest_image', '1'),
(6526, 195, 5017, 64, 77, 'prod_latest_desc', '0'),
(6525, 195, 5017, 61, NULL, 'products_latest_recs', '10'),
(6524, 195, 5016, 185, 248, 'category_desc', '0'),
(6523, 195, 5016, 13, 10, 'products_default_view', 'table'),
(6522, 195, 5016, 10, NULL, 'products_nav_pages', '5'),
(6521, 195, 5016, 12, NULL, 'products_group_by_cats', '1'),
(6520, 195, 5016, 9, NULL, 'products_nav_prev_next', '1'),
(6519, 195, 5016, 7, 6, 'products_nav_type', '2'),
(6518, 195, 5016, 8, NULL, 'products_nav_first_last', '1'),
(6517, 195, 5016, 6, NULL, 'products_columns', '1'),
(6516, 195, 5016, 5, NULL, 'products_per_page', '10'),
(6515, 195, 5015, 174, NULL, 'filter_values_limit', '10'),
(6514, 195, 5013, 26, 46, 'manufacturers_image', '2'),
(6513, 195, 5013, 28, 51, 'manufacturers_order', '1'),
(6512, 195, 5013, 25, 43, 'manufacturers_selection', '1'),
(6511, 195, 5013, 29, 53, 'manufacturers_direction', '1'),
(6510, 195, 5013, 27, 48, 'manufacturers_desc', '0'),
(6509, 195, 5012, 17, 21, 'categories_type', '3'),
(6508, 195, 5012, 20, 23, 'categories_image', '1'),
(6507, 195, 5012, 18, NULL, 'categories_columns', NULL),
(6506, 195, 5012, 19, NULL, 'categories_subs', NULL),
(5999, 196, 4443, 195, NULL, 'no_logo', '1'),
(6000, 196, 4445, 197, NULL, 'simple_search', '1'),
(6001, 196, 4447, 92, 134, 'currency_selection', '1'),
(6002, 196, 4447, 198, NULL, 'simple_currency', '1'),
(6003, 196, 4448, 196, NULL, 'simple_cart', '1'),
(6004, 196, 4449, 68, 86, 'recent_image', '1'),
(6005, 196, 4449, 69, 89, 'recent_desc', '0'),
(6006, 196, 4449, 66, NULL, 'products_recent_records', '2'),
(6007, 196, 4449, 67, NULL, 'products_recent_cols', '1'),
(6008, 196, 4451, 11, NULL, 'products_sortings', '1'),
(6009, 196, 4451, 5, NULL, 'products_per_page', '10'),
(6010, 196, 4451, 7, 5, 'products_nav_type', '1'),
(6011, 196, 4451, 9, NULL, 'products_nav_prev_next', '1'),
(6012, 196, 4451, 10, NULL, 'products_nav_pages', '5'),
(6013, 196, 4451, 8, NULL, 'products_nav_first_last', '0'),
(6014, 196, 4451, 12, NULL, 'products_group_by_cats', '1'),
(6015, 196, 4451, 13, 10, 'products_default_view', 'table'),
(6016, 196, 4451, 6, NULL, 'products_columns', '1'),
(6017, 196, 4453, 29, 53, 'manufacturers_direction', '1'),
(6018, 196, 4453, 28, 51, 'manufacturers_order', '1'),
(6019, 196, 4453, 27, 48, 'manufacturers_desc', '0'),
(6020, 196, 4453, 26, 46, 'manufacturers_image', '2'),
(6021, 196, 4453, 25, 43, 'manufacturers_selection', '1'),
(6022, 196, 4454, 17, 21, 'categories_type', '3'),
(6023, 196, 4454, 19, NULL, 'categories_subs', NULL),
(6024, 196, 4454, 20, 23, 'categories_image', '1'),
(6025, 196, 4454, 18, NULL, 'categories_columns', NULL),
(6026, 197, 4455, 92, 134, 'currency_selection', '1'),
(6027, 197, 4455, 198, NULL, 'simple_currency', '1'),
(6028, 197, 4457, 105, 161, 'articles_related_date', '0'),
(6029, 197, 4457, 102, NULL, 'articles_related_columns', '1'),
(6030, 197, 4457, 103, 155, 'articles_related_image', '2'),
(6031, 197, 4457, 104, 160, 'articles_related_desc', '3'),
(6032, 197, 4458, 61, NULL, 'products_latest_recs', '2'),
(6033, 197, 4458, 62, NULL, 'products_latest_cols', '1'),
(6034, 197, 4458, 63, 75, 'prod_latest_image', '2'),
(6035, 197, 4458, 64, 77, 'prod_latest_desc', '0'),
(6036, 197, 4458, 65, 83, 'prod_latest_order', '1'),
(6037, 197, 4461, 16, 17, 'show_manufacturer_image', '2'),
(6038, 197, 4461, 14, 12, 'use_tabs', '1'),
(6039, 197, 4463, 26, 46, 'manufacturers_image', '2'),
(6040, 197, 4463, 25, 43, 'manufacturers_selection', '1'),
(6041, 197, 4464, 20, 23, 'categories_image', '1'),
(6042, 197, 4464, 17, 21, 'categories_type', '3'),
(6043, 197, 4464, 19, NULL, 'categories_subs', NULL),
(6044, 197, 4464, 18, NULL, 'categories_columns', NULL),
(6045, 197, 4465, 195, NULL, 'no_logo', '1'),
(6046, 197, 4466, 196, NULL, 'simple_cart', '1'),
(6047, 197, 4467, 197, NULL, 'simple_search', '1'),
(6048, 199, 4472, 17, 21, 'categories_type', '3'),
(6049, 199, 4475, 61, NULL, 'products_latest_recs', '3'),
(6050, 199, 4475, 62, NULL, 'products_latest_cols', '1'),
(6051, 199, 4475, 63, 75, 'prod_latest_image', '2'),
(6052, 199, 4475, 64, 78, 'prod_latest_desc', '1'),
(6053, 199, 4476, 196, NULL, 'simple_cart', '1'),
(6054, 199, 4477, 92, 134, 'currency_selection', '1'),
(6055, 199, 4477, 198, NULL, 'simple_currency', '1'),
(6056, 199, 4479, 197, NULL, 'simple_search', '1'),
(6057, 199, 4480, 195, NULL, 'no_logo', '1'),
(6058, 200, 4483, 17, 21, 'categories_type', '3'),
(6059, 200, 4485, 61, NULL, 'products_latest_recs', '3'),
(6060, 200, 4485, 62, NULL, 'products_latest_cols', '1'),
(6061, 200, 4485, 63, 75, 'prod_latest_image', '2'),
(6062, 200, 4485, 64, 78, 'prod_latest_desc', '1'),
(6063, 200, 4486, 196, NULL, 'simple_cart', '1'),
(6064, 200, 4487, 92, 134, 'currency_selection', '1'),
(6065, 200, 4487, 198, NULL, 'simple_currency', '1'),
(6066, 200, 4489, 197, NULL, 'simple_search', '1'),
(6067, 200, 4490, 195, NULL, 'no_logo', '1'),
(6068, 201, 4494, 100, 151, 'wl_image', '1'),
(6069, 201, 4494, 99, NULL, 'wl_recs', '10'),
(6070, 204, 4502, 198, NULL, 'simple_currency', '1'),
(6071, 204, 4502, 92, 134, 'currency_selection', '1'),
(6072, 204, 4504, 62, NULL, 'products_latest_cols', '1'),
(6073, 204, 4504, 61, NULL, 'products_latest_recs', '3'),
(6074, 204, 4504, 64, 78, 'prod_latest_desc', '1'),
(6075, 204, 4504, 63, 75, 'prod_latest_image', '2'),
(6076, 204, 4505, 67, NULL, 'products_recent_cols', '1'),
(6077, 204, 4505, 68, 87, 'recent_image', '2'),
(6078, 204, 4505, 66, NULL, 'products_recent_records', '2'),
(6079, 204, 4506, 23, 34, 'image_type', '1'),
(6080, 204, 4507, 20, 23, 'categories_image', '1'),
(6081, 204, 4507, 19, NULL, 'categories_subs', NULL),
(6082, 204, 4507, 18, NULL, 'categories_columns', NULL),
(6083, 204, 4507, 17, 21, 'categories_type', '3'),
(6084, 204, 4508, 195, NULL, 'no_logo', '1'),
(6085, 204, 4509, 196, NULL, 'simple_cart', '1'),
(6086, 204, 4510, 197, NULL, 'simple_search', '1'),
(6087, 205, 4512, 17, 21, 'categories_type', '3'),
(6088, 205, 4515, 196, NULL, 'simple_cart', '1'),
(6089, 205, 4516, 92, 134, 'currency_selection', '1'),
(6090, 205, 4516, 198, NULL, 'simple_currency', '1'),
(6091, 205, 4518, 197, NULL, 'simple_search', '1'),
(6092, 205, 4519, 195, NULL, 'no_logo', '1'),
(6093, 206, 4523, 17, 21, 'categories_type', '3'),
(6094, 206, 4524, 196, NULL, 'simple_cart', '1'),
(6095, 206, 4525, 92, 134, 'currency_selection', '1'),
(6096, 206, 4525, 198, NULL, 'simple_currency', '1'),
(6097, 206, 4527, 197, NULL, 'simple_search', '1'),
(6098, 206, 4528, 195, NULL, 'no_logo', '1'),
(6099, 208, 4533, 92, 134, 'currency_selection', '1'),
(6100, 208, 4533, 198, NULL, 'simple_currency', '1'),
(6101, 208, 4534, 196, NULL, 'simple_cart', '1'),
(6102, 208, 4535, 17, 21, 'categories_type', '3'),
(6103, 208, 4539, 197, NULL, 'simple_search', '1'),
(6104, 208, 4540, 195, NULL, 'no_logo', '1'),
(6105, 209, 4543, 92, 134, 'currency_selection', '1'),
(6106, 209, 4543, 198, NULL, 'simple_currency', '1'),
(6107, 209, 4544, 196, NULL, 'simple_cart', '1'),
(6108, 209, 4545, 17, 21, 'categories_type', '3'),
(6109, 209, 4548, 197, NULL, 'simple_search', '1'),
(6110, 209, 4549, 195, NULL, 'no_logo', '1'),
(6111, 210, 4551, 17, 21, 'categories_type', '3'),
(6112, 210, 4555, 196, NULL, 'simple_cart', '1'),
(6113, 210, 4556, 92, 134, 'currency_selection', '1'),
(6114, 210, 4556, 198, NULL, 'simple_currency', '1'),
(6115, 210, 4558, 197, NULL, 'simple_search', '1'),
(6116, 210, 4559, 195, NULL, 'no_logo', '1'),
(6117, 211, 4561, 17, 21, 'categories_type', '3'),
(6118, 211, 4565, 196, NULL, 'simple_cart', '1'),
(6119, 211, 4566, 92, 134, 'currency_selection', '1'),
(6120, 211, 4566, 198, NULL, 'simple_currency', '1'),
(6121, 211, 4568, 197, NULL, 'simple_search', '1'),
(6122, 211, 4569, 195, NULL, 'no_logo', '1'),
(6123, 212, 4572, 92, 134, 'currency_selection', '1'),
(6124, 212, 4572, 198, NULL, 'simple_currency', '1'),
(6125, 212, 4573, 196, NULL, 'simple_cart', '1'),
(6126, 212, 4574, 17, 21, 'categories_type', '3'),
(6127, 212, 4576, 197, NULL, 'simple_search', '1'),
(6128, 212, 4577, 195, NULL, 'no_logo', '1'),
(6129, 213, 4579, 196, NULL, 'simple_cart', '1'),
(6130, 213, 4580, 195, NULL, 'no_logo', '1'),
(6131, 213, 4581, 197, NULL, 'simple_search', '1'),
(6132, 213, 4584, 64, 78, 'prod_latest_desc', '1');
INSERT INTO `va_cms_blocks_settings` (`bs_id`, `ps_id`, `pb_id`, `property_id`, `value_id`, `variable_name`, `variable_value`) VALUES
(6133, 213, 4584, 61, NULL, 'products_latest_recs', '5'),
(6134, 213, 4584, 62, NULL, 'products_latest_cols', '1'),
(6135, 213, 4584, 63, 74, 'prod_latest_image', '1'),
(6136, 213, 4585, 111, NULL, 'articles_cols', '2'),
(6137, 213, 4585, 110, NULL, 'articles_recs', '4'),
(6138, 213, 4586, 115, 171, 'articles_categories_image', '1'),
(6139, 213, 4586, 113, NULL, 'articles_categories_cols', '3'),
(6140, 213, 4586, 114, NULL, 'articles_categories_subs', '0'),
(6141, 213, 4586, 112, 167, 'articles_categories_type', '1'),
(6142, 213, 4588, 26, 46, 'manufacturers_image', '2'),
(6143, 213, 4588, 25, 43, 'manufacturers_selection', '1'),
(6144, 213, 4589, 17, 21, 'categories_type', '3'),
(6145, 213, 4590, 92, 134, 'currency_selection', '1'),
(6146, 213, 4590, 198, NULL, 'simple_currency', '1'),
(6147, 214, 4591, 92, 134, 'currency_selection', '1'),
(6148, 214, 4591, 198, NULL, 'simple_currency', '1'),
(6149, 214, 4593, 129, NULL, 'articles_related_products_recs', '3'),
(6150, 214, 4593, 130, NULL, 'articles_related_products_cols', '1'),
(6151, 214, 4596, 17, 21, 'categories_type', '3'),
(6152, 214, 4597, 195, NULL, 'no_logo', '1'),
(6153, 214, 4598, 196, NULL, 'simple_cart', '1'),
(6154, 214, 4599, 197, NULL, 'simple_search', '1'),
(6155, 215, 4601, 92, 134, 'currency_selection', '1'),
(6156, 215, 4601, 198, NULL, 'simple_currency', '1'),
(6157, 215, 4603, 130, NULL, 'articles_related_products_cols', '1'),
(6158, 215, 4603, 129, NULL, 'articles_related_products_recs', '3'),
(6159, 215, 4606, 17, 21, 'categories_type', '3'),
(6160, 215, 4607, 195, NULL, 'no_logo', '1'),
(6161, 215, 4608, 196, NULL, 'simple_cart', '1'),
(6162, 215, 4609, 197, NULL, 'simple_search', '1'),
(6163, 216, 4611, 198, NULL, 'simple_currency', '1'),
(6164, 216, 4611, 92, 134, 'currency_selection', '1'),
(6165, 216, 4614, 17, 21, 'categories_type', '3'),
(6166, 216, 4615, 195, NULL, 'no_logo', '1'),
(6167, 216, 4616, 196, NULL, 'simple_cart', '1'),
(6168, 216, 4617, 197, NULL, 'simple_search', '1'),
(6169, 217, 4619, 195, NULL, 'no_logo', '1'),
(6170, 217, 4620, 197, NULL, 'simple_search', '1'),
(6171, 217, 4623, 17, 21, 'categories_type', '3'),
(6172, 217, 4625, 196, NULL, 'simple_cart', '1'),
(6173, 217, 4626, 92, 134, 'currency_selection', '1'),
(6174, 217, 4626, 198, NULL, 'simple_currency', '1'),
(6175, 218, 4627, 92, 134, 'currency_selection', '1'),
(6176, 218, 4627, 198, NULL, 'simple_currency', '1'),
(6177, 218, 4629, 80, 110, 'top_viewed_desc', '1'),
(6178, 218, 4629, 79, 107, 'top_viewed_image', '2'),
(6179, 218, 4629, 78, NULL, 'prod_top_viewed_cols', '1'),
(6180, 218, 4629, 77, NULL, 'prod_top_viewed_recs', '3'),
(6181, 218, 4632, 17, 21, 'categories_type', '3'),
(6182, 218, 4633, 195, NULL, 'no_logo', '1'),
(6183, 218, 4634, 196, NULL, 'simple_cart', '1'),
(6184, 218, 4635, 197, NULL, 'simple_search', '1'),
(6185, 219, 4637, 92, 134, 'currency_selection', '1'),
(6186, 219, 4637, 198, NULL, 'simple_currency', '1'),
(6187, 219, 4638, 196, NULL, 'simple_cart', '1'),
(6188, 219, 4639, 61, NULL, 'products_latest_recs', '3'),
(6189, 219, 4639, 62, NULL, 'products_latest_cols', '1'),
(6190, 219, 4639, 63, 75, 'prod_latest_image', '2'),
(6191, 219, 4639, 64, 78, 'prod_latest_desc', '1'),
(6192, 219, 4642, 17, 21, 'categories_type', '3'),
(6193, 219, 4644, 197, NULL, 'simple_search', '1'),
(6194, 219, 4646, 195, NULL, 'no_logo', '1'),
(6195, 220, 4647, 195, NULL, 'no_logo', '1'),
(6196, 220, 4650, 61, NULL, 'products_latest_recs', '3'),
(6197, 220, 4650, 62, NULL, 'products_latest_cols', '1'),
(6198, 220, 4650, 63, 75, 'prod_latest_image', '2'),
(6199, 220, 4650, 64, 78, 'prod_latest_desc', '1'),
(6200, 220, 4653, 17, 21, 'categories_type', '3'),
(6201, 220, 4654, 197, NULL, 'simple_search', '1'),
(6202, 220, 4655, 196, NULL, 'simple_cart', '1'),
(6203, 220, 4656, 92, 134, 'currency_selection', '1'),
(6204, 220, 4656, 198, NULL, 'simple_currency', '1'),
(6205, 221, 4657, 92, 134, 'currency_selection', '1'),
(6206, 221, 4657, 198, NULL, 'simple_currency', '1'),
(6207, 221, 4658, 196, NULL, 'simple_cart', '1'),
(6208, 221, 4659, 195, NULL, 'no_logo', '1'),
(6209, 221, 4661, 197, NULL, 'simple_search', '1'),
(6210, 221, 4663, 80, 110, 'top_viewed_desc', '1'),
(6211, 221, 4663, 79, 107, 'top_viewed_image', '2'),
(6212, 221, 4663, 78, NULL, 'prod_top_viewed_cols', '1'),
(6213, 221, 4663, 77, NULL, 'prod_top_viewed_recs', '5'),
(6214, 221, 4666, 17, 21, 'categories_type', '3'),
(6215, 222, 4670, 157, NULL, 'ads_categories_cols', '1'),
(6216, 222, 4670, 158, NULL, 'ads_categories_subs', '0'),
(6217, 222, 4670, 156, 222, 'ads_categories_type', '3'),
(6218, 222, 4672, 163, NULL, 'ads_list_cols', '1'),
(6219, 222, 4672, 162, NULL, 'ads_list_recs', '10'),
(6220, 223, 4677, 157, NULL, 'ads_categories_cols', '1'),
(6221, 223, 4677, 158, NULL, 'ads_categories_subs', '0'),
(6222, 223, 4677, 156, 222, 'ads_categories_type', '3'),
(6223, 223, 4679, 164, 234, 'ads_details_tabs', '0'),
(6224, 223, 4680, 173, NULL, 'ads_recent_recs', '5'),
(6225, 230, 4705, 197, NULL, 'simple_search', '1'),
(6226, 230, 4709, 17, 21, 'categories_type', '3'),
(6227, 230, 4710, 196, NULL, 'simple_cart', '1'),
(6228, 230, 4711, 92, 134, 'currency_selection', '1'),
(6229, 230, 4711, 198, NULL, 'simple_currency', '1'),
(6230, 230, 4712, 195, NULL, 'no_logo', '1'),
(6231, 231, 4713, 197, NULL, 'simple_search', '1'),
(6232, 231, 4717, 17, 21, 'categories_type', '3'),
(6233, 231, 4718, 195, NULL, 'no_logo', '1'),
(6234, 231, 4720, 196, NULL, 'simple_cart', '1'),
(6235, 231, 4721, 92, 134, 'currency_selection', '1'),
(6236, 231, 4721, 198, NULL, 'simple_currency', '1'),
(6237, 232, 4722, 92, 134, 'currency_selection', '1'),
(6238, 232, 4722, 198, NULL, 'simple_currency', '1'),
(6239, 232, 4723, 196, NULL, 'simple_cart', '1'),
(6240, 232, 4724, 17, 21, 'categories_type', '3'),
(6241, 232, 4726, 195, NULL, 'no_logo', '1'),
(6242, 232, 4727, 197, NULL, 'simple_search', '1'),
(6243, 234, 4735, 197, NULL, 'simple_search', '1'),
(6244, 234, 4739, 195, NULL, 'no_logo', '1'),
(6245, 234, 4741, 17, 21, 'categories_type', '3'),
(6246, 234, 4742, 196, NULL, 'simple_cart', '1'),
(6247, 234, 4743, 92, 134, 'currency_selection', '1'),
(6248, 234, 4743, 198, NULL, 'simple_currency', '1'),
(6249, 235, 4744, 197, NULL, 'simple_search', '1'),
(6250, 235, 4748, 195, NULL, 'no_logo', '1'),
(6251, 235, 4750, 17, 21, 'categories_type', '3'),
(6252, 235, 4751, 196, NULL, 'simple_cart', '1'),
(6253, 235, 4752, 92, 134, 'currency_selection', '1'),
(6254, 235, 4752, 198, NULL, 'simple_currency', '1'),
(6255, 236, 4753, 92, 134, 'currency_selection', '1'),
(6256, 236, 4753, 198, NULL, 'simple_currency', '1'),
(6257, 236, 4754, 196, NULL, 'simple_cart', '1'),
(6258, 236, 4755, 197, NULL, 'simple_search', '1'),
(6259, 236, 4757, 195, NULL, 'no_logo', '1'),
(6260, 236, 4761, 17, 21, 'categories_type', '3'),
(6261, 237, 4762, 197, NULL, 'simple_search', '1'),
(6262, 237, 4767, 195, NULL, 'no_logo', '1'),
(6263, 237, 4768, 17, 21, 'categories_type', '3'),
(6264, 237, 4769, 196, NULL, 'simple_cart', '1'),
(6265, 237, 4770, 92, 134, 'currency_selection', '1'),
(6266, 237, 4770, 198, NULL, 'simple_currency', '1'),
(6267, 238, 4771, 92, 134, 'currency_selection', '1'),
(6268, 238, 4771, 198, NULL, 'simple_currency', '1'),
(6269, 238, 4772, 196, NULL, 'simple_cart', '1'),
(6270, 238, 4773, 17, 21, 'categories_type', '3'),
(6271, 238, 4775, 195, NULL, 'no_logo', '1'),
(6272, 238, 4776, 197, NULL, 'simple_search', '1'),
(6273, 239, 4781, 17, 21, 'categories_type', '3'),
(6274, 239, 4784, 197, NULL, 'simple_search', '1'),
(6275, 239, 4785, 195, NULL, 'no_logo', '1'),
(6276, 239, 4787, 196, NULL, 'simple_cart', '1'),
(6277, 239, 4788, 92, 134, 'currency_selection', '1'),
(6278, 239, 4788, 198, NULL, 'simple_currency', '1'),
(6279, 240, 4789, 92, 134, 'currency_selection', '1'),
(6280, 240, 4789, 198, NULL, 'simple_currency', '1'),
(6281, 240, 4790, 196, NULL, 'simple_cart', '1'),
(6282, 240, 4791, 17, 21, 'categories_type', '3'),
(6283, 240, 4793, 195, NULL, 'no_logo', '1'),
(6284, 240, 4794, 197, NULL, 'simple_search', '1'),
(6285, 241, 4798, 197, NULL, 'simple_search', '1'),
(6286, 241, 4802, 195, NULL, 'no_logo', '1'),
(6287, 241, 4804, 17, 21, 'categories_type', '3'),
(6288, 241, 4805, 92, 134, 'currency_selection', '1'),
(6289, 241, 4805, 198, NULL, 'simple_currency', '1'),
(6290, 241, 4806, 196, NULL, 'simple_cart', '1'),
(6291, 250, 4839, 92, 134, 'currency_selection', '1'),
(6292, 250, 4839, 198, NULL, 'simple_currency', '1'),
(6293, 250, 4840, 17, 21, 'categories_type', '3'),
(6294, 250, 4841, 196, NULL, 'simple_cart', '1'),
(6295, 250, 4843, 195, NULL, 'no_logo', '1'),
(6296, 250, 4844, 197, NULL, 'simple_search', '1'),
(6297, 251, 4848, 197, NULL, 'simple_search', '1'),
(6298, 251, 4852, 195, NULL, 'no_logo', '1'),
(6299, 251, 4854, 17, 21, 'categories_type', '3'),
(6300, 251, 4855, 196, NULL, 'simple_cart', '1'),
(6301, 251, 4856, 92, 134, 'currency_selection', '1'),
(6302, 251, 4856, 198, NULL, 'simple_currency', '1'),
(6303, 256, 4873, 197, NULL, 'simple_search', '1'),
(6304, 256, 4877, 195, NULL, 'no_logo', '1'),
(6305, 256, 4879, 17, 21, 'categories_type', '3'),
(6306, 256, 4880, 196, NULL, 'simple_cart', '1'),
(6307, 256, 4881, 92, 134, 'currency_selection', '1'),
(6308, 256, 4881, 198, NULL, 'simple_currency', '1'),
(6309, 257, 4882, 92, 134, 'currency_selection', '1'),
(6310, 257, 4882, 198, NULL, 'simple_currency', '1'),
(6311, 257, 4886, 17, 21, 'categories_type', '3'),
(6312, 257, 4887, 195, NULL, 'no_logo', '1'),
(6313, 257, 4888, 196, NULL, 'simple_cart', '1'),
(6314, 257, 4889, 197, NULL, 'simple_search', '1'),
(6315, 258, 4891, 197, NULL, 'simple_search', '1'),
(6316, 258, 4895, 195, NULL, 'no_logo', '1'),
(6317, 258, 4897, 17, 21, 'categories_type', '3'),
(6318, 258, 4898, 196, NULL, 'simple_cart', '1'),
(6319, 258, 4899, 92, 134, 'currency_selection', '1'),
(6320, 258, 4899, 198, NULL, 'simple_currency', '1'),
(6321, 259, 4900, 197, NULL, 'simple_search', '1'),
(6322, 259, 4904, 195, NULL, 'no_logo', '1'),
(6323, 259, 4906, 196, NULL, 'simple_cart', '1'),
(6324, 259, 4907, 92, 134, 'currency_selection', '1'),
(6325, 259, 4907, 198, NULL, 'simple_currency', '1'),
(6326, 259, 4908, 17, 21, 'categories_type', '3'),
(6327, 260, 4909, 196, NULL, 'simple_cart', '1'),
(6328, 260, 4910, 17, 21, 'categories_type', '3'),
(6329, 260, 4913, 92, 134, 'currency_selection', '1'),
(6330, 260, 4913, 198, NULL, 'simple_currency', '1'),
(6331, 260, 4915, 197, NULL, 'simple_search', '1'),
(6332, 260, 4916, 195, NULL, 'no_logo', '1'),
(6333, 261, 4918, 196, NULL, 'simple_cart', '1'),
(6334, 261, 4919, 17, 21, 'categories_type', '3'),
(6335, 261, 4922, 92, 134, 'currency_selection', '1'),
(6336, 261, 4922, 198, NULL, 'simple_currency', '1'),
(6337, 261, 4924, 197, NULL, 'simple_search', '1'),
(6338, 261, 4925, 195, NULL, 'no_logo', '1'),
(6533, 195, 5018, 68, 86, 'recent_image', '1'),
(6532, 195, 5018, 67, NULL, 'products_recent_cols', '1'),
(6531, 195, 5018, 66, NULL, 'products_recent_records', '5'),
(6530, 195, 5018, 69, 89, 'recent_desc', '0'),
(12701, 39, 9760, 11, NULL, 'products_sortings', '1'),
(9748, 50, 7393, 17, 21, 'categories_type', '3'),
(11155, 48, 8752, 37, NULL, 'merchant_info_member', '1'),
(11153, 48, 8752, 34, NULL, 'merchant_info_nick', '1'),
(11151, 48, 8750, 17, 21, 'categories_type', '3'),
(9772, 98, 7416, 68, 86, 'recent_image', '1'),
(9771, 98, 7416, 67, NULL, 'products_recent_cols', '1'),
(9770, 98, 7416, 66, NULL, 'products_recent_records', '5'),
(9800, 41, 7449, 25, 43, 'manufacturers_selection', '1'),
(9799, 41, 7448, 17, 21, 'categories_type', '3'),
(9798, 41, 7448, 19, NULL, 'categories_subs', NULL),
(9797, 41, 7448, 20, 23, 'categories_image', '1'),
(9796, 41, 7448, 18, NULL, 'categories_columns', NULL),
(12702, 39, 9760, 12, NULL, 'products_group_by_cats', '1'),
(12720, 53, 9770, 17, 21, 'categories_type', '3'),
(12357, 38, 9523, 92, 134, 'currency_selection', '1'),
(9841, 267, 7473, 17, 21, 'categories_type', '3'),
(12686, 268, 9747, 64, 78, 'prod_latest_desc', '1'),
(12685, 268, 9747, 63, 74, 'prod_latest_image', '1'),
(12684, 268, 9747, 62, NULL, 'products_latest_cols', '1'),
(12682, 268, 9746, 210, NULL, 'viewer_toggle_nav', '1'),
(12683, 268, 9747, 61, NULL, 'products_latest_recs', '5'),
(12681, 268, 9746, 13, 11, 'products_default_view', 'grid'),
(12680, 268, 9746, 8, NULL, 'products_nav_first_last', '1'),
(12679, 268, 9746, 11, NULL, 'products_sortings', '1'),
(12678, 268, 9746, 9, NULL, 'products_nav_prev_next', '1'),
(9850, 37, 7484, 66, NULL, 'products_recent_records', '5'),
(9849, 37, 7484, 67, NULL, 'products_recent_cols', '1'),
(9848, 37, 7484, 68, 86, 'recent_image', '1'),
(9845, 37, 7483, 61, NULL, 'products_latest_recs', '5'),
(9846, 37, 7483, 62, NULL, 'products_latest_cols', '1'),
(9847, 37, 7484, 69, 90, 'recent_desc', '1'),
(9844, 37, 7483, 63, 74, 'prod_latest_image', '1'),
(9843, 37, 7483, 64, 78, 'prod_latest_desc', '1'),
(9842, 37, 7480, 17, 21, 'categories_type', '3'),
(12359, 38, 9524, 1, 1, 'language_selection', '1'),
(12358, 38, 9524, 199, NULL, 'simple_language', '1'),
(12356, 38, 9523, 198, NULL, 'simple_currency', '1'),
(12355, 38, 9521, 102, NULL, 'articles_related_columns', '1'),
(12354, 38, 9521, 103, 155, 'articles_related_image', '2'),
(12353, 38, 9521, 104, 160, 'articles_related_desc', '3'),
(12352, 38, 9521, 105, 161, 'articles_related_date', '0'),
(12351, 38, 9520, 61, NULL, 'products_latest_recs', '2'),
(12350, 38, 9520, 62, NULL, 'products_latest_cols', '1'),
(12349, 38, 9520, 65, 83, 'prod_latest_order', '1'),
(12348, 38, 9520, 64, 77, 'prod_latest_desc', '0'),
(12347, 38, 9520, 63, 75, 'prod_latest_image', '2'),
(12346, 38, 9518, 16, 17, 'show_manufacturer_image', '2'),
(12345, 38, 9518, 14, 12, 'use_tabs', '1'),
(12344, 38, 9516, 25, 43, 'manufacturers_selection', '1'),
(12343, 38, 9516, 26, 46, 'manufacturers_image', '2'),
(12342, 38, 9515, 17, 21, 'categories_type', '3'),
(12341, 38, 9515, 20, 23, 'categories_image', '1'),
(12926, 17, 9912, 62, NULL, 'products_latest_cols', '1'),
(12925, 17, 9911, 66, NULL, 'products_recent_records', '2'),
(12700, 39, 9760, 13, 10, 'products_default_view', 'table'),
(12924, 17, 9911, 67, NULL, 'products_recent_cols', '1'),
(9868, 40, 7515, 17, 21, 'categories_type', '3'),
(9867, 52, 7510, 80, 110, 'top_viewed_desc', '1'),
(9866, 52, 7510, 79, 107, 'top_viewed_image', '2'),
(9865, 52, 7510, 78, NULL, 'prod_top_viewed_cols', '1'),
(9864, 52, 7510, 77, NULL, 'prod_top_viewed_recs', '5'),
(9863, 52, 7509, 99, NULL, 'wl_recs', '10'),
(9862, 52, 7509, 100, 151, 'wl_image', '1'),
(9861, 52, 7508, 17, 21, 'categories_type', '3'),
(12677, 268, 9746, 10, NULL, 'products_nav_pages', '5'),
(12676, 268, 9746, 7, 5, 'products_nav_type', '1'),
(9989, 89, 7954, 17, 21, 'categories_type', '3'),
(9988, 88, 7943, 17, 21, 'categories_type', '3'),
(9990, 90, 7959, 17, 21, 'categories_type', '3'),
(9992, 91, 7975, 17, 21, 'categories_type', '3'),
(9968, 69, 7791, 17, 21, 'categories_type', '3'),
(9981, 81, 7890, 17, 21, 'categories_type', '3'),
(9980, 80, 7879, 17, 21, 'categories_type', '3'),
(9982, 82, 7895, 17, 21, 'categories_type', '3'),
(9983, 83, 7903, 17, 21, 'categories_type', '3'),
(9984, 84, 7911, 17, 21, 'categories_type', '3'),
(9985, 85, 7919, 17, 21, 'categories_type', '3'),
(9978, 78, 7863, 17, 21, 'categories_type', '3'),
(9979, 79, 7871, 17, 21, 'categories_type', '3'),
(9690, 43, 7287, 198, NULL, 'simple_currency', '1'),
(12675, 268, 9746, 6, NULL, 'products_columns', '2'),
(12674, 268, 9746, 5, NULL, 'products_per_page', '10'),
(12673, 268, 9745, 174, NULL, 'filter_values_limit', '10'),
(12672, 268, 9743, 25, 43, 'manufacturers_selection', '1'),
(12671, 268, 9743, 26, 46, 'manufacturers_image', '2'),
(12670, 268, 9742, 17, 21, 'categories_type', '3'),
(12699, 39, 9760, 185, 248, 'category_desc', '0'),
(12698, 39, 9760, 210, NULL, 'viewer_toggle_nav', '1'),
(12697, 39, 9759, 174, NULL, 'filter_values_limit', '10'),
(12696, 39, 9757, 25, 43, 'manufacturers_selection', '1'),
(12695, 39, 9757, 26, 46, 'manufacturers_image', '2'),
(12694, 39, 9756, 17, 21, 'categories_type', '3'),
(12692, 268, 9751, 1, 1, 'language_selection', '1'),
(12693, 268, 9751, 199, NULL, 'simple_language', '1'),
(12719, 39, 9765, 1, 1, 'language_selection', '1'),
(12741, 53, 9779, 133, 195, 'articles_latest_group_by', '2'),
(12742, 53, 9781, 92, 134, 'currency_selection', '1'),
(12743, 53, 9781, 198, NULL, 'simple_currency', '1'),
(12744, 53, 9782, 199, NULL, 'simple_language', '1'),
(12745, 53, 9782, 1, 1, 'language_selection', '1'),
(12753, 102, 9796, 17, 21, 'categories_type', '3'),
(12923, 17, 9911, 68, 87, 'recent_image', '2'),
(12922, 17, 9910, 182, NULL, 'basket_prod_recom_recs', '4'),
(12921, 17, 9910, 183, NULL, 'basket_prod_recom_cols', '2'),
(12920, 17, 9909, 23, 34, 'image_type', '1'),
(12919, 17, 9908, 20, 23, 'categories_image', '1'),
(12918, 17, 9908, 17, 21, 'categories_type', '3'),
(12917, 17, 9908, 19, NULL, 'categories_subs', NULL),
(12916, 17, 9908, 18, NULL, 'categories_columns', NULL);

CREATE TABLE `va_cms_blocks_values` (
  `value_id` int(11) NOT NULL AUTO_INCREMENT,
  `property_id` int(11) DEFAULT '0',
  `value_order` int(11) DEFAULT '1',
  `value_name` varchar(255) DEFAULT NULL,
  `variable_name` varchar(64) DEFAULT NULL,
  `variable_value` varchar(255) DEFAULT NULL,
  `hide_value` tinyint(4) DEFAULT '0',
  `is_default_value` tinyint(4) DEFAULT '0',
  PRIMARY KEY (`value_id`)
) ENGINE=MyISAM  DEFAULT CHARSET=utf8 AUTO_INCREMENT=277 ;

INSERT INTO `va_cms_blocks_values` (`value_id`, `property_id`, `value_order`, `value_name`, `variable_name`, `variable_value`, `hide_value`, `is_default_value`) VALUES
(1, 1, 1, 'SHOW_IMAGES_LANGUAGE_MSG', NULL, '1', 0, 1),
(2, 1, 2, 'SHOW_LISTBOX_LANGUAGE_MSG', NULL, '2', 0, 0),
(3, 2, 1, 'SHOW_DESIGNS_PER_ROW_MSG', NULL, '1', 0, 1),
(4, 2, 2, 'USE_LISTBOX_DESIGNS_MSG', NULL, '2', 0, 0),
(5, 7, 1, 'SIMPLE_CURRENT_PAGE_ONLY_MSG', NULL, '1', 0, 1),
(6, 7, 2, 'CURRENT_PAGE_SHOWN_MSG', NULL, '2', 0, 0),
(7, 7, 3, 'NAVIGATOR_SPLITS_MSG', NULL, '3', 0, 0),
(8, 7, 4, 'SHOWS_LINKS_PAGES_MSG', NULL, '4', 0, 0),
(9, 13, 1, 'DETAILED_LISTING_MSG', NULL, 'list', 0, 1),
(10, 13, 2, 'TABLE_VIEW_MSG', NULL, 'table', 0, 0),
(11, 13, 3, 'GRID_MSG', NULL, 'grid', 0, 0),
(12, 14, 1, 'ON_DIFFERENT_PAGES_MSG', NULL, '1', 0, 1),
(13, 14, 2, 'ON_ONE_PAGE_MSG', NULL, '0', 0, 0),
(14, 15, 1, 'SUPER_IMAGE_ON_CLICK_MSG', NULL, '0', 0, 1),
(15, 15, 2, 'SUPER_IMAGE_ON_MOVE_MSG', NULL, '1', 0, 0),
(16, 16, 1, 'DONT_SHOW_IMAGE_MSG', NULL, '0', 0, 0),
(17, 16, 2, 'IMAGE_SMALL_MSG', NULL, '2', 0, 0),
(18, 16, 3, 'IMAGE_LARGE_MSG', NULL, '3', 0, 0),
(19, 17, 1, 'ONELEVEL_LIST_MSG', NULL, '1', 0, 1),
(20, 17, 2, 'TWOLEVEL_LIST_MSG', NULL, '2', 0, 0),
(21, 17, 3, 'MULTILEVEL_LIST_MSG', NULL, '3', 0, 0),
(22, 17, 4, 'TREETYPE_STRUCTURE_MSG', NULL, '4', 0, 0),
(23, 20, 1, 'DEFAULT_IMAGE_MSG', NULL, '1', 0, 0),
(24, 20, 2, 'IMAGE_SMALL_MSG', NULL, '2', 0, 0),
(25, 20, 3, 'IMAGE_LARGE_MSG', NULL, '3', 0, 0),
(26, 21, 1, 'DONT_SHOW_IMAGE_MSG', NULL, '0', 0, 0),
(27, 21, 2, 'IMAGE_SMALL_MSG', NULL, '2', 0, 0),
(28, 21, 3, 'IMAGE_LARGE_MSG', NULL, '3', 0, 1),
(29, 22, 1, 'DONT_SHOW_DESC_MSG', NULL, '0', 0, 0),
(30, 22, 2, 'SHORT_DESCRIPTION_MSG', NULL, '1', 0, 0),
(31, 22, 3, 'FULL_DESCRIPTION_MSG', NULL, '2', 0, 1),
(32, 17, 5, 'CHAINED_MENU_TITLE', NULL, '5', 0, 0),
(33, 23, 1, 'DONT_SHOW_IMAGE_MSG', NULL, '0', 0, 0),
(34, 23, 2, 'IMAGE_TINY_MSG', NULL, '1', 0, 0),
(35, 23, 3, 'IMAGE_SMALL_MSG', NULL, '2', 0, 0),
(36, 23, 4, 'IMAGE_LARGE_MSG', NULL, '3', 0, 0),
(43, 25, 1, 'SHOW_MANUFACTURERS_MSG', NULL, '1', 0, 1),
(44, 25, 2, 'USE_LISTBOX_MANUFACTURERS_MSG', NULL, '2', 0, 0),
(45, 26, 1, 'DONT_SHOW_IMAGE_MSG', NULL, '0', 0, 0),
(46, 26, 2, 'IMAGE_SMALL_MSG', NULL, '2', 0, 0),
(47, 26, 3, 'IMAGE_LARGE_MSG', NULL, '3', 0, 0),
(48, 27, 1, 'DONT_SHOW_DESC_MSG', NULL, '0', 0, 0),
(49, 27, 2, 'SHORT_DESCRIPTION_MSG', NULL, '1', 0, 0),
(50, 27, 3, 'FULL_DESCRIPTION_MSG', NULL, '2', 0, 0),
(51, 28, 1, 'MANUFACTURER_NAME_MSG', NULL, '1', 0, 0),
(52, 28, 2, 'MANUFACTURER_ORDER_MSG', NULL, '2', 0, 0),
(53, 29, 1, 'ASC_MSG', NULL, '1', 0, 0),
(54, 29, 2, 'DESC_MSG', NULL, '2', 0, 0),
(55, 30, 1, 'DONT_SHOW_IMAGE_MSG', NULL, '0', 0, 0),
(56, 30, 2, 'IMAGE_SMALL_MSG', NULL, '2', 0, 0),
(57, 30, 3, 'IMAGE_LARGE_MSG', NULL, '3', 0, 1),
(58, 31, 1, 'DONT_SHOW_DESC_MSG', NULL, '0', 0, 0),
(59, 31, 2, 'SHORT_DESCRIPTION_MSG', NULL, '1', 0, 0),
(60, 31, 3, 'FULL_DESCRIPTION_MSG', NULL, '2', 0, 1),
(61, 32, 1, 'SHOW_MERCHANTS_PER_ROW_MSG', NULL, '1', 0, 1),
(62, 32, 2, 'USE_LISTBOX_MERCHANTS_MSG', NULL, '2', 0, 0),
(63, 39, 1, 'DONT_SHOW_DESC_MSG', NULL, '0', 0, 0),
(64, 39, 2, 'SHORT_DESCRIPTION_MSG', NULL, '1', 0, 0),
(65, 39, 3, 'FULL_DESCRIPTION_MSG', NULL, '2', 0, 1),
(66, 49, 1, 'NONE_MSG', NULL, 'NONE', 0, 1),
(67, 49, 2, 'LABEL_MSG', NULL, 'LABEL', 0, 0),
(68, 49, 3, 'LISTBOX_MSG', NULL, 'LISTBOX', 0, 0),
(69, 49, 4, 'TEXTBOX_MSG', NULL, 'TEXTBOX', 0, 0),
(70, 50, 1, 'NONE_MSG', NULL, '0', 0, 0),
(71, 50, 2, 'VERTICAL_SLIDER_MSG', NULL, '1', 0, 0),
(72, 50, 3, 'HORIZONTAL_SLIDER_MSG', NULL, '2', 0, 0),
(73, 63, 1, 'DONT_SHOW_IMAGE_MSG', NULL, '0', 0, 1),
(74, 63, 2, 'IMAGE_TINY_MSG', NULL, '1', 0, 0),
(75, 63, 3, 'IMAGE_SMALL_MSG', NULL, '2', 0, 0),
(76, 63, 4, 'IMAGE_LARGE_MSG', NULL, '3', 0, 0),
(77, 64, 1, 'DONT_SHOW_DESC_MSG', NULL, '0', 0, 0),
(78, 64, 2, 'SHORT_DESCRIPTION_MSG', NULL, '1', 0, 0),
(79, 64, 3, 'FULL_DESCRIPTION_MSG', NULL, '2', 0, 0),
(80, 64, 4, 'HIGHLIGHTS_MSG', NULL, '3', 0, 0),
(81, 64, 5, 'SPECIAL_OFFER_MSG', NULL, '4', 0, 0),
(82, 65, 1, 'PROD_ISSUE_DATE_MSG', NULL, '0', 0, 0),
(83, 65, 2, 'DATE_ADDED_MSG', NULL, '1', 0, 0),
(84, 65, 3, 'DATE_MODIFIED_MSG', NULL, '2', 0, 0),
(85, 68, 1, 'DONT_SHOW_IMAGE_MSG', NULL, '0', 0, 1),
(86, 68, 2, 'IMAGE_TINY_MSG', NULL, '1', 0, 0),
(87, 68, 3, 'IMAGE_SMALL_MSG', NULL, '2', 0, 0),
(88, 68, 4, 'IMAGE_LARGE_MSG', NULL, '3', 0, 0),
(89, 69, 1, 'DONT_SHOW_DESC_MSG', NULL, '0', 0, 0),
(90, 69, 2, 'SHORT_DESCRIPTION_MSG', NULL, '1', 0, 0),
(91, 69, 3, 'FULL_DESCRIPTION_MSG', NULL, '2', 0, 0),
(92, 69, 4, 'HIGHLIGHTS_MSG', NULL, '3', 0, 0),
(93, 69, 5, 'SPECIAL_OFFER_MSG', NULL, '4', 0, 0),
(94, 74, 1, 'ANY_STATUS_MSG', NULL, 'ANY', 0, 0),
(95, 74, 2, 'ANY_PAID_STATUS_MSG', NULL, 'PAID', 0, 0),
(96, 75, 1, 'DONT_SHOW_IMAGE_MSG', NULL, '0', 0, 1),
(97, 75, 2, 'IMAGE_TINY_MSG', NULL, '1', 0, 0),
(98, 75, 3, 'IMAGE_SMALL_MSG', NULL, '2', 0, 0),
(99, 75, 4, 'IMAGE_LARGE_MSG', NULL, '3', 0, 0),
(100, 76, 1, 'DONT_SHOW_DESC_MSG', NULL, '0', 0, 0),
(101, 76, 2, 'SHORT_DESCRIPTION_MSG', NULL, '1', 0, 0),
(102, 76, 3, 'FULL_DESCRIPTION_MSG', NULL, '2', 0, 0),
(103, 76, 4, 'HIGHLIGHTS_MSG', NULL, '3', 0, 0),
(104, 76, 5, 'SPECIAL_OFFER_MSG', NULL, '4', 0, 0),
(105, 79, 1, 'DONT_SHOW_IMAGE_MSG', NULL, '0', 0, 0),
(106, 79, 2, 'IMAGE_TINY_MSG', NULL, '1', 0, 0),
(107, 79, 3, 'IMAGE_SMALL_MSG', NULL, '2', 0, 0),
(108, 79, 4, 'IMAGE_LARGE_MSG', NULL, '3', 0, 0),
(109, 80, 1, 'DONT_SHOW_DESC_MSG', NULL, '0', 0, 0),
(110, 80, 2, 'SHORT_DESCRIPTION_MSG', NULL, '1', 0, 0),
(111, 80, 3, 'FULL_DESCRIPTION_MSG', NULL, '2', 0, 0),
(112, 80, 4, 'HIGHLIGHTS_MSG', NULL, '3', 0, 0),
(113, 80, 5, 'SPECIAL_OFFER_MSG', NULL, '4', 0, 0),
(114, 82, 1, 'DONT_SHOW_IMAGE_MSG', NULL, '0', 0, 0),
(115, 82, 2, 'IMAGE_TINY_MSG', NULL, '1', 0, 0),
(116, 82, 3, 'IMAGE_SMALL_MSG', NULL, '2', 0, 0),
(117, 82, 4, 'IMAGE_LARGE_MSG', NULL, '3', 0, 0),
(118, 83, 1, 'DONT_SHOW_DESC_MSG', NULL, '0', 0, 1),
(119, 83, 2, 'SHORT_DESCRIPTION_MSG', NULL, '1', 0, 0),
(120, 83, 3, 'FULL_DESCRIPTION_MSG', NULL, '2', 0, 0),
(121, 83, 4, 'HIGHLIGHTS_MSG', NULL, '3', 0, 0),
(122, 83, 5, 'SPECIAL_OFFER_MSG', NULL, '4', 0, 0),
(123, 89, 1, 'ANY_STATUS_MSG', NULL, 'ANY', 0, 0),
(124, 89, 2, 'ANY_PAID_STATUS_MSG', NULL, 'PAID', 0, 1),
(125, 90, 1, 'DONT_SHOW_IMAGE_MSG', NULL, '0', 0, 0),
(126, 90, 2, 'IMAGE_TINY_MSG', NULL, '1', 0, 0),
(127, 90, 3, 'IMAGE_SMALL_MSG', NULL, '2', 0, 0),
(128, 90, 4, 'IMAGE_LARGE_MSG', NULL, '3', 0, 0),
(129, 91, 1, 'DONT_SHOW_DESC_MSG', NULL, '0', 0, 0),
(130, 91, 2, 'SHORT_DESCRIPTION_MSG', NULL, '1', 0, 0),
(131, 91, 3, 'FULL_DESCRIPTION_MSG', NULL, '2', 0, 0),
(132, 91, 4, 'HIGHLIGHTS_MSG', NULL, '3', 0, 0),
(133, 91, 5, 'SPECIAL_OFFER_MSG', NULL, '4', 0, 0),
(134, 92, 1, 'SHOW_IMAGES_CURRENCY_MSG', NULL, '1', 0, 1),
(135, 92, 2, 'SHOW_LISTBOX_CURRENCY_MSG', NULL, '2', 0, 0),
(136, 96, 1, 'ANY_STATUS_MSG', NULL, 'ANY', 0, 0),
(137, 96, 2, 'ANY_PAID_STATUS_MSG', NULL, 'PAID', 0, 1),
(138, 97, 1, 'ALL_USERS_INCLUDING_UNREGISTERED_MSG', NULL, 'ALL', 0, 1),
(139, 97, 2, 'UNREGISTERED_USER_ONLY_MSG', NULL, 'NON', 0, 0),
(140, 97, 3, 'ANY_REGISTERED_USERS_MSG', NULL, 'REG', 0, 0),
(141, 98, 1, 'FIRST_NAME_FIELD', 'users_bought_item_fn', '1', 0, 0),
(142, 98, 2, 'LAST_NAME_FIELD', 'users_bought_item_ln', '1', 0, 0),
(143, 98, 3, 'NAME_MSG', 'users_bought_item_name', '1', 0, 0),
(144, 98, 4, 'NICKNAME_FIELD', 'users_bought_item_nickname', '1', 0, 0),
(145, 98, 5, 'COMPANY_NAME_FIELD', 'users_bought_item_cn', '1', 0, 0),
(146, 98, 6, 'EMAIL_FIELD', 'users_bought_item_email', '1', 0, 0),
(147, 98, 7, 'COUNTRY_FIELD', 'users_bought_item_country', '1', 0, 0),
(148, 98, 8, 'STATE_FIELD', 'users_bought_item_state', '1', 0, 0),
(149, 98, 9, 'DATE_OF_PURCHASE_MSG', 'users_bought_item_od', '1', 0, 0),
(150, 100, 1, 'DONT_SHOW_IMAGE_MSG', NULL, '0', 0, 0),
(151, 100, 2, 'IMAGE_TINY_MSG', NULL, '1', 0, 1),
(152, 100, 3, 'IMAGE_SMALL_MSG', NULL, '2', 0, 0),
(153, 100, 4, 'IMAGE_LARGE_MSG', NULL, '3', 0, 0),
(154, 103, 1, 'DONT_SHOW_IMAGE_MSG', NULL, '0', 0, 1),
(155, 103, 2, 'IMAGE_SMALL_MSG', NULL, '2', 0, 0),
(156, 103, 3, 'IMAGE_LARGE_MSG', NULL, '3', 0, 0),
(157, 104, 1, 'DONT_SHOW_DESC_MSG', NULL, '0', 0, 1),
(158, 104, 2, 'SHORT_DESCRIPTION_MSG', NULL, '1', 0, 0),
(159, 104, 3, 'FULL_DESCRIPTION_MSG', NULL, '2', 0, 0),
(160, 104, 4, 'HOT_DESCRIPTION_MSG', NULL, '3', 0, 0),
(161, 105, 1, 'DONT_SHOW_MSG', NULL, '0', 0, 0),
(162, 105, 2, 'DATE_MSG', NULL, '1', 0, 0),
(163, 105, 3, 'DATE_END_MSG', NULL, '2', 0, 0),
(164, 108, 1, 'DONT_SHOW_DESC_MSG', NULL, '0', 0, 0),
(165, 108, 2, 'FULL_DESCRIPTION_MSG', NULL, '2', 0, 0),
(166, 108, 3, 'LAST_POST_ADDED_MSG', NULL, '3', 0, 0),
(167, 112, 1, 'ONELEVEL_LIST_MSG', NULL, '1', 0, 1),
(168, 112, 2, 'TWOLEVEL_LIST_MSG', NULL, '2', 0, 0),
(169, 112, 3, 'MULTILEVEL_LIST_MSG', NULL, '3', 0, 0),
(170, 112, 4, 'TREETYPE_STRUCTURE_MSG', NULL, '4', 0, 0),
(171, 115, 1, 'DEFAULT_IMAGE_MSG', NULL, '1', 0, 1),
(172, 115, 2, 'IMAGE_SMALL_MSG', NULL, '2', 0, 0),
(173, 115, 3, 'IMAGE_LARGE_MSG', NULL, '3', 0, 0),
(174, 116, 1, 'DONT_SHOW_IMAGE_MSG', NULL, '0', 0, 0),
(175, 116, 2, 'IMAGE_SMALL_MSG', NULL, '2', 0, 0),
(176, 116, 3, 'IMAGE_LARGE_MSG', NULL, '3', 0, 1),
(177, 117, 1, 'DONT_SHOW_DESC_MSG', NULL, '0', 0, 0),
(178, 117, 2, 'SHORT_DESCRIPTION_MSG', NULL, '1', 0, 0),
(179, 117, 3, 'FULL_DESCRIPTION_MSG', NULL, '2', 0, 1),
(180, 122, 1, 'DONT_SHOW_IMAGE_MSG', NULL, '0', 0, 1),
(181, 122, 2, 'IMAGE_SMALL_MSG', NULL, '2', 0, 0),
(182, 122, 3, 'IMAGE_LARGE_MSG', NULL, '3', 0, 0),
(183, 123, 1, 'DONT_SHOW_DESC_MSG', NULL, '0', 0, 1),
(184, 123, 2, 'SHORT_DESCRIPTION_MSG', NULL, '1', 0, 0),
(185, 123, 3, 'FULL_DESCRIPTION_MSG', NULL, '2', 0, 0),
(186, 123, 4, 'HOT_DESCRIPTION_MSG', NULL, '3', 0, 0),
(187, 124, 1, 'DONT_SHOW_MSG', NULL, '0', 0, 1),
(188, 124, 2, 'DATE_MSG', NULL, '1', 0, 0),
(189, 124, 3, 'DATE_END_MSG', NULL, '2', 0, 0),
(190, 127, 1, 'DONT_SHOW_DESC_MSG', NULL, '0', 0, 1),
(191, 127, 2, 'FULL_DESCRIPTION_MSG', NULL, '2', 0, 0),
(192, 127, 3, 'LAST_POST_ADDED_MSG', NULL, '3', 0, 0),
(193, 133, 1, 'NO_GROUPING_MSG', NULL, '0', 0, 1),
(194, 133, 2, 'TOP_CATEGORIES_ONLY_MSG', NULL, '1', 0, 0),
(195, 133, 3, 'ALL_AVAILABLE_CATEGORIES_MSG', NULL, '2', 0, 0),
(196, 133, 4, 'SELECTED_CATEGORIES_MSG', NULL, '3', 0, 0),
(197, 138, 1, 'DONT_SHOW_IMAGE_MSG', NULL, '0', 0, 1),
(198, 138, 2, 'IMAGE_SMALL_MSG', NULL, '2', 0, 0),
(199, 138, 3, 'IMAGE_LARGE_MSG', NULL, '3', 0, 0),
(200, 139, 1, 'DONT_SHOW_DESC_MSG', NULL, '0', 0, 0),
(201, 139, 2, 'SHORT_DESCRIPTION_MSG', NULL, '1', 0, 1),
(202, 139, 3, 'FULL_DESCRIPTION_MSG', NULL, '2', 0, 0),
(203, 139, 4, 'HOT_DESCRIPTION_MSG', NULL, '3', 0, 0),
(204, 143, 1, 'DONT_SHOW_IMAGE_MSG', NULL, '0', 0, 0),
(205, 143, 2, 'IMAGE_SMALL_MSG', NULL, '2', 0, 0),
(206, 143, 3, 'IMAGE_LARGE_MSG', NULL, '3', 0, 1),
(207, 144, 1, 'DONT_SHOW_DESC_MSG', NULL, '0', 0, 0),
(208, 144, 2, 'FULL_DESCRIPTION_MSG', NULL, '2', 0, 1),
(209, 144, 3, 'LAST_POST_ADDED_MSG', NULL, '3', 0, 0),
(210, 151, 1, 'DONT_SHOW_IMAGE_MSG', NULL, '0', 0, 1),
(211, 151, 2, 'IMAGE_SMALL_MSG', NULL, '2', 0, 0),
(212, 151, 3, 'IMAGE_LARGE_MSG', NULL, '3', 0, 0),
(213, 152, 1, 'DONT_SHOW_DESC_MSG', NULL, '0', 0, 1),
(214, 152, 2, 'SHORT_DESCRIPTION_MSG', NULL, '1', 0, 0),
(215, 152, 3, 'FULL_DESCRIPTION_MSG', NULL, '2', 0, 0),
(216, 152, 4, 'HOT_DESCRIPTION_MSG', NULL, '3', 0, 0),
(217, 153, 1, 'DONT_SHOW_MSG', NULL, '0', 0, 1),
(218, 153, 2, 'DATE_MSG', NULL, '1', 0, 0),
(219, 153, 3, 'DATE_END_MSG', NULL, '2', 0, 0),
(220, 156, 1, 'ONELEVEL_LIST_MSG', NULL, '1', 0, 1),
(221, 156, 2, 'TWOLEVEL_LIST_MSG', NULL, '2', 0, 0),
(222, 156, 3, 'MULTILEVEL_LIST_MSG', NULL, '3', 0, 0),
(223, 156, 4, 'TREETYPE_STRUCTURE_MSG', NULL, '4', 0, 0),
(224, 159, 1, 'DEFAULT_IMAGE_MSG', NULL, '1', 0, 1),
(225, 159, 2, 'IMAGE_SMALL_MSG', NULL, '2', 0, 0),
(226, 159, 3, 'IMAGE_LARGE_MSG', NULL, '3', 0, 0),
(227, 160, 1, 'DONT_SHOW_IMAGE_MSG', NULL, '0', 0, 0),
(228, 160, 2, 'IMAGE_SMALL_MSG', NULL, '2', 0, 0),
(229, 160, 3, 'IMAGE_LARGE_MSG', NULL, '3', 0, 1),
(230, 161, 1, 'DONT_SHOW_DESC_MSG', NULL, '0', 0, 0),
(231, 161, 2, 'SHORT_DESCRIPTION_MSG', NULL, '1', 0, 0),
(232, 161, 3, 'FULL_DESCRIPTION_MSG', NULL, '2', 0, 1),
(233, 164, 1, 'ON_DIFFERENT_PAGES_MSG', NULL, '1', 0, 1),
(234, 164, 2, 'ON_ONE_PAGE_MSG', NULL, '0', 0, 0),
(235, 176, 1, 'ALL_USERS_INCLUDING_UNREGISTERED_MSG', NULL, 'ALL', 0, 0),
(236, 176, 2, 'NON_REGISTERED_USERS_MSG', NULL, 'NON', 0, 0),
(237, 176, 3, 'ANY_REGISTERED_USERS_MSG', NULL, 'ANY', 0, 0),
(238, 177, 1, '---', NULL, NULL, 0, 0),
(239, 177, 2, 'ANY_REGISTERED_ADMIN_MSG', NULL, 'ANY', 0, 0),
(240, 181, 1, 'ALL_MSG', NULL, '0', 0, 0),
(241, 181, 2, '1', NULL, '1', 0, 0),
(242, 181, 3, '2', NULL, '2', 0, 1),
(243, 181, 4, '3', NULL, '3', 0, 0),
(244, 181, 5, '4', NULL, '4', 0, 0),
(245, 181, 6, '5', NULL, '5', 0, 0),
(246, 181, 7, '6', NULL, '6', 0, 0),
(247, 181, 8, '7', NULL, '7', 0, 0),
(248, 185, 1, 'DONT_SHOW_DESC_MSG', NULL, '0', 0, 1),
(249, 185, 2, 'SHORT_DESCRIPTION_MSG', NULL, '1', 0, 0),
(250, 185, 3, 'FULL_DESCRIPTION_MSG', NULL, '2', 0, 0),
(251, 187, 1, 'DONT_SHOW_IMAGE_MSG', NULL, '0', 0, 0),
(252, 187, 2, 'IMAGE_SMALL_MSG', NULL, '2', 0, 0),
(253, 187, 3, 'IMAGE_LARGE_MSG', NULL, '3', 0, 1),
(254, 188, 1, 'DONT_SHOW_DESC_MSG', NULL, '0', 0, 1),
(255, 188, 2, 'SHORT_DESCRIPTION_MSG', NULL, '1', 0, 0),
(256, 188, 3, 'FULL_DESCRIPTION_MSG', NULL, '2', 0, 0),
(257, 188, 4, 'HIGHLIGHTS_MSG', NULL, '3', 0, 0),
(258, 188, 5, 'SPECIAL_OFFER_MSG', NULL, '4', 0, 0),
(259, 15, 3, 'SUPER_IMAGE_IN_ZOOM_BOX_MSG', NULL, '2', 0, 0),
(260, 192, 1, 'NONE_MSG', NULL, '0', 0, 0),
(261, 192, 2, 'VERTICAL_SLIDER_MSG', NULL, '1', 0, 0),
(262, 192, 3, 'HORIZONTAL_SLIDER_MSG', NULL, '2', 0, 0),
(263, 200, 2, '{VERTICAL_SLIDER_MSG} ({UP_MSG})', NULL, '1', 0, 0),
(264, 200, 4, '{HORIZONTAL_SLIDER_MSG} ({LEFT_MSG})', NULL, '2', 0, 0),
(265, 200, 3, '{VERTICAL_SLIDER_MSG} ({DOWN_MSG})', NULL, '3', 0, 0),
(266, 200, 5, '{HORIZONTAL_SLIDER_MSG} ({RIGHT_MSG})', NULL, '4', 0, 0),
(267, 200, 1, 'SLIDESHOW_MSG', NULL, '5', 0, 1),
(268, 203, 1, 'DEFAULT_VIEW_MSG', NULL, '1', 0, 1),
(269, 203, 2, 'CONTENT_AND_BORDERS_MSG', NULL, '2', 0, 0),
(270, 203, 3, 'CONTENT_ONLY_MSG', NULL, '3', 0, 0),
(276, 17, 6, 'AJAX_TREE_TYPE_MSG', NULL, '6', 0, 0);

CREATE TABLE `va_cms_frames` (
  `frame_id` int(11) NOT NULL AUTO_INCREMENT,
  `layout_id` int(11) DEFAULT '0',
  `frame_name` varchar(128) DEFAULT NULL,
  `tag_name` varchar(128) DEFAULT NULL,
  PRIMARY KEY (`frame_id`)
) ENGINE=MyISAM  DEFAULT CHARSET=utf8 AUTO_INCREMENT=44 ;

INSERT INTO `va_cms_frames` (`frame_id`, `layout_id`, `frame_name`, `tag_name`) VALUES
(1, 1, 'HEADER_MSG', 'header'),
(2, 1, 'LEFT_COLUMN_MSG', 'left'),
(3, 1, 'MIDDLE_COLUMN_MSG', 'middle'),
(4, 1, 'RIGHT_COLUMN_MSG', 'right'),
(5, 1, 'FOOTER_MSG', 'footer'),
(6, 2, 'HEADER_MSG', 'header'),
(7, 2, 'LEFT_COLUMN_MSG', 'left'),
(8, 2, 'MIDDLE_COLUMN_MSG', 'middle'),
(9, 2, 'FOOTER_MSG', 'footer'),
(10, 3, 'HEADER_MSG', 'header'),
(11, 3, 'MIDDLE_COLUMN_MSG', 'middle'),
(12, 3, 'FOOTER_MSG', 'footer'),
(13, 4, 'HEADER_MSG', 'header'),
(14, 4, 'HOT_TITLE', 'hot'),
(15, 4, 'LEFT_COLUMN_MSG', 'left'),
(16, 4, 'MIDDLE_COLUMN_MSG', 'middle'),
(17, 4, 'RIGHT_COLUMN_MSG', 'right'),
(18, 4, 'FOOTER_MSG', 'footer'),
(19, 5, 'SITE_TOP_LEFT_MSG', 'siteTopLeft'),
(20, 5, 'SITE_TOP_RIGHT_MSG', 'siteTopRight'),
(21, 5, 'HEADER_LEFT_MSG', 'headerLeft'),
(22, 5, 'HEADER_MIDDLE_MSG', 'headerMiddle'),
(23, 5, 'HEADER_RIGHT_MSG', 'headerRight'),
(24, 5, 'HEADER_All_MSG', 'headerAll'),
(25, 5, 'MIDDLE_TOP_LEFT_MSG', 'middleTopLeft'),
(26, 5, 'MIDDLE_TOP_RIGHT_MSG', 'middleTopRight'),
(27, 5, 'LEFT_TOP_MSG', 'leftTop'),
(28, 5, 'MIDDLE_RIGHT_TOP_MSG', 'middleRightTop'),
(29, 5, 'LEFT_COLUMN_MSG', 'left'),
(30, 5, 'MIDDLE_COLUMN_MSG', 'middle'),
(31, 5, 'RIGHT_COLUMN_MSG', 'right'),
(32, 5, 'LEFT_MIDDLE_BOTTOM_MSG', 'leftMiddleBottom'),
(33, 5, 'RIGHT_BOTTOM_MSG', 'rightBottom'),
(34, 5, 'LEFT_BOTTOM_MSG', 'leftBottom'),
(35, 5, 'MIDDLE_RIGHT_BOTTOM_MSG', 'middleRightBottom'),
(36, 5, 'LEFT_SECOND_MSG', 'leftSecond'),
(37, 5, 'MIDDLE_SECOND_MSG', 'middleSecond'),
(38, 5, 'RIGHT_SECOND_MSG', 'rightSecond'),
(39, 5, 'FOOTER_ALL_MSG', 'footerAll'),
(40, 5, 'FOOTER_LEFT_MSG', 'footerLeft'),
(41, 5, 'FOOTER_MIDDLE_MSG', 'footerMiddle'),
(42, 5, 'FOOTER_RIGHT_MSG', 'footerRight'),
(43, 5, 'HEADER_MIDDLE_2_MSG', 'headerMiddle2');

CREATE TABLE `va_cms_frames_settings` (
  `fs_id` int(11) NOT NULL AUTO_INCREMENT,
  `ps_id` int(11) DEFAULT '0',
  `frame_id` int(11) DEFAULT '0',
  `frame_style` text,
  `frame_class` varchar(64) DEFAULT NULL,
  `frame_code` text,
  `html_frame_start` text,
  `html_before_block` text,
  `html_after_block` text,
  `html_frame_end` text,
  `html_between_blocks` text,
  PRIMARY KEY (`fs_id`),
  KEY `ps_id` (`ps_id`),
  KEY `frame_id` (`frame_id`)
) ENGINE=MyISAM  DEFAULT CHARSET=utf8 AUTO_INCREMENT=16608 ;

INSERT INTO `va_cms_frames_settings` (`fs_id`, `ps_id`, `frame_id`, `frame_style`, `frame_class`, `frame_code`, `html_frame_start`, `html_before_block`, `html_after_block`, `html_frame_end`, `html_between_blocks`) VALUES
(1, 1, 1, NULL, NULL, NULL, NULL, NULL, NULL, NULL, NULL),
(2, 1, 2, NULL, NULL, NULL, NULL, NULL, NULL, NULL, NULL),
(3, 1, 3, NULL, NULL, NULL, NULL, NULL, NULL, NULL, NULL),
(4, 1, 4, NULL, NULL, NULL, NULL, NULL, NULL, NULL, NULL),
(5, 1, 5, NULL, NULL, NULL, NULL, NULL, NULL, NULL, NULL),
(6, 2, 1, NULL, NULL, NULL, NULL, NULL, NULL, NULL, NULL),
(7, 2, 2, NULL, NULL, NULL, NULL, NULL, NULL, NULL, NULL),
(8, 2, 3, NULL, NULL, NULL, NULL, NULL, NULL, NULL, NULL),
(9, 2, 4, NULL, NULL, NULL, NULL, NULL, NULL, NULL, NULL),
(10, 2, 5, NULL, NULL, NULL, NULL, NULL, NULL, NULL, NULL),
(11, 3, 1, NULL, NULL, NULL, NULL, NULL, NULL, NULL, NULL),
(12, 3, 2, NULL, NULL, NULL, NULL, NULL, NULL, NULL, NULL),
(13, 3, 3, NULL, NULL, NULL, NULL, NULL, NULL, NULL, NULL),
(14, 3, 4, NULL, NULL, NULL, NULL, NULL, NULL, NULL, NULL),
(15, 3, 5, NULL, NULL, NULL, NULL, NULL, NULL, NULL, NULL),
(16, 4, 1, NULL, NULL, NULL, NULL, NULL, NULL, NULL, NULL),
(17, 4, 2, NULL, NULL, NULL, NULL, NULL, NULL, NULL, NULL),
(18, 4, 3, NULL, NULL, NULL, NULL, NULL, NULL, NULL, NULL),
(19, 4, 4, NULL, NULL, NULL, NULL, NULL, NULL, NULL, NULL),
(20, 4, 5, NULL, NULL, NULL, NULL, NULL, NULL, NULL, NULL),
(21, 5, 1, NULL, NULL, NULL, NULL, NULL, NULL, NULL, NULL),
(22, 5, 2, NULL, NULL, NULL, NULL, NULL, NULL, NULL, NULL),
(23, 5, 3, NULL, NULL, NULL, NULL, NULL, NULL, NULL, NULL),
(24, 5, 4, NULL, NULL, NULL, NULL, NULL, NULL, NULL, NULL),
(25, 5, 5, NULL, NULL, NULL, NULL, NULL, NULL, NULL, NULL),
(26, 6, 1, NULL, NULL, NULL, NULL, NULL, NULL, NULL, NULL),
(27, 6, 2, NULL, NULL, NULL, NULL, NULL, NULL, NULL, NULL),
(28, 6, 3, NULL, NULL, NULL, NULL, NULL, NULL, NULL, NULL),
(29, 6, 4, NULL, NULL, NULL, NULL, NULL, NULL, NULL, NULL),
(30, 6, 5, NULL, NULL, NULL, NULL, NULL, NULL, NULL, NULL),
(31, 7, 1, NULL, NULL, NULL, NULL, NULL, NULL, NULL, NULL),
(32, 7, 2, NULL, NULL, NULL, NULL, NULL, NULL, NULL, NULL),
(33, 7, 3, NULL, NULL, NULL, NULL, NULL, NULL, NULL, NULL),
(34, 7, 4, NULL, NULL, NULL, NULL, NULL, NULL, NULL, NULL),
(35, 7, 5, NULL, NULL, NULL, NULL, NULL, NULL, NULL, NULL),
(36, 8, 1, NULL, NULL, NULL, NULL, NULL, NULL, NULL, NULL),
(37, 8, 2, NULL, NULL, NULL, NULL, NULL, NULL, NULL, NULL),
(38, 8, 3, NULL, NULL, NULL, NULL, NULL, NULL, NULL, NULL),
(39, 8, 4, NULL, NULL, NULL, NULL, NULL, NULL, NULL, NULL),
(40, 8, 5, NULL, NULL, NULL, NULL, NULL, NULL, NULL, NULL),
(41, 9, 1, NULL, NULL, NULL, NULL, NULL, NULL, NULL, NULL),
(42, 9, 2, NULL, NULL, NULL, NULL, NULL, NULL, NULL, NULL),
(43, 9, 3, NULL, NULL, NULL, NULL, NULL, NULL, NULL, NULL),
(44, 9, 4, NULL, NULL, NULL, NULL, NULL, NULL, NULL, NULL),
(45, 9, 5, NULL, NULL, NULL, NULL, NULL, NULL, NULL, NULL),
(46, 10, 1, NULL, NULL, NULL, NULL, NULL, NULL, NULL, NULL),
(47, 10, 2, NULL, NULL, NULL, NULL, NULL, NULL, NULL, NULL),
(48, 10, 3, NULL, NULL, NULL, NULL, NULL, NULL, NULL, NULL),
(49, 10, 4, NULL, NULL, NULL, NULL, NULL, NULL, NULL, NULL),
(50, 10, 5, NULL, NULL, NULL, NULL, NULL, NULL, NULL, NULL),
(51, 11, 1, NULL, NULL, NULL, NULL, NULL, NULL, NULL, NULL),
(52, 11, 2, NULL, NULL, NULL, NULL, NULL, NULL, NULL, NULL),
(53, 11, 3, NULL, NULL, NULL, NULL, NULL, NULL, NULL, NULL),
(54, 11, 4, NULL, NULL, NULL, NULL, NULL, NULL, NULL, NULL),
(55, 11, 5, NULL, NULL, NULL, NULL, NULL, NULL, NULL, NULL),
(56, 12, 1, NULL, NULL, NULL, NULL, NULL, NULL, NULL, NULL),
(57, 12, 2, NULL, NULL, NULL, NULL, NULL, NULL, NULL, NULL),
(58, 12, 3, NULL, NULL, NULL, NULL, NULL, NULL, NULL, NULL),
(59, 12, 4, NULL, NULL, NULL, NULL, NULL, NULL, NULL, NULL),
(60, 12, 5, NULL, NULL, NULL, NULL, NULL, NULL, NULL, NULL),
(12461, 13, 27, NULL, NULL, NULL, NULL, NULL, NULL, NULL, NULL),
(12460, 13, 28, NULL, NULL, NULL, NULL, NULL, NULL, NULL, NULL),
(12459, 13, 31, NULL, NULL, NULL, NULL, NULL, NULL, NULL, NULL),
(12458, 13, 30, NULL, NULL, NULL, NULL, NULL, NULL, NULL, NULL),
(12457, 13, 29, NULL, NULL, NULL, NULL, NULL, NULL, NULL, NULL),
(12453, 14, 39, NULL, NULL, NULL, NULL, NULL, NULL, NULL, NULL),
(12452, 14, 21, NULL, NULL, NULL, NULL, NULL, NULL, NULL, NULL),
(12451, 14, 31, NULL, NULL, NULL, NULL, NULL, NULL, NULL, NULL),
(12450, 14, 30, NULL, NULL, NULL, NULL, NULL, NULL, NULL, NULL),
(12449, 14, 29, NULL, NULL, NULL, NULL, NULL, NULL, NULL, NULL),
(12445, 15, 24, NULL, NULL, NULL, NULL, NULL, NULL, NULL, NULL),
(12444, 15, 21, NULL, NULL, NULL, NULL, NULL, NULL, NULL, NULL),
(12443, 15, 31, NULL, NULL, NULL, NULL, NULL, NULL, NULL, NULL),
(12442, 15, 30, NULL, NULL, NULL, NULL, NULL, NULL, NULL, NULL),
(12441, 15, 29, NULL, NULL, NULL, NULL, NULL, NULL, NULL, NULL),
(12471, 16, 27, NULL, NULL, NULL, NULL, NULL, NULL, NULL, NULL),
(12470, 16, 28, NULL, NULL, NULL, NULL, NULL, NULL, NULL, NULL),
(12469, 16, 31, NULL, NULL, NULL, NULL, NULL, NULL, NULL, NULL),
(12468, 16, 30, NULL, NULL, NULL, NULL, NULL, NULL, NULL, NULL),
(12467, 16, 29, NULL, NULL, NULL, NULL, NULL, NULL, NULL, NULL),
(16607, 17, 43, NULL, NULL, NULL, NULL, NULL, NULL, NULL, NULL),
(16606, 17, 42, NULL, NULL, NULL, NULL, NULL, NULL, NULL, NULL),
(16605, 17, 41, NULL, NULL, NULL, NULL, NULL, NULL, NULL, NULL),
(16604, 17, 40, NULL, NULL, NULL, NULL, NULL, NULL, NULL, NULL),
(16603, 17, 39, NULL, NULL, NULL, NULL, NULL, NULL, NULL, NULL),
(12041, 18, 29, NULL, NULL, NULL, NULL, NULL, NULL, NULL, NULL),
(12040, 18, 28, NULL, NULL, NULL, NULL, NULL, NULL, NULL, NULL),
(12039, 18, 27, NULL, NULL, NULL, NULL, NULL, NULL, NULL, NULL),
(12038, 18, 26, NULL, NULL, NULL, NULL, NULL, NULL, NULL, NULL),
(12037, 18, 25, NULL, NULL, NULL, NULL, NULL, NULL, NULL, NULL),
(12030, 19, 43, NULL, NULL, NULL, NULL, NULL, NULL, NULL, NULL),
(12029, 19, 42, NULL, NULL, NULL, NULL, NULL, NULL, NULL, NULL),
(12028, 19, 41, NULL, NULL, NULL, NULL, NULL, NULL, NULL, NULL),
(12027, 19, 40, NULL, NULL, NULL, NULL, NULL, NULL, NULL, NULL),
(12026, 19, 39, NULL, NULL, NULL, NULL, NULL, NULL, NULL, NULL),
(12076, 20, 29, NULL, NULL, NULL, NULL, NULL, NULL, NULL, NULL),
(12075, 20, 28, NULL, NULL, NULL, NULL, NULL, NULL, NULL, NULL),
(12074, 20, 27, NULL, NULL, NULL, NULL, NULL, NULL, NULL, NULL),
(12073, 20, 26, NULL, NULL, NULL, NULL, NULL, NULL, NULL, NULL),
(12072, 20, 25, NULL, NULL, NULL, NULL, NULL, NULL, NULL, NULL),
(11615, 21, 43, NULL, NULL, NULL, NULL, NULL, NULL, NULL, NULL),
(11614, 21, 42, NULL, NULL, NULL, NULL, NULL, NULL, NULL, NULL),
(11613, 21, 41, NULL, NULL, NULL, NULL, NULL, NULL, NULL, NULL),
(11612, 21, 40, NULL, NULL, NULL, NULL, NULL, NULL, NULL, NULL),
(11611, 21, 39, NULL, NULL, NULL, NULL, NULL, NULL, NULL, NULL),
(11590, 22, 43, NULL, NULL, NULL, NULL, NULL, NULL, NULL, NULL),
(11589, 22, 42, NULL, NULL, NULL, NULL, NULL, NULL, NULL, NULL),
(11588, 22, 41, NULL, NULL, NULL, NULL, NULL, NULL, NULL, NULL),
(11587, 22, 40, NULL, NULL, NULL, NULL, NULL, NULL, NULL, NULL),
(11586, 22, 39, NULL, NULL, NULL, NULL, NULL, NULL, NULL, NULL),
(12365, 23, 43, NULL, NULL, NULL, NULL, NULL, NULL, NULL, NULL),
(12364, 23, 42, NULL, NULL, NULL, NULL, NULL, NULL, NULL, NULL),
(12363, 23, 41, NULL, NULL, NULL, NULL, NULL, NULL, NULL, NULL),
(12362, 23, 40, NULL, NULL, NULL, NULL, NULL, NULL, NULL, NULL),
(12361, 23, 39, NULL, NULL, NULL, NULL, NULL, NULL, NULL, NULL),
(12399, 24, 27, NULL, NULL, NULL, NULL, NULL, NULL, NULL, NULL),
(12398, 24, 26, NULL, NULL, NULL, NULL, NULL, NULL, NULL, NULL),
(12397, 24, 25, NULL, NULL, NULL, NULL, NULL, NULL, NULL, NULL),
(12396, 24, 24, NULL, NULL, NULL, NULL, NULL, NULL, NULL, NULL),
(12395, 24, 23, NULL, NULL, NULL, NULL, NULL, NULL, NULL, NULL),
(12374, 25, 27, NULL, NULL, NULL, NULL, NULL, NULL, NULL, NULL),
(12373, 25, 26, NULL, NULL, NULL, NULL, NULL, NULL, NULL, NULL),
(12372, 25, 25, NULL, NULL, NULL, NULL, NULL, NULL, NULL, NULL),
(12371, 25, 24, NULL, NULL, NULL, NULL, NULL, NULL, NULL, NULL),
(12370, 25, 23, NULL, NULL, NULL, NULL, NULL, NULL, NULL, NULL),
(12501, 26, 28, NULL, NULL, NULL, NULL, NULL, NULL, NULL, NULL),
(12500, 26, 27, NULL, NULL, NULL, NULL, NULL, NULL, NULL, NULL),
(12499, 26, 31, NULL, NULL, NULL, NULL, NULL, NULL, NULL, NULL),
(12498, 26, 30, NULL, NULL, NULL, NULL, NULL, NULL, NULL, NULL),
(12497, 26, 29, NULL, NULL, NULL, NULL, NULL, NULL, NULL, NULL),
(12491, 27, 28, NULL, NULL, NULL, NULL, NULL, NULL, NULL, NULL),
(12490, 27, 27, NULL, NULL, NULL, NULL, NULL, NULL, NULL, NULL),
(12489, 27, 31, NULL, NULL, NULL, NULL, NULL, NULL, NULL, NULL),
(12488, 27, 30, NULL, NULL, NULL, NULL, NULL, NULL, NULL, NULL),
(12487, 27, 29, NULL, NULL, NULL, NULL, NULL, NULL, NULL, NULL),
(12481, 28, 28, NULL, NULL, NULL, NULL, NULL, NULL, NULL, NULL),
(12480, 28, 27, NULL, NULL, NULL, NULL, NULL, NULL, NULL, NULL),
(12479, 28, 31, NULL, NULL, NULL, NULL, NULL, NULL, NULL, NULL),
(12478, 28, 30, NULL, NULL, NULL, NULL, NULL, NULL, NULL, NULL),
(12477, 28, 29, NULL, NULL, NULL, NULL, NULL, NULL, NULL, NULL),
(12511, 29, 28, NULL, NULL, NULL, NULL, NULL, NULL, NULL, NULL),
(12510, 29, 27, NULL, NULL, NULL, NULL, NULL, NULL, NULL, NULL),
(12509, 29, 31, NULL, NULL, NULL, NULL, NULL, NULL, NULL, NULL),
(12508, 29, 30, NULL, NULL, NULL, NULL, NULL, NULL, NULL, NULL),
(12507, 29, 29, NULL, NULL, NULL, NULL, NULL, NULL, NULL, NULL),
(12151, 30, 29, NULL, NULL, NULL, NULL, NULL, NULL, NULL, NULL),
(12150, 30, 28, NULL, NULL, NULL, NULL, NULL, NULL, NULL, NULL),
(12149, 30, 27, NULL, NULL, NULL, NULL, NULL, NULL, NULL, NULL),
(12148, 30, 26, NULL, NULL, NULL, NULL, NULL, NULL, NULL, NULL),
(12147, 30, 25, NULL, NULL, NULL, NULL, NULL, NULL, NULL, NULL),
(15857, 31, 43, NULL, NULL, NULL, NULL, NULL, NULL, NULL, NULL),
(15856, 31, 42, NULL, NULL, NULL, NULL, NULL, NULL, NULL, NULL),
(15855, 31, 41, NULL, NULL, NULL, NULL, NULL, NULL, NULL, NULL),
(15854, 31, 40, NULL, NULL, NULL, NULL, NULL, NULL, NULL, NULL),
(15853, 31, 39, NULL, NULL, NULL, NULL, NULL, NULL, NULL, NULL),
(12101, 32, 29, NULL, NULL, NULL, NULL, NULL, NULL, NULL, NULL),
(12100, 32, 28, NULL, NULL, NULL, NULL, NULL, NULL, NULL, NULL),
(12099, 32, 27, NULL, NULL, NULL, NULL, NULL, NULL, NULL, NULL),
(12098, 32, 26, NULL, NULL, NULL, NULL, NULL, NULL, NULL, NULL),
(12097, 32, 25, NULL, NULL, NULL, NULL, NULL, NULL, NULL, NULL),
(12126, 33, 29, NULL, NULL, NULL, NULL, NULL, NULL, NULL, NULL),
(12125, 33, 28, NULL, NULL, NULL, NULL, NULL, NULL, NULL, NULL),
(12124, 33, 27, NULL, NULL, NULL, NULL, NULL, NULL, NULL, NULL),
(12123, 33, 26, NULL, NULL, NULL, NULL, NULL, NULL, NULL, NULL),
(12122, 33, 25, NULL, NULL, NULL, NULL, NULL, NULL, NULL, NULL),
(11540, 34, 43, NULL, NULL, NULL, NULL, NULL, NULL, NULL, NULL),
(11539, 34, 42, NULL, NULL, NULL, NULL, NULL, NULL, NULL, NULL),
(11538, 34, 41, NULL, NULL, NULL, NULL, NULL, NULL, NULL, NULL),
(11537, 34, 40, NULL, NULL, NULL, NULL, NULL, NULL, NULL, NULL),
(11536, 34, 39, NULL, NULL, NULL, NULL, NULL, NULL, NULL, NULL),
(11910, 35, 43, NULL, NULL, NULL, NULL, NULL, NULL, NULL, NULL),
(11909, 35, 42, NULL, NULL, NULL, NULL, NULL, NULL, NULL, NULL),
(11908, 35, 41, NULL, NULL, NULL, NULL, NULL, NULL, NULL, NULL),
(11907, 35, 40, NULL, NULL, NULL, NULL, NULL, NULL, NULL, NULL),
(11906, 35, 39, NULL, NULL, NULL, NULL, NULL, NULL, NULL, NULL),
(11950, 36, 23, NULL, NULL, NULL, NULL, NULL, NULL, NULL, NULL),
(11949, 36, 28, NULL, NULL, NULL, NULL, NULL, NULL, NULL, NULL),
(11948, 36, 31, NULL, NULL, NULL, NULL, NULL, NULL, NULL, NULL),
(11947, 36, 30, NULL, NULL, NULL, NULL, NULL, NULL, NULL, NULL),
(11946, 36, 29, NULL, NULL, NULL, NULL, NULL, NULL, NULL, NULL),
(11860, 37, 43, NULL, NULL, NULL, NULL, NULL, NULL, NULL, NULL),
(11859, 37, 42, NULL, NULL, NULL, NULL, NULL, NULL, NULL, NULL),
(11858, 37, 41, NULL, NULL, NULL, NULL, NULL, NULL, NULL, NULL),
(11857, 37, 40, NULL, NULL, NULL, NULL, NULL, NULL, NULL, NULL),
(11856, 37, 39, NULL, NULL, NULL, NULL, NULL, NULL, NULL, NULL),
(11698, 98, 26, NULL, NULL, NULL, NULL, NULL, NULL, NULL, NULL),
(11697, 98, 25, NULL, NULL, NULL, NULL, NULL, NULL, NULL, NULL),
(15957, 38, 43, NULL, NULL, NULL, NULL, NULL, NULL, NULL, NULL),
(15956, 38, 42, NULL, NULL, NULL, NULL, NULL, NULL, NULL, NULL),
(15955, 38, 41, NULL, NULL, NULL, NULL, NULL, NULL, NULL, NULL),
(15852, 31, 38, NULL, NULL, NULL, NULL, NULL, NULL, NULL, NULL),
(15851, 31, 37, NULL, NULL, NULL, NULL, NULL, NULL, NULL, NULL),
(15850, 31, 36, NULL, NULL, NULL, NULL, NULL, NULL, NULL, NULL),
(15849, 31, 35, NULL, NULL, NULL, NULL, NULL, NULL, NULL, NULL),
(15848, 31, 34, NULL, NULL, NULL, NULL, NULL, NULL, NULL, NULL),
(11940, 40, 23, NULL, NULL, NULL, NULL, NULL, NULL, NULL, NULL),
(11939, 40, 28, NULL, NULL, NULL, NULL, NULL, NULL, NULL, NULL),
(11938, 40, 31, NULL, NULL, NULL, NULL, NULL, NULL, NULL, NULL),
(11937, 40, 30, NULL, NULL, NULL, NULL, NULL, NULL, NULL, NULL),
(11936, 40, 29, NULL, NULL, NULL, NULL, NULL, NULL, NULL, NULL),
(11785, 41, 43, NULL, NULL, NULL, NULL, NULL, NULL, NULL, NULL),
(11784, 41, 42, NULL, NULL, NULL, NULL, NULL, NULL, NULL, NULL),
(11783, 41, 41, NULL, NULL, NULL, NULL, NULL, NULL, NULL, NULL),
(11782, 41, 40, NULL, NULL, NULL, NULL, NULL, NULL, NULL, NULL),
(11781, 41, 39, NULL, NULL, NULL, NULL, NULL, NULL, NULL, NULL),
(11565, 42, 43, NULL, NULL, NULL, NULL, NULL, NULL, NULL, NULL),
(11564, 42, 42, NULL, NULL, NULL, NULL, NULL, NULL, NULL, NULL),
(11563, 42, 41, NULL, NULL, NULL, NULL, NULL, NULL, NULL, NULL),
(11562, 42, 40, NULL, NULL, NULL, NULL, NULL, NULL, NULL, NULL),
(11561, 42, 39, NULL, NULL, NULL, NULL, NULL, NULL, NULL, NULL),
(16332, 53, 43, NULL, NULL, NULL, NULL, NULL, NULL, NULL, NULL),
(16331, 53, 42, NULL, NULL, NULL, NULL, NULL, NULL, NULL, NULL),
(16330, 53, 41, NULL, NULL, NULL, NULL, NULL, NULL, NULL, NULL),
(16329, 53, 40, NULL, NULL, NULL, NULL, NULL, NULL, NULL, NULL),
(16328, 53, 39, NULL, NULL, NULL, NULL, NULL, NULL, NULL, NULL),
(11290, 44, 43, NULL, NULL, NULL, NULL, NULL, NULL, NULL, NULL),
(11289, 44, 42, NULL, NULL, NULL, NULL, NULL, NULL, NULL, NULL),
(11288, 44, 41, NULL, NULL, NULL, NULL, NULL, NULL, NULL, NULL),
(11287, 44, 40, NULL, NULL, NULL, NULL, NULL, NULL, NULL, NULL),
(11286, 44, 39, NULL, NULL, NULL, NULL, NULL, NULL, NULL, NULL),
(12060, 45, 22, NULL, NULL, NULL, NULL, NULL, NULL, NULL, NULL),
(12059, 45, 23, NULL, NULL, NULL, NULL, NULL, NULL, NULL, NULL),
(12058, 45, 31, NULL, NULL, NULL, NULL, NULL, NULL, NULL, NULL),
(12057, 45, 30, NULL, NULL, NULL, NULL, NULL, NULL, NULL, NULL),
(12056, 45, 29, NULL, NULL, NULL, NULL, NULL, NULL, NULL, NULL),
(12315, 46, 43, NULL, NULL, NULL, NULL, NULL, NULL, NULL, NULL),
(12314, 46, 42, NULL, NULL, NULL, NULL, NULL, NULL, NULL, NULL),
(12313, 46, 41, NULL, NULL, NULL, NULL, NULL, NULL, NULL, NULL),
(12312, 46, 40, NULL, NULL, NULL, NULL, NULL, NULL, NULL, NULL),
(12311, 46, 39, NULL, NULL, NULL, NULL, NULL, NULL, NULL, NULL),
(12326, 47, 29, NULL, NULL, NULL, NULL, NULL, NULL, NULL, NULL),
(12325, 47, 28, NULL, NULL, NULL, NULL, NULL, NULL, NULL, NULL),
(12324, 47, 27, NULL, NULL, NULL, NULL, NULL, NULL, NULL, NULL),
(12323, 47, 26, NULL, NULL, NULL, NULL, NULL, NULL, NULL, NULL),
(12322, 47, 25, NULL, NULL, NULL, NULL, NULL, NULL, NULL, NULL),
(14657, 48, 43, NULL, NULL, NULL, NULL, NULL, NULL, NULL, NULL),
(14656, 48, 42, NULL, NULL, NULL, NULL, NULL, NULL, NULL, NULL),
(14655, 48, 41, NULL, NULL, NULL, NULL, NULL, NULL, NULL, NULL),
(14654, 48, 40, NULL, NULL, NULL, NULL, NULL, NULL, NULL, NULL),
(14653, 48, 39, NULL, NULL, NULL, NULL, NULL, NULL, NULL, NULL),
(15307, 49, 43, NULL, NULL, NULL, NULL, NULL, NULL, NULL, NULL),
(15306, 49, 42, NULL, NULL, NULL, NULL, NULL, NULL, NULL, NULL),
(15305, 49, 41, NULL, NULL, NULL, NULL, NULL, NULL, NULL, NULL),
(15304, 49, 40, NULL, NULL, NULL, NULL, NULL, NULL, NULL, NULL),
(15303, 49, 39, NULL, NULL, NULL, NULL, NULL, NULL, NULL, NULL),
(11665, 50, 43, NULL, NULL, NULL, NULL, NULL, NULL, NULL, NULL),
(11664, 50, 42, NULL, NULL, NULL, NULL, NULL, NULL, NULL, NULL),
(11663, 50, 41, NULL, NULL, NULL, NULL, NULL, NULL, NULL, NULL),
(11662, 50, 40, NULL, NULL, NULL, NULL, NULL, NULL, NULL, NULL),
(11661, 50, 39, NULL, NULL, NULL, NULL, NULL, NULL, NULL, NULL),
(12541, 51, 43, NULL, NULL, NULL, NULL, NULL, NULL, NULL, NULL),
(12540, 51, 42, NULL, NULL, NULL, NULL, NULL, NULL, NULL, NULL),
(12539, 51, 41, NULL, NULL, NULL, NULL, NULL, NULL, NULL, NULL),
(12538, 51, 40, NULL, NULL, NULL, NULL, NULL, NULL, NULL, NULL),
(12537, 51, 39, NULL, NULL, NULL, NULL, NULL, NULL, NULL, NULL),
(11935, 52, 43, NULL, NULL, NULL, NULL, NULL, NULL, NULL, NULL),
(11934, 52, 42, NULL, NULL, NULL, NULL, NULL, NULL, NULL, NULL),
(11933, 52, 41, NULL, NULL, NULL, NULL, NULL, NULL, NULL, NULL),
(11932, 52, 40, NULL, NULL, NULL, NULL, NULL, NULL, NULL, NULL),
(11931, 52, 39, NULL, NULL, NULL, NULL, NULL, NULL, NULL, NULL),
(12566, 67, 43, NULL, NULL, NULL, NULL, NULL, NULL, NULL, NULL),
(12565, 67, 42, NULL, NULL, NULL, NULL, NULL, NULL, NULL, NULL),
(12564, 67, 41, NULL, NULL, NULL, NULL, NULL, NULL, NULL, NULL),
(11885, 58, 43, NULL, NULL, NULL, NULL, NULL, NULL, NULL, NULL),
(11884, 58, 42, NULL, NULL, NULL, NULL, NULL, NULL, NULL, NULL),
(11883, 58, 41, NULL, NULL, NULL, NULL, NULL, NULL, NULL, NULL),
(289, 59, 10, NULL, NULL, NULL, NULL, NULL, NULL, NULL, NULL),
(290, 59, 11, NULL, NULL, NULL, NULL, NULL, NULL, NULL, NULL),
(291, 59, 12, NULL, NULL, NULL, NULL, NULL, NULL, NULL, NULL),
(292, 60, 10, NULL, NULL, NULL, NULL, NULL, NULL, NULL, NULL),
(293, 60, 11, NULL, NULL, NULL, NULL, NULL, NULL, NULL, NULL),
(294, 60, 12, NULL, NULL, NULL, NULL, NULL, NULL, NULL, NULL),
(295, 61, 10, NULL, NULL, NULL, NULL, NULL, NULL, NULL, NULL),
(296, 61, 11, NULL, NULL, NULL, NULL, NULL, NULL, NULL, NULL),
(297, 61, 12, NULL, NULL, NULL, NULL, NULL, NULL, NULL, NULL),
(298, 62, 10, NULL, NULL, NULL, NULL, NULL, NULL, NULL, NULL),
(299, 62, 11, NULL, NULL, NULL, NULL, NULL, NULL, NULL, NULL),
(300, 62, 12, NULL, NULL, NULL, NULL, NULL, NULL, NULL, NULL),
(301, 63, 10, NULL, NULL, NULL, NULL, NULL, NULL, NULL, NULL),
(302, 63, 11, NULL, NULL, NULL, NULL, NULL, NULL, NULL, NULL),
(303, 63, 12, NULL, NULL, NULL, NULL, NULL, NULL, NULL, NULL),
(304, 64, 10, NULL, NULL, NULL, NULL, NULL, NULL, NULL, NULL),
(305, 64, 11, NULL, NULL, NULL, NULL, NULL, NULL, NULL, NULL),
(306, 64, 12, NULL, NULL, NULL, NULL, NULL, NULL, NULL, NULL),
(11515, 65, 43, NULL, NULL, NULL, NULL, NULL, NULL, NULL, NULL),
(11514, 65, 42, NULL, NULL, NULL, NULL, NULL, NULL, NULL, NULL),
(11513, 65, 41, NULL, NULL, NULL, NULL, NULL, NULL, NULL, NULL),
(12424, 66, 27, NULL, NULL, NULL, NULL, NULL, NULL, NULL, NULL),
(12423, 66, 26, NULL, NULL, NULL, NULL, NULL, NULL, NULL, NULL),
(12422, 66, 25, NULL, NULL, NULL, NULL, NULL, NULL, NULL, NULL),
(12563, 67, 40, NULL, NULL, NULL, NULL, NULL, NULL, NULL, NULL),
(12562, 67, 39, NULL, NULL, NULL, NULL, NULL, NULL, NULL, NULL),
(12561, 67, 38, NULL, NULL, NULL, NULL, NULL, NULL, NULL, NULL),
(12591, 68, 43, NULL, NULL, NULL, NULL, NULL, NULL, NULL, NULL),
(12590, 68, 42, NULL, NULL, NULL, NULL, NULL, NULL, NULL, NULL),
(12589, 68, 41, NULL, NULL, NULL, NULL, NULL, NULL, NULL, NULL),
(12600, 69, 27, NULL, NULL, NULL, NULL, NULL, NULL, NULL, NULL),
(12599, 69, 26, NULL, NULL, NULL, NULL, NULL, NULL, NULL, NULL),
(12598, 69, 25, NULL, NULL, NULL, NULL, NULL, NULL, NULL, NULL),
(12641, 70, 43, NULL, NULL, NULL, NULL, NULL, NULL, NULL, NULL),
(12640, 70, 42, NULL, NULL, NULL, NULL, NULL, NULL, NULL, NULL),
(12639, 70, 41, NULL, NULL, NULL, NULL, NULL, NULL, NULL, NULL),
(12666, 71, 43, NULL, NULL, NULL, NULL, NULL, NULL, NULL, NULL),
(12665, 71, 42, NULL, NULL, NULL, NULL, NULL, NULL, NULL, NULL),
(12664, 71, 41, NULL, NULL, NULL, NULL, NULL, NULL, NULL, NULL),
(12691, 72, 43, NULL, NULL, NULL, NULL, NULL, NULL, NULL, NULL),
(12690, 72, 42, NULL, NULL, NULL, NULL, NULL, NULL, NULL, NULL),
(12689, 72, 41, NULL, NULL, NULL, NULL, NULL, NULL, NULL, NULL),
(12716, 73, 43, NULL, NULL, NULL, NULL, NULL, NULL, NULL, NULL),
(12715, 73, 42, NULL, NULL, NULL, NULL, NULL, NULL, NULL, NULL),
(12714, 73, 41, NULL, NULL, NULL, NULL, NULL, NULL, NULL, NULL),
(12741, 74, 43, NULL, NULL, NULL, NULL, NULL, NULL, NULL, NULL),
(12740, 74, 42, NULL, NULL, NULL, NULL, NULL, NULL, NULL, NULL),
(12739, 74, 41, NULL, NULL, NULL, NULL, NULL, NULL, NULL, NULL),
(12766, 75, 43, NULL, NULL, NULL, NULL, NULL, NULL, NULL, NULL),
(12765, 75, 42, NULL, NULL, NULL, NULL, NULL, NULL, NULL, NULL),
(12764, 75, 41, NULL, NULL, NULL, NULL, NULL, NULL, NULL, NULL),
(12791, 76, 43, NULL, NULL, NULL, NULL, NULL, NULL, NULL, NULL),
(12790, 76, 42, NULL, NULL, NULL, NULL, NULL, NULL, NULL, NULL),
(12789, 76, 41, NULL, NULL, NULL, NULL, NULL, NULL, NULL, NULL),
(12816, 77, 43, NULL, NULL, NULL, NULL, NULL, NULL, NULL, NULL),
(12815, 77, 42, NULL, NULL, NULL, NULL, NULL, NULL, NULL, NULL),
(12814, 77, 41, NULL, NULL, NULL, NULL, NULL, NULL, NULL, NULL),
(12825, 78, 27, NULL, NULL, NULL, NULL, NULL, NULL, NULL, NULL),
(12824, 78, 26, NULL, NULL, NULL, NULL, NULL, NULL, NULL, NULL),
(12823, 78, 25, NULL, NULL, NULL, NULL, NULL, NULL, NULL, NULL),
(12850, 79, 27, NULL, NULL, NULL, NULL, NULL, NULL, NULL, NULL),
(12849, 79, 26, NULL, NULL, NULL, NULL, NULL, NULL, NULL, NULL),
(12848, 79, 25, NULL, NULL, NULL, NULL, NULL, NULL, NULL, NULL),
(12875, 80, 27, NULL, NULL, NULL, NULL, NULL, NULL, NULL, NULL),
(12874, 80, 26, NULL, NULL, NULL, NULL, NULL, NULL, NULL, NULL),
(12873, 80, 25, NULL, NULL, NULL, NULL, NULL, NULL, NULL, NULL),
(12894, 81, 39, NULL, NULL, NULL, NULL, NULL, NULL, NULL, NULL),
(12893, 81, 21, NULL, NULL, NULL, NULL, NULL, NULL, NULL, NULL),
(12892, 81, 30, NULL, NULL, NULL, NULL, NULL, NULL, NULL, NULL),
(12908, 82, 27, NULL, NULL, NULL, NULL, NULL, NULL, NULL, NULL),
(12907, 82, 26, NULL, NULL, NULL, NULL, NULL, NULL, NULL, NULL),
(12906, 82, 25, NULL, NULL, NULL, NULL, NULL, NULL, NULL, NULL),
(12933, 83, 27, NULL, NULL, NULL, NULL, NULL, NULL, NULL, NULL),
(12932, 83, 26, NULL, NULL, NULL, NULL, NULL, NULL, NULL, NULL),
(12931, 83, 25, NULL, NULL, NULL, NULL, NULL, NULL, NULL, NULL),
(12958, 84, 27, NULL, NULL, NULL, NULL, NULL, NULL, NULL, NULL),
(12957, 84, 26, NULL, NULL, NULL, NULL, NULL, NULL, NULL, NULL),
(12956, 84, 25, NULL, NULL, NULL, NULL, NULL, NULL, NULL, NULL),
(12983, 85, 27, NULL, NULL, NULL, NULL, NULL, NULL, NULL, NULL),
(12982, 85, 26, NULL, NULL, NULL, NULL, NULL, NULL, NULL, NULL),
(12981, 85, 25, NULL, NULL, NULL, NULL, NULL, NULL, NULL, NULL),
(13024, 86, 43, NULL, NULL, NULL, NULL, NULL, NULL, NULL, NULL),
(13023, 86, 42, NULL, NULL, NULL, NULL, NULL, NULL, NULL, NULL),
(13022, 86, 41, NULL, NULL, NULL, NULL, NULL, NULL, NULL, NULL),
(13049, 87, 43, NULL, NULL, NULL, NULL, NULL, NULL, NULL, NULL),
(13048, 87, 42, NULL, NULL, NULL, NULL, NULL, NULL, NULL, NULL),
(13047, 87, 41, NULL, NULL, NULL, NULL, NULL, NULL, NULL, NULL),
(13058, 88, 27, NULL, NULL, NULL, NULL, NULL, NULL, NULL, NULL),
(13057, 88, 26, NULL, NULL, NULL, NULL, NULL, NULL, NULL, NULL),
(13056, 88, 25, NULL, NULL, NULL, NULL, NULL, NULL, NULL, NULL),
(13077, 89, 24, NULL, NULL, NULL, NULL, NULL, NULL, NULL, NULL),
(13076, 89, 21, NULL, NULL, NULL, NULL, NULL, NULL, NULL, NULL),
(13075, 89, 30, NULL, NULL, NULL, NULL, NULL, NULL, NULL, NULL),
(13091, 90, 27, NULL, NULL, NULL, NULL, NULL, NULL, NULL, NULL),
(13090, 90, 26, NULL, NULL, NULL, NULL, NULL, NULL, NULL, NULL),
(13089, 90, 25, NULL, NULL, NULL, NULL, NULL, NULL, NULL, NULL),
(13157, 91, 43, NULL, NULL, NULL, NULL, NULL, NULL, NULL, NULL),
(13156, 91, 42, NULL, NULL, NULL, NULL, NULL, NULL, NULL, NULL),
(13155, 91, 41, NULL, NULL, NULL, NULL, NULL, NULL, NULL, NULL),
(13182, 92, 43, NULL, NULL, NULL, NULL, NULL, NULL, NULL, NULL),
(13181, 92, 42, NULL, NULL, NULL, NULL, NULL, NULL, NULL, NULL),
(13180, 92, 41, NULL, NULL, NULL, NULL, NULL, NULL, NULL, NULL),
(13207, 93, 43, NULL, NULL, NULL, NULL, NULL, NULL, NULL, NULL),
(13206, 93, 42, NULL, NULL, NULL, NULL, NULL, NULL, NULL, NULL),
(13205, 93, 41, NULL, NULL, NULL, NULL, NULL, NULL, NULL, NULL),
(13232, 94, 43, NULL, NULL, NULL, NULL, NULL, NULL, NULL, NULL),
(13231, 94, 42, NULL, NULL, NULL, NULL, NULL, NULL, NULL, NULL),
(13230, 94, 41, NULL, NULL, NULL, NULL, NULL, NULL, NULL, NULL),
(13257, 95, 43, NULL, NULL, NULL, NULL, NULL, NULL, NULL, NULL),
(13256, 95, 42, NULL, NULL, NULL, NULL, NULL, NULL, NULL, NULL),
(13255, 95, 41, NULL, NULL, NULL, NULL, NULL, NULL, NULL, NULL),
(13282, 96, 43, NULL, NULL, NULL, NULL, NULL, NULL, NULL, NULL),
(13281, 96, 42, NULL, NULL, NULL, NULL, NULL, NULL, NULL, NULL),
(13280, 96, 41, NULL, NULL, NULL, NULL, NULL, NULL, NULL, NULL),
(13307, 97, 43, NULL, NULL, NULL, NULL, NULL, NULL, NULL, NULL),
(13306, 97, 42, NULL, NULL, NULL, NULL, NULL, NULL, NULL, NULL),
(13305, 97, 41, NULL, NULL, NULL, NULL, NULL, NULL, NULL, NULL),
(11696, 98, 24, NULL, NULL, NULL, NULL, NULL, NULL, NULL, NULL),
(11695, 98, 23, NULL, NULL, NULL, NULL, NULL, NULL, NULL, NULL),
(11694, 98, 22, NULL, NULL, NULL, NULL, NULL, NULL, NULL, NULL),
(15607, 99, 43, NULL, NULL, NULL, NULL, NULL, NULL, NULL, NULL),
(15606, 99, 42, NULL, NULL, NULL, NULL, NULL, NULL, NULL, NULL),
(15605, 99, 41, NULL, NULL, NULL, NULL, NULL, NULL, NULL, NULL),
(15604, 99, 40, NULL, NULL, NULL, NULL, NULL, NULL, NULL, NULL),
(15603, 99, 39, NULL, NULL, NULL, NULL, NULL, NULL, NULL, NULL),
(15632, 100, 43, NULL, NULL, NULL, NULL, NULL, NULL, NULL, NULL),
(15631, 100, 42, NULL, NULL, NULL, NULL, NULL, NULL, NULL, NULL),
(15630, 100, 41, NULL, NULL, NULL, NULL, NULL, NULL, NULL, NULL),
(15629, 100, 40, NULL, NULL, NULL, NULL, NULL, NULL, NULL, NULL),
(15628, 100, 39, NULL, NULL, NULL, NULL, NULL, NULL, NULL, NULL),
(12560, 67, 37, NULL, NULL, NULL, NULL, NULL, NULL, NULL, NULL),
(3171, 101, 22, NULL, NULL, NULL, NULL, NULL, NULL, NULL, NULL),
(3170, 101, 21, NULL, NULL, NULL, NULL, NULL, NULL, NULL, NULL),
(3169, 101, 31, NULL, NULL, NULL, NULL, NULL, NULL, NULL, NULL),
(3168, 101, 30, NULL, NULL, NULL, NULL, NULL, NULL, NULL, NULL),
(3167, 101, 29, NULL, NULL, NULL, NULL, NULL, NULL, NULL, NULL),
(16382, 102, 43, NULL, NULL, NULL, NULL, NULL, NULL, NULL, NULL),
(16381, 102, 42, NULL, NULL, NULL, NULL, NULL, NULL, NULL, NULL),
(16380, 102, 41, NULL, NULL, NULL, NULL, NULL, NULL, NULL, NULL),
(16379, 102, 40, NULL, NULL, NULL, NULL, NULL, NULL, NULL, NULL),
(16378, 102, 39, NULL, NULL, NULL, NULL, NULL, NULL, NULL, NULL),
(12421, 66, 24, NULL, NULL, NULL, NULL, NULL, NULL, NULL, NULL),
(12420, 66, 23, NULL, NULL, NULL, NULL, NULL, NULL, NULL, NULL),
(12559, 67, 36, NULL, NULL, NULL, NULL, NULL, NULL, NULL, NULL),
(12688, 72, 40, NULL, NULL, NULL, NULL, NULL, NULL, NULL, NULL),
(12687, 72, 39, NULL, NULL, NULL, NULL, NULL, NULL, NULL, NULL),
(12558, 67, 35, NULL, NULL, NULL, NULL, NULL, NULL, NULL, NULL),
(12557, 67, 34, NULL, NULL, NULL, NULL, NULL, NULL, NULL, NULL),
(16282, 268, 43, NULL, NULL, NULL, NULL, NULL, NULL, NULL, NULL),
(16281, 268, 42, NULL, NULL, NULL, NULL, NULL, NULL, NULL, NULL),
(16280, 268, 41, NULL, NULL, NULL, NULL, NULL, NULL, NULL, NULL),
(16279, 268, 40, NULL, NULL, NULL, NULL, NULL, NULL, NULL, NULL),
(16278, 268, 39, NULL, NULL, NULL, NULL, NULL, NULL, NULL, NULL),
(16277, 268, 38, NULL, NULL, NULL, NULL, NULL, NULL, NULL, NULL),
(16276, 268, 37, NULL, NULL, NULL, NULL, NULL, NULL, NULL, NULL),
(16275, 268, 36, NULL, NULL, NULL, NULL, NULL, NULL, NULL, NULL),
(16274, 268, 35, NULL, NULL, NULL, NULL, NULL, NULL, NULL, NULL),
(16273, 268, 34, NULL, NULL, NULL, NULL, NULL, NULL, NULL, NULL),
(16272, 268, 33, NULL, NULL, NULL, NULL, NULL, NULL, NULL, NULL),
(16271, 268, 32, NULL, NULL, NULL, NULL, NULL, NULL, NULL, NULL),
(16270, 268, 31, NULL, NULL, NULL, NULL, NULL, NULL, NULL, NULL),
(16269, 268, 30, NULL, NULL, NULL, NULL, NULL, NULL, NULL, NULL),
(11930, 52, 38, NULL, NULL, NULL, NULL, NULL, NULL, NULL, NULL),
(11929, 52, 37, NULL, NULL, NULL, NULL, NULL, NULL, NULL, NULL),
(11928, 52, 36, NULL, NULL, NULL, NULL, NULL, NULL, NULL, NULL),
(11927, 52, 35, NULL, NULL, NULL, NULL, NULL, NULL, NULL, NULL),
(12763, 75, 40, NULL, NULL, NULL, NULL, NULL, NULL, NULL, NULL),
(14107, 103, 43, NULL, NULL, NULL, NULL, NULL, NULL, NULL, NULL),
(14106, 103, 42, NULL, NULL, NULL, NULL, NULL, NULL, NULL, NULL),
(14105, 103, 41, NULL, NULL, NULL, NULL, NULL, NULL, NULL, NULL),
(14104, 103, 40, NULL, NULL, NULL, NULL, NULL, NULL, NULL, NULL),
(14103, 103, 39, NULL, NULL, NULL, NULL, NULL, NULL, NULL, NULL),
(14102, 103, 38, NULL, NULL, NULL, NULL, NULL, NULL, NULL, NULL),
(14101, 103, 37, NULL, NULL, NULL, NULL, NULL, NULL, NULL, NULL),
(14100, 103, 36, NULL, NULL, NULL, NULL, NULL, NULL, NULL, NULL),
(14099, 103, 35, NULL, NULL, NULL, NULL, NULL, NULL, NULL, NULL),
(15847, 31, 33, NULL, NULL, NULL, NULL, NULL, NULL, NULL, NULL),
(15846, 31, 32, NULL, NULL, NULL, NULL, NULL, NULL, NULL, NULL),
(15845, 31, 31, NULL, NULL, NULL, NULL, NULL, NULL, NULL, NULL),
(15954, 38, 40, NULL, NULL, NULL, NULL, NULL, NULL, NULL, NULL),
(15953, 38, 39, NULL, NULL, NULL, NULL, NULL, NULL, NULL, NULL),
(15952, 38, 38, NULL, NULL, NULL, NULL, NULL, NULL, NULL, NULL),
(15951, 38, 37, NULL, NULL, NULL, NULL, NULL, NULL, NULL, NULL),
(15950, 38, 36, NULL, NULL, NULL, NULL, NULL, NULL, NULL, NULL),
(15949, 38, 35, NULL, NULL, NULL, NULL, NULL, NULL, NULL, NULL),
(15948, 38, 34, NULL, NULL, NULL, NULL, NULL, NULL, NULL, NULL),
(15947, 38, 33, NULL, NULL, NULL, NULL, NULL, NULL, NULL, NULL),
(15946, 38, 32, NULL, NULL, NULL, NULL, NULL, NULL, NULL, NULL),
(15945, 38, 31, NULL, NULL, NULL, NULL, NULL, NULL, NULL, NULL),
(15944, 38, 30, NULL, NULL, NULL, NULL, NULL, NULL, NULL, NULL),
(15943, 38, 29, NULL, NULL, NULL, NULL, NULL, NULL, NULL, NULL),
(15844, 31, 30, NULL, NULL, NULL, NULL, NULL, NULL, NULL, NULL),
(15843, 31, 29, NULL, NULL, NULL, NULL, NULL, NULL, NULL, NULL),
(15842, 31, 28, NULL, NULL, NULL, NULL, NULL, NULL, NULL, NULL),
(15841, 31, 27, NULL, NULL, NULL, NULL, NULL, NULL, NULL, NULL),
(15840, 31, 26, NULL, NULL, NULL, NULL, NULL, NULL, NULL, NULL),
(7265, 266, 11, NULL, NULL, NULL, NULL, NULL, NULL, NULL, NULL),
(7264, 266, 12, NULL, NULL, NULL, NULL, NULL, NULL, NULL, NULL),
(7263, 266, 10, NULL, NULL, NULL, NULL, NULL, NULL, NULL, NULL),
(16307, 39, 43, NULL, NULL, NULL, NULL, NULL, NULL, NULL, NULL),
(16306, 39, 42, NULL, NULL, NULL, NULL, NULL, NULL, NULL, NULL),
(16305, 39, 41, NULL, NULL, NULL, NULL, NULL, NULL, NULL, NULL),
(16304, 39, 40, NULL, NULL, NULL, NULL, NULL, NULL, NULL, NULL),
(16303, 39, 39, NULL, NULL, NULL, NULL, NULL, NULL, NULL, NULL),
(16302, 39, 38, NULL, NULL, NULL, NULL, NULL, NULL, NULL, NULL),
(16301, 39, 37, NULL, NULL, NULL, NULL, NULL, NULL, NULL, NULL),
(16300, 39, 36, NULL, NULL, NULL, NULL, NULL, NULL, NULL, NULL),
(16299, 39, 35, NULL, NULL, NULL, NULL, NULL, NULL, NULL, NULL),
(16602, 17, 38, NULL, NULL, NULL, NULL, NULL, NULL, NULL, NULL),
(16601, 17, 37, NULL, NULL, NULL, NULL, NULL, NULL, NULL, NULL),
(16600, 17, 36, NULL, NULL, NULL, NULL, NULL, NULL, NULL, NULL),
(16599, 17, 35, NULL, NULL, NULL, NULL, NULL, NULL, NULL, NULL),
(15602, 99, 38, NULL, NULL, NULL, NULL, NULL, NULL, NULL, NULL),
(15601, 99, 37, NULL, NULL, NULL, NULL, NULL, NULL, NULL, NULL),
(15600, 99, 36, NULL, NULL, NULL, NULL, NULL, NULL, NULL, NULL),
(15599, 99, 35, NULL, NULL, NULL, NULL, NULL, NULL, NULL, NULL),
(15627, 100, 38, NULL, NULL, NULL, NULL, NULL, NULL, NULL, NULL),
(15626, 100, 37, NULL, NULL, NULL, NULL, NULL, NULL, NULL, NULL),
(15625, 100, 36, NULL, NULL, NULL, NULL, NULL, NULL, NULL, NULL),
(15624, 100, 35, NULL, NULL, NULL, NULL, NULL, NULL, NULL, NULL),
(14098, 103, 34, NULL, NULL, NULL, NULL, NULL, NULL, NULL, NULL),
(14097, 103, 33, NULL, NULL, NULL, NULL, NULL, NULL, NULL, NULL),
(14096, 103, 32, NULL, NULL, NULL, NULL, NULL, NULL, NULL, NULL),
(14095, 103, 31, NULL, NULL, NULL, NULL, NULL, NULL, NULL, NULL),
(14094, 103, 30, NULL, NULL, NULL, NULL, NULL, NULL, NULL, NULL),
(14093, 103, 29, NULL, NULL, NULL, NULL, NULL, NULL, NULL, NULL),
(14092, 103, 28, NULL, NULL, NULL, NULL, NULL, NULL, NULL, NULL),
(14091, 103, 27, NULL, NULL, NULL, NULL, NULL, NULL, NULL, NULL),
(14090, 103, 26, NULL, NULL, NULL, NULL, NULL, NULL, NULL, NULL),
(14089, 103, 25, NULL, NULL, NULL, NULL, NULL, NULL, NULL, NULL),
(14088, 103, 24, NULL, NULL, NULL, NULL, NULL, NULL, NULL, NULL),
(14087, 103, 23, NULL, NULL, NULL, NULL, NULL, NULL, NULL, NULL),
(14086, 103, 22, NULL, NULL, NULL, NULL, NULL, NULL, NULL, NULL),
(14085, 103, 21, NULL, NULL, NULL, NULL, NULL, NULL, NULL, NULL),
(14084, 103, 20, NULL, NULL, NULL, NULL, NULL, NULL, NULL, NULL),
(14083, 103, 19, NULL, NULL, NULL, NULL, NULL, NULL, NULL, NULL),
(11610, 21, 38, NULL, NULL, NULL, NULL, NULL, NULL, NULL, NULL),
(11609, 21, 37, NULL, NULL, NULL, NULL, NULL, NULL, NULL, NULL),
(11608, 21, 36, NULL, NULL, NULL, NULL, NULL, NULL, NULL, NULL),
(11607, 21, 35, NULL, NULL, NULL, NULL, NULL, NULL, NULL, NULL),
(11606, 21, 34, NULL, NULL, NULL, NULL, NULL, NULL, NULL, NULL),
(11605, 21, 33, NULL, NULL, NULL, NULL, NULL, NULL, NULL, NULL),
(11604, 21, 32, NULL, NULL, NULL, NULL, NULL, NULL, NULL, NULL),
(11603, 21, 31, NULL, NULL, NULL, NULL, NULL, NULL, NULL, NULL),
(11602, 21, 30, NULL, NULL, NULL, NULL, NULL, NULL, NULL, NULL),
(11601, 21, 29, NULL, NULL, NULL, NULL, NULL, NULL, NULL, NULL),
(11600, 21, 28, NULL, NULL, NULL, NULL, NULL, NULL, NULL, NULL),
(11599, 21, 27, NULL, NULL, NULL, NULL, NULL, NULL, NULL, NULL),
(11598, 21, 26, NULL, NULL, NULL, NULL, NULL, NULL, NULL, NULL),
(11597, 21, 25, NULL, NULL, NULL, NULL, NULL, NULL, NULL, NULL),
(11596, 21, 24, NULL, NULL, NULL, NULL, NULL, NULL, NULL, NULL),
(11595, 21, 23, NULL, NULL, NULL, NULL, NULL, NULL, NULL, NULL),
(11594, 21, 22, NULL, NULL, NULL, NULL, NULL, NULL, NULL, NULL),
(11593, 21, 21, NULL, NULL, NULL, NULL, NULL, NULL, NULL, NULL),
(11592, 21, 20, NULL, NULL, NULL, NULL, NULL, NULL, NULL, NULL),
(11591, 21, 19, NULL, NULL, NULL, NULL, NULL, NULL, NULL, NULL),
(16377, 102, 38, NULL, NULL, NULL, NULL, NULL, NULL, NULL, NULL),
(16376, 102, 37, NULL, NULL, NULL, NULL, NULL, NULL, NULL, NULL),
(16375, 102, 36, NULL, NULL, NULL, NULL, NULL, NULL, NULL, NULL),
(16374, 102, 35, NULL, NULL, NULL, NULL, NULL, NULL, NULL, NULL),
(12360, 23, 38, NULL, NULL, NULL, NULL, NULL, NULL, NULL, NULL),
(12359, 23, 37, NULL, NULL, NULL, NULL, NULL, NULL, NULL, NULL),
(12358, 23, 36, NULL, NULL, NULL, NULL, NULL, NULL, NULL, NULL),
(12357, 23, 35, NULL, NULL, NULL, NULL, NULL, NULL, NULL, NULL),
(12356, 23, 34, NULL, NULL, NULL, NULL, NULL, NULL, NULL, NULL),
(12355, 23, 33, NULL, NULL, NULL, NULL, NULL, NULL, NULL, NULL),
(12369, 25, 22, NULL, NULL, NULL, NULL, NULL, NULL, NULL, NULL),
(12368, 25, 21, NULL, NULL, NULL, NULL, NULL, NULL, NULL, NULL),
(12367, 25, 20, NULL, NULL, NULL, NULL, NULL, NULL, NULL, NULL),
(12366, 25, 19, NULL, NULL, NULL, NULL, NULL, NULL, NULL, NULL),
(12354, 23, 32, NULL, NULL, NULL, NULL, NULL, NULL, NULL, NULL),
(12353, 23, 31, NULL, NULL, NULL, NULL, NULL, NULL, NULL, NULL),
(12352, 23, 30, NULL, NULL, NULL, NULL, NULL, NULL, NULL, NULL),
(12351, 23, 29, NULL, NULL, NULL, NULL, NULL, NULL, NULL, NULL),
(12350, 23, 28, NULL, NULL, NULL, NULL, NULL, NULL, NULL, NULL),
(12349, 23, 27, NULL, NULL, NULL, NULL, NULL, NULL, NULL, NULL),
(12348, 23, 26, NULL, NULL, NULL, NULL, NULL, NULL, NULL, NULL),
(12347, 23, 25, NULL, NULL, NULL, NULL, NULL, NULL, NULL, NULL),
(12346, 23, 24, NULL, NULL, NULL, NULL, NULL, NULL, NULL, NULL),
(12345, 23, 23, NULL, NULL, NULL, NULL, NULL, NULL, NULL, NULL),
(12344, 23, 22, NULL, NULL, NULL, NULL, NULL, NULL, NULL, NULL),
(12343, 23, 21, NULL, NULL, NULL, NULL, NULL, NULL, NULL, NULL),
(12342, 23, 20, NULL, NULL, NULL, NULL, NULL, NULL, NULL, NULL),
(12341, 23, 19, NULL, NULL, NULL, NULL, NULL, NULL, NULL, NULL),
(12394, 24, 22, NULL, NULL, NULL, NULL, NULL, NULL, NULL, NULL),
(12393, 24, 21, NULL, NULL, NULL, NULL, NULL, NULL, NULL, NULL),
(12392, 24, 20, NULL, NULL, NULL, NULL, NULL, NULL, NULL, NULL),
(12391, 24, 19, NULL, NULL, NULL, NULL, NULL, NULL, NULL, NULL),
(12419, 66, 22, NULL, NULL, NULL, NULL, NULL, NULL, NULL, NULL),
(12418, 66, 21, NULL, NULL, NULL, NULL, NULL, NULL, NULL, NULL),
(12417, 66, 20, NULL, NULL, NULL, NULL, NULL, NULL, NULL, NULL),
(12416, 66, 19, NULL, NULL, NULL, NULL, NULL, NULL, NULL, NULL),
(15302, 49, 38, NULL, NULL, NULL, NULL, NULL, NULL, NULL, NULL),
(15301, 49, 37, NULL, NULL, NULL, NULL, NULL, NULL, NULL, NULL),
(15300, 49, 36, NULL, NULL, NULL, NULL, NULL, NULL, NULL, NULL),
(15299, 49, 35, NULL, NULL, NULL, NULL, NULL, NULL, NULL, NULL),
(11660, 50, 38, NULL, NULL, NULL, NULL, NULL, NULL, NULL, NULL),
(11659, 50, 37, NULL, NULL, NULL, NULL, NULL, NULL, NULL, NULL),
(11658, 50, 36, NULL, NULL, NULL, NULL, NULL, NULL, NULL, NULL),
(11657, 50, 35, NULL, NULL, NULL, NULL, NULL, NULL, NULL, NULL),
(12536, 51, 38, NULL, NULL, NULL, NULL, NULL, NULL, NULL, NULL),
(12535, 51, 37, NULL, NULL, NULL, NULL, NULL, NULL, NULL, NULL),
(12534, 51, 36, NULL, NULL, NULL, NULL, NULL, NULL, NULL, NULL),
(12533, 51, 35, NULL, NULL, NULL, NULL, NULL, NULL, NULL, NULL),
(12532, 51, 34, NULL, NULL, NULL, NULL, NULL, NULL, NULL, NULL),
(12531, 51, 33, NULL, NULL, NULL, NULL, NULL, NULL, NULL, NULL),
(12686, 72, 38, NULL, NULL, NULL, NULL, NULL, NULL, NULL, NULL),
(12685, 72, 37, NULL, NULL, NULL, NULL, NULL, NULL, NULL, NULL),
(12684, 72, 36, NULL, NULL, NULL, NULL, NULL, NULL, NULL, NULL),
(12683, 72, 35, NULL, NULL, NULL, NULL, NULL, NULL, NULL, NULL),
(12682, 72, 34, NULL, NULL, NULL, NULL, NULL, NULL, NULL, NULL),
(12681, 72, 33, NULL, NULL, NULL, NULL, NULL, NULL, NULL, NULL),
(12713, 73, 40, NULL, NULL, NULL, NULL, NULL, NULL, NULL, NULL),
(12712, 73, 39, NULL, NULL, NULL, NULL, NULL, NULL, NULL, NULL),
(12711, 73, 38, NULL, NULL, NULL, NULL, NULL, NULL, NULL, NULL),
(12710, 73, 37, NULL, NULL, NULL, NULL, NULL, NULL, NULL, NULL),
(12709, 73, 36, NULL, NULL, NULL, NULL, NULL, NULL, NULL, NULL),
(12708, 73, 35, NULL, NULL, NULL, NULL, NULL, NULL, NULL, NULL),
(12556, 67, 33, NULL, NULL, NULL, NULL, NULL, NULL, NULL, NULL),
(12555, 67, 32, NULL, NULL, NULL, NULL, NULL, NULL, NULL, NULL),
(12554, 67, 31, NULL, NULL, NULL, NULL, NULL, NULL, NULL, NULL),
(12553, 67, 30, NULL, NULL, NULL, NULL, NULL, NULL, NULL, NULL),
(12552, 67, 29, NULL, NULL, NULL, NULL, NULL, NULL, NULL, NULL),
(12551, 67, 28, NULL, NULL, NULL, NULL, NULL, NULL, NULL, NULL),
(12588, 68, 40, NULL, NULL, NULL, NULL, NULL, NULL, NULL, NULL),
(12587, 68, 39, NULL, NULL, NULL, NULL, NULL, NULL, NULL, NULL),
(12586, 68, 38, NULL, NULL, NULL, NULL, NULL, NULL, NULL, NULL),
(12585, 68, 37, NULL, NULL, NULL, NULL, NULL, NULL, NULL, NULL),
(12584, 68, 36, NULL, NULL, NULL, NULL, NULL, NULL, NULL, NULL),
(12583, 68, 35, NULL, NULL, NULL, NULL, NULL, NULL, NULL, NULL),
(12738, 74, 40, NULL, NULL, NULL, NULL, NULL, NULL, NULL, NULL),
(12737, 74, 39, NULL, NULL, NULL, NULL, NULL, NULL, NULL, NULL),
(12736, 74, 38, NULL, NULL, NULL, NULL, NULL, NULL, NULL, NULL),
(12735, 74, 37, NULL, NULL, NULL, NULL, NULL, NULL, NULL, NULL),
(12734, 74, 36, NULL, NULL, NULL, NULL, NULL, NULL, NULL, NULL),
(12733, 74, 35, NULL, NULL, NULL, NULL, NULL, NULL, NULL, NULL),
(13254, 95, 40, NULL, NULL, NULL, NULL, NULL, NULL, NULL, NULL),
(13253, 95, 39, NULL, NULL, NULL, NULL, NULL, NULL, NULL, NULL),
(13252, 95, 38, NULL, NULL, NULL, NULL, NULL, NULL, NULL, NULL),
(13251, 95, 37, NULL, NULL, NULL, NULL, NULL, NULL, NULL, NULL),
(13250, 95, 36, NULL, NULL, NULL, NULL, NULL, NULL, NULL, NULL),
(13249, 95, 35, NULL, NULL, NULL, NULL, NULL, NULL, NULL, NULL),
(13229, 94, 40, NULL, NULL, NULL, NULL, NULL, NULL, NULL, NULL),
(13228, 94, 39, NULL, NULL, NULL, NULL, NULL, NULL, NULL, NULL),
(13227, 94, 38, NULL, NULL, NULL, NULL, NULL, NULL, NULL, NULL),
(13226, 94, 37, NULL, NULL, NULL, NULL, NULL, NULL, NULL, NULL),
(13225, 94, 36, NULL, NULL, NULL, NULL, NULL, NULL, NULL, NULL),
(13224, 94, 35, NULL, NULL, NULL, NULL, NULL, NULL, NULL, NULL),
(12762, 75, 39, NULL, NULL, NULL, NULL, NULL, NULL, NULL, NULL),
(12761, 75, 38, NULL, NULL, NULL, NULL, NULL, NULL, NULL, NULL),
(12760, 75, 37, NULL, NULL, NULL, NULL, NULL, NULL, NULL, NULL),
(12759, 75, 36, NULL, NULL, NULL, NULL, NULL, NULL, NULL, NULL),
(12758, 75, 35, NULL, NULL, NULL, NULL, NULL, NULL, NULL, NULL),
(12757, 75, 34, NULL, NULL, NULL, NULL, NULL, NULL, NULL, NULL),
(12310, 46, 38, NULL, NULL, NULL, NULL, NULL, NULL, NULL, NULL),
(12309, 46, 37, NULL, NULL, NULL, NULL, NULL, NULL, NULL, NULL),
(12308, 46, 36, NULL, NULL, NULL, NULL, NULL, NULL, NULL, NULL),
(12307, 46, 35, NULL, NULL, NULL, NULL, NULL, NULL, NULL, NULL),
(12306, 46, 34, NULL, NULL, NULL, NULL, NULL, NULL, NULL, NULL),
(12305, 46, 33, NULL, NULL, NULL, NULL, NULL, NULL, NULL, NULL),
(12321, 47, 24, NULL, NULL, NULL, NULL, NULL, NULL, NULL, NULL),
(12320, 47, 23, NULL, NULL, NULL, NULL, NULL, NULL, NULL, NULL),
(12319, 47, 22, NULL, NULL, NULL, NULL, NULL, NULL, NULL, NULL),
(12318, 47, 21, NULL, NULL, NULL, NULL, NULL, NULL, NULL, NULL),
(12317, 47, 20, NULL, NULL, NULL, NULL, NULL, NULL, NULL, NULL),
(12316, 47, 19, NULL, NULL, NULL, NULL, NULL, NULL, NULL, NULL),
(12788, 76, 40, NULL, NULL, NULL, NULL, NULL, NULL, NULL, NULL),
(12787, 76, 39, NULL, NULL, NULL, NULL, NULL, NULL, NULL, NULL),
(12786, 76, 38, NULL, NULL, NULL, NULL, NULL, NULL, NULL, NULL),
(12785, 76, 37, NULL, NULL, NULL, NULL, NULL, NULL, NULL, NULL),
(12784, 76, 36, NULL, NULL, NULL, NULL, NULL, NULL, NULL, NULL),
(12783, 76, 35, NULL, NULL, NULL, NULL, NULL, NULL, NULL, NULL),
(12813, 77, 40, NULL, NULL, NULL, NULL, NULL, NULL, NULL, NULL),
(12812, 77, 39, NULL, NULL, NULL, NULL, NULL, NULL, NULL, NULL),
(12811, 77, 38, NULL, NULL, NULL, NULL, NULL, NULL, NULL, NULL),
(12810, 77, 37, NULL, NULL, NULL, NULL, NULL, NULL, NULL, NULL),
(12809, 77, 36, NULL, NULL, NULL, NULL, NULL, NULL, NULL, NULL),
(12808, 77, 35, NULL, NULL, NULL, NULL, NULL, NULL, NULL, NULL),
(13021, 86, 40, NULL, NULL, NULL, NULL, NULL, NULL, NULL, NULL),
(13020, 86, 39, NULL, NULL, NULL, NULL, NULL, NULL, NULL, NULL),
(13019, 86, 38, NULL, NULL, NULL, NULL, NULL, NULL, NULL, NULL),
(13018, 86, 37, NULL, NULL, NULL, NULL, NULL, NULL, NULL, NULL),
(13017, 86, 36, NULL, NULL, NULL, NULL, NULL, NULL, NULL, NULL),
(13016, 86, 35, NULL, NULL, NULL, NULL, NULL, NULL, NULL, NULL),
(13046, 87, 40, NULL, NULL, NULL, NULL, NULL, NULL, NULL, NULL),
(13045, 87, 39, NULL, NULL, NULL, NULL, NULL, NULL, NULL, NULL),
(13044, 87, 38, NULL, NULL, NULL, NULL, NULL, NULL, NULL, NULL),
(13043, 87, 37, NULL, NULL, NULL, NULL, NULL, NULL, NULL, NULL),
(13042, 87, 36, NULL, NULL, NULL, NULL, NULL, NULL, NULL, NULL),
(13041, 87, 35, NULL, NULL, NULL, NULL, NULL, NULL, NULL, NULL),
(12638, 70, 40, NULL, NULL, NULL, NULL, NULL, NULL, NULL, NULL),
(12637, 70, 39, NULL, NULL, NULL, NULL, NULL, NULL, NULL, NULL),
(12636, 70, 38, NULL, NULL, NULL, NULL, NULL, NULL, NULL, NULL),
(12635, 70, 37, NULL, NULL, NULL, NULL, NULL, NULL, NULL, NULL),
(12634, 70, 36, NULL, NULL, NULL, NULL, NULL, NULL, NULL, NULL),
(12633, 70, 35, NULL, NULL, NULL, NULL, NULL, NULL, NULL, NULL),
(12663, 71, 40, NULL, NULL, NULL, NULL, NULL, NULL, NULL, NULL),
(12662, 71, 39, NULL, NULL, NULL, NULL, NULL, NULL, NULL, NULL),
(12661, 71, 38, NULL, NULL, NULL, NULL, NULL, NULL, NULL, NULL),
(12660, 71, 37, NULL, NULL, NULL, NULL, NULL, NULL, NULL, NULL),
(12659, 71, 36, NULL, NULL, NULL, NULL, NULL, NULL, NULL, NULL),
(12658, 71, 35, NULL, NULL, NULL, NULL, NULL, NULL, NULL, NULL),
(13179, 92, 40, NULL, NULL, NULL, NULL, NULL, NULL, NULL, NULL),
(13178, 92, 39, NULL, NULL, NULL, NULL, NULL, NULL, NULL, NULL),
(13177, 92, 38, NULL, NULL, NULL, NULL, NULL, NULL, NULL, NULL),
(13176, 92, 37, NULL, NULL, NULL, NULL, NULL, NULL, NULL, NULL),
(13175, 92, 36, NULL, NULL, NULL, NULL, NULL, NULL, NULL, NULL),
(13174, 92, 35, NULL, NULL, NULL, NULL, NULL, NULL, NULL, NULL),
(13204, 93, 40, NULL, NULL, NULL, NULL, NULL, NULL, NULL, NULL),
(13203, 93, 39, NULL, NULL, NULL, NULL, NULL, NULL, NULL, NULL),
(13202, 93, 38, NULL, NULL, NULL, NULL, NULL, NULL, NULL, NULL),
(13201, 93, 37, NULL, NULL, NULL, NULL, NULL, NULL, NULL, NULL),
(13200, 93, 36, NULL, NULL, NULL, NULL, NULL, NULL, NULL, NULL),
(13199, 93, 35, NULL, NULL, NULL, NULL, NULL, NULL, NULL, NULL),
(13198, 93, 34, NULL, NULL, NULL, NULL, NULL, NULL, NULL, NULL),
(13197, 93, 33, NULL, NULL, NULL, NULL, NULL, NULL, NULL, NULL),
(13196, 93, 32, NULL, NULL, NULL, NULL, NULL, NULL, NULL, NULL),
(13195, 93, 31, NULL, NULL, NULL, NULL, NULL, NULL, NULL, NULL),
(13194, 93, 30, NULL, NULL, NULL, NULL, NULL, NULL, NULL, NULL),
(13193, 93, 29, NULL, NULL, NULL, NULL, NULL, NULL, NULL, NULL),
(13192, 93, 28, NULL, NULL, NULL, NULL, NULL, NULL, NULL, NULL),
(13191, 93, 27, NULL, NULL, NULL, NULL, NULL, NULL, NULL, NULL),
(13190, 93, 26, NULL, NULL, NULL, NULL, NULL, NULL, NULL, NULL),
(13189, 93, 25, NULL, NULL, NULL, NULL, NULL, NULL, NULL, NULL),
(13188, 93, 24, NULL, NULL, NULL, NULL, NULL, NULL, NULL, NULL),
(13187, 93, 23, NULL, NULL, NULL, NULL, NULL, NULL, NULL, NULL),
(13186, 93, 22, NULL, NULL, NULL, NULL, NULL, NULL, NULL, NULL),
(13185, 93, 21, NULL, NULL, NULL, NULL, NULL, NULL, NULL, NULL),
(13184, 93, 20, NULL, NULL, NULL, NULL, NULL, NULL, NULL, NULL),
(13183, 93, 19, NULL, NULL, NULL, NULL, NULL, NULL, NULL, NULL),
(16598, 17, 34, NULL, NULL, NULL, NULL, NULL, NULL, NULL, NULL),
(16597, 17, 33, NULL, NULL, NULL, NULL, NULL, NULL, NULL, NULL),
(16596, 17, 32, NULL, NULL, NULL, NULL, NULL, NULL, NULL, NULL),
(16595, 17, 31, NULL, NULL, NULL, NULL, NULL, NULL, NULL, NULL),
(16594, 17, 30, NULL, NULL, NULL, NULL, NULL, NULL, NULL, NULL),
(16593, 17, 29, NULL, NULL, NULL, NULL, NULL, NULL, NULL, NULL),
(16592, 17, 28, NULL, NULL, NULL, NULL, NULL, NULL, NULL, NULL),
(16591, 17, 27, NULL, NULL, NULL, NULL, NULL, NULL, NULL, NULL),
(16590, 17, 26, NULL, NULL, NULL, NULL, NULL, NULL, NULL, NULL),
(16589, 17, 25, NULL, NULL, NULL, NULL, NULL, NULL, NULL, NULL),
(16588, 17, 24, NULL, NULL, NULL, NULL, NULL, NULL, NULL, NULL),
(16587, 17, 23, NULL, NULL, NULL, NULL, NULL, NULL, NULL, NULL),
(16586, 17, 22, NULL, NULL, NULL, NULL, NULL, NULL, NULL, NULL),
(16585, 17, 21, NULL, NULL, NULL, NULL, NULL, NULL, NULL, NULL),
(16584, 17, 20, NULL, NULL, NULL, NULL, NULL, NULL, NULL, NULL),
(16583, 17, 19, NULL, NULL, NULL, NULL, NULL, NULL, NULL, NULL),
(12025, 19, 38, NULL, NULL, NULL, NULL, NULL, NULL, NULL, NULL),
(12024, 19, 37, NULL, NULL, NULL, NULL, NULL, NULL, NULL, NULL),
(12023, 19, 36, NULL, NULL, NULL, NULL, NULL, NULL, NULL, NULL),
(12022, 19, 35, NULL, NULL, NULL, NULL, NULL, NULL, NULL, NULL),
(12021, 19, 34, NULL, NULL, NULL, NULL, NULL, NULL, NULL, NULL),
(12020, 19, 33, NULL, NULL, NULL, NULL, NULL, NULL, NULL, NULL),
(12071, 20, 24, NULL, NULL, NULL, NULL, NULL, NULL, NULL, NULL),
(12070, 20, 23, NULL, NULL, NULL, NULL, NULL, NULL, NULL, NULL),
(12069, 20, 22, NULL, NULL, NULL, NULL, NULL, NULL, NULL, NULL),
(12068, 20, 21, NULL, NULL, NULL, NULL, NULL, NULL, NULL, NULL),
(12067, 20, 20, NULL, NULL, NULL, NULL, NULL, NULL, NULL, NULL),
(12066, 20, 19, NULL, NULL, NULL, NULL, NULL, NULL, NULL, NULL),
(12096, 32, 24, NULL, NULL, NULL, NULL, NULL, NULL, NULL, NULL),
(12095, 32, 23, NULL, NULL, NULL, NULL, NULL, NULL, NULL, NULL),
(12094, 32, 22, NULL, NULL, NULL, NULL, NULL, NULL, NULL, NULL),
(12093, 32, 21, NULL, NULL, NULL, NULL, NULL, NULL, NULL, NULL),
(12092, 32, 20, NULL, NULL, NULL, NULL, NULL, NULL, NULL, NULL),
(12091, 32, 19, NULL, NULL, NULL, NULL, NULL, NULL, NULL, NULL),
(12121, 33, 24, NULL, NULL, NULL, NULL, NULL, NULL, NULL, NULL),
(12120, 33, 23, NULL, NULL, NULL, NULL, NULL, NULL, NULL, NULL),
(12119, 33, 22, NULL, NULL, NULL, NULL, NULL, NULL, NULL, NULL),
(12118, 33, 21, NULL, NULL, NULL, NULL, NULL, NULL, NULL, NULL),
(12117, 33, 20, NULL, NULL, NULL, NULL, NULL, NULL, NULL, NULL),
(12116, 33, 19, NULL, NULL, NULL, NULL, NULL, NULL, NULL, NULL),
(12146, 30, 24, NULL, NULL, NULL, NULL, NULL, NULL, NULL, NULL),
(12145, 30, 23, NULL, NULL, NULL, NULL, NULL, NULL, NULL, NULL),
(12144, 30, 22, NULL, NULL, NULL, NULL, NULL, NULL, NULL, NULL),
(12143, 30, 21, NULL, NULL, NULL, NULL, NULL, NULL, NULL, NULL),
(12142, 30, 20, NULL, NULL, NULL, NULL, NULL, NULL, NULL, NULL),
(12141, 30, 19, NULL, NULL, NULL, NULL, NULL, NULL, NULL, NULL),
(15839, 31, 25, NULL, NULL, NULL, NULL, NULL, NULL, NULL, NULL),
(15838, 31, 24, NULL, NULL, NULL, NULL, NULL, NULL, NULL, NULL),
(15837, 31, 23, NULL, NULL, NULL, NULL, NULL, NULL, NULL, NULL),
(15836, 31, 22, NULL, NULL, NULL, NULL, NULL, NULL, NULL, NULL),
(15835, 31, 21, NULL, NULL, NULL, NULL, NULL, NULL, NULL, NULL),
(15834, 31, 20, NULL, NULL, NULL, NULL, NULL, NULL, NULL, NULL),
(13279, 96, 40, NULL, NULL, NULL, NULL, NULL, NULL, NULL, NULL),
(13278, 96, 39, NULL, NULL, NULL, NULL, NULL, NULL, NULL, NULL),
(13277, 96, 38, NULL, NULL, NULL, NULL, NULL, NULL, NULL, NULL),
(13276, 96, 37, NULL, NULL, NULL, NULL, NULL, NULL, NULL, NULL),
(13275, 96, 36, NULL, NULL, NULL, NULL, NULL, NULL, NULL, NULL),
(13274, 96, 35, NULL, NULL, NULL, NULL, NULL, NULL, NULL, NULL),
(13304, 97, 40, NULL, NULL, NULL, NULL, NULL, NULL, NULL, NULL),
(13303, 97, 39, NULL, NULL, NULL, NULL, NULL, NULL, NULL, NULL),
(13302, 97, 38, NULL, NULL, NULL, NULL, NULL, NULL, NULL, NULL),
(13301, 97, 37, NULL, NULL, NULL, NULL, NULL, NULL, NULL, NULL),
(13300, 97, 36, NULL, NULL, NULL, NULL, NULL, NULL, NULL, NULL),
(13299, 97, 35, NULL, NULL, NULL, NULL, NULL, NULL, NULL, NULL),
(12304, 46, 32, NULL, NULL, NULL, NULL, NULL, NULL, NULL, NULL),
(12303, 46, 31, NULL, NULL, NULL, NULL, NULL, NULL, NULL, NULL),
(12302, 46, 30, NULL, NULL, NULL, NULL, NULL, NULL, NULL, NULL),
(12301, 46, 29, NULL, NULL, NULL, NULL, NULL, NULL, NULL, NULL),
(12300, 46, 28, NULL, NULL, NULL, NULL, NULL, NULL, NULL, NULL),
(12299, 46, 27, NULL, NULL, NULL, NULL, NULL, NULL, NULL, NULL),
(12298, 46, 26, NULL, NULL, NULL, NULL, NULL, NULL, NULL, NULL),
(12297, 46, 25, NULL, NULL, NULL, NULL, NULL, NULL, NULL, NULL),
(12296, 46, 24, NULL, NULL, NULL, NULL, NULL, NULL, NULL, NULL),
(12295, 46, 23, NULL, NULL, NULL, NULL, NULL, NULL, NULL, NULL),
(12294, 46, 22, NULL, NULL, NULL, NULL, NULL, NULL, NULL, NULL),
(12293, 46, 21, NULL, NULL, NULL, NULL, NULL, NULL, NULL, NULL),
(12292, 46, 20, NULL, NULL, NULL, NULL, NULL, NULL, NULL, NULL),
(12291, 46, 19, NULL, NULL, NULL, NULL, NULL, NULL, NULL, NULL),
(3172, 101, 24, NULL, NULL, NULL, NULL, NULL, NULL, NULL, NULL),
(3173, 101, 39, NULL, NULL, NULL, NULL, NULL, NULL, NULL, NULL),
(3174, 101, 23, NULL, NULL, NULL, NULL, NULL, NULL, NULL, NULL),
(12036, 18, 24, NULL, NULL, NULL, NULL, NULL, NULL, NULL, NULL),
(12035, 18, 23, NULL, NULL, NULL, NULL, NULL, NULL, NULL, NULL),
(12034, 18, 22, NULL, NULL, NULL, NULL, NULL, NULL, NULL, NULL),
(12033, 18, 21, NULL, NULL, NULL, NULL, NULL, NULL, NULL, NULL),
(12032, 18, 20, NULL, NULL, NULL, NULL, NULL, NULL, NULL, NULL),
(12031, 18, 19, NULL, NULL, NULL, NULL, NULL, NULL, NULL, NULL),
(16327, 53, 38, NULL, NULL, NULL, NULL, NULL, NULL, NULL, NULL),
(16326, 53, 37, NULL, NULL, NULL, NULL, NULL, NULL, NULL, NULL),
(16325, 53, 36, NULL, NULL, NULL, NULL, NULL, NULL, NULL, NULL),
(16324, 53, 35, NULL, NULL, NULL, NULL, NULL, NULL, NULL, NULL),
(16323, 53, 34, NULL, NULL, NULL, NULL, NULL, NULL, NULL, NULL),
(16322, 53, 33, NULL, NULL, NULL, NULL, NULL, NULL, NULL, NULL),
(15623, 100, 34, NULL, NULL, NULL, NULL, NULL, NULL, NULL, NULL),
(15622, 100, 33, NULL, NULL, NULL, NULL, NULL, NULL, NULL, NULL),
(15621, 100, 32, NULL, NULL, NULL, NULL, NULL, NULL, NULL, NULL),
(15620, 100, 31, NULL, NULL, NULL, NULL, NULL, NULL, NULL, NULL),
(15619, 100, 30, NULL, NULL, NULL, NULL, NULL, NULL, NULL, NULL);
INSERT INTO `va_cms_frames_settings` (`fs_id`, `ps_id`, `frame_id`, `frame_style`, `frame_class`, `frame_code`, `html_frame_start`, `html_before_block`, `html_after_block`, `html_frame_end`, `html_between_blocks`) VALUES
(15618, 100, 29, NULL, NULL, NULL, NULL, NULL, NULL, NULL, NULL),
(15617, 100, 28, NULL, NULL, NULL, NULL, NULL, NULL, NULL, NULL),
(15616, 100, 27, NULL, NULL, NULL, NULL, NULL, NULL, NULL, NULL),
(15615, 100, 26, NULL, NULL, NULL, NULL, NULL, NULL, NULL, NULL),
(15614, 100, 25, NULL, NULL, NULL, NULL, NULL, NULL, NULL, NULL),
(15613, 100, 24, NULL, NULL, NULL, NULL, NULL, NULL, NULL, NULL),
(15612, 100, 23, NULL, NULL, NULL, NULL, NULL, NULL, NULL, NULL),
(15611, 100, 22, NULL, NULL, NULL, NULL, NULL, NULL, NULL, NULL),
(15610, 100, 21, NULL, NULL, NULL, NULL, NULL, NULL, NULL, NULL),
(15609, 100, 20, NULL, NULL, NULL, NULL, NULL, NULL, NULL, NULL),
(15608, 100, 19, NULL, NULL, NULL, NULL, NULL, NULL, NULL, NULL),
(11285, 44, 38, NULL, NULL, NULL, NULL, NULL, NULL, NULL, NULL),
(11284, 44, 37, NULL, NULL, NULL, NULL, NULL, NULL, NULL, NULL),
(11283, 44, 36, NULL, NULL, NULL, NULL, NULL, NULL, NULL, NULL),
(11282, 44, 35, NULL, NULL, NULL, NULL, NULL, NULL, NULL, NULL),
(11780, 41, 38, NULL, NULL, NULL, NULL, NULL, NULL, NULL, NULL),
(11779, 41, 37, NULL, NULL, NULL, NULL, NULL, NULL, NULL, NULL),
(11778, 41, 36, NULL, NULL, NULL, NULL, NULL, NULL, NULL, NULL),
(11777, 41, 35, NULL, NULL, NULL, NULL, NULL, NULL, NULL, NULL),
(11905, 35, 38, NULL, NULL, NULL, NULL, NULL, NULL, NULL, NULL),
(11904, 35, 37, NULL, NULL, NULL, NULL, NULL, NULL, NULL, NULL),
(11903, 35, 36, NULL, NULL, NULL, NULL, NULL, NULL, NULL, NULL),
(11902, 35, 35, NULL, NULL, NULL, NULL, NULL, NULL, NULL, NULL),
(11585, 22, 38, NULL, NULL, NULL, NULL, NULL, NULL, NULL, NULL),
(11584, 22, 37, NULL, NULL, NULL, NULL, NULL, NULL, NULL, NULL),
(11583, 22, 36, NULL, NULL, NULL, NULL, NULL, NULL, NULL, NULL),
(11582, 22, 35, NULL, NULL, NULL, NULL, NULL, NULL, NULL, NULL),
(11581, 22, 34, NULL, NULL, NULL, NULL, NULL, NULL, NULL, NULL),
(11580, 22, 33, NULL, NULL, NULL, NULL, NULL, NULL, NULL, NULL),
(11560, 42, 38, NULL, NULL, NULL, NULL, NULL, NULL, NULL, NULL),
(11559, 42, 37, NULL, NULL, NULL, NULL, NULL, NULL, NULL, NULL),
(11558, 42, 36, NULL, NULL, NULL, NULL, NULL, NULL, NULL, NULL),
(11557, 42, 35, NULL, NULL, NULL, NULL, NULL, NULL, NULL, NULL),
(11556, 42, 34, NULL, NULL, NULL, NULL, NULL, NULL, NULL, NULL),
(11555, 42, 33, NULL, NULL, NULL, NULL, NULL, NULL, NULL, NULL),
(11535, 34, 38, NULL, NULL, NULL, NULL, NULL, NULL, NULL, NULL),
(11534, 34, 37, NULL, NULL, NULL, NULL, NULL, NULL, NULL, NULL),
(11533, 34, 36, NULL, NULL, NULL, NULL, NULL, NULL, NULL, NULL),
(11532, 34, 35, NULL, NULL, NULL, NULL, NULL, NULL, NULL, NULL),
(11531, 34, 34, NULL, NULL, NULL, NULL, NULL, NULL, NULL, NULL),
(11530, 34, 33, NULL, NULL, NULL, NULL, NULL, NULL, NULL, NULL),
(11512, 65, 40, NULL, NULL, NULL, NULL, NULL, NULL, NULL, NULL),
(11511, 65, 39, NULL, NULL, NULL, NULL, NULL, NULL, NULL, NULL),
(11510, 65, 38, NULL, NULL, NULL, NULL, NULL, NULL, NULL, NULL),
(11509, 65, 37, NULL, NULL, NULL, NULL, NULL, NULL, NULL, NULL),
(11508, 65, 36, NULL, NULL, NULL, NULL, NULL, NULL, NULL, NULL),
(11507, 65, 35, NULL, NULL, NULL, NULL, NULL, NULL, NULL, NULL),
(14652, 48, 38, NULL, NULL, NULL, NULL, NULL, NULL, NULL, NULL),
(14651, 48, 37, NULL, NULL, NULL, NULL, NULL, NULL, NULL, NULL),
(11882, 58, 40, NULL, NULL, NULL, NULL, NULL, NULL, NULL, NULL),
(11881, 58, 39, NULL, NULL, NULL, NULL, NULL, NULL, NULL, NULL),
(11880, 58, 38, NULL, NULL, NULL, NULL, NULL, NULL, NULL, NULL),
(11879, 58, 37, NULL, NULL, NULL, NULL, NULL, NULL, NULL, NULL),
(11878, 58, 36, NULL, NULL, NULL, NULL, NULL, NULL, NULL, NULL),
(11877, 58, 35, NULL, NULL, NULL, NULL, NULL, NULL, NULL, NULL),
(15942, 38, 28, NULL, NULL, NULL, NULL, NULL, NULL, NULL, NULL),
(15941, 38, 27, NULL, NULL, NULL, NULL, NULL, NULL, NULL, NULL),
(15940, 38, 26, NULL, NULL, NULL, NULL, NULL, NULL, NULL, NULL),
(15939, 38, 25, NULL, NULL, NULL, NULL, NULL, NULL, NULL, NULL),
(15938, 38, 24, NULL, NULL, NULL, NULL, NULL, NULL, NULL, NULL),
(15937, 38, 23, NULL, NULL, NULL, NULL, NULL, NULL, NULL, NULL),
(15936, 38, 22, NULL, NULL, NULL, NULL, NULL, NULL, NULL, NULL),
(15935, 38, 21, NULL, NULL, NULL, NULL, NULL, NULL, NULL, NULL),
(15934, 38, 20, NULL, NULL, NULL, NULL, NULL, NULL, NULL, NULL),
(15933, 38, 19, NULL, NULL, NULL, NULL, NULL, NULL, NULL, NULL),
(4869, 104, 43, NULL, NULL, NULL, NULL, NULL, NULL, NULL, NULL),
(4870, 104, 42, NULL, NULL, NULL, NULL, NULL, NULL, NULL, NULL),
(4871, 104, 41, NULL, NULL, NULL, NULL, NULL, NULL, NULL, NULL),
(4872, 104, 40, NULL, NULL, NULL, NULL, NULL, NULL, NULL, NULL),
(4873, 104, 39, NULL, NULL, NULL, NULL, NULL, NULL, NULL, NULL),
(4874, 104, 38, NULL, NULL, NULL, NULL, NULL, NULL, NULL, NULL),
(4875, 104, 37, NULL, NULL, NULL, NULL, NULL, NULL, NULL, NULL),
(4876, 104, 36, NULL, NULL, NULL, NULL, NULL, NULL, NULL, NULL),
(4877, 104, 35, NULL, NULL, NULL, NULL, NULL, NULL, NULL, NULL),
(4878, 104, 34, NULL, NULL, NULL, NULL, NULL, NULL, NULL, NULL),
(4879, 104, 33, NULL, NULL, NULL, NULL, NULL, NULL, NULL, NULL),
(4880, 104, 32, NULL, NULL, NULL, NULL, NULL, NULL, NULL, NULL),
(4881, 104, 31, NULL, NULL, NULL, NULL, NULL, NULL, NULL, NULL),
(4882, 104, 30, NULL, NULL, NULL, NULL, NULL, NULL, NULL, NULL),
(4883, 104, 29, NULL, NULL, NULL, NULL, NULL, NULL, NULL, NULL),
(4884, 104, 28, NULL, NULL, NULL, NULL, NULL, NULL, NULL, NULL),
(4885, 104, 27, NULL, NULL, NULL, NULL, NULL, NULL, NULL, NULL),
(4886, 104, 26, NULL, NULL, NULL, NULL, NULL, NULL, NULL, NULL),
(4887, 104, 25, NULL, NULL, NULL, NULL, NULL, NULL, NULL, NULL),
(4888, 104, 24, NULL, NULL, NULL, NULL, NULL, NULL, NULL, NULL),
(4889, 104, 23, NULL, NULL, NULL, NULL, NULL, NULL, NULL, NULL),
(4890, 104, 22, NULL, NULL, NULL, NULL, NULL, NULL, NULL, NULL),
(4891, 104, 21, NULL, NULL, NULL, NULL, NULL, NULL, NULL, NULL),
(4892, 104, 20, NULL, NULL, NULL, NULL, NULL, NULL, NULL, NULL),
(4893, 104, 19, NULL, NULL, NULL, NULL, NULL, NULL, NULL, NULL),
(4894, 105, 27, NULL, NULL, NULL, NULL, NULL, NULL, NULL, NULL),
(4895, 105, 39, NULL, NULL, NULL, NULL, NULL, NULL, NULL, NULL),
(4896, 105, 24, NULL, NULL, NULL, NULL, NULL, NULL, NULL, NULL),
(4897, 105, 22, NULL, NULL, NULL, NULL, NULL, NULL, NULL, NULL),
(4898, 105, 21, NULL, NULL, NULL, NULL, NULL, NULL, NULL, NULL),
(4899, 105, 28, NULL, NULL, NULL, NULL, NULL, NULL, NULL, NULL),
(4900, 105, 31, NULL, NULL, NULL, NULL, NULL, NULL, NULL, NULL),
(4901, 105, 30, NULL, NULL, NULL, NULL, NULL, NULL, NULL, NULL),
(4902, 105, 29, NULL, NULL, NULL, NULL, NULL, NULL, NULL, NULL),
(4903, 105, 23, NULL, NULL, NULL, NULL, NULL, NULL, NULL, NULL),
(4904, 105, 43, NULL, NULL, NULL, NULL, NULL, NULL, NULL, NULL),
(4905, 106, 39, NULL, NULL, NULL, NULL, NULL, NULL, NULL, NULL),
(4906, 106, 24, NULL, NULL, NULL, NULL, NULL, NULL, NULL, NULL),
(4907, 106, 22, NULL, NULL, NULL, NULL, NULL, NULL, NULL, NULL),
(4908, 106, 21, NULL, NULL, NULL, NULL, NULL, NULL, NULL, NULL),
(4909, 106, 31, NULL, NULL, NULL, NULL, NULL, NULL, NULL, NULL),
(4910, 106, 30, NULL, NULL, NULL, NULL, NULL, NULL, NULL, NULL),
(4911, 106, 29, NULL, NULL, NULL, NULL, NULL, NULL, NULL, NULL),
(4912, 106, 23, NULL, NULL, NULL, NULL, NULL, NULL, NULL, NULL),
(4913, 106, 43, NULL, NULL, NULL, NULL, NULL, NULL, NULL, NULL),
(4914, 107, 27, NULL, NULL, NULL, NULL, NULL, NULL, NULL, NULL),
(4915, 107, 26, NULL, NULL, NULL, NULL, NULL, NULL, NULL, NULL),
(4916, 107, 25, NULL, NULL, NULL, NULL, NULL, NULL, NULL, NULL),
(4917, 107, 24, NULL, NULL, NULL, NULL, NULL, NULL, NULL, NULL),
(4918, 107, 23, NULL, NULL, NULL, NULL, NULL, NULL, NULL, NULL),
(4919, 107, 22, NULL, NULL, NULL, NULL, NULL, NULL, NULL, NULL),
(4920, 107, 21, NULL, NULL, NULL, NULL, NULL, NULL, NULL, NULL),
(4921, 107, 20, NULL, NULL, NULL, NULL, NULL, NULL, NULL, NULL),
(4922, 107, 19, NULL, NULL, NULL, NULL, NULL, NULL, NULL, NULL),
(4923, 107, 28, NULL, NULL, NULL, NULL, NULL, NULL, NULL, NULL),
(4924, 107, 29, NULL, NULL, NULL, NULL, NULL, NULL, NULL, NULL),
(4925, 107, 30, NULL, NULL, NULL, NULL, NULL, NULL, NULL, NULL),
(4926, 107, 31, NULL, NULL, NULL, NULL, NULL, NULL, NULL, NULL),
(4927, 107, 32, NULL, NULL, NULL, NULL, NULL, NULL, NULL, NULL),
(4928, 107, 33, NULL, NULL, NULL, NULL, NULL, NULL, NULL, NULL),
(4929, 107, 34, NULL, NULL, NULL, NULL, NULL, NULL, NULL, NULL),
(4930, 107, 35, NULL, NULL, NULL, NULL, NULL, NULL, NULL, NULL),
(4931, 107, 36, NULL, NULL, NULL, NULL, NULL, NULL, NULL, NULL),
(4932, 107, 37, NULL, NULL, NULL, NULL, NULL, NULL, NULL, NULL),
(4933, 107, 38, NULL, NULL, NULL, NULL, NULL, NULL, NULL, NULL),
(4934, 107, 39, NULL, NULL, NULL, NULL, NULL, NULL, NULL, NULL),
(4935, 107, 40, NULL, NULL, NULL, NULL, NULL, NULL, NULL, NULL),
(4936, 107, 41, NULL, NULL, NULL, NULL, NULL, NULL, NULL, NULL),
(4937, 107, 42, NULL, NULL, NULL, NULL, NULL, NULL, NULL, NULL),
(4938, 107, 43, NULL, NULL, NULL, NULL, NULL, NULL, NULL, NULL),
(4939, 108, 21, NULL, NULL, NULL, NULL, NULL, NULL, NULL, NULL),
(4940, 108, 28, NULL, NULL, NULL, NULL, NULL, NULL, NULL, NULL),
(4941, 108, 31, NULL, NULL, NULL, NULL, NULL, NULL, NULL, NULL),
(4942, 108, 30, NULL, NULL, NULL, NULL, NULL, NULL, NULL, NULL),
(4943, 108, 29, NULL, NULL, NULL, NULL, NULL, NULL, NULL, NULL),
(4944, 108, 22, NULL, NULL, NULL, NULL, NULL, NULL, NULL, NULL),
(4945, 108, 24, NULL, NULL, NULL, NULL, NULL, NULL, NULL, NULL),
(4946, 108, 39, NULL, NULL, NULL, NULL, NULL, NULL, NULL, NULL),
(4947, 108, 27, NULL, NULL, NULL, NULL, NULL, NULL, NULL, NULL),
(4948, 108, 23, NULL, NULL, NULL, NULL, NULL, NULL, NULL, NULL),
(4949, 108, 43, NULL, NULL, NULL, NULL, NULL, NULL, NULL, NULL),
(4950, 109, 21, NULL, NULL, NULL, NULL, NULL, NULL, NULL, NULL),
(4951, 109, 28, NULL, NULL, NULL, NULL, NULL, NULL, NULL, NULL),
(4952, 109, 31, NULL, NULL, NULL, NULL, NULL, NULL, NULL, NULL),
(4953, 109, 30, NULL, NULL, NULL, NULL, NULL, NULL, NULL, NULL),
(4954, 109, 29, NULL, NULL, NULL, NULL, NULL, NULL, NULL, NULL),
(4955, 109, 22, NULL, NULL, NULL, NULL, NULL, NULL, NULL, NULL),
(4956, 109, 24, NULL, NULL, NULL, NULL, NULL, NULL, NULL, NULL),
(4957, 109, 39, NULL, NULL, NULL, NULL, NULL, NULL, NULL, NULL),
(4958, 109, 27, NULL, NULL, NULL, NULL, NULL, NULL, NULL, NULL),
(4959, 109, 23, NULL, NULL, NULL, NULL, NULL, NULL, NULL, NULL),
(4960, 109, 43, NULL, NULL, NULL, NULL, NULL, NULL, NULL, NULL),
(4961, 110, 22, NULL, NULL, NULL, NULL, NULL, NULL, NULL, NULL),
(4962, 110, 21, NULL, NULL, NULL, NULL, NULL, NULL, NULL, NULL),
(4963, 110, 31, NULL, NULL, NULL, NULL, NULL, NULL, NULL, NULL),
(4964, 110, 30, NULL, NULL, NULL, NULL, NULL, NULL, NULL, NULL),
(4965, 110, 29, NULL, NULL, NULL, NULL, NULL, NULL, NULL, NULL),
(4966, 110, 24, NULL, NULL, NULL, NULL, NULL, NULL, NULL, NULL),
(4967, 110, 39, NULL, NULL, NULL, NULL, NULL, NULL, NULL, NULL),
(4968, 110, 28, NULL, NULL, NULL, NULL, NULL, NULL, NULL, NULL),
(4969, 110, 27, NULL, NULL, NULL, NULL, NULL, NULL, NULL, NULL),
(4970, 110, 23, NULL, NULL, NULL, NULL, NULL, NULL, NULL, NULL),
(4971, 110, 43, NULL, NULL, NULL, NULL, NULL, NULL, NULL, NULL),
(4972, 111, 21, NULL, NULL, NULL, NULL, NULL, NULL, NULL, NULL),
(4973, 111, 28, NULL, NULL, NULL, NULL, NULL, NULL, NULL, NULL),
(4974, 111, 30, NULL, NULL, NULL, NULL, NULL, NULL, NULL, NULL),
(4975, 111, 22, NULL, NULL, NULL, NULL, NULL, NULL, NULL, NULL),
(4976, 111, 24, NULL, NULL, NULL, NULL, NULL, NULL, NULL, NULL),
(4977, 111, 39, NULL, NULL, NULL, NULL, NULL, NULL, NULL, NULL),
(4978, 111, 27, NULL, NULL, NULL, NULL, NULL, NULL, NULL, NULL),
(4979, 111, 23, NULL, NULL, NULL, NULL, NULL, NULL, NULL, NULL),
(4980, 111, 43, NULL, NULL, NULL, NULL, NULL, NULL, NULL, NULL),
(4981, 112, 22, NULL, NULL, NULL, NULL, NULL, NULL, NULL, NULL),
(4982, 112, 21, NULL, NULL, NULL, NULL, NULL, NULL, NULL, NULL),
(4983, 112, 31, NULL, NULL, NULL, NULL, NULL, NULL, NULL, NULL),
(4984, 112, 30, NULL, NULL, NULL, NULL, NULL, NULL, NULL, NULL),
(4985, 112, 29, NULL, NULL, NULL, NULL, NULL, NULL, NULL, NULL),
(4986, 112, 39, NULL, NULL, NULL, NULL, NULL, NULL, NULL, NULL),
(4987, 112, 23, NULL, NULL, NULL, NULL, NULL, NULL, NULL, NULL),
(4988, 112, 43, NULL, NULL, NULL, NULL, NULL, NULL, NULL, NULL),
(4989, 112, 24, NULL, NULL, NULL, NULL, NULL, NULL, NULL, NULL),
(4990, 113, 43, NULL, NULL, NULL, NULL, NULL, NULL, NULL, NULL),
(4991, 113, 23, NULL, NULL, NULL, NULL, NULL, NULL, NULL, NULL),
(4992, 113, 39, NULL, NULL, NULL, NULL, NULL, NULL, NULL, NULL),
(4993, 113, 24, NULL, NULL, NULL, NULL, NULL, NULL, NULL, NULL),
(4994, 113, 22, NULL, NULL, NULL, NULL, NULL, NULL, NULL, NULL),
(4995, 113, 21, NULL, NULL, NULL, NULL, NULL, NULL, NULL, NULL),
(4996, 113, 31, NULL, NULL, NULL, NULL, NULL, NULL, NULL, NULL),
(4997, 113, 30, NULL, NULL, NULL, NULL, NULL, NULL, NULL, NULL),
(4998, 113, 29, NULL, NULL, NULL, NULL, NULL, NULL, NULL, NULL),
(4999, 114, 22, NULL, NULL, NULL, NULL, NULL, NULL, NULL, NULL),
(5000, 114, 21, NULL, NULL, NULL, NULL, NULL, NULL, NULL, NULL),
(5001, 114, 31, NULL, NULL, NULL, NULL, NULL, NULL, NULL, NULL),
(5002, 114, 30, NULL, NULL, NULL, NULL, NULL, NULL, NULL, NULL),
(5003, 114, 29, NULL, NULL, NULL, NULL, NULL, NULL, NULL, NULL),
(5004, 114, 24, NULL, NULL, NULL, NULL, NULL, NULL, NULL, NULL),
(5005, 114, 39, NULL, NULL, NULL, NULL, NULL, NULL, NULL, NULL),
(5006, 115, 5, NULL, NULL, NULL, NULL, NULL, NULL, NULL, NULL),
(5007, 115, 4, NULL, NULL, NULL, NULL, NULL, NULL, NULL, NULL),
(5008, 115, 3, NULL, NULL, NULL, NULL, NULL, NULL, NULL, NULL),
(5009, 115, 2, NULL, NULL, NULL, NULL, NULL, NULL, NULL, NULL),
(5010, 115, 1, NULL, NULL, NULL, NULL, NULL, NULL, NULL, NULL),
(5011, 116, 43, NULL, NULL, NULL, NULL, NULL, NULL, NULL, NULL),
(5012, 116, 42, NULL, NULL, NULL, NULL, NULL, NULL, NULL, NULL),
(5013, 116, 41, NULL, NULL, NULL, NULL, NULL, NULL, NULL, NULL),
(5014, 116, 40, NULL, NULL, NULL, NULL, NULL, NULL, NULL, NULL),
(5015, 116, 39, NULL, NULL, NULL, NULL, NULL, NULL, NULL, NULL),
(5016, 116, 38, NULL, NULL, NULL, NULL, NULL, NULL, NULL, NULL),
(5017, 116, 37, NULL, NULL, NULL, NULL, NULL, NULL, NULL, NULL),
(5018, 116, 36, NULL, NULL, NULL, NULL, NULL, NULL, NULL, NULL),
(5019, 116, 35, NULL, NULL, NULL, NULL, NULL, NULL, NULL, NULL),
(5020, 116, 34, NULL, NULL, NULL, NULL, NULL, NULL, NULL, NULL),
(5021, 116, 33, NULL, NULL, NULL, NULL, NULL, NULL, NULL, NULL),
(5022, 116, 32, NULL, NULL, NULL, NULL, NULL, NULL, NULL, NULL),
(5023, 116, 31, NULL, NULL, NULL, NULL, NULL, NULL, NULL, NULL),
(5024, 116, 30, NULL, NULL, NULL, NULL, NULL, NULL, NULL, NULL),
(5025, 116, 29, NULL, NULL, NULL, NULL, NULL, NULL, NULL, NULL),
(5026, 116, 28, NULL, NULL, NULL, NULL, NULL, NULL, NULL, NULL),
(5027, 116, 27, NULL, NULL, NULL, NULL, NULL, NULL, NULL, NULL),
(5028, 116, 26, NULL, NULL, NULL, NULL, NULL, NULL, NULL, NULL),
(5029, 116, 25, NULL, NULL, NULL, NULL, NULL, NULL, NULL, NULL),
(5030, 116, 24, NULL, NULL, NULL, NULL, NULL, NULL, NULL, NULL),
(5031, 116, 23, NULL, NULL, NULL, NULL, NULL, NULL, NULL, NULL),
(5032, 116, 22, NULL, NULL, NULL, NULL, NULL, NULL, NULL, NULL),
(5033, 116, 21, NULL, NULL, NULL, NULL, NULL, NULL, NULL, NULL),
(5034, 116, 20, NULL, NULL, NULL, NULL, NULL, NULL, NULL, NULL),
(5035, 116, 19, NULL, NULL, NULL, NULL, NULL, NULL, NULL, NULL),
(5036, 117, 24, NULL, NULL, NULL, NULL, NULL, NULL, NULL, NULL),
(5037, 117, 39, NULL, NULL, NULL, NULL, NULL, NULL, NULL, NULL),
(5038, 117, 22, NULL, NULL, NULL, NULL, NULL, NULL, NULL, NULL),
(5039, 117, 21, NULL, NULL, NULL, NULL, NULL, NULL, NULL, NULL),
(5040, 117, 43, NULL, NULL, NULL, NULL, NULL, NULL, NULL, NULL),
(5041, 117, 23, NULL, NULL, NULL, NULL, NULL, NULL, NULL, NULL),
(5042, 117, 31, NULL, NULL, NULL, NULL, NULL, NULL, NULL, NULL),
(5043, 117, 30, NULL, NULL, NULL, NULL, NULL, NULL, NULL, NULL),
(5044, 117, 29, NULL, NULL, NULL, NULL, NULL, NULL, NULL, NULL),
(5045, 118, 43, NULL, NULL, NULL, NULL, NULL, NULL, NULL, NULL),
(5046, 118, 42, NULL, NULL, NULL, NULL, NULL, NULL, NULL, NULL),
(5047, 118, 41, NULL, NULL, NULL, NULL, NULL, NULL, NULL, NULL),
(5048, 118, 40, NULL, NULL, NULL, NULL, NULL, NULL, NULL, NULL),
(5049, 118, 39, NULL, NULL, NULL, NULL, NULL, NULL, NULL, NULL),
(5050, 118, 38, NULL, NULL, NULL, NULL, NULL, NULL, NULL, NULL),
(5051, 118, 37, NULL, NULL, NULL, NULL, NULL, NULL, NULL, NULL),
(5052, 118, 36, NULL, NULL, NULL, NULL, NULL, NULL, NULL, NULL),
(5053, 118, 35, NULL, NULL, NULL, NULL, NULL, NULL, NULL, NULL),
(5054, 118, 34, NULL, NULL, NULL, NULL, NULL, NULL, NULL, NULL),
(5055, 118, 33, NULL, NULL, NULL, NULL, NULL, NULL, NULL, NULL),
(5056, 118, 32, NULL, NULL, NULL, NULL, NULL, NULL, NULL, NULL),
(5057, 118, 31, NULL, NULL, NULL, NULL, NULL, NULL, NULL, NULL),
(5058, 118, 30, NULL, NULL, NULL, NULL, NULL, NULL, NULL, NULL),
(5059, 118, 29, NULL, NULL, NULL, NULL, NULL, NULL, NULL, NULL),
(5060, 118, 28, NULL, NULL, NULL, NULL, NULL, NULL, NULL, NULL),
(5061, 118, 27, NULL, NULL, NULL, NULL, NULL, NULL, NULL, NULL),
(5062, 118, 26, NULL, NULL, NULL, NULL, NULL, NULL, NULL, NULL),
(5063, 118, 25, NULL, NULL, NULL, NULL, NULL, NULL, NULL, NULL),
(5064, 118, 24, NULL, NULL, NULL, NULL, NULL, NULL, NULL, NULL),
(5065, 118, 23, NULL, NULL, NULL, NULL, NULL, NULL, NULL, NULL),
(5066, 118, 22, NULL, NULL, NULL, NULL, NULL, NULL, NULL, NULL),
(5067, 118, 21, NULL, NULL, NULL, NULL, NULL, NULL, NULL, NULL),
(5068, 118, 20, NULL, NULL, NULL, NULL, NULL, NULL, NULL, NULL),
(5069, 118, 19, NULL, NULL, NULL, NULL, NULL, NULL, NULL, NULL),
(5070, 119, 1, NULL, NULL, NULL, NULL, NULL, NULL, NULL, NULL),
(5071, 119, 2, NULL, NULL, NULL, NULL, NULL, NULL, NULL, NULL),
(5072, 119, 3, NULL, NULL, NULL, NULL, NULL, NULL, NULL, NULL),
(5073, 119, 4, NULL, NULL, NULL, NULL, NULL, NULL, NULL, NULL),
(5074, 119, 5, NULL, NULL, NULL, NULL, NULL, NULL, NULL, NULL),
(5075, 120, 31, NULL, NULL, NULL, NULL, NULL, NULL, NULL, NULL),
(5076, 120, 29, NULL, NULL, NULL, NULL, NULL, NULL, NULL, NULL),
(5077, 120, 30, NULL, NULL, NULL, NULL, NULL, NULL, NULL, NULL),
(5078, 120, 23, NULL, NULL, NULL, NULL, NULL, NULL, NULL, NULL),
(5079, 120, 43, NULL, NULL, NULL, NULL, NULL, NULL, NULL, NULL),
(5080, 120, 21, NULL, NULL, NULL, NULL, NULL, NULL, NULL, NULL),
(5081, 120, 22, NULL, NULL, NULL, NULL, NULL, NULL, NULL, NULL),
(5082, 120, 24, NULL, NULL, NULL, NULL, NULL, NULL, NULL, NULL),
(5083, 120, 39, NULL, NULL, NULL, NULL, NULL, NULL, NULL, NULL),
(5084, 121, 43, NULL, NULL, NULL, NULL, NULL, NULL, NULL, NULL),
(5085, 121, 23, NULL, NULL, NULL, NULL, NULL, NULL, NULL, NULL),
(5086, 121, 31, NULL, NULL, NULL, NULL, NULL, NULL, NULL, NULL),
(5087, 121, 30, NULL, NULL, NULL, NULL, NULL, NULL, NULL, NULL),
(5088, 121, 29, NULL, NULL, NULL, NULL, NULL, NULL, NULL, NULL),
(5089, 121, 21, NULL, NULL, NULL, NULL, NULL, NULL, NULL, NULL),
(5090, 121, 22, NULL, NULL, NULL, NULL, NULL, NULL, NULL, NULL),
(5091, 121, 24, NULL, NULL, NULL, NULL, NULL, NULL, NULL, NULL),
(5092, 121, 39, NULL, NULL, NULL, NULL, NULL, NULL, NULL, NULL),
(5093, 122, 1, NULL, NULL, NULL, NULL, NULL, NULL, NULL, NULL),
(5094, 122, 2, NULL, NULL, NULL, NULL, NULL, NULL, NULL, NULL),
(5095, 122, 3, NULL, NULL, NULL, NULL, NULL, NULL, NULL, NULL),
(5096, 122, 4, NULL, NULL, NULL, NULL, NULL, NULL, NULL, NULL),
(5097, 122, 5, NULL, NULL, NULL, NULL, NULL, NULL, NULL, NULL),
(5098, 123, 1, NULL, NULL, NULL, NULL, NULL, NULL, NULL, NULL),
(5099, 123, 2, NULL, NULL, NULL, NULL, NULL, NULL, NULL, NULL),
(5100, 123, 3, NULL, NULL, NULL, NULL, NULL, NULL, NULL, NULL),
(5101, 123, 4, NULL, NULL, NULL, NULL, NULL, NULL, NULL, NULL),
(5102, 123, 5, NULL, NULL, NULL, NULL, NULL, NULL, NULL, NULL),
(5103, 124, 1, NULL, NULL, NULL, NULL, NULL, NULL, NULL, NULL),
(5104, 124, 2, NULL, NULL, NULL, NULL, NULL, NULL, NULL, NULL),
(5105, 124, 3, NULL, NULL, NULL, NULL, NULL, NULL, NULL, NULL),
(5106, 124, 4, NULL, NULL, NULL, NULL, NULL, NULL, NULL, NULL),
(5107, 124, 5, NULL, NULL, NULL, NULL, NULL, NULL, NULL, NULL),
(5108, 125, 27, NULL, NULL, NULL, NULL, NULL, NULL, NULL, NULL),
(5109, 125, 26, NULL, NULL, NULL, NULL, NULL, NULL, NULL, NULL),
(5110, 125, 25, NULL, NULL, NULL, NULL, NULL, NULL, NULL, NULL),
(5111, 125, 24, NULL, NULL, NULL, NULL, NULL, NULL, NULL, NULL),
(5112, 125, 23, NULL, NULL, NULL, NULL, NULL, NULL, NULL, NULL),
(5113, 125, 22, NULL, NULL, NULL, NULL, NULL, NULL, NULL, NULL),
(5114, 125, 21, NULL, NULL, NULL, NULL, NULL, NULL, NULL, NULL),
(5115, 125, 20, NULL, NULL, NULL, NULL, NULL, NULL, NULL, NULL),
(5116, 125, 19, NULL, NULL, NULL, NULL, NULL, NULL, NULL, NULL),
(5117, 125, 28, NULL, NULL, NULL, NULL, NULL, NULL, NULL, NULL),
(5118, 125, 29, NULL, NULL, NULL, NULL, NULL, NULL, NULL, NULL),
(5119, 125, 30, NULL, NULL, NULL, NULL, NULL, NULL, NULL, NULL),
(5120, 125, 31, NULL, NULL, NULL, NULL, NULL, NULL, NULL, NULL),
(5121, 125, 32, NULL, NULL, NULL, NULL, NULL, NULL, NULL, NULL),
(5122, 125, 33, NULL, NULL, NULL, NULL, NULL, NULL, NULL, NULL),
(5123, 125, 34, NULL, NULL, NULL, NULL, NULL, NULL, NULL, NULL),
(5124, 125, 35, NULL, NULL, NULL, NULL, NULL, NULL, NULL, NULL),
(5125, 125, 36, NULL, NULL, NULL, NULL, NULL, NULL, NULL, NULL),
(5126, 125, 37, NULL, NULL, NULL, NULL, NULL, NULL, NULL, NULL),
(5127, 125, 38, NULL, NULL, NULL, NULL, NULL, NULL, NULL, NULL),
(5128, 125, 39, NULL, NULL, NULL, NULL, NULL, NULL, NULL, NULL),
(5129, 125, 40, NULL, NULL, NULL, NULL, NULL, NULL, NULL, NULL),
(5130, 125, 41, NULL, NULL, NULL, NULL, NULL, NULL, NULL, NULL),
(5131, 125, 42, NULL, NULL, NULL, NULL, NULL, NULL, NULL, NULL),
(5132, 125, 43, NULL, NULL, NULL, NULL, NULL, NULL, NULL, NULL),
(5133, 126, 27, NULL, NULL, NULL, NULL, NULL, NULL, NULL, NULL),
(5134, 126, 28, NULL, NULL, NULL, NULL, NULL, NULL, NULL, NULL),
(5135, 126, 31, NULL, NULL, NULL, NULL, NULL, NULL, NULL, NULL),
(5136, 126, 30, NULL, NULL, NULL, NULL, NULL, NULL, NULL, NULL),
(5137, 126, 29, NULL, NULL, NULL, NULL, NULL, NULL, NULL, NULL),
(5138, 126, 23, NULL, NULL, NULL, NULL, NULL, NULL, NULL, NULL),
(5139, 126, 43, NULL, NULL, NULL, NULL, NULL, NULL, NULL, NULL),
(5140, 126, 21, NULL, NULL, NULL, NULL, NULL, NULL, NULL, NULL),
(5141, 126, 22, NULL, NULL, NULL, NULL, NULL, NULL, NULL, NULL),
(5142, 126, 24, NULL, NULL, NULL, NULL, NULL, NULL, NULL, NULL),
(5143, 126, 39, NULL, NULL, NULL, NULL, NULL, NULL, NULL, NULL),
(5144, 127, 27, NULL, NULL, NULL, NULL, NULL, NULL, NULL, NULL),
(5145, 127, 28, NULL, NULL, NULL, NULL, NULL, NULL, NULL, NULL),
(5146, 127, 31, NULL, NULL, NULL, NULL, NULL, NULL, NULL, NULL),
(5147, 127, 30, NULL, NULL, NULL, NULL, NULL, NULL, NULL, NULL),
(5148, 127, 29, NULL, NULL, NULL, NULL, NULL, NULL, NULL, NULL),
(5149, 127, 23, NULL, NULL, NULL, NULL, NULL, NULL, NULL, NULL),
(5150, 127, 43, NULL, NULL, NULL, NULL, NULL, NULL, NULL, NULL),
(5151, 127, 21, NULL, NULL, NULL, NULL, NULL, NULL, NULL, NULL),
(5152, 127, 22, NULL, NULL, NULL, NULL, NULL, NULL, NULL, NULL),
(5153, 127, 24, NULL, NULL, NULL, NULL, NULL, NULL, NULL, NULL),
(5154, 127, 39, NULL, NULL, NULL, NULL, NULL, NULL, NULL, NULL),
(5155, 128, 1, NULL, NULL, NULL, NULL, NULL, NULL, NULL, NULL),
(5156, 128, 2, NULL, NULL, NULL, NULL, NULL, NULL, NULL, NULL),
(5157, 128, 3, NULL, NULL, NULL, NULL, NULL, NULL, NULL, NULL),
(5158, 128, 4, NULL, NULL, NULL, NULL, NULL, NULL, NULL, NULL),
(5159, 128, 5, NULL, NULL, NULL, NULL, NULL, NULL, NULL, NULL),
(5160, 129, 27, NULL, NULL, NULL, NULL, NULL, NULL, NULL, NULL),
(5161, 129, 28, NULL, NULL, NULL, NULL, NULL, NULL, NULL, NULL),
(5162, 129, 31, NULL, NULL, NULL, NULL, NULL, NULL, NULL, NULL),
(5163, 129, 30, NULL, NULL, NULL, NULL, NULL, NULL, NULL, NULL),
(5164, 129, 29, NULL, NULL, NULL, NULL, NULL, NULL, NULL, NULL),
(5165, 129, 23, NULL, NULL, NULL, NULL, NULL, NULL, NULL, NULL),
(5166, 129, 43, NULL, NULL, NULL, NULL, NULL, NULL, NULL, NULL),
(5167, 129, 21, NULL, NULL, NULL, NULL, NULL, NULL, NULL, NULL),
(5168, 129, 22, NULL, NULL, NULL, NULL, NULL, NULL, NULL, NULL),
(5169, 129, 24, NULL, NULL, NULL, NULL, NULL, NULL, NULL, NULL),
(5170, 129, 39, NULL, NULL, NULL, NULL, NULL, NULL, NULL, NULL),
(5171, 130, 27, NULL, NULL, NULL, NULL, NULL, NULL, NULL, NULL),
(5172, 130, 28, NULL, NULL, NULL, NULL, NULL, NULL, NULL, NULL),
(5173, 130, 31, NULL, NULL, NULL, NULL, NULL, NULL, NULL, NULL),
(5174, 130, 30, NULL, NULL, NULL, NULL, NULL, NULL, NULL, NULL),
(5175, 130, 29, NULL, NULL, NULL, NULL, NULL, NULL, NULL, NULL),
(5176, 130, 23, NULL, NULL, NULL, NULL, NULL, NULL, NULL, NULL),
(5177, 130, 43, NULL, NULL, NULL, NULL, NULL, NULL, NULL, NULL),
(5178, 130, 21, NULL, NULL, NULL, NULL, NULL, NULL, NULL, NULL),
(5179, 130, 22, NULL, NULL, NULL, NULL, NULL, NULL, NULL, NULL),
(5180, 130, 24, NULL, NULL, NULL, NULL, NULL, NULL, NULL, NULL),
(5181, 130, 39, NULL, NULL, NULL, NULL, NULL, NULL, NULL, NULL),
(5182, 131, 27, NULL, NULL, NULL, NULL, NULL, NULL, NULL, NULL),
(5183, 131, 28, NULL, NULL, NULL, NULL, NULL, NULL, NULL, NULL),
(5184, 131, 31, NULL, NULL, NULL, NULL, NULL, NULL, NULL, NULL),
(5185, 131, 30, NULL, NULL, NULL, NULL, NULL, NULL, NULL, NULL),
(5186, 131, 29, NULL, NULL, NULL, NULL, NULL, NULL, NULL, NULL),
(5187, 131, 23, NULL, NULL, NULL, NULL, NULL, NULL, NULL, NULL),
(5188, 131, 43, NULL, NULL, NULL, NULL, NULL, NULL, NULL, NULL),
(5189, 131, 21, NULL, NULL, NULL, NULL, NULL, NULL, NULL, NULL),
(5190, 131, 22, NULL, NULL, NULL, NULL, NULL, NULL, NULL, NULL),
(5191, 131, 24, NULL, NULL, NULL, NULL, NULL, NULL, NULL, NULL),
(5192, 131, 39, NULL, NULL, NULL, NULL, NULL, NULL, NULL, NULL),
(5193, 132, 27, NULL, NULL, NULL, NULL, NULL, NULL, NULL, NULL),
(5194, 132, 28, NULL, NULL, NULL, NULL, NULL, NULL, NULL, NULL),
(5195, 132, 31, NULL, NULL, NULL, NULL, NULL, NULL, NULL, NULL),
(5196, 132, 30, NULL, NULL, NULL, NULL, NULL, NULL, NULL, NULL),
(5197, 132, 29, NULL, NULL, NULL, NULL, NULL, NULL, NULL, NULL),
(5198, 132, 23, NULL, NULL, NULL, NULL, NULL, NULL, NULL, NULL),
(5199, 132, 43, NULL, NULL, NULL, NULL, NULL, NULL, NULL, NULL),
(5200, 132, 21, NULL, NULL, NULL, NULL, NULL, NULL, NULL, NULL),
(5201, 132, 22, NULL, NULL, NULL, NULL, NULL, NULL, NULL, NULL),
(5202, 132, 24, NULL, NULL, NULL, NULL, NULL, NULL, NULL, NULL),
(5203, 132, 39, NULL, NULL, NULL, NULL, NULL, NULL, NULL, NULL),
(5204, 133, 27, NULL, NULL, NULL, NULL, NULL, NULL, NULL, NULL),
(5205, 133, 28, NULL, NULL, NULL, NULL, NULL, NULL, NULL, NULL),
(5206, 133, 31, NULL, NULL, NULL, NULL, NULL, NULL, NULL, NULL),
(5207, 133, 30, NULL, NULL, NULL, NULL, NULL, NULL, NULL, NULL),
(5208, 133, 29, NULL, NULL, NULL, NULL, NULL, NULL, NULL, NULL),
(5209, 133, 23, NULL, NULL, NULL, NULL, NULL, NULL, NULL, NULL),
(5210, 133, 43, NULL, NULL, NULL, NULL, NULL, NULL, NULL, NULL),
(5211, 133, 21, NULL, NULL, NULL, NULL, NULL, NULL, NULL, NULL),
(5212, 133, 22, NULL, NULL, NULL, NULL, NULL, NULL, NULL, NULL),
(5213, 133, 24, NULL, NULL, NULL, NULL, NULL, NULL, NULL, NULL),
(5214, 133, 39, NULL, NULL, NULL, NULL, NULL, NULL, NULL, NULL),
(5215, 134, 43, NULL, NULL, NULL, NULL, NULL, NULL, NULL, NULL),
(5216, 134, 23, NULL, NULL, NULL, NULL, NULL, NULL, NULL, NULL),
(5217, 134, 24, NULL, NULL, NULL, NULL, NULL, NULL, NULL, NULL),
(5218, 134, 22, NULL, NULL, NULL, NULL, NULL, NULL, NULL, NULL),
(5219, 134, 39, NULL, NULL, NULL, NULL, NULL, NULL, NULL, NULL),
(5220, 134, 21, NULL, NULL, NULL, NULL, NULL, NULL, NULL, NULL),
(5221, 134, 31, NULL, NULL, NULL, NULL, NULL, NULL, NULL, NULL),
(5222, 134, 30, NULL, NULL, NULL, NULL, NULL, NULL, NULL, NULL),
(5223, 134, 29, NULL, NULL, NULL, NULL, NULL, NULL, NULL, NULL),
(5224, 135, 27, NULL, NULL, NULL, NULL, NULL, NULL, NULL, NULL),
(5225, 135, 26, NULL, NULL, NULL, NULL, NULL, NULL, NULL, NULL),
(5226, 135, 25, NULL, NULL, NULL, NULL, NULL, NULL, NULL, NULL),
(5227, 135, 24, NULL, NULL, NULL, NULL, NULL, NULL, NULL, NULL),
(5228, 135, 23, NULL, NULL, NULL, NULL, NULL, NULL, NULL, NULL),
(5229, 135, 22, NULL, NULL, NULL, NULL, NULL, NULL, NULL, NULL),
(5230, 135, 21, NULL, NULL, NULL, NULL, NULL, NULL, NULL, NULL),
(5231, 135, 20, NULL, NULL, NULL, NULL, NULL, NULL, NULL, NULL),
(5232, 135, 19, NULL, NULL, NULL, NULL, NULL, NULL, NULL, NULL),
(5233, 135, 28, NULL, NULL, NULL, NULL, NULL, NULL, NULL, NULL),
(5234, 135, 29, NULL, NULL, NULL, NULL, NULL, NULL, NULL, NULL),
(5235, 135, 30, NULL, NULL, NULL, NULL, NULL, NULL, NULL, NULL),
(5236, 135, 31, NULL, NULL, NULL, NULL, NULL, NULL, NULL, NULL),
(5237, 135, 32, NULL, NULL, NULL, NULL, NULL, NULL, NULL, NULL),
(5238, 135, 33, NULL, NULL, NULL, NULL, NULL, NULL, NULL, NULL),
(5239, 135, 34, NULL, NULL, NULL, NULL, NULL, NULL, NULL, NULL),
(5240, 135, 35, NULL, NULL, NULL, NULL, NULL, NULL, NULL, NULL),
(5241, 135, 36, NULL, NULL, NULL, NULL, NULL, NULL, NULL, NULL),
(5242, 135, 37, NULL, NULL, NULL, NULL, NULL, NULL, NULL, NULL),
(5243, 135, 38, NULL, NULL, NULL, NULL, NULL, NULL, NULL, NULL),
(5244, 135, 39, NULL, NULL, NULL, NULL, NULL, NULL, NULL, NULL),
(5245, 135, 40, NULL, NULL, NULL, NULL, NULL, NULL, NULL, NULL),
(5246, 135, 41, NULL, NULL, NULL, NULL, NULL, NULL, NULL, NULL),
(5247, 135, 42, NULL, NULL, NULL, NULL, NULL, NULL, NULL, NULL),
(5248, 135, 43, NULL, NULL, NULL, NULL, NULL, NULL, NULL, NULL),
(5249, 136, 27, NULL, NULL, NULL, NULL, NULL, NULL, NULL, NULL),
(5250, 136, 26, NULL, NULL, NULL, NULL, NULL, NULL, NULL, NULL),
(5251, 136, 25, NULL, NULL, NULL, NULL, NULL, NULL, NULL, NULL),
(5252, 136, 24, NULL, NULL, NULL, NULL, NULL, NULL, NULL, NULL),
(5253, 136, 23, NULL, NULL, NULL, NULL, NULL, NULL, NULL, NULL),
(5254, 136, 22, NULL, NULL, NULL, NULL, NULL, NULL, NULL, NULL),
(5255, 136, 21, NULL, NULL, NULL, NULL, NULL, NULL, NULL, NULL),
(5256, 136, 20, NULL, NULL, NULL, NULL, NULL, NULL, NULL, NULL),
(5257, 136, 19, NULL, NULL, NULL, NULL, NULL, NULL, NULL, NULL),
(5258, 136, 28, NULL, NULL, NULL, NULL, NULL, NULL, NULL, NULL),
(5259, 136, 29, NULL, NULL, NULL, NULL, NULL, NULL, NULL, NULL),
(5260, 136, 30, NULL, NULL, NULL, NULL, NULL, NULL, NULL, NULL),
(5261, 136, 31, NULL, NULL, NULL, NULL, NULL, NULL, NULL, NULL),
(5262, 136, 32, NULL, NULL, NULL, NULL, NULL, NULL, NULL, NULL),
(5263, 136, 33, NULL, NULL, NULL, NULL, NULL, NULL, NULL, NULL),
(5264, 136, 34, NULL, NULL, NULL, NULL, NULL, NULL, NULL, NULL),
(5265, 136, 35, NULL, NULL, NULL, NULL, NULL, NULL, NULL, NULL),
(5266, 136, 36, NULL, NULL, NULL, NULL, NULL, NULL, NULL, NULL),
(5267, 136, 37, NULL, NULL, NULL, NULL, NULL, NULL, NULL, NULL),
(5268, 136, 38, NULL, NULL, NULL, NULL, NULL, NULL, NULL, NULL),
(5269, 136, 39, NULL, NULL, NULL, NULL, NULL, NULL, NULL, NULL),
(5270, 136, 40, NULL, NULL, NULL, NULL, NULL, NULL, NULL, NULL),
(5271, 136, 41, NULL, NULL, NULL, NULL, NULL, NULL, NULL, NULL),
(5272, 136, 42, NULL, NULL, NULL, NULL, NULL, NULL, NULL, NULL),
(5273, 136, 43, NULL, NULL, NULL, NULL, NULL, NULL, NULL, NULL),
(5274, 137, 29, NULL, NULL, NULL, NULL, NULL, NULL, NULL, NULL),
(5275, 137, 28, NULL, NULL, NULL, NULL, NULL, NULL, NULL, NULL),
(5276, 137, 27, NULL, NULL, NULL, NULL, NULL, NULL, NULL, NULL),
(5277, 137, 26, NULL, NULL, NULL, NULL, NULL, NULL, NULL, NULL),
(5278, 137, 25, NULL, NULL, NULL, NULL, NULL, NULL, NULL, NULL),
(5279, 137, 24, NULL, NULL, NULL, NULL, NULL, NULL, NULL, NULL),
(5280, 137, 23, NULL, NULL, NULL, NULL, NULL, NULL, NULL, NULL),
(5281, 137, 22, NULL, NULL, NULL, NULL, NULL, NULL, NULL, NULL),
(5282, 137, 21, NULL, NULL, NULL, NULL, NULL, NULL, NULL, NULL),
(5283, 137, 20, NULL, NULL, NULL, NULL, NULL, NULL, NULL, NULL),
(5284, 137, 19, NULL, NULL, NULL, NULL, NULL, NULL, NULL, NULL),
(5285, 137, 30, NULL, NULL, NULL, NULL, NULL, NULL, NULL, NULL),
(5286, 137, 31, NULL, NULL, NULL, NULL, NULL, NULL, NULL, NULL),
(5287, 137, 32, NULL, NULL, NULL, NULL, NULL, NULL, NULL, NULL),
(5288, 137, 33, NULL, NULL, NULL, NULL, NULL, NULL, NULL, NULL),
(5289, 137, 34, NULL, NULL, NULL, NULL, NULL, NULL, NULL, NULL),
(5290, 137, 35, NULL, NULL, NULL, NULL, NULL, NULL, NULL, NULL),
(5291, 137, 36, NULL, NULL, NULL, NULL, NULL, NULL, NULL, NULL),
(5292, 137, 37, NULL, NULL, NULL, NULL, NULL, NULL, NULL, NULL),
(5293, 137, 38, NULL, NULL, NULL, NULL, NULL, NULL, NULL, NULL),
(5294, 137, 39, NULL, NULL, NULL, NULL, NULL, NULL, NULL, NULL),
(5295, 137, 40, NULL, NULL, NULL, NULL, NULL, NULL, NULL, NULL),
(5296, 137, 41, NULL, NULL, NULL, NULL, NULL, NULL, NULL, NULL),
(5297, 137, 42, NULL, NULL, NULL, NULL, NULL, NULL, NULL, NULL),
(5298, 137, 43, NULL, NULL, NULL, NULL, NULL, NULL, NULL, NULL),
(5299, 138, 28, NULL, NULL, NULL, NULL, NULL, NULL, NULL, NULL),
(5300, 138, 27, NULL, NULL, NULL, NULL, NULL, NULL, NULL, NULL),
(5301, 138, 31, NULL, NULL, NULL, NULL, NULL, NULL, NULL, NULL),
(5302, 138, 30, NULL, NULL, NULL, NULL, NULL, NULL, NULL, NULL),
(5303, 138, 29, NULL, NULL, NULL, NULL, NULL, NULL, NULL, NULL),
(5304, 138, 21, NULL, NULL, NULL, NULL, NULL, NULL, NULL, NULL),
(5305, 138, 22, NULL, NULL, NULL, NULL, NULL, NULL, NULL, NULL),
(5306, 138, 24, NULL, NULL, NULL, NULL, NULL, NULL, NULL, NULL),
(5307, 138, 39, NULL, NULL, NULL, NULL, NULL, NULL, NULL, NULL),
(5308, 138, 23, NULL, NULL, NULL, NULL, NULL, NULL, NULL, NULL),
(5309, 138, 43, NULL, NULL, NULL, NULL, NULL, NULL, NULL, NULL),
(5310, 139, 43, NULL, NULL, NULL, NULL, NULL, NULL, NULL, NULL),
(5311, 139, 42, NULL, NULL, NULL, NULL, NULL, NULL, NULL, NULL),
(5312, 139, 41, NULL, NULL, NULL, NULL, NULL, NULL, NULL, NULL),
(5313, 139, 40, NULL, NULL, NULL, NULL, NULL, NULL, NULL, NULL),
(5314, 139, 39, NULL, NULL, NULL, NULL, NULL, NULL, NULL, NULL),
(5315, 139, 38, NULL, NULL, NULL, NULL, NULL, NULL, NULL, NULL),
(5316, 139, 37, NULL, NULL, NULL, NULL, NULL, NULL, NULL, NULL),
(5317, 139, 36, NULL, NULL, NULL, NULL, NULL, NULL, NULL, NULL),
(5318, 139, 35, NULL, NULL, NULL, NULL, NULL, NULL, NULL, NULL),
(5319, 139, 34, NULL, NULL, NULL, NULL, NULL, NULL, NULL, NULL),
(5320, 139, 33, NULL, NULL, NULL, NULL, NULL, NULL, NULL, NULL),
(5321, 139, 32, NULL, NULL, NULL, NULL, NULL, NULL, NULL, NULL),
(5322, 139, 31, NULL, NULL, NULL, NULL, NULL, NULL, NULL, NULL),
(5323, 139, 30, NULL, NULL, NULL, NULL, NULL, NULL, NULL, NULL),
(5324, 139, 29, NULL, NULL, NULL, NULL, NULL, NULL, NULL, NULL),
(5325, 139, 28, NULL, NULL, NULL, NULL, NULL, NULL, NULL, NULL),
(5326, 139, 27, NULL, NULL, NULL, NULL, NULL, NULL, NULL, NULL),
(5327, 139, 26, NULL, NULL, NULL, NULL, NULL, NULL, NULL, NULL),
(5328, 139, 25, NULL, NULL, NULL, NULL, NULL, NULL, NULL, NULL),
(5329, 139, 24, NULL, NULL, NULL, NULL, NULL, NULL, NULL, NULL),
(5330, 139, 23, NULL, NULL, NULL, NULL, NULL, NULL, NULL, NULL),
(5331, 139, 22, NULL, NULL, NULL, NULL, NULL, NULL, NULL, NULL),
(5332, 139, 21, NULL, NULL, NULL, NULL, NULL, NULL, NULL, NULL),
(5333, 139, 20, NULL, NULL, NULL, NULL, NULL, NULL, NULL, NULL),
(5334, 139, 19, NULL, NULL, NULL, NULL, NULL, NULL, NULL, NULL),
(5335, 140, 43, NULL, NULL, NULL, NULL, NULL, NULL, NULL, NULL),
(5336, 140, 23, NULL, NULL, NULL, NULL, NULL, NULL, NULL, NULL),
(5337, 140, 31, NULL, NULL, NULL, NULL, NULL, NULL, NULL, NULL),
(5338, 140, 30, NULL, NULL, NULL, NULL, NULL, NULL, NULL, NULL),
(5339, 140, 29, NULL, NULL, NULL, NULL, NULL, NULL, NULL, NULL),
(5340, 140, 21, NULL, NULL, NULL, NULL, NULL, NULL, NULL, NULL),
(5341, 140, 22, NULL, NULL, NULL, NULL, NULL, NULL, NULL, NULL),
(5342, 140, 39, NULL, NULL, NULL, NULL, NULL, NULL, NULL, NULL),
(5343, 140, 24, NULL, NULL, NULL, NULL, NULL, NULL, NULL, NULL),
(5344, 141, 39, NULL, NULL, NULL, NULL, NULL, NULL, NULL, NULL),
(5345, 141, 21, NULL, NULL, NULL, NULL, NULL, NULL, NULL, NULL),
(5346, 141, 31, NULL, NULL, NULL, NULL, NULL, NULL, NULL, NULL),
(5347, 141, 30, NULL, NULL, NULL, NULL, NULL, NULL, NULL, NULL),
(5348, 141, 29, NULL, NULL, NULL, NULL, NULL, NULL, NULL, NULL),
(5349, 141, 24, NULL, NULL, NULL, NULL, NULL, NULL, NULL, NULL),
(5350, 141, 22, NULL, NULL, NULL, NULL, NULL, NULL, NULL, NULL),
(5351, 141, 23, NULL, NULL, NULL, NULL, NULL, NULL, NULL, NULL),
(5352, 141, 43, NULL, NULL, NULL, NULL, NULL, NULL, NULL, NULL),
(5353, 142, 43, NULL, NULL, NULL, NULL, NULL, NULL, NULL, NULL),
(5354, 142, 23, NULL, NULL, NULL, NULL, NULL, NULL, NULL, NULL),
(5355, 142, 24, NULL, NULL, NULL, NULL, NULL, NULL, NULL, NULL),
(5356, 142, 39, NULL, NULL, NULL, NULL, NULL, NULL, NULL, NULL),
(5357, 142, 22, NULL, NULL, NULL, NULL, NULL, NULL, NULL, NULL),
(5358, 142, 21, NULL, NULL, NULL, NULL, NULL, NULL, NULL, NULL),
(5359, 142, 31, NULL, NULL, NULL, NULL, NULL, NULL, NULL, NULL),
(5360, 142, 30, NULL, NULL, NULL, NULL, NULL, NULL, NULL, NULL),
(5361, 142, 29, NULL, NULL, NULL, NULL, NULL, NULL, NULL, NULL),
(5362, 143, 1, NULL, NULL, NULL, NULL, NULL, NULL, NULL, NULL),
(5363, 143, 2, NULL, NULL, NULL, NULL, NULL, NULL, NULL, NULL),
(5364, 143, 3, NULL, NULL, NULL, NULL, NULL, NULL, NULL, NULL),
(5365, 143, 4, NULL, NULL, NULL, NULL, NULL, NULL, NULL, NULL),
(5366, 143, 5, NULL, NULL, NULL, NULL, NULL, NULL, NULL, NULL),
(5367, 144, 1, NULL, NULL, NULL, NULL, NULL, NULL, NULL, NULL),
(5368, 144, 2, NULL, NULL, NULL, NULL, NULL, NULL, NULL, NULL),
(5369, 144, 3, NULL, NULL, NULL, NULL, NULL, NULL, NULL, NULL),
(5370, 144, 4, NULL, NULL, NULL, NULL, NULL, NULL, NULL, NULL),
(5371, 144, 5, NULL, NULL, NULL, NULL, NULL, NULL, NULL, NULL),
(5372, 145, 1, NULL, NULL, NULL, NULL, NULL, NULL, NULL, NULL),
(5373, 145, 2, NULL, NULL, NULL, NULL, NULL, NULL, NULL, NULL),
(5374, 145, 3, NULL, NULL, NULL, NULL, NULL, NULL, NULL, NULL),
(5375, 145, 4, NULL, NULL, NULL, NULL, NULL, NULL, NULL, NULL),
(5376, 145, 5, NULL, NULL, NULL, NULL, NULL, NULL, NULL, NULL),
(5377, 146, 1, NULL, NULL, NULL, NULL, NULL, NULL, NULL, NULL),
(5378, 146, 2, NULL, NULL, NULL, NULL, NULL, NULL, NULL, NULL),
(5379, 146, 3, NULL, NULL, NULL, NULL, NULL, NULL, NULL, NULL),
(5380, 146, 4, NULL, NULL, NULL, NULL, NULL, NULL, NULL, NULL),
(5381, 146, 5, NULL, NULL, NULL, NULL, NULL, NULL, NULL, NULL),
(5382, 147, 1, NULL, NULL, NULL, NULL, NULL, NULL, NULL, NULL),
(5383, 147, 2, NULL, NULL, NULL, NULL, NULL, NULL, NULL, NULL),
(5384, 147, 3, NULL, NULL, NULL, NULL, NULL, NULL, NULL, NULL),
(5385, 147, 4, NULL, NULL, NULL, NULL, NULL, NULL, NULL, NULL),
(5386, 147, 5, NULL, NULL, NULL, NULL, NULL, NULL, NULL, NULL),
(5387, 148, 1, NULL, NULL, NULL, NULL, NULL, NULL, NULL, NULL),
(5388, 148, 2, NULL, NULL, NULL, NULL, NULL, NULL, NULL, NULL),
(5389, 148, 3, NULL, NULL, NULL, NULL, NULL, NULL, NULL, NULL),
(5390, 148, 4, NULL, NULL, NULL, NULL, NULL, NULL, NULL, NULL),
(5391, 148, 5, NULL, NULL, NULL, NULL, NULL, NULL, NULL, NULL),
(5392, 149, 1, NULL, NULL, NULL, NULL, NULL, NULL, NULL, NULL),
(5393, 149, 2, NULL, NULL, NULL, NULL, NULL, NULL, NULL, NULL),
(5394, 149, 3, NULL, NULL, NULL, NULL, NULL, NULL, NULL, NULL),
(5395, 149, 4, NULL, NULL, NULL, NULL, NULL, NULL, NULL, NULL),
(5396, 149, 5, NULL, NULL, NULL, NULL, NULL, NULL, NULL, NULL),
(5397, 150, 1, NULL, NULL, NULL, NULL, NULL, NULL, NULL, NULL),
(5398, 150, 2, NULL, NULL, NULL, NULL, NULL, NULL, NULL, NULL),
(5399, 150, 3, NULL, NULL, NULL, NULL, NULL, NULL, NULL, NULL),
(5400, 150, 4, NULL, NULL, NULL, NULL, NULL, NULL, NULL, NULL),
(5401, 150, 5, NULL, NULL, NULL, NULL, NULL, NULL, NULL, NULL),
(5402, 151, 28, NULL, NULL, NULL, NULL, NULL, NULL, NULL, NULL),
(5403, 151, 27, NULL, NULL, NULL, NULL, NULL, NULL, NULL, NULL),
(5404, 151, 31, NULL, NULL, NULL, NULL, NULL, NULL, NULL, NULL),
(5405, 151, 30, NULL, NULL, NULL, NULL, NULL, NULL, NULL, NULL),
(5406, 151, 29, NULL, NULL, NULL, NULL, NULL, NULL, NULL, NULL),
(5407, 151, 21, NULL, NULL, NULL, NULL, NULL, NULL, NULL, NULL),
(5408, 151, 22, NULL, NULL, NULL, NULL, NULL, NULL, NULL, NULL),
(5409, 151, 39, NULL, NULL, NULL, NULL, NULL, NULL, NULL, NULL),
(5410, 151, 23, NULL, NULL, NULL, NULL, NULL, NULL, NULL, NULL),
(5411, 151, 43, NULL, NULL, NULL, NULL, NULL, NULL, NULL, NULL),
(5412, 151, 24, NULL, NULL, NULL, NULL, NULL, NULL, NULL, NULL),
(5413, 152, 28, NULL, NULL, NULL, NULL, NULL, NULL, NULL, NULL),
(5414, 152, 27, NULL, NULL, NULL, NULL, NULL, NULL, NULL, NULL),
(5415, 152, 31, NULL, NULL, NULL, NULL, NULL, NULL, NULL, NULL),
(5416, 152, 30, NULL, NULL, NULL, NULL, NULL, NULL, NULL, NULL),
(5417, 152, 29, NULL, NULL, NULL, NULL, NULL, NULL, NULL, NULL),
(5418, 152, 21, NULL, NULL, NULL, NULL, NULL, NULL, NULL, NULL),
(5419, 152, 22, NULL, NULL, NULL, NULL, NULL, NULL, NULL, NULL),
(5420, 152, 24, NULL, NULL, NULL, NULL, NULL, NULL, NULL, NULL),
(5421, 152, 39, NULL, NULL, NULL, NULL, NULL, NULL, NULL, NULL),
(5422, 152, 23, NULL, NULL, NULL, NULL, NULL, NULL, NULL, NULL),
(5423, 152, 43, NULL, NULL, NULL, NULL, NULL, NULL, NULL, NULL),
(5424, 153, 43, NULL, NULL, NULL, NULL, NULL, NULL, NULL, NULL),
(5425, 153, 23, NULL, NULL, NULL, NULL, NULL, NULL, NULL, NULL),
(5426, 153, 27, NULL, NULL, NULL, NULL, NULL, NULL, NULL, NULL),
(5427, 153, 39, NULL, NULL, NULL, NULL, NULL, NULL, NULL, NULL),
(5428, 153, 24, NULL, NULL, NULL, NULL, NULL, NULL, NULL, NULL),
(5429, 153, 22, NULL, NULL, NULL, NULL, NULL, NULL, NULL, NULL),
(5430, 153, 21, NULL, NULL, NULL, NULL, NULL, NULL, NULL, NULL),
(5431, 153, 28, NULL, NULL, NULL, NULL, NULL, NULL, NULL, NULL),
(5432, 153, 30, NULL, NULL, NULL, NULL, NULL, NULL, NULL, NULL),
(5433, 154, 10, NULL, NULL, NULL, NULL, NULL, NULL, NULL, NULL),
(5434, 154, 11, NULL, NULL, NULL, NULL, NULL, NULL, NULL, NULL),
(5435, 154, 12, NULL, NULL, NULL, NULL, NULL, NULL, NULL, NULL),
(5436, 155, 21, NULL, NULL, NULL, NULL, NULL, NULL, NULL, NULL),
(5437, 155, 28, NULL, NULL, NULL, NULL, NULL, NULL, NULL, NULL),
(5438, 155, 30, NULL, NULL, NULL, NULL, NULL, NULL, NULL, NULL),
(5439, 155, 22, NULL, NULL, NULL, NULL, NULL, NULL, NULL, NULL),
(5440, 155, 24, NULL, NULL, NULL, NULL, NULL, NULL, NULL, NULL),
(5441, 155, 39, NULL, NULL, NULL, NULL, NULL, NULL, NULL, NULL),
(5442, 155, 27, NULL, NULL, NULL, NULL, NULL, NULL, NULL, NULL),
(5443, 155, 23, NULL, NULL, NULL, NULL, NULL, NULL, NULL, NULL),
(5444, 155, 43, NULL, NULL, NULL, NULL, NULL, NULL, NULL, NULL),
(5445, 156, 21, NULL, NULL, NULL, NULL, NULL, NULL, NULL, NULL),
(5446, 156, 28, NULL, NULL, NULL, NULL, NULL, NULL, NULL, NULL),
(5447, 156, 30, NULL, NULL, NULL, NULL, NULL, NULL, NULL, NULL),
(5448, 156, 22, NULL, NULL, NULL, NULL, NULL, NULL, NULL, NULL),
(5449, 156, 24, NULL, NULL, NULL, NULL, NULL, NULL, NULL, NULL),
(5450, 156, 39, NULL, NULL, NULL, NULL, NULL, NULL, NULL, NULL),
(5451, 156, 27, NULL, NULL, NULL, NULL, NULL, NULL, NULL, NULL),
(5452, 156, 23, NULL, NULL, NULL, NULL, NULL, NULL, NULL, NULL),
(5453, 156, 43, NULL, NULL, NULL, NULL, NULL, NULL, NULL, NULL),
(5454, 157, 43, NULL, NULL, NULL, NULL, NULL, NULL, NULL, NULL),
(5455, 157, 23, NULL, NULL, NULL, NULL, NULL, NULL, NULL, NULL),
(5456, 157, 22, NULL, NULL, NULL, NULL, NULL, NULL, NULL, NULL),
(5457, 157, 39, NULL, NULL, NULL, NULL, NULL, NULL, NULL, NULL),
(5458, 157, 24, NULL, NULL, NULL, NULL, NULL, NULL, NULL, NULL),
(5459, 157, 21, NULL, NULL, NULL, NULL, NULL, NULL, NULL, NULL),
(5460, 157, 28, NULL, NULL, NULL, NULL, NULL, NULL, NULL, NULL),
(5461, 157, 27, NULL, NULL, NULL, NULL, NULL, NULL, NULL, NULL),
(5462, 157, 31, NULL, NULL, NULL, NULL, NULL, NULL, NULL, NULL),
(5463, 157, 30, NULL, NULL, NULL, NULL, NULL, NULL, NULL, NULL),
(5464, 157, 29, NULL, NULL, NULL, NULL, NULL, NULL, NULL, NULL),
(5465, 158, 21, NULL, NULL, NULL, NULL, NULL, NULL, NULL, NULL),
(5466, 158, 28, NULL, NULL, NULL, NULL, NULL, NULL, NULL, NULL),
(5467, 158, 30, NULL, NULL, NULL, NULL, NULL, NULL, NULL, NULL),
(5468, 158, 22, NULL, NULL, NULL, NULL, NULL, NULL, NULL, NULL),
(5469, 158, 39, NULL, NULL, NULL, NULL, NULL, NULL, NULL, NULL),
(5470, 158, 24, NULL, NULL, NULL, NULL, NULL, NULL, NULL, NULL),
(5471, 158, 27, NULL, NULL, NULL, NULL, NULL, NULL, NULL, NULL),
(5472, 158, 23, NULL, NULL, NULL, NULL, NULL, NULL, NULL, NULL),
(5473, 158, 43, NULL, NULL, NULL, NULL, NULL, NULL, NULL, NULL),
(5474, 159, 43, NULL, NULL, NULL, NULL, NULL, NULL, NULL, NULL),
(5475, 159, 23, NULL, NULL, NULL, NULL, NULL, NULL, NULL, NULL),
(5476, 159, 27, NULL, NULL, NULL, NULL, NULL, NULL, NULL, NULL),
(5477, 159, 39, NULL, NULL, NULL, NULL, NULL, NULL, NULL, NULL),
(5478, 159, 24, NULL, NULL, NULL, NULL, NULL, NULL, NULL, NULL),
(5479, 159, 22, NULL, NULL, NULL, NULL, NULL, NULL, NULL, NULL),
(5480, 159, 21, NULL, NULL, NULL, NULL, NULL, NULL, NULL, NULL),
(5481, 159, 28, NULL, NULL, NULL, NULL, NULL, NULL, NULL, NULL),
(5482, 159, 30, NULL, NULL, NULL, NULL, NULL, NULL, NULL, NULL),
(5483, 160, 27, NULL, NULL, NULL, NULL, NULL, NULL, NULL, NULL),
(5484, 160, 28, NULL, NULL, NULL, NULL, NULL, NULL, NULL, NULL),
(5485, 160, 30, NULL, NULL, NULL, NULL, NULL, NULL, NULL, NULL),
(5486, 160, 29, NULL, NULL, NULL, NULL, NULL, NULL, NULL, NULL),
(5487, 160, 21, NULL, NULL, NULL, NULL, NULL, NULL, NULL, NULL),
(5488, 160, 22, NULL, NULL, NULL, NULL, NULL, NULL, NULL, NULL),
(5489, 160, 24, NULL, NULL, NULL, NULL, NULL, NULL, NULL, NULL),
(5490, 160, 39, NULL, NULL, NULL, NULL, NULL, NULL, NULL, NULL),
(5491, 160, 23, NULL, NULL, NULL, NULL, NULL, NULL, NULL, NULL),
(5492, 160, 43, NULL, NULL, NULL, NULL, NULL, NULL, NULL, NULL),
(5493, 161, 43, NULL, NULL, NULL, NULL, NULL, NULL, NULL, NULL),
(5494, 161, 23, NULL, NULL, NULL, NULL, NULL, NULL, NULL, NULL),
(5495, 161, 27, NULL, NULL, NULL, NULL, NULL, NULL, NULL, NULL),
(5496, 161, 39, NULL, NULL, NULL, NULL, NULL, NULL, NULL, NULL),
(5497, 161, 24, NULL, NULL, NULL, NULL, NULL, NULL, NULL, NULL),
(5498, 161, 22, NULL, NULL, NULL, NULL, NULL, NULL, NULL, NULL),
(5499, 161, 21, NULL, NULL, NULL, NULL, NULL, NULL, NULL, NULL),
(5500, 161, 28, NULL, NULL, NULL, NULL, NULL, NULL, NULL, NULL),
(5501, 161, 30, NULL, NULL, NULL, NULL, NULL, NULL, NULL, NULL),
(5502, 162, 21, NULL, NULL, NULL, NULL, NULL, NULL, NULL, NULL),
(5503, 162, 28, NULL, NULL, NULL, NULL, NULL, NULL, NULL, NULL),
(5504, 162, 30, NULL, NULL, NULL, NULL, NULL, NULL, NULL, NULL),
(5505, 162, 22, NULL, NULL, NULL, NULL, NULL, NULL, NULL, NULL),
(5506, 162, 24, NULL, NULL, NULL, NULL, NULL, NULL, NULL, NULL),
(5507, 162, 39, NULL, NULL, NULL, NULL, NULL, NULL, NULL, NULL),
(5508, 162, 27, NULL, NULL, NULL, NULL, NULL, NULL, NULL, NULL),
(5509, 162, 43, NULL, NULL, NULL, NULL, NULL, NULL, NULL, NULL),
(5510, 162, 23, NULL, NULL, NULL, NULL, NULL, NULL, NULL, NULL),
(5511, 163, 10, NULL, NULL, NULL, NULL, NULL, NULL, NULL, NULL),
(5512, 163, 11, NULL, NULL, NULL, NULL, NULL, NULL, NULL, NULL),
(5513, 163, 12, NULL, NULL, NULL, NULL, NULL, NULL, NULL, NULL),
(5514, 164, 10, NULL, NULL, NULL, NULL, NULL, NULL, NULL, NULL),
(5515, 164, 11, NULL, NULL, NULL, NULL, NULL, NULL, NULL, NULL),
(5516, 164, 12, NULL, NULL, NULL, NULL, NULL, NULL, NULL, NULL),
(5517, 165, 10, NULL, NULL, NULL, NULL, NULL, NULL, NULL, NULL),
(5518, 165, 11, NULL, NULL, NULL, NULL, NULL, NULL, NULL, NULL),
(5519, 165, 12, NULL, NULL, NULL, NULL, NULL, NULL, NULL, NULL),
(5520, 166, 10, NULL, NULL, NULL, NULL, NULL, NULL, NULL, NULL),
(5521, 166, 11, NULL, NULL, NULL, NULL, NULL, NULL, NULL, NULL),
(5522, 166, 12, NULL, NULL, NULL, NULL, NULL, NULL, NULL, NULL),
(5523, 167, 10, NULL, NULL, NULL, NULL, NULL, NULL, NULL, NULL),
(5524, 167, 11, NULL, NULL, NULL, NULL, NULL, NULL, NULL, NULL),
(5525, 167, 12, NULL, NULL, NULL, NULL, NULL, NULL, NULL, NULL),
(5526, 168, 10, NULL, NULL, NULL, NULL, NULL, NULL, NULL, NULL),
(5527, 168, 11, NULL, NULL, NULL, NULL, NULL, NULL, NULL, NULL),
(5528, 168, 12, NULL, NULL, NULL, NULL, NULL, NULL, NULL, NULL),
(5529, 169, 10, NULL, NULL, NULL, NULL, NULL, NULL, NULL, NULL),
(5530, 169, 11, NULL, NULL, NULL, NULL, NULL, NULL, NULL, NULL),
(5531, 169, 12, NULL, NULL, NULL, NULL, NULL, NULL, NULL, NULL),
(5532, 170, 10, NULL, NULL, NULL, NULL, NULL, NULL, NULL, NULL),
(5533, 170, 11, NULL, NULL, NULL, NULL, NULL, NULL, NULL, NULL),
(5534, 170, 12, NULL, NULL, NULL, NULL, NULL, NULL, NULL, NULL),
(5535, 171, 43, NULL, NULL, NULL, NULL, NULL, NULL, NULL, NULL),
(5536, 171, 27, NULL, NULL, NULL, NULL, NULL, NULL, NULL, NULL),
(5537, 171, 23, NULL, NULL, NULL, NULL, NULL, NULL, NULL, NULL),
(5538, 171, 39, NULL, NULL, NULL, NULL, NULL, NULL, NULL, NULL),
(5539, 171, 24, NULL, NULL, NULL, NULL, NULL, NULL, NULL, NULL),
(5540, 171, 22, NULL, NULL, NULL, NULL, NULL, NULL, NULL, NULL),
(5541, 171, 21, NULL, NULL, NULL, NULL, NULL, NULL, NULL, NULL),
(5542, 171, 28, NULL, NULL, NULL, NULL, NULL, NULL, NULL, NULL),
(5543, 171, 30, NULL, NULL, NULL, NULL, NULL, NULL, NULL, NULL),
(5544, 172, 21, NULL, NULL, NULL, NULL, NULL, NULL, NULL, NULL),
(5545, 172, 28, NULL, NULL, NULL, NULL, NULL, NULL, NULL, NULL),
(5546, 172, 30, NULL, NULL, NULL, NULL, NULL, NULL, NULL, NULL),
(5547, 172, 22, NULL, NULL, NULL, NULL, NULL, NULL, NULL, NULL),
(5548, 172, 24, NULL, NULL, NULL, NULL, NULL, NULL, NULL, NULL),
(5549, 172, 39, NULL, NULL, NULL, NULL, NULL, NULL, NULL, NULL),
(5550, 172, 27, NULL, NULL, NULL, NULL, NULL, NULL, NULL, NULL),
(5551, 172, 23, NULL, NULL, NULL, NULL, NULL, NULL, NULL, NULL),
(5552, 172, 43, NULL, NULL, NULL, NULL, NULL, NULL, NULL, NULL),
(5553, 173, 10, NULL, NULL, NULL, NULL, NULL, NULL, NULL, NULL),
(5554, 173, 11, NULL, NULL, NULL, NULL, NULL, NULL, NULL, NULL),
(5555, 173, 12, NULL, NULL, NULL, NULL, NULL, NULL, NULL, NULL),
(5556, 174, 10, NULL, NULL, NULL, NULL, NULL, NULL, NULL, NULL),
(5557, 174, 11, NULL, NULL, NULL, NULL, NULL, NULL, NULL, NULL),
(5558, 174, 12, NULL, NULL, NULL, NULL, NULL, NULL, NULL, NULL),
(5559, 175, 10, NULL, NULL, NULL, NULL, NULL, NULL, NULL, NULL),
(5560, 175, 11, NULL, NULL, NULL, NULL, NULL, NULL, NULL, NULL),
(5561, 175, 12, NULL, NULL, NULL, NULL, NULL, NULL, NULL, NULL),
(5562, 176, 10, NULL, NULL, NULL, NULL, NULL, NULL, NULL, NULL),
(5563, 176, 11, NULL, NULL, NULL, NULL, NULL, NULL, NULL, NULL),
(5564, 176, 12, NULL, NULL, NULL, NULL, NULL, NULL, NULL, NULL),
(5565, 177, 21, NULL, NULL, NULL, NULL, NULL, NULL, NULL, NULL),
(5566, 177, 28, NULL, NULL, NULL, NULL, NULL, NULL, NULL, NULL),
(5567, 177, 30, NULL, NULL, NULL, NULL, NULL, NULL, NULL, NULL),
(5568, 177, 22, NULL, NULL, NULL, NULL, NULL, NULL, NULL, NULL),
(5569, 177, 24, NULL, NULL, NULL, NULL, NULL, NULL, NULL, NULL),
(5570, 177, 39, NULL, NULL, NULL, NULL, NULL, NULL, NULL, NULL),
(5571, 177, 27, NULL, NULL, NULL, NULL, NULL, NULL, NULL, NULL),
(5572, 177, 23, NULL, NULL, NULL, NULL, NULL, NULL, NULL, NULL),
(5573, 177, 43, NULL, NULL, NULL, NULL, NULL, NULL, NULL, NULL),
(5574, 178, 27, NULL, NULL, NULL, NULL, NULL, NULL, NULL, NULL),
(5575, 178, 26, NULL, NULL, NULL, NULL, NULL, NULL, NULL, NULL),
(5576, 178, 25, NULL, NULL, NULL, NULL, NULL, NULL, NULL, NULL),
(5577, 178, 24, NULL, NULL, NULL, NULL, NULL, NULL, NULL, NULL),
(5578, 178, 23, NULL, NULL, NULL, NULL, NULL, NULL, NULL, NULL),
(5579, 178, 22, NULL, NULL, NULL, NULL, NULL, NULL, NULL, NULL),
(5580, 178, 21, NULL, NULL, NULL, NULL, NULL, NULL, NULL, NULL),
(5581, 178, 20, NULL, NULL, NULL, NULL, NULL, NULL, NULL, NULL),
(5582, 178, 19, NULL, NULL, NULL, NULL, NULL, NULL, NULL, NULL),
(5583, 178, 28, NULL, NULL, NULL, NULL, NULL, NULL, NULL, NULL),
(5584, 178, 29, NULL, NULL, NULL, NULL, NULL, NULL, NULL, NULL),
(5585, 178, 30, NULL, NULL, NULL, NULL, NULL, NULL, NULL, NULL),
(5586, 178, 31, NULL, NULL, NULL, NULL, NULL, NULL, NULL, NULL),
(5587, 178, 32, NULL, NULL, NULL, NULL, NULL, NULL, NULL, NULL),
(5588, 178, 33, NULL, NULL, NULL, NULL, NULL, NULL, NULL, NULL),
(5589, 178, 34, NULL, NULL, NULL, NULL, NULL, NULL, NULL, NULL),
(5590, 178, 35, NULL, NULL, NULL, NULL, NULL, NULL, NULL, NULL),
(5591, 178, 36, NULL, NULL, NULL, NULL, NULL, NULL, NULL, NULL),
(5592, 178, 37, NULL, NULL, NULL, NULL, NULL, NULL, NULL, NULL),
(5593, 178, 38, NULL, NULL, NULL, NULL, NULL, NULL, NULL, NULL),
(5594, 178, 39, NULL, NULL, NULL, NULL, NULL, NULL, NULL, NULL);
INSERT INTO `va_cms_frames_settings` (`fs_id`, `ps_id`, `frame_id`, `frame_style`, `frame_class`, `frame_code`, `html_frame_start`, `html_before_block`, `html_after_block`, `html_frame_end`, `html_between_blocks`) VALUES
(5595, 178, 40, NULL, NULL, NULL, NULL, NULL, NULL, NULL, NULL),
(5596, 178, 41, NULL, NULL, NULL, NULL, NULL, NULL, NULL, NULL),
(5597, 178, 42, NULL, NULL, NULL, NULL, NULL, NULL, NULL, NULL),
(5598, 178, 43, NULL, NULL, NULL, NULL, NULL, NULL, NULL, NULL),
(5599, 179, 21, NULL, NULL, NULL, NULL, NULL, NULL, NULL, NULL),
(5600, 179, 28, NULL, NULL, NULL, NULL, NULL, NULL, NULL, NULL),
(5601, 179, 30, NULL, NULL, NULL, NULL, NULL, NULL, NULL, NULL),
(5602, 179, 22, NULL, NULL, NULL, NULL, NULL, NULL, NULL, NULL),
(5603, 179, 24, NULL, NULL, NULL, NULL, NULL, NULL, NULL, NULL),
(5604, 179, 39, NULL, NULL, NULL, NULL, NULL, NULL, NULL, NULL),
(5605, 179, 27, NULL, NULL, NULL, NULL, NULL, NULL, NULL, NULL),
(5606, 179, 23, NULL, NULL, NULL, NULL, NULL, NULL, NULL, NULL),
(5607, 179, 43, NULL, NULL, NULL, NULL, NULL, NULL, NULL, NULL),
(5608, 180, 21, NULL, NULL, NULL, NULL, NULL, NULL, NULL, NULL),
(5609, 180, 28, NULL, NULL, NULL, NULL, NULL, NULL, NULL, NULL),
(5610, 180, 30, NULL, NULL, NULL, NULL, NULL, NULL, NULL, NULL),
(5611, 180, 22, NULL, NULL, NULL, NULL, NULL, NULL, NULL, NULL),
(5612, 180, 24, NULL, NULL, NULL, NULL, NULL, NULL, NULL, NULL),
(5613, 180, 39, NULL, NULL, NULL, NULL, NULL, NULL, NULL, NULL),
(5614, 180, 23, NULL, NULL, NULL, NULL, NULL, NULL, NULL, NULL),
(5615, 180, 43, NULL, NULL, NULL, NULL, NULL, NULL, NULL, NULL),
(5616, 180, 27, NULL, NULL, NULL, NULL, NULL, NULL, NULL, NULL),
(5617, 181, 27, NULL, NULL, NULL, NULL, NULL, NULL, NULL, NULL),
(5618, 181, 28, NULL, NULL, NULL, NULL, NULL, NULL, NULL, NULL),
(5619, 181, 30, NULL, NULL, NULL, NULL, NULL, NULL, NULL, NULL),
(5620, 181, 23, NULL, NULL, NULL, NULL, NULL, NULL, NULL, NULL),
(5621, 181, 43, NULL, NULL, NULL, NULL, NULL, NULL, NULL, NULL),
(5622, 181, 21, NULL, NULL, NULL, NULL, NULL, NULL, NULL, NULL),
(5623, 181, 22, NULL, NULL, NULL, NULL, NULL, NULL, NULL, NULL),
(5624, 181, 24, NULL, NULL, NULL, NULL, NULL, NULL, NULL, NULL),
(5625, 181, 39, NULL, NULL, NULL, NULL, NULL, NULL, NULL, NULL),
(5626, 182, 27, NULL, NULL, NULL, NULL, NULL, NULL, NULL, NULL),
(5627, 182, 28, NULL, NULL, NULL, NULL, NULL, NULL, NULL, NULL),
(5628, 182, 30, NULL, NULL, NULL, NULL, NULL, NULL, NULL, NULL),
(5629, 182, 23, NULL, NULL, NULL, NULL, NULL, NULL, NULL, NULL),
(5630, 182, 43, NULL, NULL, NULL, NULL, NULL, NULL, NULL, NULL),
(5631, 182, 21, NULL, NULL, NULL, NULL, NULL, NULL, NULL, NULL),
(5632, 182, 22, NULL, NULL, NULL, NULL, NULL, NULL, NULL, NULL),
(5633, 182, 24, NULL, NULL, NULL, NULL, NULL, NULL, NULL, NULL),
(5634, 182, 39, NULL, NULL, NULL, NULL, NULL, NULL, NULL, NULL),
(14650, 48, 36, NULL, NULL, NULL, NULL, NULL, NULL, NULL, NULL),
(14649, 48, 35, NULL, NULL, NULL, NULL, NULL, NULL, NULL, NULL),
(14648, 48, 34, NULL, NULL, NULL, NULL, NULL, NULL, NULL, NULL),
(14647, 48, 33, NULL, NULL, NULL, NULL, NULL, NULL, NULL, NULL),
(14646, 48, 32, NULL, NULL, NULL, NULL, NULL, NULL, NULL, NULL),
(14645, 48, 31, NULL, NULL, NULL, NULL, NULL, NULL, NULL, NULL),
(14644, 48, 30, NULL, NULL, NULL, NULL, NULL, NULL, NULL, NULL),
(14643, 48, 29, NULL, NULL, NULL, NULL, NULL, NULL, NULL, NULL),
(14642, 48, 28, NULL, NULL, NULL, NULL, NULL, NULL, NULL, NULL),
(14641, 48, 27, NULL, NULL, NULL, NULL, NULL, NULL, NULL, NULL),
(14640, 48, 26, NULL, NULL, NULL, NULL, NULL, NULL, NULL, NULL),
(14639, 48, 25, NULL, NULL, NULL, NULL, NULL, NULL, NULL, NULL),
(14638, 48, 24, NULL, NULL, NULL, NULL, NULL, NULL, NULL, NULL),
(14637, 48, 23, NULL, NULL, NULL, NULL, NULL, NULL, NULL, NULL),
(14636, 48, 22, NULL, NULL, NULL, NULL, NULL, NULL, NULL, NULL),
(14635, 48, 21, NULL, NULL, NULL, NULL, NULL, NULL, NULL, NULL),
(14634, 48, 20, NULL, NULL, NULL, NULL, NULL, NULL, NULL, NULL),
(14633, 48, 19, NULL, NULL, NULL, NULL, NULL, NULL, NULL, NULL),
(12707, 73, 34, NULL, NULL, NULL, NULL, NULL, NULL, NULL, NULL),
(12706, 73, 33, NULL, NULL, NULL, NULL, NULL, NULL, NULL, NULL),
(12705, 73, 32, NULL, NULL, NULL, NULL, NULL, NULL, NULL, NULL),
(12704, 73, 31, NULL, NULL, NULL, NULL, NULL, NULL, NULL, NULL),
(12703, 73, 30, NULL, NULL, NULL, NULL, NULL, NULL, NULL, NULL),
(12702, 73, 29, NULL, NULL, NULL, NULL, NULL, NULL, NULL, NULL),
(12680, 72, 32, NULL, NULL, NULL, NULL, NULL, NULL, NULL, NULL),
(12679, 72, 31, NULL, NULL, NULL, NULL, NULL, NULL, NULL, NULL),
(12678, 72, 30, NULL, NULL, NULL, NULL, NULL, NULL, NULL, NULL),
(12677, 72, 29, NULL, NULL, NULL, NULL, NULL, NULL, NULL, NULL),
(12676, 72, 28, NULL, NULL, NULL, NULL, NULL, NULL, NULL, NULL),
(12675, 72, 27, NULL, NULL, NULL, NULL, NULL, NULL, NULL, NULL),
(12674, 72, 26, NULL, NULL, NULL, NULL, NULL, NULL, NULL, NULL),
(12673, 72, 25, NULL, NULL, NULL, NULL, NULL, NULL, NULL, NULL),
(12672, 72, 24, NULL, NULL, NULL, NULL, NULL, NULL, NULL, NULL),
(12671, 72, 23, NULL, NULL, NULL, NULL, NULL, NULL, NULL, NULL),
(12670, 72, 22, NULL, NULL, NULL, NULL, NULL, NULL, NULL, NULL),
(12669, 72, 21, NULL, NULL, NULL, NULL, NULL, NULL, NULL, NULL),
(12668, 72, 20, NULL, NULL, NULL, NULL, NULL, NULL, NULL, NULL),
(12667, 72, 19, NULL, NULL, NULL, NULL, NULL, NULL, NULL, NULL),
(15833, 31, 19, NULL, NULL, NULL, NULL, NULL, NULL, NULL, NULL),
(6904, 183, 1, NULL, NULL, NULL, NULL, NULL, NULL, NULL, NULL),
(6903, 183, 4, NULL, NULL, NULL, NULL, NULL, NULL, NULL, NULL),
(6902, 183, 3, NULL, NULL, NULL, NULL, NULL, NULL, NULL, NULL),
(6901, 183, 2, NULL, NULL, NULL, NULL, NULL, NULL, NULL, NULL),
(6060, 184, 27, NULL, NULL, NULL, NULL, NULL, NULL, NULL, NULL),
(6061, 184, 39, NULL, NULL, NULL, NULL, NULL, NULL, NULL, NULL),
(6062, 184, 24, NULL, NULL, NULL, NULL, NULL, NULL, NULL, NULL),
(6063, 184, 22, NULL, NULL, NULL, NULL, NULL, NULL, NULL, NULL),
(6064, 184, 21, NULL, NULL, NULL, NULL, NULL, NULL, NULL, NULL),
(6065, 184, 28, NULL, NULL, NULL, NULL, NULL, NULL, NULL, NULL),
(6066, 184, 31, NULL, NULL, NULL, NULL, NULL, NULL, NULL, NULL),
(6067, 184, 30, NULL, NULL, NULL, NULL, NULL, NULL, NULL, NULL),
(6068, 184, 29, NULL, NULL, NULL, NULL, NULL, NULL, NULL, NULL),
(6069, 184, 23, NULL, NULL, NULL, NULL, NULL, NULL, NULL, NULL),
(6070, 184, 43, NULL, NULL, NULL, NULL, NULL, NULL, NULL, NULL),
(6071, 185, 39, NULL, NULL, NULL, NULL, NULL, NULL, NULL, NULL),
(6072, 185, 24, NULL, NULL, NULL, NULL, NULL, NULL, NULL, NULL),
(6073, 185, 22, NULL, NULL, NULL, NULL, NULL, NULL, NULL, NULL),
(6074, 185, 21, NULL, NULL, NULL, NULL, NULL, NULL, NULL, NULL),
(6075, 185, 31, NULL, NULL, NULL, NULL, NULL, NULL, NULL, NULL),
(6076, 185, 30, NULL, NULL, NULL, NULL, NULL, NULL, NULL, NULL),
(6077, 185, 29, NULL, NULL, NULL, NULL, NULL, NULL, NULL, NULL),
(6078, 185, 23, NULL, NULL, NULL, NULL, NULL, NULL, NULL, NULL),
(6079, 185, 43, NULL, NULL, NULL, NULL, NULL, NULL, NULL, NULL),
(6080, 186, 27, NULL, NULL, NULL, NULL, NULL, NULL, NULL, NULL),
(6081, 186, 26, NULL, NULL, NULL, NULL, NULL, NULL, NULL, NULL),
(6082, 186, 25, NULL, NULL, NULL, NULL, NULL, NULL, NULL, NULL),
(6083, 186, 24, NULL, NULL, NULL, NULL, NULL, NULL, NULL, NULL),
(6084, 186, 23, NULL, NULL, NULL, NULL, NULL, NULL, NULL, NULL),
(6085, 186, 22, NULL, NULL, NULL, NULL, NULL, NULL, NULL, NULL),
(6086, 186, 21, NULL, NULL, NULL, NULL, NULL, NULL, NULL, NULL),
(6087, 186, 20, NULL, NULL, NULL, NULL, NULL, NULL, NULL, NULL),
(6088, 186, 19, NULL, NULL, NULL, NULL, NULL, NULL, NULL, NULL),
(6089, 186, 28, NULL, NULL, NULL, NULL, NULL, NULL, NULL, NULL),
(6090, 186, 29, NULL, NULL, NULL, NULL, NULL, NULL, NULL, NULL),
(6091, 186, 30, NULL, NULL, NULL, NULL, NULL, NULL, NULL, NULL),
(6092, 186, 31, NULL, NULL, NULL, NULL, NULL, NULL, NULL, NULL),
(6093, 186, 32, NULL, NULL, NULL, NULL, NULL, NULL, NULL, NULL),
(6094, 186, 33, NULL, NULL, NULL, NULL, NULL, NULL, NULL, NULL),
(6095, 186, 34, NULL, NULL, NULL, NULL, NULL, NULL, NULL, NULL),
(6096, 186, 35, NULL, NULL, NULL, NULL, NULL, NULL, NULL, NULL),
(6097, 186, 36, NULL, NULL, NULL, NULL, NULL, NULL, NULL, NULL),
(6098, 186, 37, NULL, NULL, NULL, NULL, NULL, NULL, NULL, NULL),
(6099, 186, 38, NULL, NULL, NULL, NULL, NULL, NULL, NULL, NULL),
(6100, 186, 39, NULL, NULL, NULL, NULL, NULL, NULL, NULL, NULL),
(6101, 186, 40, NULL, NULL, NULL, NULL, NULL, NULL, NULL, NULL),
(6102, 186, 41, NULL, NULL, NULL, NULL, NULL, NULL, NULL, NULL),
(6103, 186, 42, NULL, NULL, NULL, NULL, NULL, NULL, NULL, NULL),
(6104, 186, 43, NULL, NULL, NULL, NULL, NULL, NULL, NULL, NULL),
(6105, 187, 21, NULL, NULL, NULL, NULL, NULL, NULL, NULL, NULL),
(6106, 187, 28, NULL, NULL, NULL, NULL, NULL, NULL, NULL, NULL),
(6107, 187, 31, NULL, NULL, NULL, NULL, NULL, NULL, NULL, NULL),
(6108, 187, 30, NULL, NULL, NULL, NULL, NULL, NULL, NULL, NULL),
(6109, 187, 29, NULL, NULL, NULL, NULL, NULL, NULL, NULL, NULL),
(6110, 187, 22, NULL, NULL, NULL, NULL, NULL, NULL, NULL, NULL),
(6111, 187, 24, NULL, NULL, NULL, NULL, NULL, NULL, NULL, NULL),
(6112, 187, 39, NULL, NULL, NULL, NULL, NULL, NULL, NULL, NULL),
(6113, 187, 27, NULL, NULL, NULL, NULL, NULL, NULL, NULL, NULL),
(6114, 187, 23, NULL, NULL, NULL, NULL, NULL, NULL, NULL, NULL),
(6115, 187, 43, NULL, NULL, NULL, NULL, NULL, NULL, NULL, NULL),
(6116, 188, 21, NULL, NULL, NULL, NULL, NULL, NULL, NULL, NULL),
(6117, 188, 28, NULL, NULL, NULL, NULL, NULL, NULL, NULL, NULL),
(6118, 188, 31, NULL, NULL, NULL, NULL, NULL, NULL, NULL, NULL),
(6119, 188, 30, NULL, NULL, NULL, NULL, NULL, NULL, NULL, NULL),
(6120, 188, 29, NULL, NULL, NULL, NULL, NULL, NULL, NULL, NULL),
(6121, 188, 22, NULL, NULL, NULL, NULL, NULL, NULL, NULL, NULL),
(6122, 188, 24, NULL, NULL, NULL, NULL, NULL, NULL, NULL, NULL),
(6123, 188, 39, NULL, NULL, NULL, NULL, NULL, NULL, NULL, NULL),
(6124, 188, 27, NULL, NULL, NULL, NULL, NULL, NULL, NULL, NULL),
(6125, 188, 23, NULL, NULL, NULL, NULL, NULL, NULL, NULL, NULL),
(6126, 188, 43, NULL, NULL, NULL, NULL, NULL, NULL, NULL, NULL),
(6127, 189, 22, NULL, NULL, NULL, NULL, NULL, NULL, NULL, NULL),
(6128, 189, 21, NULL, NULL, NULL, NULL, NULL, NULL, NULL, NULL),
(6129, 189, 31, NULL, NULL, NULL, NULL, NULL, NULL, NULL, NULL),
(6130, 189, 30, NULL, NULL, NULL, NULL, NULL, NULL, NULL, NULL),
(6131, 189, 29, NULL, NULL, NULL, NULL, NULL, NULL, NULL, NULL),
(6132, 189, 24, NULL, NULL, NULL, NULL, NULL, NULL, NULL, NULL),
(6133, 189, 39, NULL, NULL, NULL, NULL, NULL, NULL, NULL, NULL),
(6134, 189, 28, NULL, NULL, NULL, NULL, NULL, NULL, NULL, NULL),
(6135, 189, 27, NULL, NULL, NULL, NULL, NULL, NULL, NULL, NULL),
(6136, 189, 23, NULL, NULL, NULL, NULL, NULL, NULL, NULL, NULL),
(6137, 189, 43, NULL, NULL, NULL, NULL, NULL, NULL, NULL, NULL),
(6138, 190, 21, NULL, NULL, NULL, NULL, NULL, NULL, NULL, NULL),
(6139, 190, 28, NULL, NULL, NULL, NULL, NULL, NULL, NULL, NULL),
(6140, 190, 30, NULL, NULL, NULL, NULL, NULL, NULL, NULL, NULL),
(6141, 190, 22, NULL, NULL, NULL, NULL, NULL, NULL, NULL, NULL),
(6142, 190, 24, NULL, NULL, NULL, NULL, NULL, NULL, NULL, NULL),
(6143, 190, 39, NULL, NULL, NULL, NULL, NULL, NULL, NULL, NULL),
(6144, 190, 27, NULL, NULL, NULL, NULL, NULL, NULL, NULL, NULL),
(6145, 190, 23, NULL, NULL, NULL, NULL, NULL, NULL, NULL, NULL),
(6146, 190, 43, NULL, NULL, NULL, NULL, NULL, NULL, NULL, NULL),
(6147, 191, 22, NULL, NULL, NULL, NULL, NULL, NULL, NULL, NULL),
(6148, 191, 21, NULL, NULL, NULL, NULL, NULL, NULL, NULL, NULL),
(6149, 191, 31, NULL, NULL, NULL, NULL, NULL, NULL, NULL, NULL),
(6150, 191, 30, NULL, NULL, NULL, NULL, NULL, NULL, NULL, NULL),
(6151, 191, 29, NULL, NULL, NULL, NULL, NULL, NULL, NULL, NULL),
(6152, 191, 39, NULL, NULL, NULL, NULL, NULL, NULL, NULL, NULL),
(6153, 191, 23, NULL, NULL, NULL, NULL, NULL, NULL, NULL, NULL),
(6154, 191, 43, NULL, NULL, NULL, NULL, NULL, NULL, NULL, NULL),
(6155, 191, 24, NULL, NULL, NULL, NULL, NULL, NULL, NULL, NULL),
(6156, 192, 43, NULL, NULL, NULL, NULL, NULL, NULL, NULL, NULL),
(6157, 192, 23, NULL, NULL, NULL, NULL, NULL, NULL, NULL, NULL),
(6158, 192, 39, NULL, NULL, NULL, NULL, NULL, NULL, NULL, NULL),
(6159, 192, 24, NULL, NULL, NULL, NULL, NULL, NULL, NULL, NULL),
(6160, 192, 22, NULL, NULL, NULL, NULL, NULL, NULL, NULL, NULL),
(6161, 192, 21, NULL, NULL, NULL, NULL, NULL, NULL, NULL, NULL),
(6162, 192, 31, NULL, NULL, NULL, NULL, NULL, NULL, NULL, NULL),
(6163, 192, 30, NULL, NULL, NULL, NULL, NULL, NULL, NULL, NULL),
(6164, 192, 29, NULL, NULL, NULL, NULL, NULL, NULL, NULL, NULL),
(6165, 193, 43, NULL, NULL, NULL, NULL, NULL, NULL, NULL, NULL),
(6166, 193, 42, NULL, NULL, NULL, NULL, NULL, NULL, NULL, NULL),
(6167, 193, 41, NULL, NULL, NULL, NULL, NULL, NULL, NULL, NULL),
(6168, 193, 40, NULL, NULL, NULL, NULL, NULL, NULL, NULL, NULL),
(6169, 193, 39, NULL, NULL, NULL, NULL, NULL, NULL, NULL, NULL),
(6170, 193, 38, NULL, NULL, NULL, NULL, NULL, NULL, NULL, NULL),
(6171, 193, 37, NULL, NULL, NULL, NULL, NULL, NULL, NULL, NULL),
(6172, 193, 36, NULL, NULL, NULL, NULL, NULL, NULL, NULL, NULL),
(6173, 193, 35, NULL, NULL, NULL, NULL, NULL, NULL, NULL, NULL),
(6174, 193, 34, NULL, NULL, NULL, NULL, NULL, NULL, NULL, NULL),
(6175, 193, 33, NULL, NULL, NULL, NULL, NULL, NULL, NULL, NULL),
(6176, 193, 32, NULL, NULL, NULL, NULL, NULL, NULL, NULL, NULL),
(6177, 193, 31, NULL, NULL, NULL, NULL, NULL, NULL, NULL, NULL),
(6178, 193, 30, NULL, NULL, NULL, NULL, NULL, NULL, NULL, NULL),
(6179, 193, 29, NULL, NULL, NULL, NULL, NULL, NULL, NULL, NULL),
(6180, 193, 28, NULL, NULL, NULL, NULL, NULL, NULL, NULL, NULL),
(6181, 193, 27, NULL, NULL, NULL, NULL, NULL, NULL, NULL, NULL),
(6182, 193, 26, NULL, NULL, NULL, NULL, NULL, NULL, NULL, NULL),
(6183, 193, 25, NULL, NULL, NULL, NULL, NULL, NULL, NULL, NULL),
(6184, 193, 24, NULL, NULL, NULL, NULL, NULL, NULL, NULL, NULL),
(6185, 193, 23, NULL, NULL, NULL, NULL, NULL, NULL, NULL, NULL),
(6186, 193, 22, NULL, NULL, NULL, NULL, NULL, NULL, NULL, NULL),
(6187, 193, 21, NULL, NULL, NULL, NULL, NULL, NULL, NULL, NULL),
(6188, 193, 20, NULL, NULL, NULL, NULL, NULL, NULL, NULL, NULL),
(6189, 193, 19, NULL, NULL, NULL, NULL, NULL, NULL, NULL, NULL),
(6190, 194, 5, NULL, NULL, NULL, NULL, NULL, NULL, NULL, NULL),
(6191, 194, 4, NULL, NULL, NULL, NULL, NULL, NULL, NULL, NULL),
(6192, 194, 3, NULL, NULL, NULL, NULL, NULL, NULL, NULL, NULL),
(6193, 194, 2, NULL, NULL, NULL, NULL, NULL, NULL, NULL, NULL),
(6194, 194, 1, NULL, NULL, NULL, NULL, NULL, NULL, NULL, NULL),
(13365, 265, 26, NULL, NULL, NULL, NULL, NULL, NULL, NULL, NULL),
(13364, 265, 25, NULL, NULL, NULL, NULL, NULL, NULL, NULL, NULL),
(13363, 265, 24, NULL, NULL, NULL, NULL, NULL, NULL, NULL, NULL),
(13357, 264, 43, NULL, NULL, NULL, NULL, NULL, NULL, NULL, NULL),
(13356, 264, 42, NULL, NULL, NULL, NULL, NULL, NULL, NULL, NULL),
(13355, 264, 41, NULL, NULL, NULL, NULL, NULL, NULL, NULL, NULL),
(12530, 51, 32, NULL, NULL, NULL, NULL, NULL, NULL, NULL, NULL),
(12529, 51, 31, NULL, NULL, NULL, NULL, NULL, NULL, NULL, NULL),
(12528, 51, 30, NULL, NULL, NULL, NULL, NULL, NULL, NULL, NULL),
(12527, 51, 29, NULL, NULL, NULL, NULL, NULL, NULL, NULL, NULL),
(12526, 51, 28, NULL, NULL, NULL, NULL, NULL, NULL, NULL, NULL),
(12525, 51, 27, NULL, NULL, NULL, NULL, NULL, NULL, NULL, NULL),
(12524, 51, 26, NULL, NULL, NULL, NULL, NULL, NULL, NULL, NULL),
(12523, 51, 25, NULL, NULL, NULL, NULL, NULL, NULL, NULL, NULL),
(12522, 51, 24, NULL, NULL, NULL, NULL, NULL, NULL, NULL, NULL),
(12521, 51, 23, NULL, NULL, NULL, NULL, NULL, NULL, NULL, NULL),
(12520, 51, 22, NULL, NULL, NULL, NULL, NULL, NULL, NULL, NULL),
(12519, 51, 21, NULL, NULL, NULL, NULL, NULL, NULL, NULL, NULL),
(12518, 51, 20, NULL, NULL, NULL, NULL, NULL, NULL, NULL, NULL),
(12517, 51, 19, NULL, NULL, NULL, NULL, NULL, NULL, NULL, NULL),
(6931, 195, 5, NULL, NULL, NULL, NULL, NULL, NULL, NULL, NULL),
(6930, 195, 1, NULL, NULL, NULL, NULL, NULL, NULL, NULL, NULL),
(6929, 195, 4, NULL, NULL, NULL, NULL, NULL, NULL, NULL, NULL),
(6928, 195, 3, NULL, NULL, NULL, NULL, NULL, NULL, NULL, NULL),
(6927, 195, 2, NULL, NULL, NULL, NULL, NULL, NULL, NULL, NULL),
(6220, 196, 24, NULL, NULL, NULL, NULL, NULL, NULL, NULL, NULL),
(6221, 196, 39, NULL, NULL, NULL, NULL, NULL, NULL, NULL, NULL),
(6222, 196, 22, NULL, NULL, NULL, NULL, NULL, NULL, NULL, NULL),
(6223, 196, 21, NULL, NULL, NULL, NULL, NULL, NULL, NULL, NULL),
(6224, 196, 43, NULL, NULL, NULL, NULL, NULL, NULL, NULL, NULL),
(6225, 196, 23, NULL, NULL, NULL, NULL, NULL, NULL, NULL, NULL),
(6226, 196, 31, NULL, NULL, NULL, NULL, NULL, NULL, NULL, NULL),
(6227, 196, 30, NULL, NULL, NULL, NULL, NULL, NULL, NULL, NULL),
(6228, 196, 29, NULL, NULL, NULL, NULL, NULL, NULL, NULL, NULL),
(6229, 197, 43, NULL, NULL, NULL, NULL, NULL, NULL, NULL, NULL),
(6230, 197, 42, NULL, NULL, NULL, NULL, NULL, NULL, NULL, NULL),
(6231, 197, 41, NULL, NULL, NULL, NULL, NULL, NULL, NULL, NULL),
(6232, 197, 40, NULL, NULL, NULL, NULL, NULL, NULL, NULL, NULL),
(6233, 197, 39, NULL, NULL, NULL, NULL, NULL, NULL, NULL, NULL),
(6234, 197, 38, NULL, NULL, NULL, NULL, NULL, NULL, NULL, NULL),
(6235, 197, 37, NULL, NULL, NULL, NULL, NULL, NULL, NULL, NULL),
(6236, 197, 36, NULL, NULL, NULL, NULL, NULL, NULL, NULL, NULL),
(6237, 197, 35, NULL, NULL, NULL, NULL, NULL, NULL, NULL, NULL),
(6238, 197, 34, NULL, NULL, NULL, NULL, NULL, NULL, NULL, NULL),
(6239, 197, 33, NULL, NULL, NULL, NULL, NULL, NULL, NULL, NULL),
(6240, 197, 32, NULL, NULL, NULL, NULL, NULL, NULL, NULL, NULL),
(6241, 197, 31, NULL, NULL, NULL, NULL, NULL, NULL, NULL, NULL),
(6242, 197, 30, NULL, NULL, NULL, NULL, NULL, NULL, NULL, NULL),
(6243, 197, 29, NULL, NULL, NULL, NULL, NULL, NULL, NULL, NULL),
(6244, 197, 28, NULL, NULL, NULL, NULL, NULL, NULL, NULL, NULL),
(6245, 197, 27, NULL, NULL, NULL, NULL, NULL, NULL, NULL, NULL),
(6246, 197, 26, NULL, NULL, NULL, NULL, NULL, NULL, NULL, NULL),
(6247, 197, 25, NULL, NULL, NULL, NULL, NULL, NULL, NULL, NULL),
(6248, 197, 24, NULL, NULL, NULL, NULL, NULL, NULL, NULL, NULL),
(6249, 197, 23, NULL, NULL, NULL, NULL, NULL, NULL, NULL, NULL),
(6250, 197, 22, NULL, NULL, NULL, NULL, NULL, NULL, NULL, NULL),
(6251, 197, 21, NULL, NULL, NULL, NULL, NULL, NULL, NULL, NULL),
(6252, 197, 20, NULL, NULL, NULL, NULL, NULL, NULL, NULL, NULL),
(6253, 197, 19, NULL, NULL, NULL, NULL, NULL, NULL, NULL, NULL),
(6254, 198, 1, NULL, NULL, NULL, NULL, NULL, NULL, NULL, NULL),
(6255, 198, 2, NULL, NULL, NULL, NULL, NULL, NULL, NULL, NULL),
(6256, 198, 3, NULL, NULL, NULL, NULL, NULL, NULL, NULL, NULL),
(6257, 198, 4, NULL, NULL, NULL, NULL, NULL, NULL, NULL, NULL),
(6258, 198, 5, NULL, NULL, NULL, NULL, NULL, NULL, NULL, NULL),
(6259, 199, 31, NULL, NULL, NULL, NULL, NULL, NULL, NULL, NULL),
(6260, 199, 29, NULL, NULL, NULL, NULL, NULL, NULL, NULL, NULL),
(6261, 199, 30, NULL, NULL, NULL, NULL, NULL, NULL, NULL, NULL),
(6262, 199, 23, NULL, NULL, NULL, NULL, NULL, NULL, NULL, NULL),
(6263, 199, 43, NULL, NULL, NULL, NULL, NULL, NULL, NULL, NULL),
(6264, 199, 21, NULL, NULL, NULL, NULL, NULL, NULL, NULL, NULL),
(6265, 199, 22, NULL, NULL, NULL, NULL, NULL, NULL, NULL, NULL),
(6266, 199, 24, NULL, NULL, NULL, NULL, NULL, NULL, NULL, NULL),
(6267, 199, 39, NULL, NULL, NULL, NULL, NULL, NULL, NULL, NULL),
(6268, 200, 43, NULL, NULL, NULL, NULL, NULL, NULL, NULL, NULL),
(6269, 200, 23, NULL, NULL, NULL, NULL, NULL, NULL, NULL, NULL),
(6270, 200, 31, NULL, NULL, NULL, NULL, NULL, NULL, NULL, NULL),
(6271, 200, 30, NULL, NULL, NULL, NULL, NULL, NULL, NULL, NULL),
(6272, 200, 29, NULL, NULL, NULL, NULL, NULL, NULL, NULL, NULL),
(6273, 200, 21, NULL, NULL, NULL, NULL, NULL, NULL, NULL, NULL),
(6274, 200, 22, NULL, NULL, NULL, NULL, NULL, NULL, NULL, NULL),
(6275, 200, 24, NULL, NULL, NULL, NULL, NULL, NULL, NULL, NULL),
(6276, 200, 39, NULL, NULL, NULL, NULL, NULL, NULL, NULL, NULL),
(6277, 201, 1, NULL, NULL, NULL, NULL, NULL, NULL, NULL, NULL),
(6278, 201, 2, NULL, NULL, NULL, NULL, NULL, NULL, NULL, NULL),
(6279, 201, 3, NULL, NULL, NULL, NULL, NULL, NULL, NULL, NULL),
(6280, 201, 4, NULL, NULL, NULL, NULL, NULL, NULL, NULL, NULL),
(6281, 201, 5, NULL, NULL, NULL, NULL, NULL, NULL, NULL, NULL),
(6282, 202, 1, NULL, NULL, NULL, NULL, NULL, NULL, NULL, NULL),
(6283, 202, 2, NULL, NULL, NULL, NULL, NULL, NULL, NULL, NULL),
(6284, 202, 3, NULL, NULL, NULL, NULL, NULL, NULL, NULL, NULL),
(6285, 202, 4, NULL, NULL, NULL, NULL, NULL, NULL, NULL, NULL),
(6286, 202, 5, NULL, NULL, NULL, NULL, NULL, NULL, NULL, NULL),
(6287, 203, 1, NULL, NULL, NULL, NULL, NULL, NULL, NULL, NULL),
(6288, 203, 2, NULL, NULL, NULL, NULL, NULL, NULL, NULL, NULL),
(6289, 203, 3, NULL, NULL, NULL, NULL, NULL, NULL, NULL, NULL),
(6290, 203, 4, NULL, NULL, NULL, NULL, NULL, NULL, NULL, NULL),
(6291, 203, 5, NULL, NULL, NULL, NULL, NULL, NULL, NULL, NULL),
(6292, 204, 27, NULL, NULL, NULL, NULL, NULL, NULL, NULL, NULL),
(6293, 204, 26, NULL, NULL, NULL, NULL, NULL, NULL, NULL, NULL),
(6294, 204, 25, NULL, NULL, NULL, NULL, NULL, NULL, NULL, NULL),
(6295, 204, 24, NULL, NULL, NULL, NULL, NULL, NULL, NULL, NULL),
(6296, 204, 23, NULL, NULL, NULL, NULL, NULL, NULL, NULL, NULL),
(6297, 204, 22, NULL, NULL, NULL, NULL, NULL, NULL, NULL, NULL),
(6298, 204, 21, NULL, NULL, NULL, NULL, NULL, NULL, NULL, NULL),
(6299, 204, 20, NULL, NULL, NULL, NULL, NULL, NULL, NULL, NULL),
(6300, 204, 19, NULL, NULL, NULL, NULL, NULL, NULL, NULL, NULL),
(6301, 204, 28, NULL, NULL, NULL, NULL, NULL, NULL, NULL, NULL),
(6302, 204, 29, NULL, NULL, NULL, NULL, NULL, NULL, NULL, NULL),
(6303, 204, 30, NULL, NULL, NULL, NULL, NULL, NULL, NULL, NULL),
(6304, 204, 31, NULL, NULL, NULL, NULL, NULL, NULL, NULL, NULL),
(6305, 204, 32, NULL, NULL, NULL, NULL, NULL, NULL, NULL, NULL),
(6306, 204, 33, NULL, NULL, NULL, NULL, NULL, NULL, NULL, NULL),
(6307, 204, 34, NULL, NULL, NULL, NULL, NULL, NULL, NULL, NULL),
(6308, 204, 35, NULL, NULL, NULL, NULL, NULL, NULL, NULL, NULL),
(6309, 204, 36, NULL, NULL, NULL, NULL, NULL, NULL, NULL, NULL),
(6310, 204, 37, NULL, NULL, NULL, NULL, NULL, NULL, NULL, NULL),
(6311, 204, 38, NULL, NULL, NULL, NULL, NULL, NULL, NULL, NULL),
(6312, 204, 39, NULL, NULL, NULL, NULL, NULL, NULL, NULL, NULL),
(6313, 204, 40, NULL, NULL, NULL, NULL, NULL, NULL, NULL, NULL),
(6314, 204, 41, NULL, NULL, NULL, NULL, NULL, NULL, NULL, NULL),
(6315, 204, 42, NULL, NULL, NULL, NULL, NULL, NULL, NULL, NULL),
(6316, 204, 43, NULL, NULL, NULL, NULL, NULL, NULL, NULL, NULL),
(6317, 205, 27, NULL, NULL, NULL, NULL, NULL, NULL, NULL, NULL),
(6318, 205, 28, NULL, NULL, NULL, NULL, NULL, NULL, NULL, NULL),
(6319, 205, 31, NULL, NULL, NULL, NULL, NULL, NULL, NULL, NULL),
(6320, 205, 30, NULL, NULL, NULL, NULL, NULL, NULL, NULL, NULL),
(6321, 205, 29, NULL, NULL, NULL, NULL, NULL, NULL, NULL, NULL),
(6322, 205, 23, NULL, NULL, NULL, NULL, NULL, NULL, NULL, NULL),
(6323, 205, 43, NULL, NULL, NULL, NULL, NULL, NULL, NULL, NULL),
(6324, 205, 21, NULL, NULL, NULL, NULL, NULL, NULL, NULL, NULL),
(6325, 205, 22, NULL, NULL, NULL, NULL, NULL, NULL, NULL, NULL),
(6326, 205, 24, NULL, NULL, NULL, NULL, NULL, NULL, NULL, NULL),
(6327, 205, 39, NULL, NULL, NULL, NULL, NULL, NULL, NULL, NULL),
(6328, 206, 27, NULL, NULL, NULL, NULL, NULL, NULL, NULL, NULL),
(6329, 206, 28, NULL, NULL, NULL, NULL, NULL, NULL, NULL, NULL),
(6330, 206, 31, NULL, NULL, NULL, NULL, NULL, NULL, NULL, NULL),
(6331, 206, 30, NULL, NULL, NULL, NULL, NULL, NULL, NULL, NULL),
(6332, 206, 29, NULL, NULL, NULL, NULL, NULL, NULL, NULL, NULL),
(6333, 206, 23, NULL, NULL, NULL, NULL, NULL, NULL, NULL, NULL),
(6334, 206, 43, NULL, NULL, NULL, NULL, NULL, NULL, NULL, NULL),
(6335, 206, 21, NULL, NULL, NULL, NULL, NULL, NULL, NULL, NULL),
(6336, 206, 22, NULL, NULL, NULL, NULL, NULL, NULL, NULL, NULL),
(6337, 206, 24, NULL, NULL, NULL, NULL, NULL, NULL, NULL, NULL),
(6338, 206, 39, NULL, NULL, NULL, NULL, NULL, NULL, NULL, NULL),
(6339, 207, 1, NULL, NULL, NULL, NULL, NULL, NULL, NULL, NULL),
(6340, 207, 2, NULL, NULL, NULL, NULL, NULL, NULL, NULL, NULL),
(6341, 207, 3, NULL, NULL, NULL, NULL, NULL, NULL, NULL, NULL),
(6342, 207, 4, NULL, NULL, NULL, NULL, NULL, NULL, NULL, NULL),
(6343, 207, 5, NULL, NULL, NULL, NULL, NULL, NULL, NULL, NULL),
(6344, 208, 27, NULL, NULL, NULL, NULL, NULL, NULL, NULL, NULL),
(6345, 208, 28, NULL, NULL, NULL, NULL, NULL, NULL, NULL, NULL),
(6346, 208, 31, NULL, NULL, NULL, NULL, NULL, NULL, NULL, NULL),
(6347, 208, 30, NULL, NULL, NULL, NULL, NULL, NULL, NULL, NULL),
(6348, 208, 29, NULL, NULL, NULL, NULL, NULL, NULL, NULL, NULL),
(6349, 208, 23, NULL, NULL, NULL, NULL, NULL, NULL, NULL, NULL),
(6350, 208, 43, NULL, NULL, NULL, NULL, NULL, NULL, NULL, NULL),
(6351, 208, 21, NULL, NULL, NULL, NULL, NULL, NULL, NULL, NULL),
(6352, 208, 22, NULL, NULL, NULL, NULL, NULL, NULL, NULL, NULL),
(6353, 208, 24, NULL, NULL, NULL, NULL, NULL, NULL, NULL, NULL),
(6354, 208, 39, NULL, NULL, NULL, NULL, NULL, NULL, NULL, NULL),
(6355, 209, 27, NULL, NULL, NULL, NULL, NULL, NULL, NULL, NULL),
(6356, 209, 28, NULL, NULL, NULL, NULL, NULL, NULL, NULL, NULL),
(6357, 209, 31, NULL, NULL, NULL, NULL, NULL, NULL, NULL, NULL),
(6358, 209, 30, NULL, NULL, NULL, NULL, NULL, NULL, NULL, NULL),
(6359, 209, 29, NULL, NULL, NULL, NULL, NULL, NULL, NULL, NULL),
(6360, 209, 23, NULL, NULL, NULL, NULL, NULL, NULL, NULL, NULL),
(6361, 209, 43, NULL, NULL, NULL, NULL, NULL, NULL, NULL, NULL),
(6362, 209, 21, NULL, NULL, NULL, NULL, NULL, NULL, NULL, NULL),
(6363, 209, 22, NULL, NULL, NULL, NULL, NULL, NULL, NULL, NULL),
(6364, 209, 24, NULL, NULL, NULL, NULL, NULL, NULL, NULL, NULL),
(6365, 209, 39, NULL, NULL, NULL, NULL, NULL, NULL, NULL, NULL),
(6366, 210, 27, NULL, NULL, NULL, NULL, NULL, NULL, NULL, NULL),
(6367, 210, 28, NULL, NULL, NULL, NULL, NULL, NULL, NULL, NULL),
(6368, 210, 31, NULL, NULL, NULL, NULL, NULL, NULL, NULL, NULL),
(6369, 210, 30, NULL, NULL, NULL, NULL, NULL, NULL, NULL, NULL),
(6370, 210, 29, NULL, NULL, NULL, NULL, NULL, NULL, NULL, NULL),
(6371, 210, 23, NULL, NULL, NULL, NULL, NULL, NULL, NULL, NULL),
(6372, 210, 43, NULL, NULL, NULL, NULL, NULL, NULL, NULL, NULL),
(6373, 210, 21, NULL, NULL, NULL, NULL, NULL, NULL, NULL, NULL),
(6374, 210, 22, NULL, NULL, NULL, NULL, NULL, NULL, NULL, NULL),
(6375, 210, 24, NULL, NULL, NULL, NULL, NULL, NULL, NULL, NULL),
(6376, 210, 39, NULL, NULL, NULL, NULL, NULL, NULL, NULL, NULL),
(6377, 211, 27, NULL, NULL, NULL, NULL, NULL, NULL, NULL, NULL),
(6378, 211, 28, NULL, NULL, NULL, NULL, NULL, NULL, NULL, NULL),
(6379, 211, 31, NULL, NULL, NULL, NULL, NULL, NULL, NULL, NULL),
(6380, 211, 30, NULL, NULL, NULL, NULL, NULL, NULL, NULL, NULL),
(6381, 211, 29, NULL, NULL, NULL, NULL, NULL, NULL, NULL, NULL),
(6382, 211, 23, NULL, NULL, NULL, NULL, NULL, NULL, NULL, NULL),
(6383, 211, 43, NULL, NULL, NULL, NULL, NULL, NULL, NULL, NULL),
(6384, 211, 21, NULL, NULL, NULL, NULL, NULL, NULL, NULL, NULL),
(6385, 211, 22, NULL, NULL, NULL, NULL, NULL, NULL, NULL, NULL),
(6386, 211, 24, NULL, NULL, NULL, NULL, NULL, NULL, NULL, NULL),
(6387, 211, 39, NULL, NULL, NULL, NULL, NULL, NULL, NULL, NULL),
(6388, 212, 27, NULL, NULL, NULL, NULL, NULL, NULL, NULL, NULL),
(6389, 212, 28, NULL, NULL, NULL, NULL, NULL, NULL, NULL, NULL),
(6390, 212, 31, NULL, NULL, NULL, NULL, NULL, NULL, NULL, NULL),
(6391, 212, 30, NULL, NULL, NULL, NULL, NULL, NULL, NULL, NULL),
(6392, 212, 29, NULL, NULL, NULL, NULL, NULL, NULL, NULL, NULL),
(6393, 212, 23, NULL, NULL, NULL, NULL, NULL, NULL, NULL, NULL),
(6394, 212, 43, NULL, NULL, NULL, NULL, NULL, NULL, NULL, NULL),
(6395, 212, 21, NULL, NULL, NULL, NULL, NULL, NULL, NULL, NULL),
(6396, 212, 22, NULL, NULL, NULL, NULL, NULL, NULL, NULL, NULL),
(6397, 212, 24, NULL, NULL, NULL, NULL, NULL, NULL, NULL, NULL),
(6398, 212, 39, NULL, NULL, NULL, NULL, NULL, NULL, NULL, NULL),
(6399, 213, 43, NULL, NULL, NULL, NULL, NULL, NULL, NULL, NULL),
(6400, 213, 23, NULL, NULL, NULL, NULL, NULL, NULL, NULL, NULL),
(6401, 213, 24, NULL, NULL, NULL, NULL, NULL, NULL, NULL, NULL),
(6402, 213, 22, NULL, NULL, NULL, NULL, NULL, NULL, NULL, NULL),
(6403, 213, 39, NULL, NULL, NULL, NULL, NULL, NULL, NULL, NULL),
(6404, 213, 21, NULL, NULL, NULL, NULL, NULL, NULL, NULL, NULL),
(6405, 213, 31, NULL, NULL, NULL, NULL, NULL, NULL, NULL, NULL),
(6406, 213, 30, NULL, NULL, NULL, NULL, NULL, NULL, NULL, NULL),
(6407, 213, 29, NULL, NULL, NULL, NULL, NULL, NULL, NULL, NULL),
(6408, 214, 27, NULL, NULL, NULL, NULL, NULL, NULL, NULL, NULL),
(6409, 214, 26, NULL, NULL, NULL, NULL, NULL, NULL, NULL, NULL),
(6410, 214, 25, NULL, NULL, NULL, NULL, NULL, NULL, NULL, NULL),
(6411, 214, 24, NULL, NULL, NULL, NULL, NULL, NULL, NULL, NULL),
(6412, 214, 23, NULL, NULL, NULL, NULL, NULL, NULL, NULL, NULL),
(6413, 214, 22, NULL, NULL, NULL, NULL, NULL, NULL, NULL, NULL),
(6414, 214, 21, NULL, NULL, NULL, NULL, NULL, NULL, NULL, NULL),
(6415, 214, 20, NULL, NULL, NULL, NULL, NULL, NULL, NULL, NULL),
(6416, 214, 19, NULL, NULL, NULL, NULL, NULL, NULL, NULL, NULL),
(6417, 214, 28, NULL, NULL, NULL, NULL, NULL, NULL, NULL, NULL),
(6418, 214, 29, NULL, NULL, NULL, NULL, NULL, NULL, NULL, NULL),
(6419, 214, 30, NULL, NULL, NULL, NULL, NULL, NULL, NULL, NULL),
(6420, 214, 31, NULL, NULL, NULL, NULL, NULL, NULL, NULL, NULL),
(6421, 214, 32, NULL, NULL, NULL, NULL, NULL, NULL, NULL, NULL),
(6422, 214, 33, NULL, NULL, NULL, NULL, NULL, NULL, NULL, NULL),
(6423, 214, 34, NULL, NULL, NULL, NULL, NULL, NULL, NULL, NULL),
(6424, 214, 35, NULL, NULL, NULL, NULL, NULL, NULL, NULL, NULL),
(6425, 214, 36, NULL, NULL, NULL, NULL, NULL, NULL, NULL, NULL),
(6426, 214, 37, NULL, NULL, NULL, NULL, NULL, NULL, NULL, NULL),
(6427, 214, 38, NULL, NULL, NULL, NULL, NULL, NULL, NULL, NULL),
(6428, 214, 39, NULL, NULL, NULL, NULL, NULL, NULL, NULL, NULL),
(6429, 214, 40, NULL, NULL, NULL, NULL, NULL, NULL, NULL, NULL),
(6430, 214, 41, NULL, NULL, NULL, NULL, NULL, NULL, NULL, NULL),
(6431, 214, 42, NULL, NULL, NULL, NULL, NULL, NULL, NULL, NULL),
(6432, 214, 43, NULL, NULL, NULL, NULL, NULL, NULL, NULL, NULL),
(6433, 215, 27, NULL, NULL, NULL, NULL, NULL, NULL, NULL, NULL),
(6434, 215, 26, NULL, NULL, NULL, NULL, NULL, NULL, NULL, NULL),
(6435, 215, 25, NULL, NULL, NULL, NULL, NULL, NULL, NULL, NULL),
(6436, 215, 24, NULL, NULL, NULL, NULL, NULL, NULL, NULL, NULL),
(6437, 215, 23, NULL, NULL, NULL, NULL, NULL, NULL, NULL, NULL),
(6438, 215, 22, NULL, NULL, NULL, NULL, NULL, NULL, NULL, NULL),
(6439, 215, 21, NULL, NULL, NULL, NULL, NULL, NULL, NULL, NULL),
(6440, 215, 20, NULL, NULL, NULL, NULL, NULL, NULL, NULL, NULL),
(6441, 215, 19, NULL, NULL, NULL, NULL, NULL, NULL, NULL, NULL),
(6442, 215, 28, NULL, NULL, NULL, NULL, NULL, NULL, NULL, NULL),
(6443, 215, 29, NULL, NULL, NULL, NULL, NULL, NULL, NULL, NULL),
(6444, 215, 30, NULL, NULL, NULL, NULL, NULL, NULL, NULL, NULL),
(6445, 215, 31, NULL, NULL, NULL, NULL, NULL, NULL, NULL, NULL),
(6446, 215, 32, NULL, NULL, NULL, NULL, NULL, NULL, NULL, NULL),
(6447, 215, 33, NULL, NULL, NULL, NULL, NULL, NULL, NULL, NULL),
(6448, 215, 34, NULL, NULL, NULL, NULL, NULL, NULL, NULL, NULL),
(6449, 215, 35, NULL, NULL, NULL, NULL, NULL, NULL, NULL, NULL),
(6450, 215, 36, NULL, NULL, NULL, NULL, NULL, NULL, NULL, NULL),
(6451, 215, 37, NULL, NULL, NULL, NULL, NULL, NULL, NULL, NULL),
(6452, 215, 38, NULL, NULL, NULL, NULL, NULL, NULL, NULL, NULL),
(6453, 215, 39, NULL, NULL, NULL, NULL, NULL, NULL, NULL, NULL),
(6454, 215, 40, NULL, NULL, NULL, NULL, NULL, NULL, NULL, NULL),
(6455, 215, 41, NULL, NULL, NULL, NULL, NULL, NULL, NULL, NULL),
(6456, 215, 42, NULL, NULL, NULL, NULL, NULL, NULL, NULL, NULL),
(6457, 215, 43, NULL, NULL, NULL, NULL, NULL, NULL, NULL, NULL),
(6458, 216, 29, NULL, NULL, NULL, NULL, NULL, NULL, NULL, NULL),
(6459, 216, 28, NULL, NULL, NULL, NULL, NULL, NULL, NULL, NULL),
(6460, 216, 27, NULL, NULL, NULL, NULL, NULL, NULL, NULL, NULL),
(6461, 216, 26, NULL, NULL, NULL, NULL, NULL, NULL, NULL, NULL),
(6462, 216, 25, NULL, NULL, NULL, NULL, NULL, NULL, NULL, NULL),
(6463, 216, 24, NULL, NULL, NULL, NULL, NULL, NULL, NULL, NULL),
(6464, 216, 23, NULL, NULL, NULL, NULL, NULL, NULL, NULL, NULL),
(6465, 216, 22, NULL, NULL, NULL, NULL, NULL, NULL, NULL, NULL),
(6466, 216, 21, NULL, NULL, NULL, NULL, NULL, NULL, NULL, NULL),
(6467, 216, 20, NULL, NULL, NULL, NULL, NULL, NULL, NULL, NULL),
(6468, 216, 19, NULL, NULL, NULL, NULL, NULL, NULL, NULL, NULL),
(6469, 216, 30, NULL, NULL, NULL, NULL, NULL, NULL, NULL, NULL),
(6470, 216, 31, NULL, NULL, NULL, NULL, NULL, NULL, NULL, NULL),
(6471, 216, 32, NULL, NULL, NULL, NULL, NULL, NULL, NULL, NULL),
(6472, 216, 33, NULL, NULL, NULL, NULL, NULL, NULL, NULL, NULL),
(6473, 216, 34, NULL, NULL, NULL, NULL, NULL, NULL, NULL, NULL),
(6474, 216, 35, NULL, NULL, NULL, NULL, NULL, NULL, NULL, NULL),
(6475, 216, 36, NULL, NULL, NULL, NULL, NULL, NULL, NULL, NULL),
(6476, 216, 37, NULL, NULL, NULL, NULL, NULL, NULL, NULL, NULL),
(6477, 216, 38, NULL, NULL, NULL, NULL, NULL, NULL, NULL, NULL),
(6478, 216, 39, NULL, NULL, NULL, NULL, NULL, NULL, NULL, NULL),
(6479, 216, 40, NULL, NULL, NULL, NULL, NULL, NULL, NULL, NULL),
(6480, 216, 41, NULL, NULL, NULL, NULL, NULL, NULL, NULL, NULL),
(6481, 216, 42, NULL, NULL, NULL, NULL, NULL, NULL, NULL, NULL),
(6482, 216, 43, NULL, NULL, NULL, NULL, NULL, NULL, NULL, NULL),
(6483, 217, 28, NULL, NULL, NULL, NULL, NULL, NULL, NULL, NULL),
(6484, 217, 27, NULL, NULL, NULL, NULL, NULL, NULL, NULL, NULL),
(6485, 217, 31, NULL, NULL, NULL, NULL, NULL, NULL, NULL, NULL),
(6486, 217, 30, NULL, NULL, NULL, NULL, NULL, NULL, NULL, NULL),
(6487, 217, 29, NULL, NULL, NULL, NULL, NULL, NULL, NULL, NULL),
(6488, 217, 21, NULL, NULL, NULL, NULL, NULL, NULL, NULL, NULL),
(6489, 217, 22, NULL, NULL, NULL, NULL, NULL, NULL, NULL, NULL),
(6490, 217, 24, NULL, NULL, NULL, NULL, NULL, NULL, NULL, NULL),
(6491, 217, 39, NULL, NULL, NULL, NULL, NULL, NULL, NULL, NULL),
(6492, 217, 23, NULL, NULL, NULL, NULL, NULL, NULL, NULL, NULL),
(6493, 217, 43, NULL, NULL, NULL, NULL, NULL, NULL, NULL, NULL),
(6494, 218, 43, NULL, NULL, NULL, NULL, NULL, NULL, NULL, NULL),
(6495, 218, 42, NULL, NULL, NULL, NULL, NULL, NULL, NULL, NULL),
(6496, 218, 41, NULL, NULL, NULL, NULL, NULL, NULL, NULL, NULL),
(6497, 218, 40, NULL, NULL, NULL, NULL, NULL, NULL, NULL, NULL),
(6498, 218, 39, NULL, NULL, NULL, NULL, NULL, NULL, NULL, NULL),
(6499, 218, 38, NULL, NULL, NULL, NULL, NULL, NULL, NULL, NULL),
(6500, 218, 37, NULL, NULL, NULL, NULL, NULL, NULL, NULL, NULL),
(6501, 218, 36, NULL, NULL, NULL, NULL, NULL, NULL, NULL, NULL),
(6502, 218, 35, NULL, NULL, NULL, NULL, NULL, NULL, NULL, NULL),
(6503, 218, 34, NULL, NULL, NULL, NULL, NULL, NULL, NULL, NULL),
(6504, 218, 33, NULL, NULL, NULL, NULL, NULL, NULL, NULL, NULL),
(6505, 218, 32, NULL, NULL, NULL, NULL, NULL, NULL, NULL, NULL),
(6506, 218, 31, NULL, NULL, NULL, NULL, NULL, NULL, NULL, NULL),
(6507, 218, 30, NULL, NULL, NULL, NULL, NULL, NULL, NULL, NULL),
(6508, 218, 29, NULL, NULL, NULL, NULL, NULL, NULL, NULL, NULL),
(6509, 218, 28, NULL, NULL, NULL, NULL, NULL, NULL, NULL, NULL),
(6510, 218, 27, NULL, NULL, NULL, NULL, NULL, NULL, NULL, NULL),
(6511, 218, 26, NULL, NULL, NULL, NULL, NULL, NULL, NULL, NULL),
(6512, 218, 25, NULL, NULL, NULL, NULL, NULL, NULL, NULL, NULL),
(6513, 218, 24, NULL, NULL, NULL, NULL, NULL, NULL, NULL, NULL),
(6514, 218, 23, NULL, NULL, NULL, NULL, NULL, NULL, NULL, NULL),
(6515, 218, 22, NULL, NULL, NULL, NULL, NULL, NULL, NULL, NULL),
(6516, 218, 21, NULL, NULL, NULL, NULL, NULL, NULL, NULL, NULL),
(6517, 218, 20, NULL, NULL, NULL, NULL, NULL, NULL, NULL, NULL),
(6518, 218, 19, NULL, NULL, NULL, NULL, NULL, NULL, NULL, NULL),
(6519, 219, 43, NULL, NULL, NULL, NULL, NULL, NULL, NULL, NULL),
(6520, 219, 23, NULL, NULL, NULL, NULL, NULL, NULL, NULL, NULL),
(6521, 219, 31, NULL, NULL, NULL, NULL, NULL, NULL, NULL, NULL),
(6522, 219, 30, NULL, NULL, NULL, NULL, NULL, NULL, NULL, NULL),
(6523, 219, 29, NULL, NULL, NULL, NULL, NULL, NULL, NULL, NULL),
(6524, 219, 21, NULL, NULL, NULL, NULL, NULL, NULL, NULL, NULL),
(6525, 219, 22, NULL, NULL, NULL, NULL, NULL, NULL, NULL, NULL),
(6526, 219, 39, NULL, NULL, NULL, NULL, NULL, NULL, NULL, NULL),
(6527, 219, 24, NULL, NULL, NULL, NULL, NULL, NULL, NULL, NULL),
(6528, 220, 39, NULL, NULL, NULL, NULL, NULL, NULL, NULL, NULL),
(6529, 220, 21, NULL, NULL, NULL, NULL, NULL, NULL, NULL, NULL),
(6530, 220, 31, NULL, NULL, NULL, NULL, NULL, NULL, NULL, NULL),
(6531, 220, 30, NULL, NULL, NULL, NULL, NULL, NULL, NULL, NULL),
(6532, 220, 29, NULL, NULL, NULL, NULL, NULL, NULL, NULL, NULL),
(6533, 220, 24, NULL, NULL, NULL, NULL, NULL, NULL, NULL, NULL),
(6534, 220, 22, NULL, NULL, NULL, NULL, NULL, NULL, NULL, NULL),
(6535, 220, 23, NULL, NULL, NULL, NULL, NULL, NULL, NULL, NULL),
(6536, 220, 43, NULL, NULL, NULL, NULL, NULL, NULL, NULL, NULL),
(6537, 221, 43, NULL, NULL, NULL, NULL, NULL, NULL, NULL, NULL),
(6538, 221, 23, NULL, NULL, NULL, NULL, NULL, NULL, NULL, NULL),
(6539, 221, 24, NULL, NULL, NULL, NULL, NULL, NULL, NULL, NULL),
(6540, 221, 39, NULL, NULL, NULL, NULL, NULL, NULL, NULL, NULL),
(6541, 221, 22, NULL, NULL, NULL, NULL, NULL, NULL, NULL, NULL),
(6542, 221, 21, NULL, NULL, NULL, NULL, NULL, NULL, NULL, NULL),
(6543, 221, 31, NULL, NULL, NULL, NULL, NULL, NULL, NULL, NULL),
(6544, 221, 30, NULL, NULL, NULL, NULL, NULL, NULL, NULL, NULL),
(6545, 221, 29, NULL, NULL, NULL, NULL, NULL, NULL, NULL, NULL),
(6546, 222, 1, NULL, NULL, NULL, NULL, NULL, NULL, NULL, NULL),
(6547, 222, 2, NULL, NULL, NULL, NULL, NULL, NULL, NULL, NULL),
(6548, 222, 3, NULL, NULL, NULL, NULL, NULL, NULL, NULL, NULL),
(6549, 222, 4, NULL, NULL, NULL, NULL, NULL, NULL, NULL, NULL),
(6550, 222, 5, NULL, NULL, NULL, NULL, NULL, NULL, NULL, NULL),
(6551, 223, 1, NULL, NULL, NULL, NULL, NULL, NULL, NULL, NULL),
(6552, 223, 2, NULL, NULL, NULL, NULL, NULL, NULL, NULL, NULL),
(6553, 223, 3, NULL, NULL, NULL, NULL, NULL, NULL, NULL, NULL),
(6554, 223, 4, NULL, NULL, NULL, NULL, NULL, NULL, NULL, NULL),
(6555, 223, 5, NULL, NULL, NULL, NULL, NULL, NULL, NULL, NULL),
(6556, 224, 1, NULL, NULL, NULL, NULL, NULL, NULL, NULL, NULL),
(6557, 224, 2, NULL, NULL, NULL, NULL, NULL, NULL, NULL, NULL),
(6558, 224, 3, NULL, NULL, NULL, NULL, NULL, NULL, NULL, NULL),
(6559, 224, 4, NULL, NULL, NULL, NULL, NULL, NULL, NULL, NULL),
(6560, 224, 5, NULL, NULL, NULL, NULL, NULL, NULL, NULL, NULL),
(6561, 225, 1, NULL, NULL, NULL, NULL, NULL, NULL, NULL, NULL),
(6562, 225, 2, NULL, NULL, NULL, NULL, NULL, NULL, NULL, NULL),
(6563, 225, 3, NULL, NULL, NULL, NULL, NULL, NULL, NULL, NULL),
(6564, 225, 4, NULL, NULL, NULL, NULL, NULL, NULL, NULL, NULL),
(6565, 225, 5, NULL, NULL, NULL, NULL, NULL, NULL, NULL, NULL),
(6566, 226, 1, NULL, NULL, NULL, NULL, NULL, NULL, NULL, NULL),
(6567, 226, 2, NULL, NULL, NULL, NULL, NULL, NULL, NULL, NULL),
(6568, 226, 3, NULL, NULL, NULL, NULL, NULL, NULL, NULL, NULL),
(6569, 226, 4, NULL, NULL, NULL, NULL, NULL, NULL, NULL, NULL),
(6570, 226, 5, NULL, NULL, NULL, NULL, NULL, NULL, NULL, NULL),
(6571, 227, 1, NULL, NULL, NULL, NULL, NULL, NULL, NULL, NULL),
(6572, 227, 2, NULL, NULL, NULL, NULL, NULL, NULL, NULL, NULL),
(6573, 227, 3, NULL, NULL, NULL, NULL, NULL, NULL, NULL, NULL),
(6574, 227, 4, NULL, NULL, NULL, NULL, NULL, NULL, NULL, NULL),
(6575, 227, 5, NULL, NULL, NULL, NULL, NULL, NULL, NULL, NULL),
(6576, 228, 1, NULL, NULL, NULL, NULL, NULL, NULL, NULL, NULL),
(6577, 228, 2, NULL, NULL, NULL, NULL, NULL, NULL, NULL, NULL),
(6578, 228, 3, NULL, NULL, NULL, NULL, NULL, NULL, NULL, NULL),
(6579, 228, 4, NULL, NULL, NULL, NULL, NULL, NULL, NULL, NULL),
(6580, 228, 5, NULL, NULL, NULL, NULL, NULL, NULL, NULL, NULL),
(6581, 229, 1, NULL, NULL, NULL, NULL, NULL, NULL, NULL, NULL),
(6582, 229, 2, NULL, NULL, NULL, NULL, NULL, NULL, NULL, NULL),
(6583, 229, 3, NULL, NULL, NULL, NULL, NULL, NULL, NULL, NULL),
(6584, 229, 4, NULL, NULL, NULL, NULL, NULL, NULL, NULL, NULL),
(6585, 229, 5, NULL, NULL, NULL, NULL, NULL, NULL, NULL, NULL),
(6586, 230, 28, NULL, NULL, NULL, NULL, NULL, NULL, NULL, NULL),
(6587, 230, 27, NULL, NULL, NULL, NULL, NULL, NULL, NULL, NULL),
(6588, 230, 31, NULL, NULL, NULL, NULL, NULL, NULL, NULL, NULL),
(6589, 230, 30, NULL, NULL, NULL, NULL, NULL, NULL, NULL, NULL),
(6590, 230, 29, NULL, NULL, NULL, NULL, NULL, NULL, NULL, NULL),
(6591, 230, 21, NULL, NULL, NULL, NULL, NULL, NULL, NULL, NULL),
(6592, 230, 22, NULL, NULL, NULL, NULL, NULL, NULL, NULL, NULL),
(6593, 230, 39, NULL, NULL, NULL, NULL, NULL, NULL, NULL, NULL),
(6594, 230, 23, NULL, NULL, NULL, NULL, NULL, NULL, NULL, NULL),
(6595, 230, 43, NULL, NULL, NULL, NULL, NULL, NULL, NULL, NULL),
(6596, 230, 24, NULL, NULL, NULL, NULL, NULL, NULL, NULL, NULL),
(6597, 231, 28, NULL, NULL, NULL, NULL, NULL, NULL, NULL, NULL),
(6598, 231, 27, NULL, NULL, NULL, NULL, NULL, NULL, NULL, NULL),
(6599, 231, 31, NULL, NULL, NULL, NULL, NULL, NULL, NULL, NULL),
(6600, 231, 30, NULL, NULL, NULL, NULL, NULL, NULL, NULL, NULL),
(6601, 231, 29, NULL, NULL, NULL, NULL, NULL, NULL, NULL, NULL),
(6602, 231, 21, NULL, NULL, NULL, NULL, NULL, NULL, NULL, NULL),
(6603, 231, 22, NULL, NULL, NULL, NULL, NULL, NULL, NULL, NULL),
(6604, 231, 24, NULL, NULL, NULL, NULL, NULL, NULL, NULL, NULL),
(6605, 231, 39, NULL, NULL, NULL, NULL, NULL, NULL, NULL, NULL),
(6606, 231, 23, NULL, NULL, NULL, NULL, NULL, NULL, NULL, NULL),
(6607, 231, 43, NULL, NULL, NULL, NULL, NULL, NULL, NULL, NULL),
(6608, 232, 43, NULL, NULL, NULL, NULL, NULL, NULL, NULL, NULL),
(6609, 232, 23, NULL, NULL, NULL, NULL, NULL, NULL, NULL, NULL),
(6610, 232, 27, NULL, NULL, NULL, NULL, NULL, NULL, NULL, NULL),
(6611, 232, 39, NULL, NULL, NULL, NULL, NULL, NULL, NULL, NULL),
(6612, 232, 24, NULL, NULL, NULL, NULL, NULL, NULL, NULL, NULL),
(6613, 232, 22, NULL, NULL, NULL, NULL, NULL, NULL, NULL, NULL),
(6614, 232, 21, NULL, NULL, NULL, NULL, NULL, NULL, NULL, NULL),
(6615, 232, 28, NULL, NULL, NULL, NULL, NULL, NULL, NULL, NULL),
(6616, 232, 30, NULL, NULL, NULL, NULL, NULL, NULL, NULL, NULL),
(6617, 233, 10, NULL, NULL, NULL, NULL, NULL, NULL, NULL, NULL),
(6618, 233, 11, NULL, NULL, NULL, NULL, NULL, NULL, NULL, NULL),
(6619, 233, 12, NULL, NULL, NULL, NULL, NULL, NULL, NULL, NULL),
(6620, 234, 21, NULL, NULL, NULL, NULL, NULL, NULL, NULL, NULL),
(6621, 234, 28, NULL, NULL, NULL, NULL, NULL, NULL, NULL, NULL),
(6622, 234, 30, NULL, NULL, NULL, NULL, NULL, NULL, NULL, NULL),
(6623, 234, 22, NULL, NULL, NULL, NULL, NULL, NULL, NULL, NULL),
(6624, 234, 24, NULL, NULL, NULL, NULL, NULL, NULL, NULL, NULL),
(6625, 234, 39, NULL, NULL, NULL, NULL, NULL, NULL, NULL, NULL),
(6626, 234, 27, NULL, NULL, NULL, NULL, NULL, NULL, NULL, NULL),
(6627, 234, 23, NULL, NULL, NULL, NULL, NULL, NULL, NULL, NULL),
(6628, 234, 43, NULL, NULL, NULL, NULL, NULL, NULL, NULL, NULL),
(6629, 235, 21, NULL, NULL, NULL, NULL, NULL, NULL, NULL, NULL),
(6630, 235, 28, NULL, NULL, NULL, NULL, NULL, NULL, NULL, NULL),
(6631, 235, 30, NULL, NULL, NULL, NULL, NULL, NULL, NULL, NULL),
(6632, 235, 22, NULL, NULL, NULL, NULL, NULL, NULL, NULL, NULL),
(6633, 235, 24, NULL, NULL, NULL, NULL, NULL, NULL, NULL, NULL),
(6634, 235, 39, NULL, NULL, NULL, NULL, NULL, NULL, NULL, NULL),
(6635, 235, 27, NULL, NULL, NULL, NULL, NULL, NULL, NULL, NULL),
(6636, 235, 23, NULL, NULL, NULL, NULL, NULL, NULL, NULL, NULL),
(6637, 235, 43, NULL, NULL, NULL, NULL, NULL, NULL, NULL, NULL),
(6638, 236, 43, NULL, NULL, NULL, NULL, NULL, NULL, NULL, NULL),
(6639, 236, 23, NULL, NULL, NULL, NULL, NULL, NULL, NULL, NULL),
(6640, 236, 22, NULL, NULL, NULL, NULL, NULL, NULL, NULL, NULL),
(6641, 236, 39, NULL, NULL, NULL, NULL, NULL, NULL, NULL, NULL),
(6642, 236, 24, NULL, NULL, NULL, NULL, NULL, NULL, NULL, NULL),
(6643, 236, 21, NULL, NULL, NULL, NULL, NULL, NULL, NULL, NULL),
(6644, 236, 28, NULL, NULL, NULL, NULL, NULL, NULL, NULL, NULL),
(6645, 236, 27, NULL, NULL, NULL, NULL, NULL, NULL, NULL, NULL),
(6646, 236, 31, NULL, NULL, NULL, NULL, NULL, NULL, NULL, NULL),
(6647, 236, 30, NULL, NULL, NULL, NULL, NULL, NULL, NULL, NULL),
(6648, 236, 29, NULL, NULL, NULL, NULL, NULL, NULL, NULL, NULL),
(6649, 237, 21, NULL, NULL, NULL, NULL, NULL, NULL, NULL, NULL),
(6650, 237, 28, NULL, NULL, NULL, NULL, NULL, NULL, NULL, NULL),
(6651, 237, 30, NULL, NULL, NULL, NULL, NULL, NULL, NULL, NULL),
(6652, 237, 22, NULL, NULL, NULL, NULL, NULL, NULL, NULL, NULL),
(6653, 237, 39, NULL, NULL, NULL, NULL, NULL, NULL, NULL, NULL),
(6654, 237, 24, NULL, NULL, NULL, NULL, NULL, NULL, NULL, NULL),
(6655, 237, 27, NULL, NULL, NULL, NULL, NULL, NULL, NULL, NULL),
(6656, 237, 23, NULL, NULL, NULL, NULL, NULL, NULL, NULL, NULL),
(6657, 237, 43, NULL, NULL, NULL, NULL, NULL, NULL, NULL, NULL),
(6658, 238, 43, NULL, NULL, NULL, NULL, NULL, NULL, NULL, NULL),
(6659, 238, 23, NULL, NULL, NULL, NULL, NULL, NULL, NULL, NULL),
(6660, 238, 27, NULL, NULL, NULL, NULL, NULL, NULL, NULL, NULL),
(6661, 238, 39, NULL, NULL, NULL, NULL, NULL, NULL, NULL, NULL),
(6662, 238, 24, NULL, NULL, NULL, NULL, NULL, NULL, NULL, NULL),
(6663, 238, 22, NULL, NULL, NULL, NULL, NULL, NULL, NULL, NULL),
(6664, 238, 21, NULL, NULL, NULL, NULL, NULL, NULL, NULL, NULL),
(6665, 238, 28, NULL, NULL, NULL, NULL, NULL, NULL, NULL, NULL),
(6666, 238, 30, NULL, NULL, NULL, NULL, NULL, NULL, NULL, NULL),
(6667, 239, 27, NULL, NULL, NULL, NULL, NULL, NULL, NULL, NULL),
(6668, 239, 28, NULL, NULL, NULL, NULL, NULL, NULL, NULL, NULL),
(6669, 239, 30, NULL, NULL, NULL, NULL, NULL, NULL, NULL, NULL),
(6670, 239, 29, NULL, NULL, NULL, NULL, NULL, NULL, NULL, NULL),
(6671, 239, 21, NULL, NULL, NULL, NULL, NULL, NULL, NULL, NULL),
(6672, 239, 22, NULL, NULL, NULL, NULL, NULL, NULL, NULL, NULL),
(6673, 239, 24, NULL, NULL, NULL, NULL, NULL, NULL, NULL, NULL),
(6674, 239, 39, NULL, NULL, NULL, NULL, NULL, NULL, NULL, NULL),
(6675, 239, 23, NULL, NULL, NULL, NULL, NULL, NULL, NULL, NULL),
(6676, 239, 43, NULL, NULL, NULL, NULL, NULL, NULL, NULL, NULL),
(6677, 240, 43, NULL, NULL, NULL, NULL, NULL, NULL, NULL, NULL),
(6678, 240, 23, NULL, NULL, NULL, NULL, NULL, NULL, NULL, NULL),
(6679, 240, 27, NULL, NULL, NULL, NULL, NULL, NULL, NULL, NULL),
(6680, 240, 39, NULL, NULL, NULL, NULL, NULL, NULL, NULL, NULL),
(6681, 240, 24, NULL, NULL, NULL, NULL, NULL, NULL, NULL, NULL),
(6682, 240, 22, NULL, NULL, NULL, NULL, NULL, NULL, NULL, NULL),
(6683, 240, 21, NULL, NULL, NULL, NULL, NULL, NULL, NULL, NULL),
(6684, 240, 28, NULL, NULL, NULL, NULL, NULL, NULL, NULL, NULL),
(6685, 240, 30, NULL, NULL, NULL, NULL, NULL, NULL, NULL, NULL),
(6686, 241, 21, NULL, NULL, NULL, NULL, NULL, NULL, NULL, NULL),
(6687, 241, 28, NULL, NULL, NULL, NULL, NULL, NULL, NULL, NULL),
(6688, 241, 30, NULL, NULL, NULL, NULL, NULL, NULL, NULL, NULL),
(6689, 241, 22, NULL, NULL, NULL, NULL, NULL, NULL, NULL, NULL),
(6690, 241, 24, NULL, NULL, NULL, NULL, NULL, NULL, NULL, NULL),
(6691, 241, 39, NULL, NULL, NULL, NULL, NULL, NULL, NULL, NULL),
(6692, 241, 27, NULL, NULL, NULL, NULL, NULL, NULL, NULL, NULL),
(6693, 241, 43, NULL, NULL, NULL, NULL, NULL, NULL, NULL, NULL),
(6694, 241, 23, NULL, NULL, NULL, NULL, NULL, NULL, NULL, NULL),
(6695, 242, 10, NULL, NULL, NULL, NULL, NULL, NULL, NULL, NULL),
(6696, 242, 11, NULL, NULL, NULL, NULL, NULL, NULL, NULL, NULL),
(6697, 242, 12, NULL, NULL, NULL, NULL, NULL, NULL, NULL, NULL),
(6698, 243, 10, NULL, NULL, NULL, NULL, NULL, NULL, NULL, NULL),
(6699, 243, 11, NULL, NULL, NULL, NULL, NULL, NULL, NULL, NULL),
(6700, 243, 12, NULL, NULL, NULL, NULL, NULL, NULL, NULL, NULL),
(6701, 244, 10, NULL, NULL, NULL, NULL, NULL, NULL, NULL, NULL),
(6702, 244, 11, NULL, NULL, NULL, NULL, NULL, NULL, NULL, NULL),
(6703, 244, 12, NULL, NULL, NULL, NULL, NULL, NULL, NULL, NULL),
(6704, 245, 10, NULL, NULL, NULL, NULL, NULL, NULL, NULL, NULL),
(6705, 245, 11, NULL, NULL, NULL, NULL, NULL, NULL, NULL, NULL),
(6706, 245, 12, NULL, NULL, NULL, NULL, NULL, NULL, NULL, NULL),
(6707, 246, 10, NULL, NULL, NULL, NULL, NULL, NULL, NULL, NULL),
(6708, 246, 11, NULL, NULL, NULL, NULL, NULL, NULL, NULL, NULL),
(6709, 246, 12, NULL, NULL, NULL, NULL, NULL, NULL, NULL, NULL),
(6710, 247, 10, NULL, NULL, NULL, NULL, NULL, NULL, NULL, NULL),
(6711, 247, 11, NULL, NULL, NULL, NULL, NULL, NULL, NULL, NULL),
(6712, 247, 12, NULL, NULL, NULL, NULL, NULL, NULL, NULL, NULL),
(6713, 248, 10, NULL, NULL, NULL, NULL, NULL, NULL, NULL, NULL),
(6714, 248, 11, NULL, NULL, NULL, NULL, NULL, NULL, NULL, NULL),
(6715, 248, 12, NULL, NULL, NULL, NULL, NULL, NULL, NULL, NULL),
(6716, 249, 10, NULL, NULL, NULL, NULL, NULL, NULL, NULL, NULL),
(6717, 249, 11, NULL, NULL, NULL, NULL, NULL, NULL, NULL, NULL),
(6718, 249, 12, NULL, NULL, NULL, NULL, NULL, NULL, NULL, NULL),
(6719, 250, 43, NULL, NULL, NULL, NULL, NULL, NULL, NULL, NULL),
(6720, 250, 27, NULL, NULL, NULL, NULL, NULL, NULL, NULL, NULL),
(6721, 250, 23, NULL, NULL, NULL, NULL, NULL, NULL, NULL, NULL),
(6722, 250, 39, NULL, NULL, NULL, NULL, NULL, NULL, NULL, NULL),
(6723, 250, 24, NULL, NULL, NULL, NULL, NULL, NULL, NULL, NULL),
(6724, 250, 22, NULL, NULL, NULL, NULL, NULL, NULL, NULL, NULL),
(6725, 250, 21, NULL, NULL, NULL, NULL, NULL, NULL, NULL, NULL),
(6726, 250, 28, NULL, NULL, NULL, NULL, NULL, NULL, NULL, NULL),
(6727, 250, 30, NULL, NULL, NULL, NULL, NULL, NULL, NULL, NULL),
(6728, 251, 21, NULL, NULL, NULL, NULL, NULL, NULL, NULL, NULL),
(6729, 251, 28, NULL, NULL, NULL, NULL, NULL, NULL, NULL, NULL),
(6730, 251, 30, NULL, NULL, NULL, NULL, NULL, NULL, NULL, NULL),
(6731, 251, 22, NULL, NULL, NULL, NULL, NULL, NULL, NULL, NULL),
(6732, 251, 24, NULL, NULL, NULL, NULL, NULL, NULL, NULL, NULL),
(6733, 251, 39, NULL, NULL, NULL, NULL, NULL, NULL, NULL, NULL),
(6734, 251, 27, NULL, NULL, NULL, NULL, NULL, NULL, NULL, NULL),
(6735, 251, 23, NULL, NULL, NULL, NULL, NULL, NULL, NULL, NULL),
(6736, 251, 43, NULL, NULL, NULL, NULL, NULL, NULL, NULL, NULL),
(6737, 252, 10, NULL, NULL, NULL, NULL, NULL, NULL, NULL, NULL),
(6738, 252, 11, NULL, NULL, NULL, NULL, NULL, NULL, NULL, NULL),
(6739, 252, 12, NULL, NULL, NULL, NULL, NULL, NULL, NULL, NULL),
(6740, 253, 10, NULL, NULL, NULL, NULL, NULL, NULL, NULL, NULL),
(6741, 253, 11, NULL, NULL, NULL, NULL, NULL, NULL, NULL, NULL),
(6742, 253, 12, NULL, NULL, NULL, NULL, NULL, NULL, NULL, NULL),
(6743, 254, 10, NULL, NULL, NULL, NULL, NULL, NULL, NULL, NULL),
(6744, 254, 11, NULL, NULL, NULL, NULL, NULL, NULL, NULL, NULL),
(6745, 254, 12, NULL, NULL, NULL, NULL, NULL, NULL, NULL, NULL),
(6746, 255, 10, NULL, NULL, NULL, NULL, NULL, NULL, NULL, NULL),
(6747, 255, 11, NULL, NULL, NULL, NULL, NULL, NULL, NULL, NULL),
(6748, 255, 12, NULL, NULL, NULL, NULL, NULL, NULL, NULL, NULL),
(6749, 256, 21, NULL, NULL, NULL, NULL, NULL, NULL, NULL, NULL),
(6750, 256, 28, NULL, NULL, NULL, NULL, NULL, NULL, NULL, NULL),
(6751, 256, 30, NULL, NULL, NULL, NULL, NULL, NULL, NULL, NULL),
(6752, 256, 22, NULL, NULL, NULL, NULL, NULL, NULL, NULL, NULL),
(6753, 256, 24, NULL, NULL, NULL, NULL, NULL, NULL, NULL, NULL),
(6754, 256, 39, NULL, NULL, NULL, NULL, NULL, NULL, NULL, NULL),
(6755, 256, 27, NULL, NULL, NULL, NULL, NULL, NULL, NULL, NULL),
(6756, 256, 23, NULL, NULL, NULL, NULL, NULL, NULL, NULL, NULL),
(6757, 256, 43, NULL, NULL, NULL, NULL, NULL, NULL, NULL, NULL),
(6758, 257, 27, NULL, NULL, NULL, NULL, NULL, NULL, NULL, NULL),
(6759, 257, 26, NULL, NULL, NULL, NULL, NULL, NULL, NULL, NULL),
(6760, 257, 25, NULL, NULL, NULL, NULL, NULL, NULL, NULL, NULL),
(6761, 257, 24, NULL, NULL, NULL, NULL, NULL, NULL, NULL, NULL),
(6762, 257, 23, NULL, NULL, NULL, NULL, NULL, NULL, NULL, NULL),
(6763, 257, 22, NULL, NULL, NULL, NULL, NULL, NULL, NULL, NULL),
(6764, 257, 21, NULL, NULL, NULL, NULL, NULL, NULL, NULL, NULL),
(6765, 257, 20, NULL, NULL, NULL, NULL, NULL, NULL, NULL, NULL),
(6766, 257, 19, NULL, NULL, NULL, NULL, NULL, NULL, NULL, NULL),
(6767, 257, 28, NULL, NULL, NULL, NULL, NULL, NULL, NULL, NULL);
INSERT INTO `va_cms_frames_settings` (`fs_id`, `ps_id`, `frame_id`, `frame_style`, `frame_class`, `frame_code`, `html_frame_start`, `html_before_block`, `html_after_block`, `html_frame_end`, `html_between_blocks`) VALUES
(6768, 257, 29, NULL, NULL, NULL, NULL, NULL, NULL, NULL, NULL),
(6769, 257, 30, NULL, NULL, NULL, NULL, NULL, NULL, NULL, NULL),
(6770, 257, 31, NULL, NULL, NULL, NULL, NULL, NULL, NULL, NULL),
(6771, 257, 32, NULL, NULL, NULL, NULL, NULL, NULL, NULL, NULL),
(6772, 257, 33, NULL, NULL, NULL, NULL, NULL, NULL, NULL, NULL),
(6773, 257, 34, NULL, NULL, NULL, NULL, NULL, NULL, NULL, NULL),
(6774, 257, 35, NULL, NULL, NULL, NULL, NULL, NULL, NULL, NULL),
(6775, 257, 36, NULL, NULL, NULL, NULL, NULL, NULL, NULL, NULL),
(6776, 257, 37, NULL, NULL, NULL, NULL, NULL, NULL, NULL, NULL),
(6777, 257, 38, NULL, NULL, NULL, NULL, NULL, NULL, NULL, NULL),
(6778, 257, 39, NULL, NULL, NULL, NULL, NULL, NULL, NULL, NULL),
(6779, 257, 40, NULL, NULL, NULL, NULL, NULL, NULL, NULL, NULL),
(6780, 257, 41, NULL, NULL, NULL, NULL, NULL, NULL, NULL, NULL),
(6781, 257, 42, NULL, NULL, NULL, NULL, NULL, NULL, NULL, NULL),
(6782, 257, 43, NULL, NULL, NULL, NULL, NULL, NULL, NULL, NULL),
(6783, 258, 21, NULL, NULL, NULL, NULL, NULL, NULL, NULL, NULL),
(6784, 258, 28, NULL, NULL, NULL, NULL, NULL, NULL, NULL, NULL),
(6785, 258, 30, NULL, NULL, NULL, NULL, NULL, NULL, NULL, NULL),
(6786, 258, 22, NULL, NULL, NULL, NULL, NULL, NULL, NULL, NULL),
(6787, 258, 24, NULL, NULL, NULL, NULL, NULL, NULL, NULL, NULL),
(6788, 258, 39, NULL, NULL, NULL, NULL, NULL, NULL, NULL, NULL),
(6789, 258, 27, NULL, NULL, NULL, NULL, NULL, NULL, NULL, NULL),
(6790, 258, 23, NULL, NULL, NULL, NULL, NULL, NULL, NULL, NULL),
(6791, 258, 43, NULL, NULL, NULL, NULL, NULL, NULL, NULL, NULL),
(6792, 259, 21, NULL, NULL, NULL, NULL, NULL, NULL, NULL, NULL),
(6793, 259, 28, NULL, NULL, NULL, NULL, NULL, NULL, NULL, NULL),
(6794, 259, 30, NULL, NULL, NULL, NULL, NULL, NULL, NULL, NULL),
(6795, 259, 22, NULL, NULL, NULL, NULL, NULL, NULL, NULL, NULL),
(6796, 259, 24, NULL, NULL, NULL, NULL, NULL, NULL, NULL, NULL),
(6797, 259, 39, NULL, NULL, NULL, NULL, NULL, NULL, NULL, NULL),
(6798, 259, 23, NULL, NULL, NULL, NULL, NULL, NULL, NULL, NULL),
(6799, 259, 43, NULL, NULL, NULL, NULL, NULL, NULL, NULL, NULL),
(6800, 259, 27, NULL, NULL, NULL, NULL, NULL, NULL, NULL, NULL),
(6801, 260, 27, NULL, NULL, NULL, NULL, NULL, NULL, NULL, NULL),
(6802, 260, 28, NULL, NULL, NULL, NULL, NULL, NULL, NULL, NULL),
(6803, 260, 30, NULL, NULL, NULL, NULL, NULL, NULL, NULL, NULL),
(6804, 260, 23, NULL, NULL, NULL, NULL, NULL, NULL, NULL, NULL),
(6805, 260, 43, NULL, NULL, NULL, NULL, NULL, NULL, NULL, NULL),
(6806, 260, 21, NULL, NULL, NULL, NULL, NULL, NULL, NULL, NULL),
(6807, 260, 22, NULL, NULL, NULL, NULL, NULL, NULL, NULL, NULL),
(6808, 260, 24, NULL, NULL, NULL, NULL, NULL, NULL, NULL, NULL),
(6809, 260, 39, NULL, NULL, NULL, NULL, NULL, NULL, NULL, NULL),
(6810, 261, 27, NULL, NULL, NULL, NULL, NULL, NULL, NULL, NULL),
(6811, 261, 28, NULL, NULL, NULL, NULL, NULL, NULL, NULL, NULL),
(6812, 261, 30, NULL, NULL, NULL, NULL, NULL, NULL, NULL, NULL),
(6813, 261, 23, NULL, NULL, NULL, NULL, NULL, NULL, NULL, NULL),
(6814, 261, 43, NULL, NULL, NULL, NULL, NULL, NULL, NULL, NULL),
(6815, 261, 21, NULL, NULL, NULL, NULL, NULL, NULL, NULL, NULL),
(6816, 261, 22, NULL, NULL, NULL, NULL, NULL, NULL, NULL, NULL),
(6817, 261, 24, NULL, NULL, NULL, NULL, NULL, NULL, NULL, NULL),
(6818, 261, 39, NULL, NULL, NULL, NULL, NULL, NULL, NULL, NULL),
(12701, 73, 28, NULL, NULL, NULL, NULL, NULL, NULL, NULL, NULL),
(12700, 73, 27, NULL, NULL, NULL, NULL, NULL, NULL, NULL, NULL),
(12699, 73, 26, NULL, NULL, NULL, NULL, NULL, NULL, NULL, NULL),
(12698, 73, 25, NULL, NULL, NULL, NULL, NULL, NULL, NULL, NULL),
(12697, 73, 24, NULL, NULL, NULL, NULL, NULL, NULL, NULL, NULL),
(12696, 73, 23, NULL, NULL, NULL, NULL, NULL, NULL, NULL, NULL),
(12695, 73, 22, NULL, NULL, NULL, NULL, NULL, NULL, NULL, NULL),
(12694, 73, 21, NULL, NULL, NULL, NULL, NULL, NULL, NULL, NULL),
(12693, 73, 20, NULL, NULL, NULL, NULL, NULL, NULL, NULL, NULL),
(12692, 73, 19, NULL, NULL, NULL, NULL, NULL, NULL, NULL, NULL),
(16321, 53, 32, NULL, NULL, NULL, NULL, NULL, NULL, NULL, NULL),
(16320, 53, 31, NULL, NULL, NULL, NULL, NULL, NULL, NULL, NULL),
(16319, 53, 30, NULL, NULL, NULL, NULL, NULL, NULL, NULL, NULL),
(16318, 53, 29, NULL, NULL, NULL, NULL, NULL, NULL, NULL, NULL),
(16317, 53, 28, NULL, NULL, NULL, NULL, NULL, NULL, NULL, NULL),
(16316, 53, 27, NULL, NULL, NULL, NULL, NULL, NULL, NULL, NULL),
(16315, 53, 26, NULL, NULL, NULL, NULL, NULL, NULL, NULL, NULL),
(16314, 53, 25, NULL, NULL, NULL, NULL, NULL, NULL, NULL, NULL),
(16313, 53, 24, NULL, NULL, NULL, NULL, NULL, NULL, NULL, NULL),
(16312, 53, 23, NULL, NULL, NULL, NULL, NULL, NULL, NULL, NULL),
(16311, 53, 22, NULL, NULL, NULL, NULL, NULL, NULL, NULL, NULL),
(16310, 53, 21, NULL, NULL, NULL, NULL, NULL, NULL, NULL, NULL),
(16309, 53, 20, NULL, NULL, NULL, NULL, NULL, NULL, NULL, NULL),
(16308, 53, 19, NULL, NULL, NULL, NULL, NULL, NULL, NULL, NULL),
(11281, 44, 34, NULL, NULL, NULL, NULL, NULL, NULL, NULL, NULL),
(11280, 44, 33, NULL, NULL, NULL, NULL, NULL, NULL, NULL, NULL),
(11279, 44, 32, NULL, NULL, NULL, NULL, NULL, NULL, NULL, NULL),
(11278, 44, 31, NULL, NULL, NULL, NULL, NULL, NULL, NULL, NULL),
(11277, 44, 30, NULL, NULL, NULL, NULL, NULL, NULL, NULL, NULL),
(11276, 44, 29, NULL, NULL, NULL, NULL, NULL, NULL, NULL, NULL),
(11275, 44, 28, NULL, NULL, NULL, NULL, NULL, NULL, NULL, NULL),
(11274, 44, 27, NULL, NULL, NULL, NULL, NULL, NULL, NULL, NULL),
(11273, 44, 26, NULL, NULL, NULL, NULL, NULL, NULL, NULL, NULL),
(11272, 44, 25, NULL, NULL, NULL, NULL, NULL, NULL, NULL, NULL),
(11271, 44, 24, NULL, NULL, NULL, NULL, NULL, NULL, NULL, NULL),
(11270, 44, 23, NULL, NULL, NULL, NULL, NULL, NULL, NULL, NULL),
(11269, 44, 22, NULL, NULL, NULL, NULL, NULL, NULL, NULL, NULL),
(11268, 44, 21, NULL, NULL, NULL, NULL, NULL, NULL, NULL, NULL),
(11267, 44, 20, NULL, NULL, NULL, NULL, NULL, NULL, NULL, NULL),
(11266, 44, 19, NULL, NULL, NULL, NULL, NULL, NULL, NULL, NULL),
(11579, 22, 32, NULL, NULL, NULL, NULL, NULL, NULL, NULL, NULL),
(11578, 22, 31, NULL, NULL, NULL, NULL, NULL, NULL, NULL, NULL),
(11577, 22, 30, NULL, NULL, NULL, NULL, NULL, NULL, NULL, NULL),
(11576, 22, 29, NULL, NULL, NULL, NULL, NULL, NULL, NULL, NULL),
(11575, 22, 28, NULL, NULL, NULL, NULL, NULL, NULL, NULL, NULL),
(11574, 22, 27, NULL, NULL, NULL, NULL, NULL, NULL, NULL, NULL),
(11573, 22, 26, NULL, NULL, NULL, NULL, NULL, NULL, NULL, NULL),
(11572, 22, 25, NULL, NULL, NULL, NULL, NULL, NULL, NULL, NULL),
(11571, 22, 24, NULL, NULL, NULL, NULL, NULL, NULL, NULL, NULL),
(11570, 22, 23, NULL, NULL, NULL, NULL, NULL, NULL, NULL, NULL),
(11569, 22, 22, NULL, NULL, NULL, NULL, NULL, NULL, NULL, NULL),
(11568, 22, 21, NULL, NULL, NULL, NULL, NULL, NULL, NULL, NULL),
(11567, 22, 20, NULL, NULL, NULL, NULL, NULL, NULL, NULL, NULL),
(11566, 22, 19, NULL, NULL, NULL, NULL, NULL, NULL, NULL, NULL),
(11554, 42, 32, NULL, NULL, NULL, NULL, NULL, NULL, NULL, NULL),
(11553, 42, 31, NULL, NULL, NULL, NULL, NULL, NULL, NULL, NULL),
(11552, 42, 30, NULL, NULL, NULL, NULL, NULL, NULL, NULL, NULL),
(11551, 42, 29, NULL, NULL, NULL, NULL, NULL, NULL, NULL, NULL),
(11550, 42, 28, NULL, NULL, NULL, NULL, NULL, NULL, NULL, NULL),
(11549, 42, 27, NULL, NULL, NULL, NULL, NULL, NULL, NULL, NULL),
(11548, 42, 26, NULL, NULL, NULL, NULL, NULL, NULL, NULL, NULL),
(11547, 42, 25, NULL, NULL, NULL, NULL, NULL, NULL, NULL, NULL),
(11546, 42, 24, NULL, NULL, NULL, NULL, NULL, NULL, NULL, NULL),
(11545, 42, 23, NULL, NULL, NULL, NULL, NULL, NULL, NULL, NULL),
(11544, 42, 22, NULL, NULL, NULL, NULL, NULL, NULL, NULL, NULL),
(11543, 42, 21, NULL, NULL, NULL, NULL, NULL, NULL, NULL, NULL),
(11542, 42, 20, NULL, NULL, NULL, NULL, NULL, NULL, NULL, NULL),
(11541, 42, 19, NULL, NULL, NULL, NULL, NULL, NULL, NULL, NULL),
(11529, 34, 32, NULL, NULL, NULL, NULL, NULL, NULL, NULL, NULL),
(11528, 34, 31, NULL, NULL, NULL, NULL, NULL, NULL, NULL, NULL),
(11527, 34, 30, NULL, NULL, NULL, NULL, NULL, NULL, NULL, NULL),
(11526, 34, 29, NULL, NULL, NULL, NULL, NULL, NULL, NULL, NULL),
(11525, 34, 28, NULL, NULL, NULL, NULL, NULL, NULL, NULL, NULL),
(11524, 34, 27, NULL, NULL, NULL, NULL, NULL, NULL, NULL, NULL),
(11523, 34, 26, NULL, NULL, NULL, NULL, NULL, NULL, NULL, NULL),
(11522, 34, 25, NULL, NULL, NULL, NULL, NULL, NULL, NULL, NULL),
(11521, 34, 24, NULL, NULL, NULL, NULL, NULL, NULL, NULL, NULL),
(11520, 34, 23, NULL, NULL, NULL, NULL, NULL, NULL, NULL, NULL),
(11519, 34, 22, NULL, NULL, NULL, NULL, NULL, NULL, NULL, NULL),
(11518, 34, 21, NULL, NULL, NULL, NULL, NULL, NULL, NULL, NULL),
(11517, 34, 20, NULL, NULL, NULL, NULL, NULL, NULL, NULL, NULL),
(11516, 34, 19, NULL, NULL, NULL, NULL, NULL, NULL, NULL, NULL),
(11506, 65, 34, NULL, NULL, NULL, NULL, NULL, NULL, NULL, NULL),
(11505, 65, 33, NULL, NULL, NULL, NULL, NULL, NULL, NULL, NULL),
(11504, 65, 32, NULL, NULL, NULL, NULL, NULL, NULL, NULL, NULL),
(11503, 65, 31, NULL, NULL, NULL, NULL, NULL, NULL, NULL, NULL),
(11502, 65, 30, NULL, NULL, NULL, NULL, NULL, NULL, NULL, NULL),
(11501, 65, 29, NULL, NULL, NULL, NULL, NULL, NULL, NULL, NULL),
(11500, 65, 28, NULL, NULL, NULL, NULL, NULL, NULL, NULL, NULL),
(11499, 65, 27, NULL, NULL, NULL, NULL, NULL, NULL, NULL, NULL),
(11498, 65, 26, NULL, NULL, NULL, NULL, NULL, NULL, NULL, NULL),
(11497, 65, 25, NULL, NULL, NULL, NULL, NULL, NULL, NULL, NULL),
(11496, 65, 24, NULL, NULL, NULL, NULL, NULL, NULL, NULL, NULL),
(11495, 65, 23, NULL, NULL, NULL, NULL, NULL, NULL, NULL, NULL),
(11494, 65, 22, NULL, NULL, NULL, NULL, NULL, NULL, NULL, NULL),
(11493, 65, 21, NULL, NULL, NULL, NULL, NULL, NULL, NULL, NULL),
(11492, 65, 20, NULL, NULL, NULL, NULL, NULL, NULL, NULL, NULL),
(11491, 65, 19, NULL, NULL, NULL, NULL, NULL, NULL, NULL, NULL),
(15298, 49, 34, NULL, NULL, NULL, NULL, NULL, NULL, NULL, NULL),
(15297, 49, 33, NULL, NULL, NULL, NULL, NULL, NULL, NULL, NULL),
(15296, 49, 32, NULL, NULL, NULL, NULL, NULL, NULL, NULL, NULL),
(15295, 49, 31, NULL, NULL, NULL, NULL, NULL, NULL, NULL, NULL),
(15294, 49, 30, NULL, NULL, NULL, NULL, NULL, NULL, NULL, NULL),
(15293, 49, 29, NULL, NULL, NULL, NULL, NULL, NULL, NULL, NULL),
(15292, 49, 28, NULL, NULL, NULL, NULL, NULL, NULL, NULL, NULL),
(15291, 49, 27, NULL, NULL, NULL, NULL, NULL, NULL, NULL, NULL),
(15290, 49, 26, NULL, NULL, NULL, NULL, NULL, NULL, NULL, NULL),
(15289, 49, 25, NULL, NULL, NULL, NULL, NULL, NULL, NULL, NULL),
(15288, 49, 24, NULL, NULL, NULL, NULL, NULL, NULL, NULL, NULL),
(15287, 49, 23, NULL, NULL, NULL, NULL, NULL, NULL, NULL, NULL),
(15286, 49, 22, NULL, NULL, NULL, NULL, NULL, NULL, NULL, NULL),
(15285, 49, 21, NULL, NULL, NULL, NULL, NULL, NULL, NULL, NULL),
(15284, 49, 20, NULL, NULL, NULL, NULL, NULL, NULL, NULL, NULL),
(15283, 49, 19, NULL, NULL, NULL, NULL, NULL, NULL, NULL, NULL),
(11656, 50, 34, NULL, NULL, NULL, NULL, NULL, NULL, NULL, NULL),
(11655, 50, 33, NULL, NULL, NULL, NULL, NULL, NULL, NULL, NULL),
(11654, 50, 32, NULL, NULL, NULL, NULL, NULL, NULL, NULL, NULL),
(11653, 50, 31, NULL, NULL, NULL, NULL, NULL, NULL, NULL, NULL),
(11652, 50, 30, NULL, NULL, NULL, NULL, NULL, NULL, NULL, NULL),
(11651, 50, 29, NULL, NULL, NULL, NULL, NULL, NULL, NULL, NULL),
(11650, 50, 28, NULL, NULL, NULL, NULL, NULL, NULL, NULL, NULL),
(11649, 50, 27, NULL, NULL, NULL, NULL, NULL, NULL, NULL, NULL),
(11648, 50, 26, NULL, NULL, NULL, NULL, NULL, NULL, NULL, NULL),
(11647, 50, 25, NULL, NULL, NULL, NULL, NULL, NULL, NULL, NULL),
(11646, 50, 24, NULL, NULL, NULL, NULL, NULL, NULL, NULL, NULL),
(11645, 50, 23, NULL, NULL, NULL, NULL, NULL, NULL, NULL, NULL),
(11644, 50, 22, NULL, NULL, NULL, NULL, NULL, NULL, NULL, NULL),
(11643, 50, 21, NULL, NULL, NULL, NULL, NULL, NULL, NULL, NULL),
(11642, 50, 20, NULL, NULL, NULL, NULL, NULL, NULL, NULL, NULL),
(11641, 50, 19, NULL, NULL, NULL, NULL, NULL, NULL, NULL, NULL),
(11693, 98, 21, NULL, NULL, NULL, NULL, NULL, NULL, NULL, NULL),
(11692, 98, 20, NULL, NULL, NULL, NULL, NULL, NULL, NULL, NULL),
(11691, 98, 19, NULL, NULL, NULL, NULL, NULL, NULL, NULL, NULL),
(16298, 39, 34, NULL, NULL, NULL, NULL, NULL, NULL, NULL, NULL),
(16297, 39, 33, NULL, NULL, NULL, NULL, NULL, NULL, NULL, NULL),
(16296, 39, 32, NULL, NULL, NULL, NULL, NULL, NULL, NULL, NULL),
(16295, 39, 31, NULL, NULL, NULL, NULL, NULL, NULL, NULL, NULL),
(16294, 39, 30, NULL, NULL, NULL, NULL, NULL, NULL, NULL, NULL),
(16293, 39, 29, NULL, NULL, NULL, NULL, NULL, NULL, NULL, NULL),
(16292, 39, 28, NULL, NULL, NULL, NULL, NULL, NULL, NULL, NULL),
(16291, 39, 27, NULL, NULL, NULL, NULL, NULL, NULL, NULL, NULL),
(16290, 39, 26, NULL, NULL, NULL, NULL, NULL, NULL, NULL, NULL),
(16289, 39, 25, NULL, NULL, NULL, NULL, NULL, NULL, NULL, NULL),
(16288, 39, 24, NULL, NULL, NULL, NULL, NULL, NULL, NULL, NULL),
(16287, 39, 23, NULL, NULL, NULL, NULL, NULL, NULL, NULL, NULL),
(16286, 39, 22, NULL, NULL, NULL, NULL, NULL, NULL, NULL, NULL),
(16285, 39, 21, NULL, NULL, NULL, NULL, NULL, NULL, NULL, NULL),
(16284, 39, 20, NULL, NULL, NULL, NULL, NULL, NULL, NULL, NULL),
(16283, 39, 19, NULL, NULL, NULL, NULL, NULL, NULL, NULL, NULL),
(11776, 41, 34, NULL, NULL, NULL, NULL, NULL, NULL, NULL, NULL),
(11775, 41, 33, NULL, NULL, NULL, NULL, NULL, NULL, NULL, NULL),
(11774, 41, 32, NULL, NULL, NULL, NULL, NULL, NULL, NULL, NULL),
(11773, 41, 31, NULL, NULL, NULL, NULL, NULL, NULL, NULL, NULL),
(11772, 41, 30, NULL, NULL, NULL, NULL, NULL, NULL, NULL, NULL),
(11771, 41, 29, NULL, NULL, NULL, NULL, NULL, NULL, NULL, NULL),
(11770, 41, 28, NULL, NULL, NULL, NULL, NULL, NULL, NULL, NULL),
(11769, 41, 27, NULL, NULL, NULL, NULL, NULL, NULL, NULL, NULL),
(11768, 41, 26, NULL, NULL, NULL, NULL, NULL, NULL, NULL, NULL),
(11767, 41, 25, NULL, NULL, NULL, NULL, NULL, NULL, NULL, NULL),
(11766, 41, 24, NULL, NULL, NULL, NULL, NULL, NULL, NULL, NULL),
(11765, 41, 23, NULL, NULL, NULL, NULL, NULL, NULL, NULL, NULL),
(11764, 41, 22, NULL, NULL, NULL, NULL, NULL, NULL, NULL, NULL),
(11763, 41, 21, NULL, NULL, NULL, NULL, NULL, NULL, NULL, NULL),
(11762, 41, 20, NULL, NULL, NULL, NULL, NULL, NULL, NULL, NULL),
(11761, 41, 19, NULL, NULL, NULL, NULL, NULL, NULL, NULL, NULL),
(11818, 267, 26, NULL, NULL, NULL, NULL, NULL, NULL, NULL, NULL),
(11817, 267, 25, NULL, NULL, NULL, NULL, NULL, NULL, NULL, NULL),
(11816, 267, 24, NULL, NULL, NULL, NULL, NULL, NULL, NULL, NULL),
(11815, 267, 23, NULL, NULL, NULL, NULL, NULL, NULL, NULL, NULL),
(11814, 267, 22, NULL, NULL, NULL, NULL, NULL, NULL, NULL, NULL),
(11813, 267, 21, NULL, NULL, NULL, NULL, NULL, NULL, NULL, NULL),
(11812, 267, 20, NULL, NULL, NULL, NULL, NULL, NULL, NULL, NULL),
(11811, 267, 19, NULL, NULL, NULL, NULL, NULL, NULL, NULL, NULL),
(11855, 37, 38, NULL, NULL, NULL, NULL, NULL, NULL, NULL, NULL),
(11854, 37, 37, NULL, NULL, NULL, NULL, NULL, NULL, NULL, NULL),
(11853, 37, 36, NULL, NULL, NULL, NULL, NULL, NULL, NULL, NULL),
(11852, 37, 35, NULL, NULL, NULL, NULL, NULL, NULL, NULL, NULL),
(11851, 37, 34, NULL, NULL, NULL, NULL, NULL, NULL, NULL, NULL),
(11850, 37, 33, NULL, NULL, NULL, NULL, NULL, NULL, NULL, NULL),
(16268, 268, 29, NULL, NULL, NULL, NULL, NULL, NULL, NULL, NULL),
(16267, 268, 28, NULL, NULL, NULL, NULL, NULL, NULL, NULL, NULL),
(16266, 268, 27, NULL, NULL, NULL, NULL, NULL, NULL, NULL, NULL),
(16265, 268, 26, NULL, NULL, NULL, NULL, NULL, NULL, NULL, NULL),
(16264, 268, 25, NULL, NULL, NULL, NULL, NULL, NULL, NULL, NULL),
(16263, 268, 24, NULL, NULL, NULL, NULL, NULL, NULL, NULL, NULL),
(16262, 268, 23, NULL, NULL, NULL, NULL, NULL, NULL, NULL, NULL),
(16261, 268, 22, NULL, NULL, NULL, NULL, NULL, NULL, NULL, NULL),
(16260, 268, 21, NULL, NULL, NULL, NULL, NULL, NULL, NULL, NULL),
(16259, 268, 20, NULL, NULL, NULL, NULL, NULL, NULL, NULL, NULL),
(16258, 268, 19, NULL, NULL, NULL, NULL, NULL, NULL, NULL, NULL),
(11849, 37, 32, NULL, NULL, NULL, NULL, NULL, NULL, NULL, NULL),
(11848, 37, 31, NULL, NULL, NULL, NULL, NULL, NULL, NULL, NULL),
(11847, 37, 30, NULL, NULL, NULL, NULL, NULL, NULL, NULL, NULL),
(11846, 37, 29, NULL, NULL, NULL, NULL, NULL, NULL, NULL, NULL),
(11845, 37, 28, NULL, NULL, NULL, NULL, NULL, NULL, NULL, NULL),
(11844, 37, 27, NULL, NULL, NULL, NULL, NULL, NULL, NULL, NULL),
(11843, 37, 26, NULL, NULL, NULL, NULL, NULL, NULL, NULL, NULL),
(11842, 37, 25, NULL, NULL, NULL, NULL, NULL, NULL, NULL, NULL),
(11841, 37, 24, NULL, NULL, NULL, NULL, NULL, NULL, NULL, NULL),
(11840, 37, 23, NULL, NULL, NULL, NULL, NULL, NULL, NULL, NULL),
(11839, 37, 22, NULL, NULL, NULL, NULL, NULL, NULL, NULL, NULL),
(11838, 37, 21, NULL, NULL, NULL, NULL, NULL, NULL, NULL, NULL),
(11837, 37, 20, NULL, NULL, NULL, NULL, NULL, NULL, NULL, NULL),
(11836, 37, 19, NULL, NULL, NULL, NULL, NULL, NULL, NULL, NULL),
(8693, 269, 1, NULL, NULL, NULL, NULL, NULL, NULL, NULL, NULL),
(8694, 269, 2, NULL, NULL, NULL, NULL, NULL, NULL, NULL, NULL),
(8695, 269, 3, NULL, NULL, NULL, NULL, NULL, NULL, NULL, NULL),
(8696, 269, 4, NULL, NULL, NULL, NULL, NULL, NULL, NULL, NULL),
(8697, 269, 5, NULL, NULL, NULL, NULL, NULL, NULL, NULL, NULL),
(15598, 99, 34, NULL, NULL, NULL, NULL, NULL, NULL, NULL, NULL),
(15597, 99, 33, NULL, NULL, NULL, NULL, NULL, NULL, NULL, NULL),
(15596, 99, 32, NULL, NULL, NULL, NULL, NULL, NULL, NULL, NULL),
(15595, 99, 31, NULL, NULL, NULL, NULL, NULL, NULL, NULL, NULL),
(15594, 99, 30, NULL, NULL, NULL, NULL, NULL, NULL, NULL, NULL),
(15593, 99, 29, NULL, NULL, NULL, NULL, NULL, NULL, NULL, NULL),
(15592, 99, 28, NULL, NULL, NULL, NULL, NULL, NULL, NULL, NULL),
(15591, 99, 27, NULL, NULL, NULL, NULL, NULL, NULL, NULL, NULL),
(15590, 99, 26, NULL, NULL, NULL, NULL, NULL, NULL, NULL, NULL),
(15589, 99, 25, NULL, NULL, NULL, NULL, NULL, NULL, NULL, NULL),
(15588, 99, 24, NULL, NULL, NULL, NULL, NULL, NULL, NULL, NULL),
(15587, 99, 23, NULL, NULL, NULL, NULL, NULL, NULL, NULL, NULL),
(15586, 99, 22, NULL, NULL, NULL, NULL, NULL, NULL, NULL, NULL),
(15585, 99, 21, NULL, NULL, NULL, NULL, NULL, NULL, NULL, NULL),
(15584, 99, 20, NULL, NULL, NULL, NULL, NULL, NULL, NULL, NULL),
(15583, 99, 19, NULL, NULL, NULL, NULL, NULL, NULL, NULL, NULL),
(11876, 58, 34, NULL, NULL, NULL, NULL, NULL, NULL, NULL, NULL),
(11875, 58, 33, NULL, NULL, NULL, NULL, NULL, NULL, NULL, NULL),
(11874, 58, 32, NULL, NULL, NULL, NULL, NULL, NULL, NULL, NULL),
(11873, 58, 31, NULL, NULL, NULL, NULL, NULL, NULL, NULL, NULL),
(11872, 58, 30, NULL, NULL, NULL, NULL, NULL, NULL, NULL, NULL),
(11871, 58, 29, NULL, NULL, NULL, NULL, NULL, NULL, NULL, NULL),
(11870, 58, 28, NULL, NULL, NULL, NULL, NULL, NULL, NULL, NULL),
(11869, 58, 27, NULL, NULL, NULL, NULL, NULL, NULL, NULL, NULL),
(11868, 58, 26, NULL, NULL, NULL, NULL, NULL, NULL, NULL, NULL),
(11867, 58, 25, NULL, NULL, NULL, NULL, NULL, NULL, NULL, NULL),
(11866, 58, 24, NULL, NULL, NULL, NULL, NULL, NULL, NULL, NULL),
(11865, 58, 23, NULL, NULL, NULL, NULL, NULL, NULL, NULL, NULL),
(11864, 58, 22, NULL, NULL, NULL, NULL, NULL, NULL, NULL, NULL),
(11863, 58, 21, NULL, NULL, NULL, NULL, NULL, NULL, NULL, NULL),
(11862, 58, 20, NULL, NULL, NULL, NULL, NULL, NULL, NULL, NULL),
(11861, 58, 19, NULL, NULL, NULL, NULL, NULL, NULL, NULL, NULL),
(11901, 35, 34, NULL, NULL, NULL, NULL, NULL, NULL, NULL, NULL),
(11900, 35, 33, NULL, NULL, NULL, NULL, NULL, NULL, NULL, NULL),
(11899, 35, 32, NULL, NULL, NULL, NULL, NULL, NULL, NULL, NULL),
(11898, 35, 31, NULL, NULL, NULL, NULL, NULL, NULL, NULL, NULL),
(11897, 35, 30, NULL, NULL, NULL, NULL, NULL, NULL, NULL, NULL),
(11896, 35, 29, NULL, NULL, NULL, NULL, NULL, NULL, NULL, NULL),
(11895, 35, 28, NULL, NULL, NULL, NULL, NULL, NULL, NULL, NULL),
(11894, 35, 27, NULL, NULL, NULL, NULL, NULL, NULL, NULL, NULL),
(11893, 35, 26, NULL, NULL, NULL, NULL, NULL, NULL, NULL, NULL),
(11892, 35, 25, NULL, NULL, NULL, NULL, NULL, NULL, NULL, NULL),
(11891, 35, 24, NULL, NULL, NULL, NULL, NULL, NULL, NULL, NULL),
(11890, 35, 23, NULL, NULL, NULL, NULL, NULL, NULL, NULL, NULL),
(11889, 35, 22, NULL, NULL, NULL, NULL, NULL, NULL, NULL, NULL),
(11888, 35, 21, NULL, NULL, NULL, NULL, NULL, NULL, NULL, NULL),
(11887, 35, 20, NULL, NULL, NULL, NULL, NULL, NULL, NULL, NULL),
(11886, 35, 19, NULL, NULL, NULL, NULL, NULL, NULL, NULL, NULL),
(12550, 67, 27, NULL, NULL, NULL, NULL, NULL, NULL, NULL, NULL),
(12549, 67, 26, NULL, NULL, NULL, NULL, NULL, NULL, NULL, NULL),
(12548, 67, 25, NULL, NULL, NULL, NULL, NULL, NULL, NULL, NULL),
(12547, 67, 24, NULL, NULL, NULL, NULL, NULL, NULL, NULL, NULL),
(12546, 67, 23, NULL, NULL, NULL, NULL, NULL, NULL, NULL, NULL),
(12545, 67, 22, NULL, NULL, NULL, NULL, NULL, NULL, NULL, NULL),
(12544, 67, 21, NULL, NULL, NULL, NULL, NULL, NULL, NULL, NULL),
(12543, 67, 20, NULL, NULL, NULL, NULL, NULL, NULL, NULL, NULL),
(12542, 67, 19, NULL, NULL, NULL, NULL, NULL, NULL, NULL, NULL),
(12582, 68, 34, NULL, NULL, NULL, NULL, NULL, NULL, NULL, NULL),
(12581, 68, 33, NULL, NULL, NULL, NULL, NULL, NULL, NULL, NULL),
(12580, 68, 32, NULL, NULL, NULL, NULL, NULL, NULL, NULL, NULL),
(12579, 68, 31, NULL, NULL, NULL, NULL, NULL, NULL, NULL, NULL),
(12578, 68, 30, NULL, NULL, NULL, NULL, NULL, NULL, NULL, NULL),
(12577, 68, 29, NULL, NULL, NULL, NULL, NULL, NULL, NULL, NULL),
(12576, 68, 28, NULL, NULL, NULL, NULL, NULL, NULL, NULL, NULL),
(12575, 68, 27, NULL, NULL, NULL, NULL, NULL, NULL, NULL, NULL),
(12574, 68, 26, NULL, NULL, NULL, NULL, NULL, NULL, NULL, NULL),
(12573, 68, 25, NULL, NULL, NULL, NULL, NULL, NULL, NULL, NULL),
(12572, 68, 24, NULL, NULL, NULL, NULL, NULL, NULL, NULL, NULL),
(12571, 68, 23, NULL, NULL, NULL, NULL, NULL, NULL, NULL, NULL),
(12570, 68, 22, NULL, NULL, NULL, NULL, NULL, NULL, NULL, NULL),
(12569, 68, 21, NULL, NULL, NULL, NULL, NULL, NULL, NULL, NULL),
(12568, 68, 20, NULL, NULL, NULL, NULL, NULL, NULL, NULL, NULL),
(12567, 68, 19, NULL, NULL, NULL, NULL, NULL, NULL, NULL, NULL),
(12632, 70, 34, NULL, NULL, NULL, NULL, NULL, NULL, NULL, NULL),
(12631, 70, 33, NULL, NULL, NULL, NULL, NULL, NULL, NULL, NULL),
(12630, 70, 32, NULL, NULL, NULL, NULL, NULL, NULL, NULL, NULL),
(12629, 70, 31, NULL, NULL, NULL, NULL, NULL, NULL, NULL, NULL),
(12628, 70, 30, NULL, NULL, NULL, NULL, NULL, NULL, NULL, NULL),
(12627, 70, 29, NULL, NULL, NULL, NULL, NULL, NULL, NULL, NULL),
(12626, 70, 28, NULL, NULL, NULL, NULL, NULL, NULL, NULL, NULL),
(12625, 70, 27, NULL, NULL, NULL, NULL, NULL, NULL, NULL, NULL),
(12624, 70, 26, NULL, NULL, NULL, NULL, NULL, NULL, NULL, NULL),
(12623, 70, 25, NULL, NULL, NULL, NULL, NULL, NULL, NULL, NULL),
(12622, 70, 24, NULL, NULL, NULL, NULL, NULL, NULL, NULL, NULL),
(12621, 70, 23, NULL, NULL, NULL, NULL, NULL, NULL, NULL, NULL),
(12620, 70, 22, NULL, NULL, NULL, NULL, NULL, NULL, NULL, NULL),
(12619, 70, 21, NULL, NULL, NULL, NULL, NULL, NULL, NULL, NULL),
(12618, 70, 20, NULL, NULL, NULL, NULL, NULL, NULL, NULL, NULL),
(12617, 70, 19, NULL, NULL, NULL, NULL, NULL, NULL, NULL, NULL),
(12657, 71, 34, NULL, NULL, NULL, NULL, NULL, NULL, NULL, NULL),
(12656, 71, 33, NULL, NULL, NULL, NULL, NULL, NULL, NULL, NULL),
(12655, 71, 32, NULL, NULL, NULL, NULL, NULL, NULL, NULL, NULL),
(12654, 71, 31, NULL, NULL, NULL, NULL, NULL, NULL, NULL, NULL),
(12653, 71, 30, NULL, NULL, NULL, NULL, NULL, NULL, NULL, NULL),
(12652, 71, 29, NULL, NULL, NULL, NULL, NULL, NULL, NULL, NULL),
(12651, 71, 28, NULL, NULL, NULL, NULL, NULL, NULL, NULL, NULL),
(12650, 71, 27, NULL, NULL, NULL, NULL, NULL, NULL, NULL, NULL),
(12649, 71, 26, NULL, NULL, NULL, NULL, NULL, NULL, NULL, NULL),
(12648, 71, 25, NULL, NULL, NULL, NULL, NULL, NULL, NULL, NULL),
(12647, 71, 24, NULL, NULL, NULL, NULL, NULL, NULL, NULL, NULL),
(12646, 71, 23, NULL, NULL, NULL, NULL, NULL, NULL, NULL, NULL),
(12645, 71, 22, NULL, NULL, NULL, NULL, NULL, NULL, NULL, NULL),
(12644, 71, 21, NULL, NULL, NULL, NULL, NULL, NULL, NULL, NULL),
(12643, 71, 20, NULL, NULL, NULL, NULL, NULL, NULL, NULL, NULL),
(12642, 71, 19, NULL, NULL, NULL, NULL, NULL, NULL, NULL, NULL),
(12732, 74, 34, NULL, NULL, NULL, NULL, NULL, NULL, NULL, NULL),
(12731, 74, 33, NULL, NULL, NULL, NULL, NULL, NULL, NULL, NULL),
(12730, 74, 32, NULL, NULL, NULL, NULL, NULL, NULL, NULL, NULL),
(12729, 74, 31, NULL, NULL, NULL, NULL, NULL, NULL, NULL, NULL),
(12728, 74, 30, NULL, NULL, NULL, NULL, NULL, NULL, NULL, NULL),
(12727, 74, 29, NULL, NULL, NULL, NULL, NULL, NULL, NULL, NULL),
(12726, 74, 28, NULL, NULL, NULL, NULL, NULL, NULL, NULL, NULL),
(12725, 74, 27, NULL, NULL, NULL, NULL, NULL, NULL, NULL, NULL),
(12724, 74, 26, NULL, NULL, NULL, NULL, NULL, NULL, NULL, NULL),
(12723, 74, 25, NULL, NULL, NULL, NULL, NULL, NULL, NULL, NULL),
(12722, 74, 24, NULL, NULL, NULL, NULL, NULL, NULL, NULL, NULL),
(12721, 74, 23, NULL, NULL, NULL, NULL, NULL, NULL, NULL, NULL),
(12720, 74, 22, NULL, NULL, NULL, NULL, NULL, NULL, NULL, NULL),
(12719, 74, 21, NULL, NULL, NULL, NULL, NULL, NULL, NULL, NULL),
(12718, 74, 20, NULL, NULL, NULL, NULL, NULL, NULL, NULL, NULL),
(12717, 74, 19, NULL, NULL, NULL, NULL, NULL, NULL, NULL, NULL),
(12756, 75, 33, NULL, NULL, NULL, NULL, NULL, NULL, NULL, NULL),
(12755, 75, 32, NULL, NULL, NULL, NULL, NULL, NULL, NULL, NULL),
(12754, 75, 31, NULL, NULL, NULL, NULL, NULL, NULL, NULL, NULL),
(12753, 75, 30, NULL, NULL, NULL, NULL, NULL, NULL, NULL, NULL),
(12752, 75, 29, NULL, NULL, NULL, NULL, NULL, NULL, NULL, NULL),
(12751, 75, 28, NULL, NULL, NULL, NULL, NULL, NULL, NULL, NULL),
(12750, 75, 27, NULL, NULL, NULL, NULL, NULL, NULL, NULL, NULL),
(12749, 75, 26, NULL, NULL, NULL, NULL, NULL, NULL, NULL, NULL),
(12748, 75, 25, NULL, NULL, NULL, NULL, NULL, NULL, NULL, NULL),
(12747, 75, 24, NULL, NULL, NULL, NULL, NULL, NULL, NULL, NULL),
(12746, 75, 23, NULL, NULL, NULL, NULL, NULL, NULL, NULL, NULL),
(12745, 75, 22, NULL, NULL, NULL, NULL, NULL, NULL, NULL, NULL),
(12744, 75, 21, NULL, NULL, NULL, NULL, NULL, NULL, NULL, NULL),
(12743, 75, 20, NULL, NULL, NULL, NULL, NULL, NULL, NULL, NULL),
(12742, 75, 19, NULL, NULL, NULL, NULL, NULL, NULL, NULL, NULL),
(12782, 76, 34, NULL, NULL, NULL, NULL, NULL, NULL, NULL, NULL),
(12781, 76, 33, NULL, NULL, NULL, NULL, NULL, NULL, NULL, NULL),
(12780, 76, 32, NULL, NULL, NULL, NULL, NULL, NULL, NULL, NULL),
(12779, 76, 31, NULL, NULL, NULL, NULL, NULL, NULL, NULL, NULL),
(12778, 76, 30, NULL, NULL, NULL, NULL, NULL, NULL, NULL, NULL),
(12777, 76, 29, NULL, NULL, NULL, NULL, NULL, NULL, NULL, NULL),
(12776, 76, 28, NULL, NULL, NULL, NULL, NULL, NULL, NULL, NULL),
(12775, 76, 27, NULL, NULL, NULL, NULL, NULL, NULL, NULL, NULL),
(12774, 76, 26, NULL, NULL, NULL, NULL, NULL, NULL, NULL, NULL),
(12773, 76, 25, NULL, NULL, NULL, NULL, NULL, NULL, NULL, NULL),
(12772, 76, 24, NULL, NULL, NULL, NULL, NULL, NULL, NULL, NULL),
(12771, 76, 23, NULL, NULL, NULL, NULL, NULL, NULL, NULL, NULL),
(12770, 76, 22, NULL, NULL, NULL, NULL, NULL, NULL, NULL, NULL),
(12769, 76, 21, NULL, NULL, NULL, NULL, NULL, NULL, NULL, NULL),
(12768, 76, 20, NULL, NULL, NULL, NULL, NULL, NULL, NULL, NULL),
(12767, 76, 19, NULL, NULL, NULL, NULL, NULL, NULL, NULL, NULL),
(12807, 77, 34, NULL, NULL, NULL, NULL, NULL, NULL, NULL, NULL),
(12806, 77, 33, NULL, NULL, NULL, NULL, NULL, NULL, NULL, NULL),
(12805, 77, 32, NULL, NULL, NULL, NULL, NULL, NULL, NULL, NULL),
(12804, 77, 31, NULL, NULL, NULL, NULL, NULL, NULL, NULL, NULL),
(12803, 77, 30, NULL, NULL, NULL, NULL, NULL, NULL, NULL, NULL),
(12802, 77, 29, NULL, NULL, NULL, NULL, NULL, NULL, NULL, NULL),
(12801, 77, 28, NULL, NULL, NULL, NULL, NULL, NULL, NULL, NULL),
(12800, 77, 27, NULL, NULL, NULL, NULL, NULL, NULL, NULL, NULL),
(12799, 77, 26, NULL, NULL, NULL, NULL, NULL, NULL, NULL, NULL),
(12798, 77, 25, NULL, NULL, NULL, NULL, NULL, NULL, NULL, NULL),
(12797, 77, 24, NULL, NULL, NULL, NULL, NULL, NULL, NULL, NULL),
(12796, 77, 23, NULL, NULL, NULL, NULL, NULL, NULL, NULL, NULL),
(12795, 77, 22, NULL, NULL, NULL, NULL, NULL, NULL, NULL, NULL),
(12794, 77, 21, NULL, NULL, NULL, NULL, NULL, NULL, NULL, NULL),
(12793, 77, 20, NULL, NULL, NULL, NULL, NULL, NULL, NULL, NULL),
(12792, 77, 19, NULL, NULL, NULL, NULL, NULL, NULL, NULL, NULL),
(13354, 264, 40, NULL, NULL, NULL, NULL, NULL, NULL, NULL, NULL),
(13353, 264, 39, NULL, NULL, NULL, NULL, NULL, NULL, NULL, NULL),
(13352, 264, 38, NULL, NULL, NULL, NULL, NULL, NULL, NULL, NULL),
(13351, 264, 37, NULL, NULL, NULL, NULL, NULL, NULL, NULL, NULL),
(13350, 264, 36, NULL, NULL, NULL, NULL, NULL, NULL, NULL, NULL),
(13362, 265, 23, NULL, NULL, NULL, NULL, NULL, NULL, NULL, NULL),
(13361, 265, 22, NULL, NULL, NULL, NULL, NULL, NULL, NULL, NULL),
(13360, 265, 21, NULL, NULL, NULL, NULL, NULL, NULL, NULL, NULL),
(13359, 265, 20, NULL, NULL, NULL, NULL, NULL, NULL, NULL, NULL),
(13358, 265, 19, NULL, NULL, NULL, NULL, NULL, NULL, NULL, NULL),
(13349, 264, 35, NULL, NULL, NULL, NULL, NULL, NULL, NULL, NULL),
(13348, 264, 34, NULL, NULL, NULL, NULL, NULL, NULL, NULL, NULL),
(13347, 264, 33, NULL, NULL, NULL, NULL, NULL, NULL, NULL, NULL),
(13346, 264, 32, NULL, NULL, NULL, NULL, NULL, NULL, NULL, NULL),
(13345, 264, 31, NULL, NULL, NULL, NULL, NULL, NULL, NULL, NULL),
(13344, 264, 30, NULL, NULL, NULL, NULL, NULL, NULL, NULL, NULL),
(13343, 264, 29, NULL, NULL, NULL, NULL, NULL, NULL, NULL, NULL),
(13342, 264, 28, NULL, NULL, NULL, NULL, NULL, NULL, NULL, NULL),
(13341, 264, 27, NULL, NULL, NULL, NULL, NULL, NULL, NULL, NULL),
(13340, 264, 26, NULL, NULL, NULL, NULL, NULL, NULL, NULL, NULL),
(13339, 264, 25, NULL, NULL, NULL, NULL, NULL, NULL, NULL, NULL),
(13338, 264, 24, NULL, NULL, NULL, NULL, NULL, NULL, NULL, NULL),
(13337, 264, 23, NULL, NULL, NULL, NULL, NULL, NULL, NULL, NULL),
(13336, 264, 22, NULL, NULL, NULL, NULL, NULL, NULL, NULL, NULL),
(13335, 264, 21, NULL, NULL, NULL, NULL, NULL, NULL, NULL, NULL),
(13334, 264, 20, NULL, NULL, NULL, NULL, NULL, NULL, NULL, NULL),
(13333, 264, 19, NULL, NULL, NULL, NULL, NULL, NULL, NULL, NULL),
(13273, 96, 34, NULL, NULL, NULL, NULL, NULL, NULL, NULL, NULL),
(13272, 96, 33, NULL, NULL, NULL, NULL, NULL, NULL, NULL, NULL),
(13271, 96, 32, NULL, NULL, NULL, NULL, NULL, NULL, NULL, NULL),
(13270, 96, 31, NULL, NULL, NULL, NULL, NULL, NULL, NULL, NULL),
(13269, 96, 30, NULL, NULL, NULL, NULL, NULL, NULL, NULL, NULL),
(13268, 96, 29, NULL, NULL, NULL, NULL, NULL, NULL, NULL, NULL),
(13267, 96, 28, NULL, NULL, NULL, NULL, NULL, NULL, NULL, NULL),
(13266, 96, 27, NULL, NULL, NULL, NULL, NULL, NULL, NULL, NULL),
(13265, 96, 26, NULL, NULL, NULL, NULL, NULL, NULL, NULL, NULL),
(13264, 96, 25, NULL, NULL, NULL, NULL, NULL, NULL, NULL, NULL),
(13263, 96, 24, NULL, NULL, NULL, NULL, NULL, NULL, NULL, NULL),
(13262, 96, 23, NULL, NULL, NULL, NULL, NULL, NULL, NULL, NULL),
(13261, 96, 22, NULL, NULL, NULL, NULL, NULL, NULL, NULL, NULL),
(13260, 96, 21, NULL, NULL, NULL, NULL, NULL, NULL, NULL, NULL),
(13259, 96, 20, NULL, NULL, NULL, NULL, NULL, NULL, NULL, NULL),
(13258, 96, 19, NULL, NULL, NULL, NULL, NULL, NULL, NULL, NULL),
(13298, 97, 34, NULL, NULL, NULL, NULL, NULL, NULL, NULL, NULL),
(13297, 97, 33, NULL, NULL, NULL, NULL, NULL, NULL, NULL, NULL),
(13296, 97, 32, NULL, NULL, NULL, NULL, NULL, NULL, NULL, NULL),
(13295, 97, 31, NULL, NULL, NULL, NULL, NULL, NULL, NULL, NULL),
(13294, 97, 30, NULL, NULL, NULL, NULL, NULL, NULL, NULL, NULL),
(13293, 97, 29, NULL, NULL, NULL, NULL, NULL, NULL, NULL, NULL),
(13292, 97, 28, NULL, NULL, NULL, NULL, NULL, NULL, NULL, NULL),
(13291, 97, 27, NULL, NULL, NULL, NULL, NULL, NULL, NULL, NULL),
(13290, 97, 26, NULL, NULL, NULL, NULL, NULL, NULL, NULL, NULL),
(13289, 97, 25, NULL, NULL, NULL, NULL, NULL, NULL, NULL, NULL),
(13288, 97, 24, NULL, NULL, NULL, NULL, NULL, NULL, NULL, NULL),
(13287, 97, 23, NULL, NULL, NULL, NULL, NULL, NULL, NULL, NULL),
(13286, 97, 22, NULL, NULL, NULL, NULL, NULL, NULL, NULL, NULL),
(13285, 97, 21, NULL, NULL, NULL, NULL, NULL, NULL, NULL, NULL),
(13284, 97, 20, NULL, NULL, NULL, NULL, NULL, NULL, NULL, NULL),
(13283, 97, 19, NULL, NULL, NULL, NULL, NULL, NULL, NULL, NULL),
(13015, 86, 34, NULL, NULL, NULL, NULL, NULL, NULL, NULL, NULL),
(13014, 86, 33, NULL, NULL, NULL, NULL, NULL, NULL, NULL, NULL),
(13013, 86, 32, NULL, NULL, NULL, NULL, NULL, NULL, NULL, NULL),
(13012, 86, 31, NULL, NULL, NULL, NULL, NULL, NULL, NULL, NULL),
(13011, 86, 30, NULL, NULL, NULL, NULL, NULL, NULL, NULL, NULL),
(13010, 86, 29, NULL, NULL, NULL, NULL, NULL, NULL, NULL, NULL),
(13009, 86, 28, NULL, NULL, NULL, NULL, NULL, NULL, NULL, NULL),
(13008, 86, 27, NULL, NULL, NULL, NULL, NULL, NULL, NULL, NULL),
(13007, 86, 26, NULL, NULL, NULL, NULL, NULL, NULL, NULL, NULL),
(13006, 86, 25, NULL, NULL, NULL, NULL, NULL, NULL, NULL, NULL),
(13005, 86, 24, NULL, NULL, NULL, NULL, NULL, NULL, NULL, NULL),
(13004, 86, 23, NULL, NULL, NULL, NULL, NULL, NULL, NULL, NULL),
(13003, 86, 22, NULL, NULL, NULL, NULL, NULL, NULL, NULL, NULL),
(13002, 86, 21, NULL, NULL, NULL, NULL, NULL, NULL, NULL, NULL),
(13001, 86, 20, NULL, NULL, NULL, NULL, NULL, NULL, NULL, NULL),
(13000, 86, 19, NULL, NULL, NULL, NULL, NULL, NULL, NULL, NULL),
(13040, 87, 34, NULL, NULL, NULL, NULL, NULL, NULL, NULL, NULL),
(13039, 87, 33, NULL, NULL, NULL, NULL, NULL, NULL, NULL, NULL),
(13038, 87, 32, NULL, NULL, NULL, NULL, NULL, NULL, NULL, NULL),
(13037, 87, 31, NULL, NULL, NULL, NULL, NULL, NULL, NULL, NULL),
(13036, 87, 30, NULL, NULL, NULL, NULL, NULL, NULL, NULL, NULL),
(13035, 87, 29, NULL, NULL, NULL, NULL, NULL, NULL, NULL, NULL),
(13034, 87, 28, NULL, NULL, NULL, NULL, NULL, NULL, NULL, NULL),
(13033, 87, 27, NULL, NULL, NULL, NULL, NULL, NULL, NULL, NULL),
(13032, 87, 26, NULL, NULL, NULL, NULL, NULL, NULL, NULL, NULL),
(13031, 87, 25, NULL, NULL, NULL, NULL, NULL, NULL, NULL, NULL),
(13030, 87, 24, NULL, NULL, NULL, NULL, NULL, NULL, NULL, NULL),
(13029, 87, 23, NULL, NULL, NULL, NULL, NULL, NULL, NULL, NULL),
(13028, 87, 22, NULL, NULL, NULL, NULL, NULL, NULL, NULL, NULL),
(13027, 87, 21, NULL, NULL, NULL, NULL, NULL, NULL, NULL, NULL),
(13026, 87, 20, NULL, NULL, NULL, NULL, NULL, NULL, NULL, NULL),
(13025, 87, 19, NULL, NULL, NULL, NULL, NULL, NULL, NULL, NULL),
(13055, 88, 24, NULL, NULL, NULL, NULL, NULL, NULL, NULL, NULL),
(13054, 88, 23, NULL, NULL, NULL, NULL, NULL, NULL, NULL, NULL),
(13053, 88, 22, NULL, NULL, NULL, NULL, NULL, NULL, NULL, NULL),
(13052, 88, 21, NULL, NULL, NULL, NULL, NULL, NULL, NULL, NULL),
(13051, 88, 20, NULL, NULL, NULL, NULL, NULL, NULL, NULL, NULL),
(13050, 88, 19, NULL, NULL, NULL, NULL, NULL, NULL, NULL, NULL),
(13088, 90, 24, NULL, NULL, NULL, NULL, NULL, NULL, NULL, NULL),
(13087, 90, 23, NULL, NULL, NULL, NULL, NULL, NULL, NULL, NULL),
(13086, 90, 22, NULL, NULL, NULL, NULL, NULL, NULL, NULL, NULL),
(13085, 90, 21, NULL, NULL, NULL, NULL, NULL, NULL, NULL, NULL),
(13084, 90, 20, NULL, NULL, NULL, NULL, NULL, NULL, NULL, NULL),
(13083, 90, 19, NULL, NULL, NULL, NULL, NULL, NULL, NULL, NULL),
(13154, 91, 40, NULL, NULL, NULL, NULL, NULL, NULL, NULL, NULL),
(13153, 91, 39, NULL, NULL, NULL, NULL, NULL, NULL, NULL, NULL),
(13152, 91, 38, NULL, NULL, NULL, NULL, NULL, NULL, NULL, NULL),
(13151, 91, 37, NULL, NULL, NULL, NULL, NULL, NULL, NULL, NULL),
(13150, 91, 36, NULL, NULL, NULL, NULL, NULL, NULL, NULL, NULL),
(13149, 91, 35, NULL, NULL, NULL, NULL, NULL, NULL, NULL, NULL),
(13173, 92, 34, NULL, NULL, NULL, NULL, NULL, NULL, NULL, NULL),
(13172, 92, 33, NULL, NULL, NULL, NULL, NULL, NULL, NULL, NULL),
(13171, 92, 32, NULL, NULL, NULL, NULL, NULL, NULL, NULL, NULL),
(13170, 92, 31, NULL, NULL, NULL, NULL, NULL, NULL, NULL, NULL),
(13169, 92, 30, NULL, NULL, NULL, NULL, NULL, NULL, NULL, NULL),
(13168, 92, 29, NULL, NULL, NULL, NULL, NULL, NULL, NULL, NULL),
(13167, 92, 28, NULL, NULL, NULL, NULL, NULL, NULL, NULL, NULL),
(13166, 92, 27, NULL, NULL, NULL, NULL, NULL, NULL, NULL, NULL),
(13165, 92, 26, NULL, NULL, NULL, NULL, NULL, NULL, NULL, NULL),
(13164, 92, 25, NULL, NULL, NULL, NULL, NULL, NULL, NULL, NULL),
(13163, 92, 24, NULL, NULL, NULL, NULL, NULL, NULL, NULL, NULL),
(13162, 92, 23, NULL, NULL, NULL, NULL, NULL, NULL, NULL, NULL),
(13161, 92, 22, NULL, NULL, NULL, NULL, NULL, NULL, NULL, NULL),
(13160, 92, 21, NULL, NULL, NULL, NULL, NULL, NULL, NULL, NULL),
(13159, 92, 20, NULL, NULL, NULL, NULL, NULL, NULL, NULL, NULL),
(13158, 92, 19, NULL, NULL, NULL, NULL, NULL, NULL, NULL, NULL),
(13223, 94, 34, NULL, NULL, NULL, NULL, NULL, NULL, NULL, NULL),
(13222, 94, 33, NULL, NULL, NULL, NULL, NULL, NULL, NULL, NULL),
(13221, 94, 32, NULL, NULL, NULL, NULL, NULL, NULL, NULL, NULL),
(13220, 94, 31, NULL, NULL, NULL, NULL, NULL, NULL, NULL, NULL),
(13219, 94, 30, NULL, NULL, NULL, NULL, NULL, NULL, NULL, NULL),
(13218, 94, 29, NULL, NULL, NULL, NULL, NULL, NULL, NULL, NULL),
(13217, 94, 28, NULL, NULL, NULL, NULL, NULL, NULL, NULL, NULL),
(13216, 94, 27, NULL, NULL, NULL, NULL, NULL, NULL, NULL, NULL),
(13215, 94, 26, NULL, NULL, NULL, NULL, NULL, NULL, NULL, NULL),
(13214, 94, 25, NULL, NULL, NULL, NULL, NULL, NULL, NULL, NULL),
(13213, 94, 24, NULL, NULL, NULL, NULL, NULL, NULL, NULL, NULL),
(13212, 94, 23, NULL, NULL, NULL, NULL, NULL, NULL, NULL, NULL),
(13211, 94, 22, NULL, NULL, NULL, NULL, NULL, NULL, NULL, NULL),
(13210, 94, 21, NULL, NULL, NULL, NULL, NULL, NULL, NULL, NULL),
(13209, 94, 20, NULL, NULL, NULL, NULL, NULL, NULL, NULL, NULL),
(13208, 94, 19, NULL, NULL, NULL, NULL, NULL, NULL, NULL, NULL),
(13248, 95, 34, NULL, NULL, NULL, NULL, NULL, NULL, NULL, NULL),
(13247, 95, 33, NULL, NULL, NULL, NULL, NULL, NULL, NULL, NULL),
(13246, 95, 32, NULL, NULL, NULL, NULL, NULL, NULL, NULL, NULL),
(13245, 95, 31, NULL, NULL, NULL, NULL, NULL, NULL, NULL, NULL),
(13244, 95, 30, NULL, NULL, NULL, NULL, NULL, NULL, NULL, NULL),
(13243, 95, 29, NULL, NULL, NULL, NULL, NULL, NULL, NULL, NULL),
(13242, 95, 28, NULL, NULL, NULL, NULL, NULL, NULL, NULL, NULL),
(13241, 95, 27, NULL, NULL, NULL, NULL, NULL, NULL, NULL, NULL),
(13240, 95, 26, NULL, NULL, NULL, NULL, NULL, NULL, NULL, NULL),
(13239, 95, 25, NULL, NULL, NULL, NULL, NULL, NULL, NULL, NULL),
(13238, 95, 24, NULL, NULL, NULL, NULL, NULL, NULL, NULL, NULL),
(13237, 95, 23, NULL, NULL, NULL, NULL, NULL, NULL, NULL, NULL),
(13236, 95, 22, NULL, NULL, NULL, NULL, NULL, NULL, NULL, NULL),
(13235, 95, 21, NULL, NULL, NULL, NULL, NULL, NULL, NULL, NULL),
(13234, 95, 20, NULL, NULL, NULL, NULL, NULL, NULL, NULL, NULL),
(13233, 95, 19, NULL, NULL, NULL, NULL, NULL, NULL, NULL, NULL),
(11926, 52, 34, NULL, NULL, NULL, NULL, NULL, NULL, NULL, NULL),
(11925, 52, 33, NULL, NULL, NULL, NULL, NULL, NULL, NULL, NULL),
(11924, 52, 32, NULL, NULL, NULL, NULL, NULL, NULL, NULL, NULL),
(11923, 52, 31, NULL, NULL, NULL, NULL, NULL, NULL, NULL, NULL),
(11922, 52, 30, NULL, NULL, NULL, NULL, NULL, NULL, NULL, NULL),
(11921, 52, 29, NULL, NULL, NULL, NULL, NULL, NULL, NULL, NULL),
(11920, 52, 28, NULL, NULL, NULL, NULL, NULL, NULL, NULL, NULL),
(11919, 52, 27, NULL, NULL, NULL, NULL, NULL, NULL, NULL, NULL),
(11918, 52, 26, NULL, NULL, NULL, NULL, NULL, NULL, NULL, NULL),
(11917, 52, 25, NULL, NULL, NULL, NULL, NULL, NULL, NULL, NULL),
(11916, 52, 24, NULL, NULL, NULL, NULL, NULL, NULL, NULL, NULL),
(11915, 52, 23, NULL, NULL, NULL, NULL, NULL, NULL, NULL, NULL),
(11914, 52, 22, NULL, NULL, NULL, NULL, NULL, NULL, NULL, NULL),
(11913, 52, 21, NULL, NULL, NULL, NULL, NULL, NULL, NULL, NULL),
(11912, 52, 20, NULL, NULL, NULL, NULL, NULL, NULL, NULL, NULL),
(11911, 52, 19, NULL, NULL, NULL, NULL, NULL, NULL, NULL, NULL),
(12597, 69, 24, NULL, NULL, NULL, NULL, NULL, NULL, NULL, NULL),
(12596, 69, 23, NULL, NULL, NULL, NULL, NULL, NULL, NULL, NULL),
(12595, 69, 22, NULL, NULL, NULL, NULL, NULL, NULL, NULL, NULL),
(12594, 69, 21, NULL, NULL, NULL, NULL, NULL, NULL, NULL, NULL),
(12593, 69, 20, NULL, NULL, NULL, NULL, NULL, NULL, NULL, NULL),
(12592, 69, 19, NULL, NULL, NULL, NULL, NULL, NULL, NULL, NULL),
(12872, 80, 24, NULL, NULL, NULL, NULL, NULL, NULL, NULL, NULL),
(12871, 80, 23, NULL, NULL, NULL, NULL, NULL, NULL, NULL, NULL),
(12870, 80, 22, NULL, NULL, NULL, NULL, NULL, NULL, NULL, NULL),
(12869, 80, 21, NULL, NULL, NULL, NULL, NULL, NULL, NULL, NULL),
(12868, 80, 20, NULL, NULL, NULL, NULL, NULL, NULL, NULL, NULL),
(12867, 80, 19, NULL, NULL, NULL, NULL, NULL, NULL, NULL, NULL),
(12905, 82, 24, NULL, NULL, NULL, NULL, NULL, NULL, NULL, NULL),
(12904, 82, 23, NULL, NULL, NULL, NULL, NULL, NULL, NULL, NULL),
(12903, 82, 22, NULL, NULL, NULL, NULL, NULL, NULL, NULL, NULL),
(12902, 82, 21, NULL, NULL, NULL, NULL, NULL, NULL, NULL, NULL),
(12901, 82, 20, NULL, NULL, NULL, NULL, NULL, NULL, NULL, NULL),
(12900, 82, 19, NULL, NULL, NULL, NULL, NULL, NULL, NULL, NULL),
(12930, 83, 24, NULL, NULL, NULL, NULL, NULL, NULL, NULL, NULL),
(12929, 83, 23, NULL, NULL, NULL, NULL, NULL, NULL, NULL, NULL),
(12928, 83, 22, NULL, NULL, NULL, NULL, NULL, NULL, NULL, NULL),
(12927, 83, 21, NULL, NULL, NULL, NULL, NULL, NULL, NULL, NULL),
(12926, 83, 20, NULL, NULL, NULL, NULL, NULL, NULL, NULL, NULL),
(12925, 83, 19, NULL, NULL, NULL, NULL, NULL, NULL, NULL, NULL),
(12955, 84, 24, NULL, NULL, NULL, NULL, NULL, NULL, NULL, NULL),
(12954, 84, 23, NULL, NULL, NULL, NULL, NULL, NULL, NULL, NULL),
(12953, 84, 22, NULL, NULL, NULL, NULL, NULL, NULL, NULL, NULL),
(12952, 84, 21, NULL, NULL, NULL, NULL, NULL, NULL, NULL, NULL),
(12951, 84, 20, NULL, NULL, NULL, NULL, NULL, NULL, NULL, NULL),
(12950, 84, 19, NULL, NULL, NULL, NULL, NULL, NULL, NULL, NULL),
(12980, 85, 24, NULL, NULL, NULL, NULL, NULL, NULL, NULL, NULL),
(12979, 85, 23, NULL, NULL, NULL, NULL, NULL, NULL, NULL, NULL),
(12978, 85, 22, NULL, NULL, NULL, NULL, NULL, NULL, NULL, NULL),
(12977, 85, 21, NULL, NULL, NULL, NULL, NULL, NULL, NULL, NULL),
(12976, 85, 20, NULL, NULL, NULL, NULL, NULL, NULL, NULL, NULL),
(12975, 85, 19, NULL, NULL, NULL, NULL, NULL, NULL, NULL, NULL),
(12822, 78, 24, NULL, NULL, NULL, NULL, NULL, NULL, NULL, NULL),
(12821, 78, 23, NULL, NULL, NULL, NULL, NULL, NULL, NULL, NULL),
(12820, 78, 22, NULL, NULL, NULL, NULL, NULL, NULL, NULL, NULL),
(12819, 78, 21, NULL, NULL, NULL, NULL, NULL, NULL, NULL, NULL),
(12818, 78, 20, NULL, NULL, NULL, NULL, NULL, NULL, NULL, NULL),
(12817, 78, 19, NULL, NULL, NULL, NULL, NULL, NULL, NULL, NULL),
(12847, 79, 24, NULL, NULL, NULL, NULL, NULL, NULL, NULL, NULL),
(12846, 79, 23, NULL, NULL, NULL, NULL, NULL, NULL, NULL, NULL),
(12845, 79, 22, NULL, NULL, NULL, NULL, NULL, NULL, NULL, NULL),
(12844, 79, 21, NULL, NULL, NULL, NULL, NULL, NULL, NULL, NULL),
(12843, 79, 20, NULL, NULL, NULL, NULL, NULL, NULL, NULL, NULL),
(12842, 79, 19, NULL, NULL, NULL, NULL, NULL, NULL, NULL, NULL),
(11340, 43, 43, NULL, NULL, NULL, NULL, NULL, NULL, NULL, NULL),
(11339, 43, 42, NULL, NULL, NULL, NULL, NULL, NULL, NULL, NULL),
(11338, 43, 41, NULL, NULL, NULL, NULL, NULL, NULL, NULL, NULL),
(11337, 43, 40, NULL, NULL, NULL, NULL, NULL, NULL, NULL, NULL),
(11336, 43, 39, NULL, NULL, NULL, NULL, NULL, NULL, NULL, NULL),
(11335, 43, 38, NULL, NULL, NULL, NULL, NULL, NULL, NULL, NULL),
(11334, 43, 37, NULL, NULL, NULL, NULL, NULL, NULL, NULL, NULL),
(11333, 43, 36, NULL, NULL, NULL, NULL, NULL, NULL, NULL, NULL),
(11332, 43, 35, NULL, NULL, NULL, NULL, NULL, NULL, NULL, NULL),
(11331, 43, 34, NULL, NULL, NULL, NULL, NULL, NULL, NULL, NULL),
(11330, 43, 33, NULL, NULL, NULL, NULL, NULL, NULL, NULL, NULL),
(11329, 43, 32, NULL, NULL, NULL, NULL, NULL, NULL, NULL, NULL),
(11328, 43, 31, NULL, NULL, NULL, NULL, NULL, NULL, NULL, NULL),
(11327, 43, 30, NULL, NULL, NULL, NULL, NULL, NULL, NULL, NULL),
(11326, 43, 29, NULL, NULL, NULL, NULL, NULL, NULL, NULL, NULL),
(11325, 43, 28, NULL, NULL, NULL, NULL, NULL, NULL, NULL, NULL),
(11324, 43, 27, NULL, NULL, NULL, NULL, NULL, NULL, NULL, NULL),
(11323, 43, 26, NULL, NULL, NULL, NULL, NULL, NULL, NULL, NULL),
(11322, 43, 25, NULL, NULL, NULL, NULL, NULL, NULL, NULL, NULL),
(11321, 43, 24, NULL, NULL, NULL, NULL, NULL, NULL, NULL, NULL),
(11320, 43, 23, NULL, NULL, NULL, NULL, NULL, NULL, NULL, NULL),
(11319, 43, 22, NULL, NULL, NULL, NULL, NULL, NULL, NULL, NULL),
(11318, 43, 21, NULL, NULL, NULL, NULL, NULL, NULL, NULL, NULL),
(11317, 43, 20, NULL, NULL, NULL, NULL, NULL, NULL, NULL, NULL),
(11316, 43, 19, NULL, NULL, NULL, NULL, NULL, NULL, NULL, NULL),
(11699, 98, 27, NULL, NULL, NULL, NULL, NULL, NULL, NULL, NULL),
(11700, 98, 28, NULL, NULL, NULL, NULL, NULL, NULL, NULL, NULL),
(11701, 98, 29, NULL, NULL, NULL, NULL, NULL, NULL, NULL, NULL),
(11702, 98, 30, NULL, NULL, NULL, NULL, NULL, NULL, NULL, NULL),
(11703, 98, 31, NULL, NULL, NULL, NULL, NULL, NULL, NULL, NULL),
(11704, 98, 32, NULL, NULL, NULL, NULL, NULL, NULL, NULL, NULL),
(11705, 98, 33, NULL, NULL, NULL, NULL, NULL, NULL, NULL, NULL),
(11706, 98, 34, NULL, NULL, NULL, NULL, NULL, NULL, NULL, NULL),
(11707, 98, 35, NULL, NULL, NULL, NULL, NULL, NULL, NULL, NULL),
(11708, 98, 36, NULL, NULL, NULL, NULL, NULL, NULL, NULL, NULL),
(11709, 98, 37, NULL, NULL, NULL, NULL, NULL, NULL, NULL, NULL),
(11710, 98, 38, NULL, NULL, NULL, NULL, NULL, NULL, NULL, NULL),
(11711, 98, 39, NULL, NULL, NULL, NULL, NULL, NULL, NULL, NULL),
(11712, 98, 40, NULL, NULL, NULL, NULL, NULL, NULL, NULL, NULL),
(11713, 98, 41, NULL, NULL, NULL, NULL, NULL, NULL, NULL, NULL),
(11714, 98, 42, NULL, NULL, NULL, NULL, NULL, NULL, NULL, NULL),
(11715, 98, 43, NULL, NULL, NULL, NULL, NULL, NULL, NULL, NULL),
(11716, 262, 29, NULL, NULL, NULL, NULL, NULL, NULL, NULL, NULL),
(11717, 262, 30, NULL, NULL, NULL, NULL, NULL, NULL, NULL, NULL),
(11718, 262, 31, NULL, NULL, NULL, NULL, NULL, NULL, NULL, NULL),
(11719, 262, 28, NULL, NULL, NULL, NULL, NULL, NULL, NULL, NULL),
(11720, 262, 21, NULL, NULL, NULL, NULL, NULL, NULL, NULL, NULL),
(11721, 262, 39, NULL, NULL, NULL, NULL, NULL, NULL, NULL, NULL),
(11722, 262, 24, NULL, NULL, NULL, NULL, NULL, NULL, NULL, NULL),
(11723, 262, 23, NULL, NULL, NULL, NULL, NULL, NULL, NULL, NULL),
(11724, 262, 22, NULL, NULL, NULL, NULL, NULL, NULL, NULL, NULL),
(11725, 262, 27, NULL, NULL, NULL, NULL, NULL, NULL, NULL, NULL),
(11726, 263, 29, NULL, NULL, NULL, NULL, NULL, NULL, NULL, NULL),
(11727, 263, 30, NULL, NULL, NULL, NULL, NULL, NULL, NULL, NULL),
(11728, 263, 31, NULL, NULL, NULL, NULL, NULL, NULL, NULL, NULL),
(11729, 263, 21, NULL, NULL, NULL, NULL, NULL, NULL, NULL, NULL),
(11730, 263, 24, NULL, NULL, NULL, NULL, NULL, NULL, NULL, NULL),
(11731, 263, 28, NULL, NULL, NULL, NULL, NULL, NULL, NULL, NULL),
(11732, 263, 39, NULL, NULL, NULL, NULL, NULL, NULL, NULL, NULL),
(11733, 263, 23, NULL, NULL, NULL, NULL, NULL, NULL, NULL, NULL),
(11734, 263, 22, NULL, NULL, NULL, NULL, NULL, NULL, NULL, NULL),
(11735, 263, 27, NULL, NULL, NULL, NULL, NULL, NULL, NULL, NULL),
(11819, 267, 27, NULL, NULL, NULL, NULL, NULL, NULL, NULL, NULL),
(11820, 267, 28, NULL, NULL, NULL, NULL, NULL, NULL, NULL, NULL),
(11821, 267, 29, NULL, NULL, NULL, NULL, NULL, NULL, NULL, NULL),
(11822, 267, 30, NULL, NULL, NULL, NULL, NULL, NULL, NULL, NULL),
(11823, 267, 31, NULL, NULL, NULL, NULL, NULL, NULL, NULL, NULL),
(11824, 267, 32, NULL, NULL, NULL, NULL, NULL, NULL, NULL, NULL),
(11825, 267, 33, NULL, NULL, NULL, NULL, NULL, NULL, NULL, NULL),
(11826, 267, 34, NULL, NULL, NULL, NULL, NULL, NULL, NULL, NULL),
(11827, 267, 35, NULL, NULL, NULL, NULL, NULL, NULL, NULL, NULL),
(11828, 267, 36, NULL, NULL, NULL, NULL, NULL, NULL, NULL, NULL),
(11829, 267, 37, NULL, NULL, NULL, NULL, NULL, NULL, NULL, NULL),
(11830, 267, 38, NULL, NULL, NULL, NULL, NULL, NULL, NULL, NULL),
(11831, 267, 39, NULL, NULL, NULL, NULL, NULL, NULL, NULL, NULL),
(11832, 267, 40, NULL, NULL, NULL, NULL, NULL, NULL, NULL, NULL),
(11833, 267, 41, NULL, NULL, NULL, NULL, NULL, NULL, NULL, NULL),
(11834, 267, 42, NULL, NULL, NULL, NULL, NULL, NULL, NULL, NULL),
(11835, 267, 43, NULL, NULL, NULL, NULL, NULL, NULL, NULL, NULL),
(11941, 40, 22, NULL, NULL, NULL, NULL, NULL, NULL, NULL, NULL),
(11942, 40, 27, NULL, NULL, NULL, NULL, NULL, NULL, NULL, NULL),
(11943, 40, 24, NULL, NULL, NULL, NULL, NULL, NULL, NULL, NULL),
(11944, 40, 21, NULL, NULL, NULL, NULL, NULL, NULL, NULL, NULL),
(11945, 40, 39, NULL, NULL, NULL, NULL, NULL, NULL, NULL, NULL),
(11951, 36, 22, NULL, NULL, NULL, NULL, NULL, NULL, NULL, NULL),
(11952, 36, 27, NULL, NULL, NULL, NULL, NULL, NULL, NULL, NULL),
(11953, 36, 21, NULL, NULL, NULL, NULL, NULL, NULL, NULL, NULL),
(11954, 36, 24, NULL, NULL, NULL, NULL, NULL, NULL, NULL, NULL),
(11955, 36, 39, NULL, NULL, NULL, NULL, NULL, NULL, NULL, NULL),
(12019, 19, 32, NULL, NULL, NULL, NULL, NULL, NULL, NULL, NULL),
(12018, 19, 31, NULL, NULL, NULL, NULL, NULL, NULL, NULL, NULL),
(12017, 19, 30, NULL, NULL, NULL, NULL, NULL, NULL, NULL, NULL),
(12016, 19, 29, NULL, NULL, NULL, NULL, NULL, NULL, NULL, NULL),
(12015, 19, 28, NULL, NULL, NULL, NULL, NULL, NULL, NULL, NULL),
(12014, 19, 27, NULL, NULL, NULL, NULL, NULL, NULL, NULL, NULL),
(12013, 19, 26, NULL, NULL, NULL, NULL, NULL, NULL, NULL, NULL),
(12012, 19, 25, NULL, NULL, NULL, NULL, NULL, NULL, NULL, NULL),
(12011, 19, 24, NULL, NULL, NULL, NULL, NULL, NULL, NULL, NULL),
(12010, 19, 23, NULL, NULL, NULL, NULL, NULL, NULL, NULL, NULL),
(12009, 19, 22, NULL, NULL, NULL, NULL, NULL, NULL, NULL, NULL),
(12008, 19, 21, NULL, NULL, NULL, NULL, NULL, NULL, NULL, NULL),
(12007, 19, 20, NULL, NULL, NULL, NULL, NULL, NULL, NULL, NULL),
(12006, 19, 19, NULL, NULL, NULL, NULL, NULL, NULL, NULL, NULL),
(12042, 18, 30, NULL, NULL, NULL, NULL, NULL, NULL, NULL, NULL),
(12043, 18, 31, NULL, NULL, NULL, NULL, NULL, NULL, NULL, NULL),
(12044, 18, 32, NULL, NULL, NULL, NULL, NULL, NULL, NULL, NULL),
(12045, 18, 33, NULL, NULL, NULL, NULL, NULL, NULL, NULL, NULL),
(12046, 18, 34, NULL, NULL, NULL, NULL, NULL, NULL, NULL, NULL),
(12047, 18, 35, NULL, NULL, NULL, NULL, NULL, NULL, NULL, NULL),
(12048, 18, 36, NULL, NULL, NULL, NULL, NULL, NULL, NULL, NULL),
(12049, 18, 37, NULL, NULL, NULL, NULL, NULL, NULL, NULL, NULL),
(12050, 18, 38, NULL, NULL, NULL, NULL, NULL, NULL, NULL, NULL),
(12051, 18, 39, NULL, NULL, NULL, NULL, NULL, NULL, NULL, NULL),
(12052, 18, 40, NULL, NULL, NULL, NULL, NULL, NULL, NULL, NULL),
(12053, 18, 41, NULL, NULL, NULL, NULL, NULL, NULL, NULL, NULL),
(12054, 18, 42, NULL, NULL, NULL, NULL, NULL, NULL, NULL, NULL),
(12055, 18, 43, NULL, NULL, NULL, NULL, NULL, NULL, NULL, NULL),
(12061, 45, 28, NULL, NULL, NULL, NULL, NULL, NULL, NULL, NULL),
(12062, 45, 27, NULL, NULL, NULL, NULL, NULL, NULL, NULL, NULL),
(12063, 45, 39, NULL, NULL, NULL, NULL, NULL, NULL, NULL, NULL),
(12064, 45, 21, NULL, NULL, NULL, NULL, NULL, NULL, NULL, NULL),
(12065, 45, 24, NULL, NULL, NULL, NULL, NULL, NULL, NULL, NULL),
(12077, 20, 30, NULL, NULL, NULL, NULL, NULL, NULL, NULL, NULL),
(12078, 20, 31, NULL, NULL, NULL, NULL, NULL, NULL, NULL, NULL),
(12079, 20, 32, NULL, NULL, NULL, NULL, NULL, NULL, NULL, NULL),
(12080, 20, 33, NULL, NULL, NULL, NULL, NULL, NULL, NULL, NULL),
(12081, 20, 34, NULL, NULL, NULL, NULL, NULL, NULL, NULL, NULL),
(12082, 20, 35, NULL, NULL, NULL, NULL, NULL, NULL, NULL, NULL),
(12083, 20, 36, NULL, NULL, NULL, NULL, NULL, NULL, NULL, NULL),
(12084, 20, 37, NULL, NULL, NULL, NULL, NULL, NULL, NULL, NULL),
(12085, 20, 38, NULL, NULL, NULL, NULL, NULL, NULL, NULL, NULL),
(12086, 20, 39, NULL, NULL, NULL, NULL, NULL, NULL, NULL, NULL),
(12087, 20, 40, NULL, NULL, NULL, NULL, NULL, NULL, NULL, NULL),
(12088, 20, 41, NULL, NULL, NULL, NULL, NULL, NULL, NULL, NULL),
(12089, 20, 42, NULL, NULL, NULL, NULL, NULL, NULL, NULL, NULL),
(12090, 20, 43, NULL, NULL, NULL, NULL, NULL, NULL, NULL, NULL),
(12102, 32, 30, NULL, NULL, NULL, NULL, NULL, NULL, NULL, NULL),
(12103, 32, 31, NULL, NULL, NULL, NULL, NULL, NULL, NULL, NULL),
(12104, 32, 32, NULL, NULL, NULL, NULL, NULL, NULL, NULL, NULL);
INSERT INTO `va_cms_frames_settings` (`fs_id`, `ps_id`, `frame_id`, `frame_style`, `frame_class`, `frame_code`, `html_frame_start`, `html_before_block`, `html_after_block`, `html_frame_end`, `html_between_blocks`) VALUES
(12105, 32, 33, NULL, NULL, NULL, NULL, NULL, NULL, NULL, NULL),
(12106, 32, 34, NULL, NULL, NULL, NULL, NULL, NULL, NULL, NULL),
(12107, 32, 35, NULL, NULL, NULL, NULL, NULL, NULL, NULL, NULL),
(12108, 32, 36, NULL, NULL, NULL, NULL, NULL, NULL, NULL, NULL),
(12109, 32, 37, NULL, NULL, NULL, NULL, NULL, NULL, NULL, NULL),
(12110, 32, 38, NULL, NULL, NULL, NULL, NULL, NULL, NULL, NULL),
(12111, 32, 39, NULL, NULL, NULL, NULL, NULL, NULL, NULL, NULL),
(12112, 32, 40, NULL, NULL, NULL, NULL, NULL, NULL, NULL, NULL),
(12113, 32, 41, NULL, NULL, NULL, NULL, NULL, NULL, NULL, NULL),
(12114, 32, 42, NULL, NULL, NULL, NULL, NULL, NULL, NULL, NULL),
(12115, 32, 43, NULL, NULL, NULL, NULL, NULL, NULL, NULL, NULL),
(12127, 33, 30, NULL, NULL, NULL, NULL, NULL, NULL, NULL, NULL),
(12128, 33, 31, NULL, NULL, NULL, NULL, NULL, NULL, NULL, NULL),
(12129, 33, 32, NULL, NULL, NULL, NULL, NULL, NULL, NULL, NULL),
(12130, 33, 33, NULL, NULL, NULL, NULL, NULL, NULL, NULL, NULL),
(12131, 33, 34, NULL, NULL, NULL, NULL, NULL, NULL, NULL, NULL),
(12132, 33, 35, NULL, NULL, NULL, NULL, NULL, NULL, NULL, NULL),
(12133, 33, 36, NULL, NULL, NULL, NULL, NULL, NULL, NULL, NULL),
(12134, 33, 37, NULL, NULL, NULL, NULL, NULL, NULL, NULL, NULL),
(12135, 33, 38, NULL, NULL, NULL, NULL, NULL, NULL, NULL, NULL),
(12136, 33, 39, NULL, NULL, NULL, NULL, NULL, NULL, NULL, NULL),
(12137, 33, 40, NULL, NULL, NULL, NULL, NULL, NULL, NULL, NULL),
(12138, 33, 41, NULL, NULL, NULL, NULL, NULL, NULL, NULL, NULL),
(12139, 33, 42, NULL, NULL, NULL, NULL, NULL, NULL, NULL, NULL),
(12140, 33, 43, NULL, NULL, NULL, NULL, NULL, NULL, NULL, NULL),
(12152, 30, 30, NULL, NULL, NULL, NULL, NULL, NULL, NULL, NULL),
(12153, 30, 31, NULL, NULL, NULL, NULL, NULL, NULL, NULL, NULL),
(12154, 30, 32, NULL, NULL, NULL, NULL, NULL, NULL, NULL, NULL),
(12155, 30, 33, NULL, NULL, NULL, NULL, NULL, NULL, NULL, NULL),
(12156, 30, 34, NULL, NULL, NULL, NULL, NULL, NULL, NULL, NULL),
(12157, 30, 35, NULL, NULL, NULL, NULL, NULL, NULL, NULL, NULL),
(12158, 30, 36, NULL, NULL, NULL, NULL, NULL, NULL, NULL, NULL),
(12159, 30, 37, NULL, NULL, NULL, NULL, NULL, NULL, NULL, NULL),
(12160, 30, 38, NULL, NULL, NULL, NULL, NULL, NULL, NULL, NULL),
(12161, 30, 39, NULL, NULL, NULL, NULL, NULL, NULL, NULL, NULL),
(12162, 30, 40, NULL, NULL, NULL, NULL, NULL, NULL, NULL, NULL),
(12163, 30, 41, NULL, NULL, NULL, NULL, NULL, NULL, NULL, NULL),
(12164, 30, 42, NULL, NULL, NULL, NULL, NULL, NULL, NULL, NULL),
(12165, 30, 43, NULL, NULL, NULL, NULL, NULL, NULL, NULL, NULL),
(12327, 47, 30, NULL, NULL, NULL, NULL, NULL, NULL, NULL, NULL),
(12328, 47, 31, NULL, NULL, NULL, NULL, NULL, NULL, NULL, NULL),
(12329, 47, 32, NULL, NULL, NULL, NULL, NULL, NULL, NULL, NULL),
(12330, 47, 33, NULL, NULL, NULL, NULL, NULL, NULL, NULL, NULL),
(12331, 47, 34, NULL, NULL, NULL, NULL, NULL, NULL, NULL, NULL),
(12332, 47, 35, NULL, NULL, NULL, NULL, NULL, NULL, NULL, NULL),
(12333, 47, 36, NULL, NULL, NULL, NULL, NULL, NULL, NULL, NULL),
(12334, 47, 37, NULL, NULL, NULL, NULL, NULL, NULL, NULL, NULL),
(12335, 47, 38, NULL, NULL, NULL, NULL, NULL, NULL, NULL, NULL),
(12336, 47, 39, NULL, NULL, NULL, NULL, NULL, NULL, NULL, NULL),
(12337, 47, 40, NULL, NULL, NULL, NULL, NULL, NULL, NULL, NULL),
(12338, 47, 41, NULL, NULL, NULL, NULL, NULL, NULL, NULL, NULL),
(12339, 47, 42, NULL, NULL, NULL, NULL, NULL, NULL, NULL, NULL),
(12340, 47, 43, NULL, NULL, NULL, NULL, NULL, NULL, NULL, NULL),
(12375, 25, 28, NULL, NULL, NULL, NULL, NULL, NULL, NULL, NULL),
(12376, 25, 29, NULL, NULL, NULL, NULL, NULL, NULL, NULL, NULL),
(12377, 25, 30, NULL, NULL, NULL, NULL, NULL, NULL, NULL, NULL),
(12378, 25, 31, NULL, NULL, NULL, NULL, NULL, NULL, NULL, NULL),
(12379, 25, 32, NULL, NULL, NULL, NULL, NULL, NULL, NULL, NULL),
(12380, 25, 33, NULL, NULL, NULL, NULL, NULL, NULL, NULL, NULL),
(12381, 25, 34, NULL, NULL, NULL, NULL, NULL, NULL, NULL, NULL),
(12382, 25, 35, NULL, NULL, NULL, NULL, NULL, NULL, NULL, NULL),
(12383, 25, 36, NULL, NULL, NULL, NULL, NULL, NULL, NULL, NULL),
(12384, 25, 37, NULL, NULL, NULL, NULL, NULL, NULL, NULL, NULL),
(12385, 25, 38, NULL, NULL, NULL, NULL, NULL, NULL, NULL, NULL),
(12386, 25, 39, NULL, NULL, NULL, NULL, NULL, NULL, NULL, NULL),
(12387, 25, 40, NULL, NULL, NULL, NULL, NULL, NULL, NULL, NULL),
(12388, 25, 41, NULL, NULL, NULL, NULL, NULL, NULL, NULL, NULL),
(12389, 25, 42, NULL, NULL, NULL, NULL, NULL, NULL, NULL, NULL),
(12390, 25, 43, NULL, NULL, NULL, NULL, NULL, NULL, NULL, NULL),
(12400, 24, 28, NULL, NULL, NULL, NULL, NULL, NULL, NULL, NULL),
(12401, 24, 29, NULL, NULL, NULL, NULL, NULL, NULL, NULL, NULL),
(12402, 24, 30, NULL, NULL, NULL, NULL, NULL, NULL, NULL, NULL),
(12403, 24, 31, NULL, NULL, NULL, NULL, NULL, NULL, NULL, NULL),
(12404, 24, 32, NULL, NULL, NULL, NULL, NULL, NULL, NULL, NULL),
(12405, 24, 33, NULL, NULL, NULL, NULL, NULL, NULL, NULL, NULL),
(12406, 24, 34, NULL, NULL, NULL, NULL, NULL, NULL, NULL, NULL),
(12407, 24, 35, NULL, NULL, NULL, NULL, NULL, NULL, NULL, NULL),
(12408, 24, 36, NULL, NULL, NULL, NULL, NULL, NULL, NULL, NULL),
(12409, 24, 37, NULL, NULL, NULL, NULL, NULL, NULL, NULL, NULL),
(12410, 24, 38, NULL, NULL, NULL, NULL, NULL, NULL, NULL, NULL),
(12411, 24, 39, NULL, NULL, NULL, NULL, NULL, NULL, NULL, NULL),
(12412, 24, 40, NULL, NULL, NULL, NULL, NULL, NULL, NULL, NULL),
(12413, 24, 41, NULL, NULL, NULL, NULL, NULL, NULL, NULL, NULL),
(12414, 24, 42, NULL, NULL, NULL, NULL, NULL, NULL, NULL, NULL),
(12415, 24, 43, NULL, NULL, NULL, NULL, NULL, NULL, NULL, NULL),
(12425, 66, 28, NULL, NULL, NULL, NULL, NULL, NULL, NULL, NULL),
(12426, 66, 29, NULL, NULL, NULL, NULL, NULL, NULL, NULL, NULL),
(12427, 66, 30, NULL, NULL, NULL, NULL, NULL, NULL, NULL, NULL),
(12428, 66, 31, NULL, NULL, NULL, NULL, NULL, NULL, NULL, NULL),
(12429, 66, 32, NULL, NULL, NULL, NULL, NULL, NULL, NULL, NULL),
(12430, 66, 33, NULL, NULL, NULL, NULL, NULL, NULL, NULL, NULL),
(12431, 66, 34, NULL, NULL, NULL, NULL, NULL, NULL, NULL, NULL),
(12432, 66, 35, NULL, NULL, NULL, NULL, NULL, NULL, NULL, NULL),
(12433, 66, 36, NULL, NULL, NULL, NULL, NULL, NULL, NULL, NULL),
(12434, 66, 37, NULL, NULL, NULL, NULL, NULL, NULL, NULL, NULL),
(12435, 66, 38, NULL, NULL, NULL, NULL, NULL, NULL, NULL, NULL),
(12436, 66, 39, NULL, NULL, NULL, NULL, NULL, NULL, NULL, NULL),
(12437, 66, 40, NULL, NULL, NULL, NULL, NULL, NULL, NULL, NULL),
(12438, 66, 41, NULL, NULL, NULL, NULL, NULL, NULL, NULL, NULL),
(12439, 66, 42, NULL, NULL, NULL, NULL, NULL, NULL, NULL, NULL),
(12440, 66, 43, NULL, NULL, NULL, NULL, NULL, NULL, NULL, NULL),
(12446, 15, 39, NULL, NULL, NULL, NULL, NULL, NULL, NULL, NULL),
(12447, 15, 23, NULL, NULL, NULL, NULL, NULL, NULL, NULL, NULL),
(12448, 15, 22, NULL, NULL, NULL, NULL, NULL, NULL, NULL, NULL),
(12454, 14, 24, NULL, NULL, NULL, NULL, NULL, NULL, NULL, NULL),
(12455, 14, 22, NULL, NULL, NULL, NULL, NULL, NULL, NULL, NULL),
(12456, 14, 23, NULL, NULL, NULL, NULL, NULL, NULL, NULL, NULL),
(12462, 13, 21, NULL, NULL, NULL, NULL, NULL, NULL, NULL, NULL),
(12463, 13, 39, NULL, NULL, NULL, NULL, NULL, NULL, NULL, NULL),
(12464, 13, 24, NULL, NULL, NULL, NULL, NULL, NULL, NULL, NULL),
(12465, 13, 22, NULL, NULL, NULL, NULL, NULL, NULL, NULL, NULL),
(12466, 13, 23, NULL, NULL, NULL, NULL, NULL, NULL, NULL, NULL),
(12472, 16, 21, NULL, NULL, NULL, NULL, NULL, NULL, NULL, NULL),
(12473, 16, 39, NULL, NULL, NULL, NULL, NULL, NULL, NULL, NULL),
(12474, 16, 24, NULL, NULL, NULL, NULL, NULL, NULL, NULL, NULL),
(12475, 16, 23, NULL, NULL, NULL, NULL, NULL, NULL, NULL, NULL),
(12476, 16, 22, NULL, NULL, NULL, NULL, NULL, NULL, NULL, NULL),
(12482, 28, 21, NULL, NULL, NULL, NULL, NULL, NULL, NULL, NULL),
(12483, 28, 39, NULL, NULL, NULL, NULL, NULL, NULL, NULL, NULL),
(12484, 28, 24, NULL, NULL, NULL, NULL, NULL, NULL, NULL, NULL),
(12485, 28, 23, NULL, NULL, NULL, NULL, NULL, NULL, NULL, NULL),
(12486, 28, 22, NULL, NULL, NULL, NULL, NULL, NULL, NULL, NULL),
(12492, 27, 21, NULL, NULL, NULL, NULL, NULL, NULL, NULL, NULL),
(12493, 27, 24, NULL, NULL, NULL, NULL, NULL, NULL, NULL, NULL),
(12494, 27, 39, NULL, NULL, NULL, NULL, NULL, NULL, NULL, NULL),
(12495, 27, 23, NULL, NULL, NULL, NULL, NULL, NULL, NULL, NULL),
(12496, 27, 22, NULL, NULL, NULL, NULL, NULL, NULL, NULL, NULL),
(12502, 26, 21, NULL, NULL, NULL, NULL, NULL, NULL, NULL, NULL),
(12503, 26, 24, NULL, NULL, NULL, NULL, NULL, NULL, NULL, NULL),
(12504, 26, 39, NULL, NULL, NULL, NULL, NULL, NULL, NULL, NULL),
(12505, 26, 23, NULL, NULL, NULL, NULL, NULL, NULL, NULL, NULL),
(12506, 26, 22, NULL, NULL, NULL, NULL, NULL, NULL, NULL, NULL),
(12512, 29, 21, NULL, NULL, NULL, NULL, NULL, NULL, NULL, NULL),
(12513, 29, 39, NULL, NULL, NULL, NULL, NULL, NULL, NULL, NULL),
(12514, 29, 23, NULL, NULL, NULL, NULL, NULL, NULL, NULL, NULL),
(12515, 29, 22, NULL, NULL, NULL, NULL, NULL, NULL, NULL, NULL),
(12516, 29, 24, NULL, NULL, NULL, NULL, NULL, NULL, NULL, NULL),
(12601, 69, 28, NULL, NULL, NULL, NULL, NULL, NULL, NULL, NULL),
(12602, 69, 29, NULL, NULL, NULL, NULL, NULL, NULL, NULL, NULL),
(12603, 69, 30, NULL, NULL, NULL, NULL, NULL, NULL, NULL, NULL),
(12604, 69, 31, NULL, NULL, NULL, NULL, NULL, NULL, NULL, NULL),
(12605, 69, 32, NULL, NULL, NULL, NULL, NULL, NULL, NULL, NULL),
(12606, 69, 33, NULL, NULL, NULL, NULL, NULL, NULL, NULL, NULL),
(12607, 69, 34, NULL, NULL, NULL, NULL, NULL, NULL, NULL, NULL),
(12608, 69, 35, NULL, NULL, NULL, NULL, NULL, NULL, NULL, NULL),
(12609, 69, 36, NULL, NULL, NULL, NULL, NULL, NULL, NULL, NULL),
(12610, 69, 37, NULL, NULL, NULL, NULL, NULL, NULL, NULL, NULL),
(12611, 69, 38, NULL, NULL, NULL, NULL, NULL, NULL, NULL, NULL),
(12612, 69, 39, NULL, NULL, NULL, NULL, NULL, NULL, NULL, NULL),
(12613, 69, 40, NULL, NULL, NULL, NULL, NULL, NULL, NULL, NULL),
(12614, 69, 41, NULL, NULL, NULL, NULL, NULL, NULL, NULL, NULL),
(12615, 69, 42, NULL, NULL, NULL, NULL, NULL, NULL, NULL, NULL),
(12616, 69, 43, NULL, NULL, NULL, NULL, NULL, NULL, NULL, NULL),
(12826, 78, 28, NULL, NULL, NULL, NULL, NULL, NULL, NULL, NULL),
(12827, 78, 29, NULL, NULL, NULL, NULL, NULL, NULL, NULL, NULL),
(12828, 78, 30, NULL, NULL, NULL, NULL, NULL, NULL, NULL, NULL),
(12829, 78, 31, NULL, NULL, NULL, NULL, NULL, NULL, NULL, NULL),
(12830, 78, 32, NULL, NULL, NULL, NULL, NULL, NULL, NULL, NULL),
(12831, 78, 33, NULL, NULL, NULL, NULL, NULL, NULL, NULL, NULL),
(12832, 78, 34, NULL, NULL, NULL, NULL, NULL, NULL, NULL, NULL),
(12833, 78, 35, NULL, NULL, NULL, NULL, NULL, NULL, NULL, NULL),
(12834, 78, 36, NULL, NULL, NULL, NULL, NULL, NULL, NULL, NULL),
(12835, 78, 37, NULL, NULL, NULL, NULL, NULL, NULL, NULL, NULL),
(12836, 78, 38, NULL, NULL, NULL, NULL, NULL, NULL, NULL, NULL),
(12837, 78, 39, NULL, NULL, NULL, NULL, NULL, NULL, NULL, NULL),
(12838, 78, 40, NULL, NULL, NULL, NULL, NULL, NULL, NULL, NULL),
(12839, 78, 41, NULL, NULL, NULL, NULL, NULL, NULL, NULL, NULL),
(12840, 78, 42, NULL, NULL, NULL, NULL, NULL, NULL, NULL, NULL),
(12841, 78, 43, NULL, NULL, NULL, NULL, NULL, NULL, NULL, NULL),
(12851, 79, 28, NULL, NULL, NULL, NULL, NULL, NULL, NULL, NULL),
(12852, 79, 29, NULL, NULL, NULL, NULL, NULL, NULL, NULL, NULL),
(12853, 79, 30, NULL, NULL, NULL, NULL, NULL, NULL, NULL, NULL),
(12854, 79, 31, NULL, NULL, NULL, NULL, NULL, NULL, NULL, NULL),
(12855, 79, 32, NULL, NULL, NULL, NULL, NULL, NULL, NULL, NULL),
(12856, 79, 33, NULL, NULL, NULL, NULL, NULL, NULL, NULL, NULL),
(12857, 79, 34, NULL, NULL, NULL, NULL, NULL, NULL, NULL, NULL),
(12858, 79, 35, NULL, NULL, NULL, NULL, NULL, NULL, NULL, NULL),
(12859, 79, 36, NULL, NULL, NULL, NULL, NULL, NULL, NULL, NULL),
(12860, 79, 37, NULL, NULL, NULL, NULL, NULL, NULL, NULL, NULL),
(12861, 79, 38, NULL, NULL, NULL, NULL, NULL, NULL, NULL, NULL),
(12862, 79, 39, NULL, NULL, NULL, NULL, NULL, NULL, NULL, NULL),
(12863, 79, 40, NULL, NULL, NULL, NULL, NULL, NULL, NULL, NULL),
(12864, 79, 41, NULL, NULL, NULL, NULL, NULL, NULL, NULL, NULL),
(12865, 79, 42, NULL, NULL, NULL, NULL, NULL, NULL, NULL, NULL),
(12866, 79, 43, NULL, NULL, NULL, NULL, NULL, NULL, NULL, NULL),
(12876, 80, 28, NULL, NULL, NULL, NULL, NULL, NULL, NULL, NULL),
(12877, 80, 29, NULL, NULL, NULL, NULL, NULL, NULL, NULL, NULL),
(12878, 80, 30, NULL, NULL, NULL, NULL, NULL, NULL, NULL, NULL),
(12879, 80, 31, NULL, NULL, NULL, NULL, NULL, NULL, NULL, NULL),
(12880, 80, 32, NULL, NULL, NULL, NULL, NULL, NULL, NULL, NULL),
(12881, 80, 33, NULL, NULL, NULL, NULL, NULL, NULL, NULL, NULL),
(12882, 80, 34, NULL, NULL, NULL, NULL, NULL, NULL, NULL, NULL),
(12883, 80, 35, NULL, NULL, NULL, NULL, NULL, NULL, NULL, NULL),
(12884, 80, 36, NULL, NULL, NULL, NULL, NULL, NULL, NULL, NULL),
(12885, 80, 37, NULL, NULL, NULL, NULL, NULL, NULL, NULL, NULL),
(12886, 80, 38, NULL, NULL, NULL, NULL, NULL, NULL, NULL, NULL),
(12887, 80, 39, NULL, NULL, NULL, NULL, NULL, NULL, NULL, NULL),
(12888, 80, 40, NULL, NULL, NULL, NULL, NULL, NULL, NULL, NULL),
(12889, 80, 41, NULL, NULL, NULL, NULL, NULL, NULL, NULL, NULL),
(12890, 80, 42, NULL, NULL, NULL, NULL, NULL, NULL, NULL, NULL),
(12891, 80, 43, NULL, NULL, NULL, NULL, NULL, NULL, NULL, NULL),
(12895, 81, 24, NULL, NULL, NULL, NULL, NULL, NULL, NULL, NULL),
(12896, 81, 28, NULL, NULL, NULL, NULL, NULL, NULL, NULL, NULL),
(12897, 81, 23, NULL, NULL, NULL, NULL, NULL, NULL, NULL, NULL),
(12898, 81, 22, NULL, NULL, NULL, NULL, NULL, NULL, NULL, NULL),
(12899, 81, 27, NULL, NULL, NULL, NULL, NULL, NULL, NULL, NULL),
(12909, 82, 28, NULL, NULL, NULL, NULL, NULL, NULL, NULL, NULL),
(12910, 82, 29, NULL, NULL, NULL, NULL, NULL, NULL, NULL, NULL),
(12911, 82, 30, NULL, NULL, NULL, NULL, NULL, NULL, NULL, NULL),
(12912, 82, 31, NULL, NULL, NULL, NULL, NULL, NULL, NULL, NULL),
(12913, 82, 32, NULL, NULL, NULL, NULL, NULL, NULL, NULL, NULL),
(12914, 82, 33, NULL, NULL, NULL, NULL, NULL, NULL, NULL, NULL),
(12915, 82, 34, NULL, NULL, NULL, NULL, NULL, NULL, NULL, NULL),
(12916, 82, 35, NULL, NULL, NULL, NULL, NULL, NULL, NULL, NULL),
(12917, 82, 36, NULL, NULL, NULL, NULL, NULL, NULL, NULL, NULL),
(12918, 82, 37, NULL, NULL, NULL, NULL, NULL, NULL, NULL, NULL),
(12919, 82, 38, NULL, NULL, NULL, NULL, NULL, NULL, NULL, NULL),
(12920, 82, 39, NULL, NULL, NULL, NULL, NULL, NULL, NULL, NULL),
(12921, 82, 40, NULL, NULL, NULL, NULL, NULL, NULL, NULL, NULL),
(12922, 82, 41, NULL, NULL, NULL, NULL, NULL, NULL, NULL, NULL),
(12923, 82, 42, NULL, NULL, NULL, NULL, NULL, NULL, NULL, NULL),
(12924, 82, 43, NULL, NULL, NULL, NULL, NULL, NULL, NULL, NULL),
(12934, 83, 28, NULL, NULL, NULL, NULL, NULL, NULL, NULL, NULL),
(12935, 83, 29, NULL, NULL, NULL, NULL, NULL, NULL, NULL, NULL),
(12936, 83, 30, NULL, NULL, NULL, NULL, NULL, NULL, NULL, NULL),
(12937, 83, 31, NULL, NULL, NULL, NULL, NULL, NULL, NULL, NULL),
(12938, 83, 32, NULL, NULL, NULL, NULL, NULL, NULL, NULL, NULL),
(12939, 83, 33, NULL, NULL, NULL, NULL, NULL, NULL, NULL, NULL),
(12940, 83, 34, NULL, NULL, NULL, NULL, NULL, NULL, NULL, NULL),
(12941, 83, 35, NULL, NULL, NULL, NULL, NULL, NULL, NULL, NULL),
(12942, 83, 36, NULL, NULL, NULL, NULL, NULL, NULL, NULL, NULL),
(12943, 83, 37, NULL, NULL, NULL, NULL, NULL, NULL, NULL, NULL),
(12944, 83, 38, NULL, NULL, NULL, NULL, NULL, NULL, NULL, NULL),
(12945, 83, 39, NULL, NULL, NULL, NULL, NULL, NULL, NULL, NULL),
(12946, 83, 40, NULL, NULL, NULL, NULL, NULL, NULL, NULL, NULL),
(12947, 83, 41, NULL, NULL, NULL, NULL, NULL, NULL, NULL, NULL),
(12948, 83, 42, NULL, NULL, NULL, NULL, NULL, NULL, NULL, NULL),
(12949, 83, 43, NULL, NULL, NULL, NULL, NULL, NULL, NULL, NULL),
(12959, 84, 28, NULL, NULL, NULL, NULL, NULL, NULL, NULL, NULL),
(12960, 84, 29, NULL, NULL, NULL, NULL, NULL, NULL, NULL, NULL),
(12961, 84, 30, NULL, NULL, NULL, NULL, NULL, NULL, NULL, NULL),
(12962, 84, 31, NULL, NULL, NULL, NULL, NULL, NULL, NULL, NULL),
(12963, 84, 32, NULL, NULL, NULL, NULL, NULL, NULL, NULL, NULL),
(12964, 84, 33, NULL, NULL, NULL, NULL, NULL, NULL, NULL, NULL),
(12965, 84, 34, NULL, NULL, NULL, NULL, NULL, NULL, NULL, NULL),
(12966, 84, 35, NULL, NULL, NULL, NULL, NULL, NULL, NULL, NULL),
(12967, 84, 36, NULL, NULL, NULL, NULL, NULL, NULL, NULL, NULL),
(12968, 84, 37, NULL, NULL, NULL, NULL, NULL, NULL, NULL, NULL),
(12969, 84, 38, NULL, NULL, NULL, NULL, NULL, NULL, NULL, NULL),
(12970, 84, 39, NULL, NULL, NULL, NULL, NULL, NULL, NULL, NULL),
(12971, 84, 40, NULL, NULL, NULL, NULL, NULL, NULL, NULL, NULL),
(12972, 84, 41, NULL, NULL, NULL, NULL, NULL, NULL, NULL, NULL),
(12973, 84, 42, NULL, NULL, NULL, NULL, NULL, NULL, NULL, NULL),
(12974, 84, 43, NULL, NULL, NULL, NULL, NULL, NULL, NULL, NULL),
(12984, 85, 28, NULL, NULL, NULL, NULL, NULL, NULL, NULL, NULL),
(12985, 85, 29, NULL, NULL, NULL, NULL, NULL, NULL, NULL, NULL),
(12986, 85, 30, NULL, NULL, NULL, NULL, NULL, NULL, NULL, NULL),
(12987, 85, 31, NULL, NULL, NULL, NULL, NULL, NULL, NULL, NULL),
(12988, 85, 32, NULL, NULL, NULL, NULL, NULL, NULL, NULL, NULL),
(12989, 85, 33, NULL, NULL, NULL, NULL, NULL, NULL, NULL, NULL),
(12990, 85, 34, NULL, NULL, NULL, NULL, NULL, NULL, NULL, NULL),
(12991, 85, 35, NULL, NULL, NULL, NULL, NULL, NULL, NULL, NULL),
(12992, 85, 36, NULL, NULL, NULL, NULL, NULL, NULL, NULL, NULL),
(12993, 85, 37, NULL, NULL, NULL, NULL, NULL, NULL, NULL, NULL),
(12994, 85, 38, NULL, NULL, NULL, NULL, NULL, NULL, NULL, NULL),
(12995, 85, 39, NULL, NULL, NULL, NULL, NULL, NULL, NULL, NULL),
(12996, 85, 40, NULL, NULL, NULL, NULL, NULL, NULL, NULL, NULL),
(12997, 85, 41, NULL, NULL, NULL, NULL, NULL, NULL, NULL, NULL),
(12998, 85, 42, NULL, NULL, NULL, NULL, NULL, NULL, NULL, NULL),
(12999, 85, 43, NULL, NULL, NULL, NULL, NULL, NULL, NULL, NULL),
(13059, 88, 28, NULL, NULL, NULL, NULL, NULL, NULL, NULL, NULL),
(13060, 88, 29, NULL, NULL, NULL, NULL, NULL, NULL, NULL, NULL),
(13061, 88, 30, NULL, NULL, NULL, NULL, NULL, NULL, NULL, NULL),
(13062, 88, 31, NULL, NULL, NULL, NULL, NULL, NULL, NULL, NULL),
(13063, 88, 32, NULL, NULL, NULL, NULL, NULL, NULL, NULL, NULL),
(13064, 88, 33, NULL, NULL, NULL, NULL, NULL, NULL, NULL, NULL),
(13065, 88, 34, NULL, NULL, NULL, NULL, NULL, NULL, NULL, NULL),
(13066, 88, 35, NULL, NULL, NULL, NULL, NULL, NULL, NULL, NULL),
(13067, 88, 36, NULL, NULL, NULL, NULL, NULL, NULL, NULL, NULL),
(13068, 88, 37, NULL, NULL, NULL, NULL, NULL, NULL, NULL, NULL),
(13069, 88, 38, NULL, NULL, NULL, NULL, NULL, NULL, NULL, NULL),
(13070, 88, 39, NULL, NULL, NULL, NULL, NULL, NULL, NULL, NULL),
(13071, 88, 40, NULL, NULL, NULL, NULL, NULL, NULL, NULL, NULL),
(13072, 88, 41, NULL, NULL, NULL, NULL, NULL, NULL, NULL, NULL),
(13073, 88, 42, NULL, NULL, NULL, NULL, NULL, NULL, NULL, NULL),
(13074, 88, 43, NULL, NULL, NULL, NULL, NULL, NULL, NULL, NULL),
(13078, 89, 39, NULL, NULL, NULL, NULL, NULL, NULL, NULL, NULL),
(13079, 89, 23, NULL, NULL, NULL, NULL, NULL, NULL, NULL, NULL),
(13080, 89, 22, NULL, NULL, NULL, NULL, NULL, NULL, NULL, NULL),
(13081, 89, 28, NULL, NULL, NULL, NULL, NULL, NULL, NULL, NULL),
(13082, 89, 27, NULL, NULL, NULL, NULL, NULL, NULL, NULL, NULL),
(13092, 90, 28, NULL, NULL, NULL, NULL, NULL, NULL, NULL, NULL),
(13093, 90, 29, NULL, NULL, NULL, NULL, NULL, NULL, NULL, NULL),
(13094, 90, 30, NULL, NULL, NULL, NULL, NULL, NULL, NULL, NULL),
(13095, 90, 31, NULL, NULL, NULL, NULL, NULL, NULL, NULL, NULL),
(13096, 90, 32, NULL, NULL, NULL, NULL, NULL, NULL, NULL, NULL),
(13097, 90, 33, NULL, NULL, NULL, NULL, NULL, NULL, NULL, NULL),
(13098, 90, 34, NULL, NULL, NULL, NULL, NULL, NULL, NULL, NULL),
(13099, 90, 35, NULL, NULL, NULL, NULL, NULL, NULL, NULL, NULL),
(13100, 90, 36, NULL, NULL, NULL, NULL, NULL, NULL, NULL, NULL),
(13101, 90, 37, NULL, NULL, NULL, NULL, NULL, NULL, NULL, NULL),
(13102, 90, 38, NULL, NULL, NULL, NULL, NULL, NULL, NULL, NULL),
(13103, 90, 39, NULL, NULL, NULL, NULL, NULL, NULL, NULL, NULL),
(13104, 90, 40, NULL, NULL, NULL, NULL, NULL, NULL, NULL, NULL),
(13105, 90, 41, NULL, NULL, NULL, NULL, NULL, NULL, NULL, NULL),
(13106, 90, 42, NULL, NULL, NULL, NULL, NULL, NULL, NULL, NULL),
(13107, 90, 43, NULL, NULL, NULL, NULL, NULL, NULL, NULL, NULL),
(13148, 91, 34, NULL, NULL, NULL, NULL, NULL, NULL, NULL, NULL),
(13147, 91, 33, NULL, NULL, NULL, NULL, NULL, NULL, NULL, NULL),
(13146, 91, 32, NULL, NULL, NULL, NULL, NULL, NULL, NULL, NULL),
(13145, 91, 31, NULL, NULL, NULL, NULL, NULL, NULL, NULL, NULL),
(13144, 91, 30, NULL, NULL, NULL, NULL, NULL, NULL, NULL, NULL),
(13143, 91, 29, NULL, NULL, NULL, NULL, NULL, NULL, NULL, NULL),
(13142, 91, 28, NULL, NULL, NULL, NULL, NULL, NULL, NULL, NULL),
(13141, 91, 27, NULL, NULL, NULL, NULL, NULL, NULL, NULL, NULL),
(13140, 91, 26, NULL, NULL, NULL, NULL, NULL, NULL, NULL, NULL),
(13139, 91, 25, NULL, NULL, NULL, NULL, NULL, NULL, NULL, NULL),
(13138, 91, 24, NULL, NULL, NULL, NULL, NULL, NULL, NULL, NULL),
(13137, 91, 23, NULL, NULL, NULL, NULL, NULL, NULL, NULL, NULL),
(13136, 91, 22, NULL, NULL, NULL, NULL, NULL, NULL, NULL, NULL),
(13135, 91, 21, NULL, NULL, NULL, NULL, NULL, NULL, NULL, NULL),
(13134, 91, 20, NULL, NULL, NULL, NULL, NULL, NULL, NULL, NULL),
(13133, 91, 19, NULL, NULL, NULL, NULL, NULL, NULL, NULL, NULL),
(13366, 265, 27, NULL, NULL, NULL, NULL, NULL, NULL, NULL, NULL),
(13367, 265, 28, NULL, NULL, NULL, NULL, NULL, NULL, NULL, NULL),
(13368, 265, 29, NULL, NULL, NULL, NULL, NULL, NULL, NULL, NULL),
(13369, 265, 30, NULL, NULL, NULL, NULL, NULL, NULL, NULL, NULL),
(13370, 265, 31, NULL, NULL, NULL, NULL, NULL, NULL, NULL, NULL),
(13371, 265, 32, NULL, NULL, NULL, NULL, NULL, NULL, NULL, NULL),
(13372, 265, 33, NULL, NULL, NULL, NULL, NULL, NULL, NULL, NULL),
(13373, 265, 34, NULL, NULL, NULL, NULL, NULL, NULL, NULL, NULL),
(13374, 265, 35, NULL, NULL, NULL, NULL, NULL, NULL, NULL, NULL),
(13375, 265, 36, NULL, NULL, NULL, NULL, NULL, NULL, NULL, NULL),
(13376, 265, 37, NULL, NULL, NULL, NULL, NULL, NULL, NULL, NULL),
(13377, 265, 38, NULL, NULL, NULL, NULL, NULL, NULL, NULL, NULL),
(13378, 265, 39, NULL, NULL, NULL, NULL, NULL, NULL, NULL, NULL),
(13379, 265, 40, NULL, NULL, NULL, NULL, NULL, NULL, NULL, NULL),
(13380, 265, 41, NULL, NULL, NULL, NULL, NULL, NULL, NULL, NULL),
(13381, 265, 42, NULL, NULL, NULL, NULL, NULL, NULL, NULL, NULL),
(13382, 265, 43, NULL, NULL, NULL, NULL, NULL, NULL, NULL, NULL),
(16373, 102, 34, NULL, NULL, NULL, NULL, NULL, NULL, NULL, NULL),
(16372, 102, 33, NULL, NULL, NULL, NULL, NULL, NULL, NULL, NULL),
(16371, 102, 32, NULL, NULL, NULL, NULL, NULL, NULL, NULL, NULL),
(16370, 102, 31, NULL, NULL, NULL, NULL, NULL, NULL, NULL, NULL),
(16369, 102, 30, NULL, NULL, NULL, NULL, NULL, NULL, NULL, NULL),
(16368, 102, 29, NULL, NULL, NULL, NULL, NULL, NULL, NULL, NULL),
(16367, 102, 28, NULL, NULL, NULL, NULL, NULL, NULL, NULL, NULL),
(16366, 102, 27, NULL, NULL, NULL, NULL, NULL, NULL, NULL, NULL),
(16365, 102, 26, NULL, NULL, NULL, NULL, NULL, NULL, NULL, NULL),
(16364, 102, 25, NULL, NULL, NULL, NULL, NULL, NULL, NULL, NULL),
(16363, 102, 24, NULL, NULL, NULL, NULL, NULL, NULL, NULL, NULL),
(16362, 102, 23, NULL, NULL, NULL, NULL, NULL, NULL, NULL, NULL),
(16361, 102, 22, NULL, NULL, NULL, NULL, NULL, NULL, NULL, NULL),
(16360, 102, 21, NULL, NULL, NULL, NULL, NULL, NULL, NULL, NULL),
(16359, 102, 20, NULL, NULL, NULL, NULL, NULL, NULL, NULL, NULL),
(16358, 102, 19, NULL, NULL, NULL, NULL, NULL, NULL, NULL, NULL);

CREATE TABLE `va_cms_layouts` (
  `layout_id` int(11) NOT NULL AUTO_INCREMENT,
  `layout_name` varchar(255) DEFAULT NULL,
  `layout_order` int(11) DEFAULT '0',
  `layout_template` varchar(255) DEFAULT NULL,
  `admin_template` varchar(255) DEFAULT NULL,
  PRIMARY KEY (`layout_id`)
) ENGINE=MyISAM  DEFAULT CHARSET=utf8 AUTO_INCREMENT=6 ;

INSERT INTO `va_cms_layouts` (`layout_id`, `layout_name`, `layout_order`, `layout_template`, `admin_template`) VALUES
(1, 'THREE_COLUMNS_MSG', 1, 'layout_three_columns.html', 'admin_cms_columns3.html'),
(2, 'TWO_COLUMNS_MSG', 2, 'layout_two_columns.html', 'admin_cms_columns2.html'),
(3, 'ONE_COLUMN_MSG', 3, 'layout_one_column.html', 'admin_cms_column1.html'),
(4, 'HOT_LAYOUT_MSG', 4, 'layout_hot.html', 'admin_cms_hot_layout.html'),
(5, 'MULTI_LAYOUT_MSG', 5, 'vi_multi_layout.html', 'vi_admin_cms_multi_layout.html');

CREATE TABLE `va_cms_modules` (
  `module_id` int(11) NOT NULL AUTO_INCREMENT,
  `module_order` int(11) DEFAULT '0',
  `module_code` varchar(32) DEFAULT NULL,
  `module_name` varchar(255) DEFAULT NULL,
  PRIMARY KEY (`module_id`)
) ENGINE=MyISAM  DEFAULT CHARSET=utf8 AUTO_INCREMENT=16 ;

INSERT INTO `va_cms_modules` (`module_id`, `module_order`, `module_code`, `module_name`) VALUES
(1, 1, 'global', 'GLOBAL_MSG'),
(2, 2, 'cart', 'PRODUCTS_TITLE'),
(3, 3, 'articles', '{ARTICLES_TITLE}: {category_name}'),
(4, 4, 'helpdesk', 'HELPDESK_MSG'),
(5, 5, 'forum', 'FORUM_TITLE'),
(6, 6, 'ads', 'ADS_TITLE'),
(7, 7, 'manuals', 'MANUALS_TITLE'),
(8, 8, 'filters', 'FILTERS_MSG'),
(9, 9, 'custom_blocks', 'CUSTOM_BLOCKS_MSG'),
(10, 10, 'custom_menus', 'CUSTOM_MENUS_MSG'),
(11, 11, 'banners', 'BANNERS_MSG'),
(12, 12, 'user_account', 'USER_ACCOUNT_MSG'),
(13, 13, 'sliders', 'SLIDERS_MSG'),
(15, 14, 'social_media', 'SOCIAL_MEDIA_MSG');

CREATE TABLE `va_cms_pages` (
  `page_id` int(11) NOT NULL AUTO_INCREMENT,
  `module_id` int(11) DEFAULT '0',
  `page_order` int(11) DEFAULT '0',
  `page_code` varchar(32) DEFAULT NULL,
  `page_name` varchar(128) DEFAULT NULL,
  PRIMARY KEY (`page_id`),
  KEY `page_code` (`page_code`)
) ENGINE=MyISAM  DEFAULT CHARSET=utf8 AUTO_INCREMENT=85 ;

INSERT INTO `va_cms_pages` (`page_id`, `module_id`, `page_order`, `page_code`, `page_name`) VALUES
(1, 1, 1, 'index', 'HOME_PAGE_LAYOUT_MSG'),
(2, 1, 2, 'site_map', 'SITE_MAP_TITLE'),
(3, 1, 3, 'site_search', 'FULL_SITE_SEARCH_MSG'),
(4, 1, 4, 'custom_page', 'CUSTOM_PAGES_MSG'),
(5, 1, 5, 'forgot_password', 'FORGOTTEN_PASSWORD_MSG'),
(6, 1, 6, 'reset_password', 'RESET_PASSWORD_INFO_MSG'),
(7, 1, 7, 'polls', 'PREVIOUS_POLLS_MSG'),
(8, 2, 1, 'products_list', 'PRODUCTS_LISTING_PAGE_MSG'),
(9, 2, 2, 'products_search_results', 'PRODUCTS_SEARCH_RESULTS_MSG'),
(10, 2, 3, 'product_details', 'PRODUCTS_DETAILS_PAGE_MSG'),
(11, 2, 4, 'product_options', 'PRODUCT_OPTIONS_MSG'),
(12, 2, 5, 'products_compare', 'PRODUCTS_COMPARE_RESULTS_MSG'),
(13, 2, 6, 'products_search_advanced', 'ADVANCED_SEARCH_TITLE'),
(14, 2, 7, 'wishlist', 'WISHLIST_MSG'),
(15, 2, 8, 'products_releases', 'RELEASES_TITLE'),
(16, 2, 9, 'products_changes_log', 'CHANGES_LOG_TITLE'),
(17, 2, 10, 'cart', 'ADMIN_BASKET_MSG'),
(18, 2, 11, 'cart_save', 'SAVE_CART_BUTTON'),
(19, 2, 12, 'cart_retrieve', 'RETRIEVE_CART_BUTTON'),
(20, 2, 13, 'subscriptions', 'SUBSCRIPTIONS_MSG'),
(21, 2, 14, 'checkout', 'CHECKOUT_LOGIN_TITLE'),
(22, 2, 15, 'order_info', 'CHECKOUT_INFO_TITLE'),
(23, 2, 16, 'order_payment_details', 'CHECKOUT_PAYMENT_TITLE'),
(24, 2, 17, 'order_confirmation', 'CHECKOUT_CONFIRM_TITLE'),
(25, 2, 18, 'order_final', 'FINAL_CHECKOUT_PAGE_MSG'),
(26, 1, 9, 'user_login', 'LOGIN_TITLE'),
(27, 1, 10, 'user_profile', 'PROFILE_SETTINGS_INFO_MSG'),
(28, 12, 1, 'user_home', 'DEFAULT_USERHOME_PAGE_MSG'),
(29, 1, 11, 'user_products_list', 'USER_LISTING_PAGE_MSG'),
(30, 3, 1, 'articles_list', 'LISTING_PAGE_MSG'),
(31, 3, 2, 'article_details', 'DETAILS_PAGE_MSG'),
(32, 4, 1, 'ticket_new', 'NEW_TICKET_PAGE_MSG'),
(33, 4, 2, 'ticket_reply', 'REPLYING_TICKETS_MSG'),
(34, 5, 1, 'forum_list', 'FORUMS_LIST_PAGE_MSG'),
(35, 5, 2, 'forum_topics', 'FORUM_TOPICS_PAGE_MSG'),
(36, 5, 3, 'forum_topic', 'FORUM_TOPICS_THREAD_MSG'),
(37, 6, 1, 'ads_list', 'LISTING_PAGE_MSG'),
(38, 6, 2, 'ad_details', 'DETAILS_PAGE_MSG'),
(39, 6, 3, 'ads_compare', 'ADS_COMPARE_TITLE'),
(40, 6, 4, 'ads_search_advanced', 'ADS_ADVANCED_SEARCH_MSG'),
(41, 7, 1, 'manuals_list', 'MANUALS_LIST_PAGE_MSG'),
(42, 7, 2, 'manual_articles', 'MANUAL_ARTICLES_PAGE_MSG'),
(43, 7, 3, 'manual_article_details', 'MANUAL_ARTICLE_DETAILS_MSG'),
(44, 7, 4, 'manuals_search_results', 'MANUAL_SEARCH_MSG'),
(45, 2, 5, 'product_reviews', 'PRODUCTS_REVIEWS_MSG'),
(46, 3, 3, 'article_reviews', 'ARTICLES_REVIEWS_MSG'),
(47, 1, 8, 'download', 'DOWNLOAD_TITLE'),
(48, 5, 4, 'forum_topic_new', 'NEW_TOPIC_MSG'),
(49, 12, 2, 'user_account_profile', 'EDIT_PROFILE_MSG'),
(50, 12, 3, 'user_change_password', 'CHANGE_PASSWORD_MSG'),
(51, 12, 4, 'user_change_type', 'UPGRADE_DOWNGRADE_MSG'),
(52, 12, 5, 'user_carts', 'MY_SAVED_CARTS_MSG'),
(53, 12, 6, 'user_wishlist', 'MY_WISHLIST_MSG'),
(54, 12, 7, 'user_orders', '{MY_ORDERS_MSG}: {LIST_MSG}'),
(55, 12, 8, 'user_order', '{MY_ORDERS_MSG}: {VIEW_DETAILS_MSG}'),
(56, 12, 9, 'user_order_update', '{MY_ORDERS_MSG}:  {EDIT_MSG}'),
(57, 12, 10, 'user_support', 'MY_SUPPORT_ISSUES_MSG'),
(58, 12, 11, 'user_ads', '{MY_ADS_MSG}: {LIST_MSG}'),
(59, 12, 12, 'user_ad', '{MY_ADS_MSG}: {EDIT_MSG}'),
(60, 12, 13, 'user_affiliate_sales', 'AFFILIATE_SALES_MSG'),
(61, 12, 14, 'user_affiliate_items', '{AFFILIATE_SALES_MSG}: {PRODUCTS_LIST_MSG}'),
(62, 12, 15, 'user_products', '{MY_PRODUCTS_MSG}: {LIST_MSG}'),
(63, 12, 16, 'user_product', '{MY_PRODUCTS_MSG}: {EDIT_MSG}'),
(64, 12, 17, 'user_product_options', '{OPTIONS_AND_COMPONENTS_MSG}: {LIST_MSG}'),
(65, 12, 18, 'user_product_option', '{OPTIONS_AND_COMPONENTS_MSG}: {EDIT_OPTION_MSG}'),
(66, 12, 19, 'user_product_subcomponent', '{OPTIONS_AND_COMPONENTS_MSG}: {EDIT_SUBCOMP_MSG}'),
(67, 12, 20, 'user_product_subcomponents', '{OPTIONS_AND_COMPONENTS_MSG}: {EDIT_SUBCOMP_SELECTION_MSG}'),
(68, 12, 21, 'user_payments', '{COMMISSION_PAYMENTS_MSG}: {LIST_MSG}'),
(69, 12, 22, 'user_payment', '{COMMISSION_PAYMENTS_MSG}: {VIEW_DETAILS_MSG}'),
(70, 12, 23, 'user_merchant_orders', '{MY_SALES_ORDERS_MSG}: {LIST_MSG}'),
(71, 12, 24, 'user_merchant_order', '{MY_SALES_ORDERS_MSG}: {VIEW_DETAILS_MSG}'),
(72, 12, 25, 'user_merchant_sales', 'MERCHANT_SALES_MSG'),
(73, 12, 26, 'user_merchant_items', '{MERCHANT_SALES_MSG}: {PRODUCTS_LIST_MSG}'),
(74, 12, 27, 'user_reminders', '{MY_REMINDERS_MSG}: {LIST_MSG}'),
(75, 12, 28, 'user_reminder', '{MY_REMINDERS_MSG}: {EDIT_MSG}'),
(76, 12, 29, 'user_psd_list', '{PAYMENT_DETAILS_MSG}: {LIST_MSG}'),
(77, 12, 30, 'user_psd_update', '{PAYMENT_DETAILS_MSG}: {EDIT_MSG}'),
(78, 12, 31, 'user_product_registrations', 'MY_PRODUCT_REGISTRATIONS_MSG'),
(79, 12, 32, 'user_product_registration', 'REGISTER_PRODUCT_MSG'),
(80, 1, 12, 'contact_us', 'CONTACT_US_TITLE'),
(81, 1, 13, 'subscribe', 'SUBSCRIBE_TITLE'),
(82, 1, 14, 'unsubscribe', 'UNSUBSCRIBE_TITLE'),
(83, 12, 33, 'user_addresses', '{MY_ADDRESSES_MSG}: {LIST_MSG}'),
(84, 12, 34, 'user_address', '{MY_ADDRESSES_MSG}: {EDIT_MSG}');

CREATE TABLE `va_cms_pages_blocks` (
  `pb_id` int(11) NOT NULL AUTO_INCREMENT,
  `ps_id` int(11) DEFAULT '0',
  `block_id` int(11) DEFAULT '0',
  `block_key` varchar(32) DEFAULT NULL,
  `frame_id` int(11) DEFAULT '0',
  `block_order` int(11) DEFAULT '0',
  `tag_name` varchar(128) DEFAULT NULL,
  `html_template` varchar(128) DEFAULT NULL,
  `css_class` varchar(128) DEFAULT NULL,
  `block_style` text,
  `block_title` text,
  PRIMARY KEY (`pb_id`)
) ENGINE=MyISAM  DEFAULT CHARSET=utf8 AUTO_INCREMENT=9916 ;

INSERT INTO `va_cms_pages_blocks` (`pb_id`, `ps_id`, `block_id`, `block_key`, `frame_id`, `block_order`, `tag_name`, `html_template`, `css_class`, `block_style`, `block_title`) VALUES
(1, 1, 118, NULL, 1, 1, NULL, NULL, NULL, NULL, NULL),
(2, 1, 119, NULL, 5, 1, NULL, NULL, NULL, NULL, NULL),
(3, 1, 66, '1', 3, 0, NULL, NULL, NULL, NULL, NULL),
(4, 1, 68, '1', 3, 1, NULL, NULL, NULL, NULL, NULL),
(5, 1, 73, '1', 3, 2, NULL, NULL, NULL, NULL, NULL),
(6, 2, 118, NULL, 1, 1, NULL, NULL, NULL, NULL, NULL),
(7, 2, 119, NULL, 5, 1, NULL, NULL, NULL, NULL, NULL),
(8, 2, 66, '3', 3, 0, NULL, NULL, NULL, NULL, NULL),
(9, 2, 68, '3', 3, 1, NULL, NULL, NULL, NULL, NULL),
(10, 3, 118, NULL, 1, 1, NULL, NULL, NULL, NULL, NULL),
(11, 3, 119, NULL, 5, 1, NULL, NULL, NULL, NULL, NULL),
(12, 3, 66, '30', 3, 0, NULL, NULL, NULL, NULL, NULL),
(13, 3, 68, '30', 3, 1, NULL, NULL, NULL, NULL, NULL),
(14, 4, 118, NULL, 1, 1, NULL, NULL, NULL, NULL, NULL),
(15, 4, 119, NULL, 5, 1, NULL, NULL, NULL, NULL, NULL),
(16, 4, 68, '4', 3, 0, NULL, NULL, NULL, NULL, NULL),
(17, 5, 118, NULL, 1, 1, NULL, NULL, NULL, NULL, NULL),
(18, 5, 119, NULL, 5, 1, NULL, NULL, NULL, NULL, NULL),
(19, 5, 68, '5', 3, 0, NULL, NULL, NULL, NULL, NULL),
(20, 6, 118, NULL, 1, 1, NULL, NULL, NULL, NULL, NULL),
(21, 6, 119, NULL, 5, 1, NULL, NULL, NULL, NULL, NULL),
(22, 6, 66, '6', 3, 0, NULL, NULL, NULL, NULL, NULL),
(23, 6, 68, '6', 3, 1, NULL, NULL, NULL, NULL, NULL),
(24, 7, 118, NULL, 1, 1, NULL, NULL, NULL, NULL, NULL),
(25, 7, 119, NULL, 5, 1, NULL, NULL, NULL, NULL, NULL),
(26, 7, 66, '1', 3, 0, NULL, NULL, NULL, NULL, NULL),
(27, 7, 67, '1', 3, 1, NULL, NULL, NULL, NULL, NULL),
(28, 8, 118, NULL, 1, 1, NULL, NULL, NULL, NULL, NULL),
(29, 8, 119, NULL, 5, 1, NULL, NULL, NULL, NULL, NULL),
(30, 8, 66, '3', 3, 0, NULL, NULL, NULL, NULL, NULL),
(31, 8, 69, '3', 3, 1, NULL, NULL, NULL, NULL, NULL),
(32, 8, 67, '3', 3, 2, NULL, NULL, NULL, NULL, NULL),
(33, 9, 118, NULL, 1, 1, NULL, NULL, NULL, NULL, NULL),
(34, 9, 119, NULL, 5, 1, NULL, NULL, NULL, NULL, NULL),
(35, 9, 66, '30', 3, 0, NULL, NULL, NULL, NULL, NULL),
(36, 9, 67, '30', 3, 1, NULL, NULL, NULL, NULL, NULL),
(37, 10, 118, NULL, 1, 1, NULL, NULL, NULL, NULL, NULL),
(38, 10, 119, NULL, 5, 1, NULL, NULL, NULL, NULL, NULL),
(39, 10, 71, '4', 3, 0, NULL, NULL, NULL, NULL, NULL),
(40, 10, 67, '4', 3, 1, NULL, NULL, NULL, NULL, NULL),
(41, 11, 118, NULL, 1, 1, NULL, NULL, NULL, NULL, NULL),
(42, 11, 119, NULL, 5, 1, NULL, NULL, NULL, NULL, NULL),
(43, 11, 67, '5', 3, 0, NULL, NULL, NULL, NULL, NULL),
(44, 12, 118, NULL, 1, 1, NULL, NULL, NULL, NULL, NULL),
(45, 12, 119, NULL, 5, 1, NULL, NULL, NULL, NULL, NULL),
(46, 12, 66, '6', 3, 0, NULL, NULL, NULL, NULL, NULL),
(47, 12, 67, '6', 3, 1, NULL, NULL, NULL, NULL, NULL),
(7722, 13, 94, NULL, 27, 1, NULL, NULL, NULL, NULL, NULL),
(7721, 13, 98, NULL, 28, 1, NULL, NULL, NULL, NULL, NULL),
(7715, 14, 104, NULL, 31, 2, NULL, NULL, NULL, NULL, NULL),
(7714, 14, 106, NULL, 31, 1, NULL, NULL, NULL, NULL, NULL),
(7713, 14, 97, NULL, 30, 2, NULL, NULL, NULL, NULL, NULL),
(7712, 14, 93, NULL, 30, 1, NULL, NULL, NULL, NULL, NULL),
(7711, 14, 94, NULL, 29, 2, NULL, NULL, NULL, NULL, NULL),
(7710, 14, 95, NULL, 29, 1, NULL, NULL, NULL, NULL, NULL),
(7704, 15, 106, NULL, 31, 1, NULL, NULL, NULL, NULL, NULL),
(7703, 15, 96, NULL, 30, 2, NULL, NULL, NULL, NULL, NULL),
(7702, 15, 93, NULL, 30, 1, NULL, NULL, NULL, NULL, NULL),
(7701, 15, 94, NULL, 29, 2, NULL, NULL, NULL, NULL, NULL),
(7700, 15, 95, NULL, 29, 1, NULL, NULL, NULL, NULL, NULL),
(7729, 16, 94, NULL, 27, 1, NULL, NULL, NULL, NULL, NULL),
(7728, 16, 107, NULL, 28, 1, NULL, NULL, NULL, NULL, NULL),
(7563, 45, 59, NULL, 28, 2, NULL, NULL, NULL, NULL, NULL),
(9915, 17, 1, NULL, 43, 2, NULL, NULL, NULL, NULL, NULL),
(7562, 45, 60, NULL, 28, 1, NULL, NULL, NULL, NULL, NULL),
(7559, 18, 119, NULL, 39, 1, NULL, NULL, NULL, NULL, NULL),
(7551, 19, 119, NULL, 39, 1, NULL, NULL, NULL, NULL, NULL),
(7550, 19, 26, NULL, 28, 2, NULL, NULL, NULL, NULL, NULL),
(7719, 14, 173, NULL, 22, 1, NULL, NULL, NULL, NULL, NULL),
(7575, 20, 119, NULL, 39, 1, NULL, NULL, NULL, NULL, NULL),
(9800, 102, 58, NULL, 43, 1, NULL, NULL, NULL, NULL, NULL),
(7379, 21, 58, NULL, 43, 1, NULL, NULL, NULL, NULL, NULL),
(7369, 22, 58, NULL, 43, 1, NULL, NULL, NULL, NULL, NULL),
(7368, 22, 119, NULL, 39, 1, NULL, NULL, NULL, NULL, NULL),
(7706, 15, 166, NULL, 24, 1, NULL, NULL, NULL, NULL, NULL),
(7690, 24, 119, NULL, 39, 1, NULL, NULL, NULL, NULL, NULL),
(7689, 24, 39, NULL, 31, 1, NULL, NULL, NULL, NULL, NULL),
(7688, 24, 87, NULL, 30, 2, NULL, NULL, NULL, NULL, NULL),
(7681, 25, 119, NULL, 39, 1, NULL, NULL, NULL, NULL, NULL),
(7680, 25, 39, NULL, 31, 1, NULL, NULL, NULL, NULL, NULL),
(7751, 26, 156, NULL, 21, 1, NULL, NULL, NULL, NULL, NULL),
(7750, 26, 111, NULL, 28, 1, NULL, NULL, NULL, NULL, NULL),
(7749, 26, 112, NULL, 27, 1, NULL, NULL, NULL, NULL, NULL),
(7744, 27, 156, NULL, 21, 1, NULL, NULL, NULL, NULL, NULL),
(7743, 27, 110, NULL, 28, 1, NULL, NULL, NULL, NULL, NULL),
(7742, 27, 112, NULL, 27, 1, NULL, NULL, NULL, NULL, NULL),
(7737, 28, 156, NULL, 21, 1, NULL, NULL, NULL, NULL, NULL),
(7736, 28, 109, NULL, 28, 1, NULL, NULL, NULL, NULL, NULL),
(7735, 28, 112, NULL, 27, 1, NULL, NULL, NULL, NULL, NULL),
(7758, 29, 156, NULL, 21, 1, NULL, NULL, NULL, NULL, NULL),
(7757, 29, 113, NULL, 28, 1, NULL, NULL, NULL, NULL, NULL),
(7756, 29, 112, NULL, 27, 1, NULL, NULL, NULL, NULL, NULL),
(7717, 14, 119, NULL, 39, 1, NULL, NULL, NULL, NULL, NULL),
(7601, 30, 119, NULL, 39, 1, NULL, NULL, NULL, NULL, NULL),
(7600, 30, 55, NULL, 28, 3, NULL, NULL, NULL, NULL, NULL),
(7599, 30, 53, NULL, 28, 2, NULL, NULL, NULL, NULL, NULL),
(7417, 98, 119, NULL, 39, 1, NULL, NULL, NULL, NULL, NULL),
(7583, 32, 119, NULL, 39, 1, NULL, NULL, NULL, NULL, NULL),
(7582, 32, 54, NULL, 28, 2, NULL, NULL, NULL, NULL, NULL),
(7718, 14, 166, NULL, 24, 1, NULL, NULL, NULL, NULL, NULL),
(7592, 33, 119, NULL, 39, 1, NULL, NULL, NULL, NULL, NULL),
(7591, 33, 56, NULL, 28, 3, NULL, NULL, NULL, NULL, NULL),
(7590, 33, 53, NULL, 28, 2, NULL, NULL, NULL, NULL, NULL),
(7353, 34, 58, NULL, 43, 1, NULL, NULL, NULL, NULL, NULL),
(7352, 34, 119, NULL, 39, 1, NULL, NULL, NULL, NULL, NULL),
(7515, 40, 20, NULL, 27, 1, NULL, NULL, NULL, NULL, NULL),
(7503, 35, 119, NULL, 39, 1, NULL, NULL, NULL, NULL, NULL),
(7521, 36, 173, NULL, 22, 1, NULL, NULL, NULL, NULL, NULL),
(7520, 36, 172, NULL, 23, 1, NULL, NULL, NULL, NULL, NULL),
(7519, 36, 36, NULL, 28, 1, NULL, NULL, NULL, NULL, NULL),
(7517, 40, 156, NULL, 21, 1, NULL, NULL, NULL, NULL, NULL),
(3544, 104, 77, '31', 31, 2, NULL, NULL, NULL, NULL, NULL),
(9914, 17, 58, NULL, 43, 1, NULL, NULL, NULL, NULL, NULL),
(9913, 17, 119, NULL, 39, 1, NULL, NULL, NULL, NULL, NULL),
(9912, 17, 39, NULL, 31, 2, NULL, NULL, NULL, NULL, NULL),
(7522, 36, 20, NULL, 27, 1, NULL, NULL, NULL, NULL, NULL),
(8050, 265, 119, NULL, 39, 1, NULL, NULL, NULL, NULL, NULL),
(7514, 40, 173, NULL, 22, 1, NULL, NULL, NULL, NULL, NULL),
(7513, 40, 172, NULL, 23, 1, NULL, NULL, NULL, NULL, NULL),
(7512, 40, 43, NULL, 28, 1, NULL, NULL, NULL, NULL, NULL),
(7454, 41, 119, NULL, 39, 1, NULL, NULL, NULL, NULL, NULL),
(7453, 41, 41, NULL, 31, 2, NULL, NULL, NULL, NULL, NULL),
(7452, 41, 27, NULL, 31, 1, NULL, NULL, NULL, NULL, NULL),
(7451, 41, 18, NULL, 30, 2, NULL, NULL, NULL, NULL, NULL),
(7450, 41, 35, NULL, 30, 1, NULL, NULL, NULL, NULL, NULL),
(7449, 41, 29, NULL, 29, 2, NULL, NULL, NULL, NULL, NULL),
(7448, 41, 20, NULL, 29, 1, NULL, NULL, NULL, NULL, NULL),
(7361, 42, 58, NULL, 43, 1, NULL, NULL, NULL, NULL, NULL),
(7360, 42, 119, NULL, 39, 1, NULL, NULL, NULL, NULL, NULL),
(7511, 52, 119, NULL, 39, 1, NULL, NULL, NULL, NULL, NULL),
(9155, 49, 1, NULL, 43, 2, NULL, NULL, NULL, NULL, NULL),
(7271, 44, 58, NULL, 43, 1, NULL, NULL, NULL, NULL, NULL),
(7270, 44, 119, NULL, 39, 1, NULL, NULL, NULL, NULL, NULL),
(7561, 45, 173, NULL, 22, 1, NULL, NULL, NULL, NULL, NULL),
(7560, 45, 172, NULL, 23, 1, NULL, NULL, NULL, NULL, NULL),
(7708, 15, 172, NULL, 23, 1, NULL, NULL, NULL, NULL, NULL),
(7656, 46, 119, NULL, 39, 1, NULL, NULL, NULL, NULL, NULL),
(7707, 15, 119, NULL, 39, 1, NULL, NULL, NULL, NULL, NULL),
(7663, 47, 119, NULL, 39, 1, NULL, NULL, NULL, NULL, NULL),
(8755, 48, 119, NULL, 39, 1, NULL, NULL, NULL, NULL, NULL),
(8754, 48, 39, NULL, 31, 1, NULL, NULL, NULL, NULL, NULL),
(8753, 48, 18, NULL, 30, 3, NULL, NULL, NULL, NULL, NULL),
(8752, 48, 32, NULL, 30, 2, NULL, NULL, NULL, NULL, NULL),
(8751, 48, 35, NULL, 30, 1, NULL, NULL, NULL, NULL, NULL),
(8750, 48, 20, NULL, 29, 1, NULL, NULL, NULL, NULL, NULL),
(9154, 49, 58, NULL, 43, 1, NULL, NULL, NULL, NULL, NULL),
(9153, 49, 119, NULL, 39, 1, NULL, NULL, NULL, NULL, NULL),
(7398, 50, 58, NULL, 43, 1, NULL, NULL, NULL, NULL, NULL),
(7397, 50, 119, NULL, 39, 1, NULL, NULL, NULL, NULL, NULL),
(7396, 50, 39, NULL, 31, 1, NULL, NULL, NULL, NULL, NULL),
(9748, 268, 41, NULL, 31, 2, NULL, NULL, NULL, NULL, '[ru]Вы недавно смотрели[/ru][en]Recently Viewed[/en]'),
(7818, 72, 119, NULL, 39, 1, NULL, NULL, NULL, NULL, NULL),
(7510, 52, 46, NULL, 31, 1, NULL, NULL, NULL, NULL, NULL),
(7509, 52, 62, NULL, 30, 1, NULL, NULL, NULL, NULL, NULL),
(7508, 52, 20, NULL, 29, 1, NULL, NULL, NULL, NULL, NULL),
(7524, 36, 166, NULL, 24, 1, NULL, NULL, NULL, NULL, NULL),
(7516, 40, 166, NULL, 24, 1, NULL, NULL, NULL, NULL, NULL),
(7494, 58, 119, NULL, 39, 1, NULL, NULL, NULL, NULL, NULL),
(7493, 58, 39, NULL, 31, 1, NULL, NULL, NULL, NULL, NULL),
(275, 59, 118, NULL, 10, 1, NULL, NULL, NULL, NULL, NULL),
(276, 59, 119, NULL, 12, 1, NULL, NULL, NULL, NULL, NULL),
(277, 59, 121, '1', 11, 1, NULL, NULL, NULL, NULL, NULL),
(278, 60, 118, NULL, 10, 1, NULL, NULL, NULL, NULL, NULL),
(279, 60, 119, NULL, 12, 1, NULL, NULL, NULL, NULL, NULL),
(280, 60, 121, '3', 11, 1, NULL, NULL, NULL, NULL, NULL),
(281, 61, 118, NULL, 10, 1, NULL, NULL, NULL, NULL, NULL),
(282, 61, 119, NULL, 12, 1, NULL, NULL, NULL, NULL, NULL),
(283, 61, 121, '4', 11, 1, NULL, NULL, NULL, NULL, NULL),
(284, 62, 118, NULL, 10, 1, NULL, NULL, NULL, NULL, NULL),
(285, 62, 119, NULL, 12, 1, NULL, NULL, NULL, NULL, NULL),
(286, 62, 121, '5', 11, 1, NULL, NULL, NULL, NULL, NULL),
(287, 63, 118, NULL, 10, 1, NULL, NULL, NULL, NULL, NULL),
(288, 63, 119, NULL, 12, 1, NULL, NULL, NULL, NULL, NULL),
(289, 63, 121, '6', 11, 1, NULL, NULL, NULL, NULL, NULL),
(290, 64, 118, NULL, 10, 1, NULL, NULL, NULL, NULL, NULL),
(291, 64, 119, NULL, 12, 1, NULL, NULL, NULL, NULL, NULL),
(292, 64, 121, '30', 11, 1, NULL, NULL, NULL, NULL, NULL),
(7345, 65, 58, NULL, 43, 1, NULL, NULL, NULL, NULL, NULL),
(7344, 65, 119, NULL, 39, 1, NULL, NULL, NULL, NULL, NULL),
(7343, 65, 122, NULL, 28, 1, NULL, NULL, NULL, NULL, NULL),
(7705, 15, 156, NULL, 21, 1, NULL, NULL, NULL, NULL, NULL),
(7699, 66, 119, NULL, 39, 1, NULL, NULL, NULL, NULL, NULL),
(7698, 66, 46, NULL, 31, 1, NULL, NULL, NULL, NULL, NULL),
(9315, 99, 39, NULL, 31, 1, NULL, NULL, NULL, NULL, '[ru]Новые товары[/ru][en]New Arrivals[/en]'),
(7778, 67, 119, NULL, 39, 1, NULL, NULL, NULL, NULL, NULL),
(7777, 67, 124, NULL, 28, 2, NULL, NULL, NULL, NULL, NULL),
(7776, 67, 14, NULL, 28, 1, NULL, NULL, NULL, NULL, NULL),
(9316, 99, 119, NULL, 39, 1, NULL, NULL, NULL, NULL, NULL),
(7786, 68, 119, NULL, 39, 1, NULL, NULL, NULL, NULL, NULL),
(7785, 68, 125, NULL, 28, 2, NULL, NULL, NULL, NULL, NULL),
(7784, 68, 14, NULL, 28, 1, NULL, NULL, NULL, NULL, NULL),
(7794, 69, 119, NULL, 39, 1, NULL, NULL, NULL, NULL, NULL),
(7793, 69, 126, NULL, 28, 2, NULL, NULL, NULL, NULL, NULL),
(7792, 69, 14, NULL, 28, 1, NULL, NULL, NULL, NULL, NULL),
(9524, 38, 1, NULL, 43, 2, NULL, NULL, NULL, NULL, NULL),
(7802, 70, 119, NULL, 39, 1, NULL, NULL, NULL, NULL, NULL),
(7801, 70, 127, NULL, 28, 2, NULL, NULL, NULL, NULL, NULL),
(7800, 70, 14, NULL, 28, 1, NULL, NULL, NULL, NULL, NULL),
(9523, 38, 58, NULL, 43, 1, NULL, NULL, NULL, NULL, NULL),
(7810, 71, 119, NULL, 39, 1, NULL, NULL, NULL, NULL, NULL),
(7809, 71, 128, NULL, 28, 2, NULL, NULL, NULL, NULL, NULL),
(7808, 71, 14, NULL, 28, 1, NULL, NULL, NULL, NULL, NULL),
(7817, 72, 129, NULL, 28, 2, NULL, NULL, NULL, NULL, NULL),
(7816, 72, 14, NULL, 28, 1, NULL, NULL, NULL, NULL, NULL),
(7815, 72, 20, NULL, 27, 1, NULL, NULL, NULL, NULL, NULL),
(7814, 72, 166, NULL, 24, 1, NULL, NULL, NULL, NULL, NULL),
(7826, 73, 119, NULL, 39, 1, NULL, NULL, NULL, NULL, NULL),
(7825, 73, 130, NULL, 28, 2, NULL, NULL, NULL, NULL, NULL),
(7824, 73, 14, NULL, 28, 1, NULL, NULL, NULL, NULL, NULL),
(7834, 74, 119, NULL, 39, 1, NULL, NULL, NULL, NULL, NULL),
(7833, 74, 131, NULL, 28, 2, NULL, NULL, NULL, NULL, NULL),
(7832, 74, 14, NULL, 28, 1, NULL, NULL, NULL, NULL, NULL),
(7842, 75, 119, NULL, 39, 1, NULL, NULL, NULL, NULL, NULL),
(7841, 75, 132, NULL, 28, 2, NULL, NULL, NULL, NULL, NULL),
(7840, 75, 14, NULL, 28, 1, NULL, NULL, NULL, NULL, NULL),
(9760, 39, 18, NULL, 30, 3, NULL, NULL, NULL, NULL, NULL),
(7850, 76, 119, NULL, 39, 1, NULL, NULL, NULL, NULL, NULL),
(7849, 76, 133, NULL, 28, 2, NULL, NULL, NULL, NULL, NULL),
(7848, 76, 14, NULL, 28, 1, NULL, NULL, NULL, NULL, NULL),
(7890, 81, 20, NULL, 27, 1, NULL, NULL, NULL, NULL, NULL),
(7858, 77, 119, NULL, 39, 1, NULL, NULL, NULL, NULL, NULL),
(7857, 77, 134, NULL, 28, 2, NULL, NULL, NULL, NULL, NULL),
(7856, 77, 14, NULL, 28, 1, NULL, NULL, NULL, NULL, NULL),
(7889, 81, 173, NULL, 22, 1, NULL, NULL, NULL, NULL, NULL),
(7866, 78, 119, NULL, 39, 1, NULL, NULL, NULL, NULL, NULL),
(7865, 78, 135, NULL, 28, 2, NULL, NULL, NULL, NULL, NULL),
(7864, 78, 14, NULL, 28, 1, NULL, NULL, NULL, NULL, NULL),
(7888, 81, 172, NULL, 23, 1, NULL, NULL, NULL, NULL, NULL),
(7874, 79, 119, NULL, 39, 1, NULL, NULL, NULL, NULL, NULL),
(7873, 79, 136, NULL, 28, 2, NULL, NULL, NULL, NULL, NULL),
(7872, 79, 14, NULL, 28, 1, NULL, NULL, NULL, NULL, NULL),
(7887, 81, 138, NULL, 28, 2, NULL, NULL, NULL, NULL, NULL),
(7882, 80, 119, NULL, 39, 1, NULL, NULL, NULL, NULL, NULL),
(7881, 80, 137, NULL, 28, 2, NULL, NULL, NULL, NULL, NULL),
(7880, 80, 14, NULL, 28, 1, NULL, NULL, NULL, NULL, NULL),
(7886, 81, 14, NULL, 28, 1, NULL, NULL, NULL, NULL, NULL),
(7885, 81, 166, NULL, 24, 1, NULL, NULL, NULL, NULL, NULL),
(7884, 81, 119, NULL, 39, 1, NULL, NULL, NULL, NULL, NULL),
(7883, 81, 156, NULL, 21, 1, NULL, NULL, NULL, NULL, NULL),
(9761, 39, 39, NULL, 31, 1, NULL, NULL, NULL, NULL, '[ru]Новые товары[/ru][en]New Arrivals[/en]'),
(7898, 82, 119, NULL, 39, 1, NULL, NULL, NULL, NULL, NULL),
(7897, 82, 139, NULL, 28, 2, NULL, NULL, NULL, NULL, NULL),
(7896, 82, 14, NULL, 28, 1, NULL, NULL, NULL, NULL, NULL),
(7906, 83, 119, NULL, 39, 1, NULL, NULL, NULL, NULL, NULL),
(7905, 83, 140, NULL, 28, 2, NULL, NULL, NULL, NULL, NULL),
(7904, 83, 14, NULL, 28, 1, NULL, NULL, NULL, NULL, NULL),
(7914, 84, 119, NULL, 39, 1, NULL, NULL, NULL, NULL, NULL),
(7913, 84, 141, NULL, 28, 2, NULL, NULL, NULL, NULL, NULL),
(7912, 84, 14, NULL, 28, 1, NULL, NULL, NULL, NULL, NULL),
(7954, 89, 20, NULL, 27, 1, NULL, NULL, NULL, NULL, NULL),
(7922, 85, 119, NULL, 39, 1, NULL, NULL, NULL, NULL, NULL),
(7921, 85, 142, NULL, 28, 2, NULL, NULL, NULL, NULL, NULL),
(7920, 85, 14, NULL, 28, 1, NULL, NULL, NULL, NULL, NULL),
(7953, 89, 146, NULL, 28, 2, NULL, NULL, NULL, NULL, NULL),
(7930, 86, 119, NULL, 39, 1, NULL, NULL, NULL, NULL, NULL),
(7929, 86, 143, NULL, 28, 2, NULL, NULL, NULL, NULL, NULL),
(7928, 86, 14, NULL, 28, 1, NULL, NULL, NULL, NULL, NULL),
(7952, 89, 14, NULL, 28, 1, NULL, NULL, NULL, NULL, NULL),
(7938, 87, 119, NULL, 39, 1, NULL, NULL, NULL, NULL, NULL),
(7937, 87, 144, NULL, 28, 2, NULL, NULL, NULL, NULL, NULL),
(7936, 87, 14, NULL, 28, 1, NULL, NULL, NULL, NULL, NULL),
(7951, 89, 173, NULL, 22, 1, NULL, NULL, NULL, NULL, NULL),
(7946, 88, 119, NULL, 39, 1, NULL, NULL, NULL, NULL, NULL),
(7945, 88, 145, NULL, 28, 2, NULL, NULL, NULL, NULL, NULL),
(7944, 88, 14, NULL, 28, 1, NULL, NULL, NULL, NULL, NULL),
(7950, 89, 172, NULL, 23, 1, NULL, NULL, NULL, NULL, NULL),
(7949, 89, 119, NULL, 39, 1, NULL, NULL, NULL, NULL, NULL),
(7948, 89, 166, NULL, 24, 1, NULL, NULL, NULL, NULL, NULL),
(7947, 89, 156, NULL, 21, 1, NULL, NULL, NULL, NULL, NULL),
(9911, 17, 41, NULL, 31, 1, NULL, NULL, NULL, NULL, NULL),
(7962, 90, 119, NULL, 39, 1, NULL, NULL, NULL, NULL, NULL),
(7961, 90, 147, NULL, 28, 2, NULL, NULL, NULL, NULL, NULL),
(7960, 90, 14, NULL, 28, 1, NULL, NULL, NULL, NULL, NULL),
(7978, 91, 119, NULL, 39, 1, NULL, NULL, NULL, NULL, NULL),
(7977, 91, 148, NULL, 28, 2, NULL, NULL, NULL, NULL, NULL),
(7976, 91, 14, NULL, 28, 1, NULL, NULL, NULL, NULL, NULL),
(7986, 92, 119, NULL, 39, 1, NULL, NULL, NULL, NULL, NULL),
(7985, 92, 149, NULL, 28, 2, NULL, NULL, NULL, NULL, NULL),
(7984, 92, 14, NULL, 28, 1, NULL, NULL, NULL, NULL, NULL),
(7994, 93, 119, NULL, 39, 1, NULL, NULL, NULL, NULL, NULL),
(7993, 93, 150, NULL, 28, 2, NULL, NULL, NULL, NULL, NULL),
(7992, 93, 14, NULL, 28, 1, NULL, NULL, NULL, NULL, NULL),
(8002, 94, 119, NULL, 39, 1, NULL, NULL, NULL, NULL, NULL),
(8001, 94, 151, NULL, 28, 2, NULL, NULL, NULL, NULL, NULL),
(8000, 94, 14, NULL, 28, 1, NULL, NULL, NULL, NULL, NULL),
(8010, 95, 119, NULL, 39, 1, NULL, NULL, NULL, NULL, NULL),
(8009, 95, 152, NULL, 28, 2, NULL, NULL, NULL, NULL, NULL),
(8008, 95, 14, NULL, 28, 1, NULL, NULL, NULL, NULL, NULL),
(8018, 96, 119, NULL, 39, 1, NULL, NULL, NULL, NULL, NULL),
(8017, 96, 153, NULL, 28, 2, NULL, NULL, NULL, NULL, NULL),
(8016, 96, 14, NULL, 28, 1, NULL, NULL, NULL, NULL, NULL),
(8026, 97, 119, NULL, 39, 1, NULL, NULL, NULL, NULL, NULL),
(8025, 97, 154, NULL, 28, 2, NULL, NULL, NULL, NULL, NULL),
(8024, 97, 14, NULL, 28, 1, NULL, NULL, NULL, NULL, NULL),
(7416, 98, 41, NULL, 31, 1, NULL, NULL, NULL, NULL, NULL),
(7415, 98, 155, NULL, 30, 1, NULL, NULL, NULL, NULL, NULL),
(7414, 98, 20, NULL, 29, 1, NULL, NULL, NULL, NULL, NULL),
(2563, 101, 118, NULL, 24, 1, NULL, NULL, NULL, NULL, NULL),
(9313, 99, 69, '31', 30, 2, NULL, NULL, NULL, NULL, '[ru]Обзоры категории[/ru][en]Reviews Categories[/en]'),
(7716, 14, 156, NULL, 21, 1, NULL, NULL, NULL, NULL, NULL),
(9324, 100, 75, '31', 31, 1, NULL, NULL, NULL, NULL, '[ru]Вас может заинтересовать[/ru][en]Featured Items[/en]'),
(7523, 36, 156, NULL, 21, 1, NULL, NULL, NULL, NULL, NULL),
(9910, 17, 23, NULL, 30, 2, NULL, NULL, NULL, NULL, NULL),
(9152, 49, 39, NULL, 31, 1, NULL, NULL, NULL, NULL, NULL),
(9151, 49, 5, NULL, 30, 1, NULL, NULL, NULL, NULL, NULL),
(9150, 49, 20, NULL, 29, 1, NULL, NULL, NULL, NULL, NULL),
(7395, 50, 2, NULL, 30, 2, NULL, NULL, NULL, NULL, NULL),
(7394, 50, 14, NULL, 30, 1, NULL, NULL, NULL, NULL, NULL),
(7393, 50, 20, NULL, 29, 1, NULL, NULL, NULL, NULL, NULL),
(7655, 46, 81, NULL, 28, 1, NULL, NULL, NULL, NULL, NULL),
(7654, 46, 20, NULL, 27, 1, NULL, NULL, NULL, NULL, NULL),
(7653, 46, 166, NULL, 24, 1, NULL, NULL, NULL, NULL, NULL),
(7662, 47, 82, NULL, 28, 1, NULL, NULL, NULL, NULL, NULL),
(7661, 47, 20, NULL, 27, 1, NULL, NULL, NULL, NULL, NULL),
(7660, 47, 166, NULL, 24, 1, NULL, NULL, NULL, NULL, NULL),
(2562, 101, 16, NULL, 22, 1, NULL, NULL, NULL, NULL, NULL),
(2561, 101, 156, NULL, 21, 1, NULL, NULL, NULL, NULL, NULL),
(2560, 101, 39, NULL, 31, 1, NULL, NULL, NULL, NULL, NULL),
(2559, 101, 8, NULL, 30, 1, NULL, NULL, NULL, NULL, NULL),
(2558, 101, 20, NULL, 29, 1, NULL, NULL, NULL, NULL, NULL),
(9799, 102, 119, NULL, 39, 1, NULL, NULL, NULL, NULL, NULL),
(9798, 102, 39, NULL, 31, 1, NULL, NULL, NULL, NULL, NULL),
(9797, 102, 8, NULL, 30, 1, NULL, NULL, NULL, NULL, NULL),
(9796, 102, 20, NULL, 29, 1, NULL, NULL, NULL, NULL, NULL),
(9795, 102, 166, NULL, 24, 1, NULL, NULL, NULL, NULL, NULL),
(7672, 23, 119, NULL, 39, 1, NULL, NULL, NULL, NULL, NULL),
(7671, 23, 46, NULL, 31, 1, NULL, NULL, NULL, NULL, NULL),
(7670, 23, 84, NULL, 30, 2, NULL, NULL, NULL, NULL, NULL),
(7679, 25, 86, NULL, 30, 2, NULL, NULL, NULL, NULL, NULL),
(7678, 25, 83, NULL, 30, 1, NULL, NULL, NULL, NULL, NULL),
(7677, 25, 20, NULL, 29, 1, NULL, NULL, NULL, NULL, NULL),
(7687, 24, 83, NULL, 30, 1, NULL, NULL, NULL, NULL, NULL),
(7686, 24, 20, NULL, 29, 1, NULL, NULL, NULL, NULL, NULL),
(7685, 24, 166, NULL, 24, 1, NULL, NULL, NULL, NULL, NULL),
(7697, 66, 123, NULL, 30, 2, NULL, NULL, NULL, NULL, NULL),
(7696, 66, 83, NULL, 30, 1, NULL, NULL, NULL, NULL, NULL),
(7695, 66, 20, NULL, 29, 1, NULL, NULL, NULL, NULL, NULL),
(7581, 32, 50, NULL, 28, 1, NULL, NULL, NULL, NULL, NULL),
(7580, 32, 20, NULL, 27, 1, NULL, NULL, NULL, NULL, NULL),
(7579, 32, 166, NULL, 24, 1, NULL, NULL, NULL, NULL, NULL),
(9457, 31, 20, NULL, 27, 1, NULL, NULL, NULL, NULL, '[ru]Каталог[/ru][en]Catalog[/en]'),
(7574, 20, 52, NULL, 28, 2, NULL, NULL, NULL, NULL, NULL),
(7573, 20, 35, NULL, 28, 1, NULL, NULL, NULL, NULL, NULL),
(7572, 20, 20, NULL, 27, 1, NULL, NULL, NULL, NULL, NULL),
(7770, 51, 119, NULL, 39, 1, NULL, NULL, NULL, NULL, NULL),
(7775, 67, 20, NULL, 27, 1, NULL, NULL, NULL, NULL, NULL),
(7769, 51, 15, NULL, 28, 2, NULL, NULL, NULL, NULL, NULL),
(7768, 51, 14, NULL, 28, 1, NULL, NULL, NULL, NULL, NULL),
(7767, 51, 20, NULL, 27, 1, NULL, NULL, NULL, NULL, NULL),
(7766, 51, 166, NULL, 24, 1, NULL, NULL, NULL, NULL, NULL),
(3543, 104, 58, NULL, 43, 1, NULL, NULL, NULL, NULL, NULL),
(8049, 265, 169, NULL, 28, 2, NULL, NULL, NULL, NULL, NULL),
(8042, 264, 119, NULL, 39, 1, NULL, NULL, NULL, NULL, NULL),
(7709, 15, 173, NULL, 22, 1, NULL, NULL, NULL, NULL, NULL),
(8431, 103, 119, NULL, 39, 1, NULL, NULL, NULL, NULL, NULL),
(8430, 103, 75, '31', 31, 1, NULL, NULL, NULL, NULL, NULL),
(8429, 103, 121, '31', 30, 2, NULL, NULL, NULL, NULL, NULL),
(8428, 103, 66, '31', 30, 1, NULL, NULL, NULL, NULL, NULL),
(8427, 103, 20, NULL, 29, 1, NULL, NULL, NULL, NULL, NULL),
(8426, 103, 166, NULL, 24, 1, NULL, NULL, NULL, NULL, NULL),
(8425, 103, 172, NULL, 23, 1, NULL, NULL, NULL, NULL, NULL),
(8423, 103, 156, NULL, 21, 1, NULL, NULL, NULL, NULL, NULL),
(8424, 103, 174, '31', 22, 1, NULL, NULL, NULL, NULL, NULL),
(9522, 38, 119, NULL, 39, 1, NULL, NULL, NULL, NULL, NULL),
(9909, 17, 22, NULL, 30, 1, NULL, NULL, NULL, NULL, NULL),
(9908, 17, 20, NULL, 29, 1, NULL, NULL, NULL, NULL, NULL),
(9907, 17, 166, NULL, 24, 1, NULL, NULL, NULL, NULL, NULL),
(9906, 17, 172, NULL, 23, 1, NULL, NULL, NULL, NULL, NULL),
(9314, 99, 67, '31', 30, 3, NULL, NULL, NULL, NULL, '[ru]Обзоры[/ru][en]Reviews[/en]'),
(9312, 99, 66, '31', 30, 1, NULL, NULL, NULL, NULL, NULL),
(9311, 99, 29, NULL, 29, 2, NULL, NULL, NULL, NULL, NULL),
(9323, 100, 68, '31', 30, 2, NULL, NULL, NULL, NULL, NULL),
(9322, 100, 66, '31', 30, 1, NULL, NULL, NULL, NULL, NULL),
(7378, 21, 119, NULL, 39, 1, NULL, NULL, NULL, NULL, NULL),
(7377, 21, 39, NULL, 31, 1, NULL, NULL, NULL, NULL, NULL),
(7376, 21, 8, NULL, 30, 1, NULL, NULL, NULL, NULL, NULL),
(7375, 21, 29, NULL, 29, 2, NULL, NULL, NULL, NULL, NULL),
(7374, 21, 20, NULL, 29, 1, NULL, NULL, NULL, NULL, NULL),
(7373, 21, 166, NULL, 24, 1, NULL, NULL, NULL, NULL, NULL),
(7372, 21, 172, NULL, 23, 1, NULL, NULL, NULL, NULL, NULL),
(7371, 21, 173, NULL, 22, 1, NULL, NULL, NULL, NULL, NULL),
(7370, 21, 156, NULL, 21, 1, NULL, NULL, NULL, NULL, NULL),
(9794, 102, 172, NULL, 23, 1, NULL, NULL, NULL, NULL, NULL),
(9793, 102, 173, NULL, 22, 1, NULL, NULL, NULL, NULL, NULL),
(9792, 102, 156, NULL, 21, 1, NULL, NULL, NULL, NULL, NULL),
(7669, 23, 83, NULL, 30, 1, NULL, NULL, NULL, NULL, NULL),
(7668, 23, 20, NULL, 29, 1, NULL, NULL, NULL, NULL, NULL),
(7667, 23, 166, NULL, 24, 1, NULL, NULL, NULL, NULL, NULL),
(7666, 23, 172, NULL, 23, 1, NULL, NULL, NULL, NULL, NULL),
(7676, 25, 166, NULL, 24, 1, NULL, NULL, NULL, NULL, NULL),
(7675, 25, 172, NULL, 23, 1, NULL, NULL, NULL, NULL, NULL),
(7674, 25, 173, NULL, 22, 1, NULL, NULL, NULL, NULL, NULL),
(7673, 25, 156, NULL, 21, 1, NULL, NULL, NULL, NULL, NULL),
(7665, 23, 173, NULL, 22, 1, NULL, NULL, NULL, NULL, NULL),
(7664, 23, 156, NULL, 21, 1, NULL, NULL, NULL, NULL, NULL),
(7684, 24, 172, NULL, 23, 1, NULL, NULL, NULL, NULL, NULL),
(7683, 24, 173, NULL, 22, 1, NULL, NULL, NULL, NULL, NULL),
(7682, 24, 156, NULL, 21, 1, NULL, NULL, NULL, NULL, NULL),
(7694, 66, 166, NULL, 24, 1, NULL, NULL, NULL, NULL, NULL),
(7693, 66, 172, NULL, 23, 1, NULL, NULL, NULL, NULL, NULL),
(7692, 66, 173, NULL, 22, 1, NULL, NULL, NULL, NULL, NULL),
(7691, 66, 156, NULL, 21, 1, NULL, NULL, NULL, NULL, NULL),
(9149, 49, 166, NULL, 24, 1, NULL, NULL, NULL, NULL, NULL),
(9148, 49, 172, NULL, 23, 1, NULL, NULL, NULL, NULL, NULL),
(9147, 49, 173, NULL, 22, 1, NULL, NULL, NULL, NULL, NULL),
(9146, 49, 156, NULL, 21, 1, NULL, NULL, NULL, NULL, NULL),
(7392, 50, 166, NULL, 24, 1, NULL, NULL, NULL, NULL, NULL),
(7391, 50, 172, NULL, 23, 1, NULL, NULL, NULL, NULL, NULL),
(7390, 50, 173, NULL, 22, 1, NULL, NULL, NULL, NULL, NULL),
(7389, 50, 156, NULL, 21, 1, NULL, NULL, NULL, NULL, NULL),
(7765, 51, 172, NULL, 23, 1, NULL, NULL, NULL, NULL, NULL),
(7764, 51, 173, NULL, 22, 1, NULL, NULL, NULL, NULL, NULL),
(7763, 51, 156, NULL, 21, 1, NULL, NULL, NULL, NULL, NULL),
(7813, 72, 172, NULL, 23, 1, NULL, NULL, NULL, NULL, NULL),
(7812, 72, 173, NULL, 22, 1, NULL, NULL, NULL, NULL, NULL),
(7811, 72, 156, NULL, 21, 1, NULL, NULL, NULL, NULL, NULL),
(7823, 73, 20, NULL, 27, 1, NULL, NULL, NULL, NULL, NULL),
(7822, 73, 166, NULL, 24, 1, NULL, NULL, NULL, NULL, NULL),
(7821, 73, 172, NULL, 23, 1, NULL, NULL, NULL, NULL, NULL),
(7820, 73, 173, NULL, 22, 1, NULL, NULL, NULL, NULL, NULL),
(7819, 73, 156, NULL, 21, 1, NULL, NULL, NULL, NULL, NULL),
(7774, 67, 166, NULL, 24, 1, NULL, NULL, NULL, NULL, NULL),
(7773, 67, 172, NULL, 23, 1, NULL, NULL, NULL, NULL, NULL),
(7772, 67, 173, NULL, 22, 1, NULL, NULL, NULL, NULL, NULL),
(7771, 67, 156, NULL, 21, 1, NULL, NULL, NULL, NULL, NULL),
(7783, 68, 20, NULL, 27, 1, NULL, NULL, NULL, NULL, NULL),
(7782, 68, 166, NULL, 24, 1, NULL, NULL, NULL, NULL, NULL),
(7781, 68, 172, NULL, 23, 1, NULL, NULL, NULL, NULL, NULL),
(7780, 68, 173, NULL, 22, 1, NULL, NULL, NULL, NULL, NULL),
(7779, 68, 156, NULL, 21, 1, NULL, NULL, NULL, NULL, NULL),
(7831, 74, 20, NULL, 27, 1, NULL, NULL, NULL, NULL, NULL),
(7830, 74, 166, NULL, 24, 1, NULL, NULL, NULL, NULL, NULL),
(7829, 74, 172, NULL, 23, 1, NULL, NULL, NULL, NULL, NULL),
(7828, 74, 173, NULL, 22, 1, NULL, NULL, NULL, NULL, NULL),
(7827, 74, 156, NULL, 21, 1, NULL, NULL, NULL, NULL, NULL),
(8007, 95, 20, NULL, 27, 1, NULL, NULL, NULL, NULL, NULL),
(8006, 95, 166, NULL, 24, 1, NULL, NULL, NULL, NULL, NULL),
(8005, 95, 172, NULL, 23, 1, NULL, NULL, NULL, NULL, NULL),
(8004, 95, 173, NULL, 22, 1, NULL, NULL, NULL, NULL, NULL),
(8003, 95, 156, NULL, 21, 1, NULL, NULL, NULL, NULL, NULL),
(7999, 94, 20, NULL, 27, 1, NULL, NULL, NULL, NULL, NULL),
(7998, 94, 166, NULL, 24, 1, NULL, NULL, NULL, NULL, NULL),
(7997, 94, 172, NULL, 23, 1, NULL, NULL, NULL, NULL, NULL),
(7996, 94, 173, NULL, 22, 1, NULL, NULL, NULL, NULL, NULL),
(7995, 94, 156, NULL, 21, 1, NULL, NULL, NULL, NULL, NULL),
(7839, 75, 20, NULL, 27, 1, NULL, NULL, NULL, NULL, NULL),
(7838, 75, 166, NULL, 24, 1, NULL, NULL, NULL, NULL, NULL),
(7837, 75, 172, NULL, 23, 1, NULL, NULL, NULL, NULL, NULL),
(7836, 75, 173, NULL, 22, 1, NULL, NULL, NULL, NULL, NULL),
(7835, 75, 156, NULL, 21, 1, NULL, NULL, NULL, NULL, NULL),
(7652, 46, 172, NULL, 23, 1, NULL, NULL, NULL, NULL, NULL),
(7651, 46, 173, NULL, 22, 1, NULL, NULL, NULL, NULL, NULL),
(7650, 46, 156, NULL, 21, 1, NULL, NULL, NULL, NULL, NULL),
(7659, 47, 172, NULL, 23, 1, NULL, NULL, NULL, NULL, NULL),
(7658, 47, 173, NULL, 22, 1, NULL, NULL, NULL, NULL, NULL),
(7657, 47, 156, NULL, 21, 1, NULL, NULL, NULL, NULL, NULL),
(7847, 76, 20, NULL, 27, 1, NULL, NULL, NULL, NULL, NULL),
(7846, 76, 166, NULL, 24, 1, NULL, NULL, NULL, NULL, NULL),
(7845, 76, 172, NULL, 23, 1, NULL, NULL, NULL, NULL, NULL),
(7844, 76, 173, NULL, 22, 1, NULL, NULL, NULL, NULL, NULL),
(7843, 76, 156, NULL, 21, 1, NULL, NULL, NULL, NULL, NULL),
(7855, 77, 20, NULL, 27, 1, NULL, NULL, NULL, NULL, NULL),
(7854, 77, 166, NULL, 24, 1, NULL, NULL, NULL, NULL, NULL),
(7853, 77, 172, NULL, 23, 1, NULL, NULL, NULL, NULL, NULL),
(7852, 77, 173, NULL, 22, 1, NULL, NULL, NULL, NULL, NULL),
(7851, 77, 156, NULL, 21, 1, NULL, NULL, NULL, NULL, NULL),
(7927, 86, 20, NULL, 27, 1, NULL, NULL, NULL, NULL, NULL),
(7926, 86, 166, NULL, 24, 1, NULL, NULL, NULL, NULL, NULL),
(7925, 86, 172, NULL, 23, 1, NULL, NULL, NULL, NULL, NULL),
(7924, 86, 173, NULL, 22, 1, NULL, NULL, NULL, NULL, NULL),
(7923, 86, 156, NULL, 21, 1, NULL, NULL, NULL, NULL, NULL),
(7935, 87, 20, NULL, 27, 1, NULL, NULL, NULL, NULL, NULL),
(7934, 87, 166, NULL, 24, 1, NULL, NULL, NULL, NULL, NULL),
(7933, 87, 172, NULL, 23, 1, NULL, NULL, NULL, NULL, NULL),
(7932, 87, 173, NULL, 22, 1, NULL, NULL, NULL, NULL, NULL),
(7931, 87, 156, NULL, 21, 1, NULL, NULL, NULL, NULL, NULL),
(7799, 70, 20, NULL, 27, 1, NULL, NULL, NULL, NULL, NULL),
(7798, 70, 166, NULL, 24, 1, NULL, NULL, NULL, NULL, NULL),
(7797, 70, 172, NULL, 23, 1, NULL, NULL, NULL, NULL, NULL),
(7796, 70, 173, NULL, 22, 1, NULL, NULL, NULL, NULL, NULL),
(7795, 70, 156, NULL, 21, 1, NULL, NULL, NULL, NULL, NULL),
(7807, 71, 20, NULL, 27, 1, NULL, NULL, NULL, NULL, NULL),
(7806, 71, 166, NULL, 24, 1, NULL, NULL, NULL, NULL, NULL),
(7805, 71, 172, NULL, 23, 1, NULL, NULL, NULL, NULL, NULL),
(7804, 71, 173, NULL, 22, 1, NULL, NULL, NULL, NULL, NULL),
(7803, 71, 156, NULL, 21, 1, NULL, NULL, NULL, NULL, NULL),
(7983, 92, 20, NULL, 27, 1, NULL, NULL, NULL, NULL, NULL),
(7982, 92, 166, NULL, 24, 1, NULL, NULL, NULL, NULL, NULL),
(7981, 92, 172, NULL, 23, 1, NULL, NULL, NULL, NULL, NULL),
(7980, 92, 173, NULL, 22, 1, NULL, NULL, NULL, NULL, NULL),
(7979, 92, 156, NULL, 21, 1, NULL, NULL, NULL, NULL, NULL),
(7991, 93, 20, NULL, 27, 1, NULL, NULL, NULL, NULL, NULL),
(7990, 93, 166, NULL, 24, 1, NULL, NULL, NULL, NULL, NULL),
(7989, 93, 172, NULL, 23, 1, NULL, NULL, NULL, NULL, NULL),
(7988, 93, 173, NULL, 22, 1, NULL, NULL, NULL, NULL, NULL),
(7987, 93, 156, NULL, 21, 1, NULL, NULL, NULL, NULL, NULL),
(7549, 19, 35, NULL, 28, 1, NULL, NULL, NULL, NULL, NULL),
(7548, 19, 20, NULL, 27, 1, NULL, NULL, NULL, NULL, NULL),
(7547, 19, 166, NULL, 24, 1, NULL, NULL, NULL, NULL, NULL),
(7546, 19, 172, NULL, 23, 1, NULL, NULL, NULL, NULL, NULL),
(7545, 19, 173, NULL, 22, 1, NULL, NULL, NULL, NULL, NULL),
(7544, 19, 156, NULL, 21, 1, NULL, NULL, NULL, NULL, NULL),
(7571, 20, 166, NULL, 24, 1, NULL, NULL, NULL, NULL, NULL),
(7570, 20, 172, NULL, 23, 1, NULL, NULL, NULL, NULL, NULL),
(7569, 20, 173, NULL, 22, 1, NULL, NULL, NULL, NULL, NULL),
(7568, 20, 156, NULL, 21, 1, NULL, NULL, NULL, NULL, NULL),
(7578, 32, 172, NULL, 23, 1, NULL, NULL, NULL, NULL, NULL),
(7577, 32, 173, NULL, 22, 1, NULL, NULL, NULL, NULL, NULL),
(7576, 32, 156, NULL, 21, 1, NULL, NULL, NULL, NULL, NULL),
(7589, 33, 50, NULL, 28, 1, NULL, NULL, NULL, NULL, NULL),
(7588, 33, 20, NULL, 27, 1, NULL, NULL, NULL, NULL, NULL),
(7587, 33, 166, NULL, 24, 1, NULL, NULL, NULL, NULL, NULL),
(7586, 33, 172, NULL, 23, 1, NULL, NULL, NULL, NULL, NULL),
(7585, 33, 173, NULL, 22, 1, NULL, NULL, NULL, NULL, NULL),
(7584, 33, 156, NULL, 21, 1, NULL, NULL, NULL, NULL, NULL),
(7598, 30, 50, NULL, 28, 1, NULL, NULL, NULL, NULL, NULL),
(7597, 30, 20, NULL, 27, 1, NULL, NULL, NULL, NULL, NULL),
(7596, 30, 166, NULL, 24, 1, NULL, NULL, NULL, NULL, NULL),
(7595, 30, 172, NULL, 23, 1, NULL, NULL, NULL, NULL, NULL),
(7594, 30, 173, NULL, 22, 1, NULL, NULL, NULL, NULL, NULL),
(7593, 30, 156, NULL, 21, 1, NULL, NULL, NULL, NULL, NULL),
(9456, 31, 166, NULL, 24, 1, NULL, NULL, NULL, NULL, NULL),
(9455, 31, 172, NULL, 23, 1, NULL, NULL, NULL, NULL, NULL),
(9454, 31, 173, NULL, 22, 1, NULL, NULL, NULL, NULL, NULL),
(8015, 96, 20, NULL, 27, 1, NULL, NULL, NULL, NULL, NULL),
(8014, 96, 166, NULL, 24, 1, NULL, NULL, NULL, NULL, NULL),
(8013, 96, 172, NULL, 23, 1, NULL, NULL, NULL, NULL, NULL),
(8012, 96, 173, NULL, 22, 1, NULL, NULL, NULL, NULL, NULL),
(8011, 96, 156, NULL, 21, 1, NULL, NULL, NULL, NULL, NULL),
(8023, 97, 20, NULL, 27, 1, NULL, NULL, NULL, NULL, NULL),
(8022, 97, 166, NULL, 24, 1, NULL, NULL, NULL, NULL, NULL),
(8021, 97, 172, NULL, 23, 1, NULL, NULL, NULL, NULL, NULL),
(8020, 97, 173, NULL, 22, 1, NULL, NULL, NULL, NULL, NULL),
(8019, 97, 156, NULL, 21, 1, NULL, NULL, NULL, NULL, NULL),
(2564, 101, 119, NULL, 39, 1, NULL, NULL, NULL, NULL, NULL),
(2565, 101, 24, NULL, 23, 1, NULL, NULL, NULL, NULL, NULL),
(7558, 18, 25, NULL, 28, 2, NULL, NULL, NULL, NULL, NULL),
(7557, 18, 35, NULL, 28, 1, NULL, NULL, NULL, NULL, NULL),
(7556, 18, 20, NULL, 27, 1, NULL, NULL, NULL, NULL, NULL),
(7555, 18, 166, NULL, 24, 1, NULL, NULL, NULL, NULL, NULL),
(7554, 18, 172, NULL, 23, 1, NULL, NULL, NULL, NULL, NULL),
(7553, 18, 173, NULL, 22, 1, NULL, NULL, NULL, NULL, NULL),
(7552, 18, 156, NULL, 21, 1, NULL, NULL, NULL, NULL, NULL),
(9776, 53, 115, '5', 30, 4, NULL, NULL, NULL, NULL, NULL),
(9777, 53, 39, NULL, 31, 1, NULL, NULL, NULL, NULL, '[ru]Новинки[/ru][en]New Arrivals[/en]'),
(7507, 52, 166, NULL, 24, 1, NULL, NULL, NULL, NULL, NULL),
(9775, 53, 72, '31', 30, 3, NULL, NULL, NULL, NULL, '[ru]Анонсы обзоров[/ru][en]Hot Reviews[/en]'),
(7269, 44, 39, NULL, 31, 1, NULL, NULL, NULL, NULL, NULL),
(7268, 44, 17, NULL, 30, 1, NULL, NULL, NULL, NULL, NULL),
(7267, 44, 20, NULL, 29, 1, NULL, NULL, NULL, NULL, NULL),
(7266, 44, 166, NULL, 24, 1, NULL, NULL, NULL, NULL, NULL),
(7265, 44, 172, NULL, 23, 1, NULL, NULL, NULL, NULL, NULL),
(7264, 44, 173, NULL, 22, 1, NULL, NULL, NULL, NULL, NULL),
(7447, 41, 166, NULL, 24, 1, NULL, NULL, NULL, NULL, NULL),
(7446, 41, 172, NULL, 23, 1, NULL, NULL, NULL, NULL, NULL),
(7445, 41, 173, NULL, 22, 1, NULL, NULL, NULL, NULL, NULL),
(7444, 41, 156, NULL, 21, 1, NULL, NULL, NULL, NULL, NULL),
(7502, 35, 39, NULL, 31, 1, NULL, NULL, NULL, NULL, NULL),
(7501, 35, 28, NULL, 30, 2, NULL, NULL, NULL, NULL, NULL),
(7500, 35, 35, NULL, 30, 1, NULL, NULL, NULL, NULL, NULL),
(7499, 35, 20, NULL, 29, 1, NULL, NULL, NULL, NULL, NULL),
(7498, 35, 166, NULL, 24, 1, NULL, NULL, NULL, NULL, NULL),
(7497, 35, 172, NULL, 23, 1, NULL, NULL, NULL, NULL, NULL),
(7496, 35, 173, NULL, 22, 1, NULL, NULL, NULL, NULL, NULL),
(7495, 35, 156, NULL, 21, 1, NULL, NULL, NULL, NULL, NULL),
(7367, 22, 6, NULL, 28, 1, NULL, NULL, NULL, NULL, NULL),
(7366, 22, 20, NULL, 27, 1, NULL, NULL, NULL, NULL, NULL),
(7365, 22, 166, NULL, 24, 1, NULL, NULL, NULL, NULL, NULL),
(7364, 22, 172, NULL, 23, 1, NULL, NULL, NULL, NULL, NULL),
(7363, 22, 173, NULL, 22, 1, NULL, NULL, NULL, NULL, NULL),
(7362, 22, 156, NULL, 21, 1, NULL, NULL, NULL, NULL, NULL),
(7359, 42, 7, NULL, 28, 1, NULL, NULL, NULL, NULL, NULL),
(7358, 42, 20, NULL, 27, 1, NULL, NULL, NULL, NULL, NULL),
(7357, 42, 166, NULL, 24, 1, NULL, NULL, NULL, NULL, NULL),
(7356, 42, 172, NULL, 23, 1, NULL, NULL, NULL, NULL, NULL),
(7355, 42, 173, NULL, 22, 1, NULL, NULL, NULL, NULL, NULL),
(7354, 42, 156, NULL, 21, 1, NULL, NULL, NULL, NULL, NULL),
(7351, 34, 11, NULL, 28, 1, NULL, NULL, NULL, NULL, NULL),
(7350, 34, 20, NULL, 27, 1, NULL, NULL, NULL, NULL, NULL),
(7349, 34, 166, NULL, 24, 1, NULL, NULL, NULL, NULL, NULL),
(7348, 34, 172, NULL, 23, 1, NULL, NULL, NULL, NULL, NULL),
(7347, 34, 173, NULL, 22, 1, NULL, NULL, NULL, NULL, NULL),
(7346, 34, 156, NULL, 21, 1, NULL, NULL, NULL, NULL, NULL),
(7342, 65, 20, NULL, 27, 1, NULL, NULL, NULL, NULL, NULL),
(7341, 65, 166, NULL, 24, 1, NULL, NULL, NULL, NULL, NULL),
(7340, 65, 172, NULL, 23, 1, NULL, NULL, NULL, NULL, NULL),
(7339, 65, 173, NULL, 22, 1, NULL, NULL, NULL, NULL, NULL),
(7338, 65, 156, NULL, 21, 1, NULL, NULL, NULL, NULL, NULL),
(8749, 48, 166, NULL, 24, 1, NULL, NULL, NULL, NULL, NULL),
(8748, 48, 172, NULL, 23, 1, NULL, NULL, NULL, NULL, NULL),
(7492, 58, 120, NULL, 30, 2, NULL, NULL, NULL, NULL, NULL),
(7491, 58, 35, NULL, 30, 1, NULL, NULL, NULL, NULL, NULL),
(7490, 58, 20, NULL, 29, 1, NULL, NULL, NULL, NULL, NULL),
(7489, 58, 166, NULL, 24, 1, NULL, NULL, NULL, NULL, NULL),
(7488, 58, 172, NULL, 23, 1, NULL, NULL, NULL, NULL, NULL),
(7487, 58, 173, NULL, 22, 1, NULL, NULL, NULL, NULL, NULL),
(7486, 58, 156, NULL, 21, 1, NULL, NULL, NULL, NULL, NULL),
(8041, 264, 168, NULL, 28, 2, NULL, NULL, NULL, NULL, NULL),
(8040, 264, 14, NULL, 28, 1, NULL, NULL, NULL, NULL, NULL),
(9453, 31, 156, NULL, 21, 1, NULL, NULL, NULL, NULL, NULL),
(9521, 38, 64, NULL, 31, 3, NULL, NULL, NULL, NULL, '[ru]Обзоры[/ru][en]Reviews[/en]'),
(9520, 38, 39, NULL, 31, 2, NULL, NULL, NULL, NULL, '[ru]Новинки[/ru][en]New Arrivals[/en]'),
(9519, 38, 48, NULL, 31, 1, NULL, NULL, NULL, NULL, NULL),
(7413, 98, 166, NULL, 24, 1, NULL, NULL, NULL, NULL, NULL),
(8747, 48, 173, NULL, 22, 1, NULL, NULL, NULL, NULL, NULL),
(7506, 52, 172, NULL, 23, 1, NULL, NULL, NULL, NULL, NULL),
(7505, 52, 173, NULL, 22, 1, NULL, NULL, NULL, NULL, NULL),
(7504, 52, 156, NULL, 21, 1, NULL, NULL, NULL, NULL, NULL),
(9774, 53, 34, NULL, 30, 2, NULL, NULL, NULL, NULL, NULL),
(3545, 104, 119, NULL, 39, 1, NULL, NULL, NULL, NULL, NULL),
(3546, 104, 39, NULL, 31, 1, NULL, NULL, NULL, NULL, '[ru]Новые товары[/ru][en]New Arrivals[/en]'),
(3547, 104, 34, NULL, 30, 2, NULL, NULL, NULL, NULL, NULL),
(3548, 104, 72, '31', 30, 3, NULL, NULL, NULL, NULL, NULL),
(3549, 104, 157, '1', 30, 1, NULL, NULL, NULL, NULL, 'Хиты продаж'),
(3550, 104, 29, NULL, 29, 2, NULL, NULL, NULL, NULL, NULL),
(3551, 104, 20, NULL, 29, 1, NULL, NULL, NULL, NULL, NULL),
(3552, 104, 118, NULL, 24, 1, NULL, NULL, NULL, NULL, NULL),
(3553, 104, 24, NULL, 23, 1, NULL, NULL, NULL, NULL, NULL),
(3554, 104, 16, NULL, 22, 1, NULL, NULL, NULL, NULL, NULL),
(3555, 104, 156, NULL, 21, 1, NULL, NULL, NULL, NULL, NULL),
(3556, 105, 20, NULL, 27, 1, NULL, NULL, NULL, NULL, NULL),
(3557, 105, 119, NULL, 39, 1, NULL, NULL, NULL, NULL, NULL),
(3558, 105, 118, NULL, 24, 1, NULL, NULL, NULL, NULL, NULL),
(3559, 105, 16, NULL, 22, 1, NULL, NULL, NULL, NULL, NULL),
(3560, 105, 156, NULL, 21, 1, NULL, NULL, NULL, NULL, NULL),
(3561, 105, 12, NULL, 28, 1, NULL, NULL, NULL, NULL, NULL),
(3562, 105, 24, NULL, 23, 1, NULL, NULL, NULL, NULL, NULL),
(3563, 105, 58, NULL, 43, 1, NULL, NULL, NULL, NULL, NULL),
(3564, 106, 119, NULL, 39, 1, NULL, NULL, NULL, NULL, NULL),
(3565, 106, 118, NULL, 24, 1, NULL, NULL, NULL, NULL, NULL),
(3566, 106, 16, NULL, 22, 1, NULL, NULL, NULL, NULL, NULL),
(3567, 106, 156, NULL, 21, 1, NULL, NULL, NULL, NULL, NULL),
(3568, 106, 39, NULL, 31, 1, NULL, NULL, NULL, NULL, NULL),
(3569, 106, 17, NULL, 30, 1, NULL, NULL, NULL, NULL, NULL),
(3570, 106, 20, NULL, 29, 1, NULL, NULL, NULL, NULL, NULL),
(3571, 106, 24, NULL, 23, 1, NULL, NULL, NULL, NULL, NULL),
(3572, 106, 58, NULL, 43, 1, NULL, NULL, NULL, NULL, NULL),
(3573, 107, 58, NULL, 43, 1, NULL, NULL, NULL, NULL, NULL),
(3574, 107, 119, NULL, 39, 1, NULL, NULL, NULL, NULL, NULL),
(3575, 107, 39, NULL, 31, 1, NULL, NULL, NULL, NULL, NULL),
(3576, 107, 8, NULL, 30, 1, NULL, NULL, NULL, NULL, NULL),
(3577, 107, 29, NULL, 29, 2, NULL, NULL, NULL, NULL, NULL),
(3578, 107, 20, NULL, 29, 1, NULL, NULL, NULL, NULL, NULL),
(3579, 107, 118, NULL, 24, 1, NULL, NULL, NULL, NULL, NULL),
(3580, 107, 24, NULL, 23, 1, NULL, NULL, NULL, NULL, NULL),
(3581, 107, 16, NULL, 22, 1, NULL, NULL, NULL, NULL, NULL),
(3582, 107, 156, NULL, 21, 1, NULL, NULL, NULL, NULL, NULL),
(3583, 108, 156, NULL, 21, 1, NULL, NULL, NULL, NULL, NULL),
(3584, 108, 6, NULL, 28, 1, NULL, NULL, NULL, NULL, NULL),
(3585, 108, 16, NULL, 22, 1, NULL, NULL, NULL, NULL, NULL),
(3586, 108, 118, NULL, 24, 1, NULL, NULL, NULL, NULL, NULL),
(3587, 108, 119, NULL, 39, 1, NULL, NULL, NULL, NULL, NULL),
(3588, 108, 20, NULL, 27, 1, NULL, NULL, NULL, NULL, NULL),
(3589, 108, 24, NULL, 23, 1, NULL, NULL, NULL, NULL, NULL),
(3590, 108, 58, NULL, 43, 1, NULL, NULL, NULL, NULL, NULL),
(3591, 109, 156, NULL, 21, 1, NULL, NULL, NULL, NULL, NULL),
(3592, 109, 7, NULL, 28, 1, NULL, NULL, NULL, NULL, NULL),
(3593, 109, 16, NULL, 22, 1, NULL, NULL, NULL, NULL, NULL),
(3594, 109, 118, NULL, 24, 1, NULL, NULL, NULL, NULL, NULL),
(3595, 109, 119, NULL, 39, 1, NULL, NULL, NULL, NULL, NULL),
(3596, 109, 20, NULL, 27, 1, NULL, NULL, NULL, NULL, NULL),
(3597, 109, 24, NULL, 23, 1, NULL, NULL, NULL, NULL, NULL),
(3598, 109, 58, NULL, 43, 1, NULL, NULL, NULL, NULL, NULL),
(3599, 110, 16, NULL, 22, 1, NULL, NULL, NULL, NULL, NULL),
(3600, 110, 156, NULL, 21, 1, NULL, NULL, NULL, NULL, NULL),
(3601, 110, 118, NULL, 24, 1, NULL, NULL, NULL, NULL, NULL),
(3602, 110, 119, NULL, 39, 1, NULL, NULL, NULL, NULL, NULL),
(3603, 110, 11, NULL, 28, 1, NULL, NULL, NULL, NULL, NULL),
(3604, 110, 20, NULL, 27, 1, NULL, NULL, NULL, NULL, NULL),
(3605, 110, 24, NULL, 23, 1, NULL, NULL, NULL, NULL, NULL),
(3606, 110, 58, NULL, 43, 1, NULL, NULL, NULL, NULL, NULL),
(3607, 111, 16, NULL, 22, 1, NULL, NULL, NULL, NULL, NULL),
(3608, 111, 156, NULL, 21, 1, NULL, NULL, NULL, NULL, NULL),
(3609, 111, 122, NULL, 28, 1, NULL, NULL, NULL, NULL, NULL),
(3610, 111, 118, NULL, 24, 1, NULL, NULL, NULL, NULL, NULL),
(3611, 111, 119, NULL, 39, 1, NULL, NULL, NULL, NULL, NULL),
(3612, 111, 20, NULL, 27, 1, NULL, NULL, NULL, NULL, NULL),
(3613, 111, 24, NULL, 23, 1, NULL, NULL, NULL, NULL, NULL),
(3614, 111, 58, NULL, 43, 1, NULL, NULL, NULL, NULL, NULL),
(3615, 112, 16, NULL, 22, 1, NULL, NULL, NULL, NULL, NULL),
(3616, 112, 156, NULL, 21, 1, NULL, NULL, NULL, NULL, NULL),
(3617, 112, 39, NULL, 31, 1, NULL, NULL, NULL, NULL, NULL),
(3618, 112, 5, NULL, 30, 1, NULL, NULL, NULL, NULL, NULL),
(3619, 112, 20, NULL, 29, 1, NULL, NULL, NULL, NULL, NULL),
(3620, 112, 119, NULL, 39, 1, NULL, NULL, NULL, NULL, NULL),
(3621, 112, 24, NULL, 23, 1, NULL, NULL, NULL, NULL, NULL),
(3622, 112, 58, NULL, 43, 1, NULL, NULL, NULL, NULL, NULL),
(3623, 112, 118, NULL, 24, 1, NULL, NULL, NULL, NULL, NULL),
(3624, 113, 58, NULL, 43, 1, NULL, NULL, NULL, NULL, NULL),
(3625, 113, 24, NULL, 23, 1, NULL, NULL, NULL, NULL, NULL),
(3626, 113, 119, NULL, 39, 1, NULL, NULL, NULL, NULL, NULL),
(3627, 113, 118, NULL, 24, 1, NULL, NULL, NULL, NULL, NULL),
(3628, 113, 16, NULL, 22, 1, NULL, NULL, NULL, NULL, NULL),
(3629, 113, 156, NULL, 21, 1, NULL, NULL, NULL, NULL, NULL),
(3630, 113, 39, NULL, 31, 1, NULL, NULL, NULL, NULL, NULL),
(3631, 113, 2, NULL, 30, 2, NULL, NULL, NULL, NULL, NULL),
(3632, 113, 14, NULL, 30, 1, NULL, NULL, NULL, NULL, NULL),
(3633, 113, 20, NULL, 29, 1, NULL, NULL, NULL, NULL, NULL),
(3634, 114, 16, NULL, 22, 1, NULL, NULL, NULL, NULL, NULL),
(3635, 114, 156, NULL, 21, 1, NULL, NULL, NULL, NULL, NULL),
(3636, 114, 39, NULL, 31, 1, NULL, NULL, NULL, NULL, NULL),
(3637, 114, 32, NULL, 30, 2, NULL, NULL, NULL, NULL, NULL),
(3638, 114, 35, NULL, 30, 1, NULL, NULL, NULL, NULL, NULL),
(3639, 114, 20, NULL, 29, 1, NULL, NULL, NULL, NULL, NULL),
(3640, 114, 118, NULL, 24, 1, NULL, NULL, NULL, NULL, NULL),
(3641, 114, 119, NULL, 39, 1, NULL, NULL, NULL, NULL, NULL),
(3642, 115, 119, NULL, 5, 1, NULL, NULL, NULL, NULL, NULL),
(3643, 115, 155, NULL, 3, 1, NULL, NULL, NULL, NULL, NULL),
(3644, 115, 118, NULL, 1, 1, NULL, NULL, NULL, NULL, NULL),
(3645, 116, 58, NULL, 43, 1, NULL, NULL, NULL, NULL, NULL),
(3646, 116, 119, NULL, 39, 1, NULL, NULL, NULL, NULL, NULL),
(3647, 116, 41, NULL, 31, 2, NULL, NULL, NULL, NULL, NULL),
(3648, 116, 39, NULL, 31, 1, NULL, NULL, NULL, NULL, NULL),
(3649, 116, 18, NULL, 30, 3, NULL, NULL, NULL, NULL, NULL),
(3650, 116, 114, '1', 30, 2, NULL, NULL, NULL, 'title display:none;', NULL),
(3651, 116, 35, NULL, 30, 1, NULL, NULL, NULL, NULL, NULL),
(3652, 116, 29, NULL, 29, 2, NULL, NULL, NULL, NULL, NULL),
(3653, 116, 20, NULL, 29, 1, NULL, NULL, NULL, NULL, NULL),
(3654, 116, 118, NULL, 24, 1, NULL, NULL, NULL, NULL, NULL),
(3655, 116, 24, NULL, 23, 1, NULL, NULL, NULL, NULL, NULL),
(3656, 116, 16, NULL, 22, 1, NULL, NULL, NULL, NULL, NULL),
(3657, 116, 156, NULL, 21, 1, NULL, NULL, NULL, NULL, NULL),
(3658, 117, 118, NULL, 24, 1, NULL, NULL, NULL, NULL, NULL),
(3659, 117, 119, NULL, 39, 1, NULL, NULL, NULL, NULL, NULL),
(3660, 117, 16, NULL, 22, 1, NULL, NULL, NULL, NULL, NULL),
(3661, 117, 156, NULL, 21, 1, NULL, NULL, NULL, NULL, NULL),
(3662, 117, 58, NULL, 43, 1, NULL, NULL, NULL, NULL, NULL),
(3663, 117, 24, NULL, 23, 1, NULL, NULL, NULL, NULL, NULL),
(3664, 117, 41, NULL, 31, 2, NULL, NULL, NULL, NULL, NULL),
(3665, 117, 27, NULL, 31, 1, NULL, NULL, NULL, NULL, NULL),
(3666, 117, 18, NULL, 30, 2, NULL, NULL, NULL, NULL, NULL),
(3667, 117, 35, NULL, 30, 1, NULL, NULL, NULL, NULL, NULL),
(3668, 117, 29, NULL, 29, 2, NULL, NULL, NULL, NULL, NULL),
(3669, 117, 20, NULL, 29, 1, NULL, NULL, NULL, NULL, NULL),
(3670, 118, 58, NULL, 43, 1, NULL, NULL, NULL, NULL, NULL),
(3671, 118, 119, NULL, 39, 1, NULL, NULL, NULL, NULL, NULL),
(3672, 118, 64, NULL, 31, 3, NULL, NULL, NULL, NULL, NULL),
(3673, 118, 39, NULL, 31, 2, NULL, NULL, NULL, NULL, NULL),
(3674, 118, 48, NULL, 31, 1, NULL, NULL, NULL, NULL, NULL),
(3675, 118, 19, NULL, 30, 2, NULL, NULL, NULL, NULL, NULL),
(3676, 118, 35, NULL, 30, 1, NULL, NULL, NULL, NULL, NULL),
(3677, 118, 29, NULL, 29, 2, NULL, NULL, NULL, NULL, NULL),
(3678, 118, 20, NULL, 29, 1, NULL, NULL, NULL, NULL, NULL),
(3679, 118, 118, NULL, 24, 1, NULL, NULL, NULL, NULL, NULL),
(3680, 118, 24, NULL, 23, 1, NULL, NULL, NULL, NULL, NULL),
(3681, 118, 16, NULL, 22, 1, NULL, NULL, NULL, NULL, NULL),
(3682, 118, 156, NULL, 21, 1, NULL, NULL, NULL, NULL, NULL),
(3683, 119, 118, NULL, 1, 1, NULL, NULL, NULL, NULL, NULL),
(3684, 119, 119, NULL, 5, 1, NULL, NULL, NULL, NULL, NULL),
(3685, 119, 37, NULL, 3, 0, NULL, NULL, NULL, NULL, NULL),
(3686, 120, 20, NULL, 29, 1, NULL, NULL, NULL, NULL, NULL),
(3687, 120, 120, NULL, 30, 2, NULL, NULL, NULL, NULL, NULL),
(3688, 120, 35, NULL, 30, 1, NULL, NULL, NULL, NULL, NULL),
(3689, 120, 39, NULL, 31, 1, NULL, NULL, NULL, NULL, NULL),
(3690, 120, 24, NULL, 23, 1, NULL, NULL, NULL, NULL, NULL),
(3691, 120, 58, NULL, 43, 1, NULL, NULL, NULL, NULL, NULL),
(3692, 120, 156, NULL, 21, 1, NULL, NULL, NULL, NULL, NULL),
(3693, 120, 16, NULL, 22, 1, NULL, NULL, NULL, NULL, NULL),
(3694, 120, 118, NULL, 24, 1, NULL, NULL, NULL, NULL, NULL),
(3695, 120, 119, NULL, 39, 1, NULL, NULL, NULL, NULL, NULL),
(3696, 121, 35, NULL, 30, 1, NULL, NULL, NULL, NULL, NULL),
(3697, 121, 20, NULL, 29, 1, NULL, NULL, NULL, NULL, NULL),
(3698, 121, 28, NULL, 30, 2, NULL, NULL, NULL, NULL, NULL),
(3699, 121, 39, NULL, 31, 1, NULL, NULL, NULL, NULL, NULL),
(3700, 121, 24, NULL, 23, 1, NULL, NULL, NULL, NULL, NULL),
(3701, 121, 58, NULL, 43, 1, NULL, NULL, NULL, NULL, NULL),
(3702, 121, 156, NULL, 21, 1, NULL, NULL, NULL, NULL, NULL),
(3703, 121, 16, NULL, 22, 1, NULL, NULL, NULL, NULL, NULL),
(3704, 121, 118, NULL, 24, 1, NULL, NULL, NULL, NULL, NULL),
(3705, 121, 119, NULL, 39, 1, NULL, NULL, NULL, NULL, NULL),
(3706, 122, 118, NULL, 1, 1, NULL, NULL, NULL, NULL, NULL),
(3707, 122, 119, NULL, 5, 1, NULL, NULL, NULL, NULL, NULL),
(3708, 122, 62, NULL, 3, 1, NULL, NULL, NULL, NULL, NULL),
(3709, 122, 63, NULL, 3, 0, NULL, NULL, NULL, NULL, NULL),
(3710, 123, 118, NULL, 1, 1, NULL, NULL, NULL, NULL, NULL),
(3711, 123, 119, NULL, 5, 1, NULL, NULL, NULL, NULL, NULL),
(3712, 123, 43, NULL, 3, 0, NULL, NULL, NULL, NULL, NULL),
(3713, 124, 118, NULL, 1, 1, NULL, NULL, NULL, NULL, NULL),
(3714, 124, 119, NULL, 5, 1, NULL, NULL, NULL, NULL, NULL),
(3715, 124, 36, NULL, 3, 0, NULL, NULL, NULL, NULL, NULL),
(3716, 125, 58, NULL, 43, 1, NULL, NULL, NULL, NULL, NULL),
(3717, 125, 119, NULL, 39, 1, NULL, NULL, NULL, NULL, NULL),
(3718, 125, 39, NULL, 31, 2, NULL, NULL, NULL, NULL, NULL),
(3719, 125, 41, NULL, 31, 1, NULL, NULL, NULL, NULL, NULL),
(3720, 125, 22, NULL, 30, 1, NULL, NULL, NULL, NULL, NULL),
(3721, 125, 20, NULL, 29, 1, NULL, NULL, NULL, NULL, NULL),
(3722, 125, 118, NULL, 24, 1, NULL, NULL, NULL, NULL, NULL),
(3723, 125, 24, NULL, 23, 1, NULL, NULL, NULL, NULL, NULL),
(3724, 125, 16, NULL, 22, 1, NULL, NULL, NULL, NULL, NULL),
(3725, 125, 156, NULL, 21, 1, NULL, NULL, NULL, NULL, NULL),
(3726, 126, 20, NULL, 27, 1, NULL, NULL, NULL, NULL, NULL),
(3727, 126, 26, NULL, 28, 2, NULL, NULL, NULL, NULL, NULL),
(3728, 126, 35, NULL, 28, 1, NULL, NULL, NULL, NULL, NULL),
(3729, 126, 24, NULL, 23, 1, NULL, NULL, NULL, NULL, NULL),
(3730, 126, 58, NULL, 43, 1, NULL, NULL, NULL, NULL, NULL),
(3731, 126, 156, NULL, 21, 1, NULL, NULL, NULL, NULL, NULL),
(3732, 126, 16, NULL, 22, 1, NULL, NULL, NULL, NULL, NULL),
(3733, 126, 118, NULL, 24, 1, NULL, NULL, NULL, NULL, NULL),
(3734, 126, 119, NULL, 39, 1, NULL, NULL, NULL, NULL, NULL),
(3735, 127, 25, NULL, 28, 2, NULL, NULL, NULL, NULL, NULL),
(3736, 127, 35, NULL, 28, 1, NULL, NULL, NULL, NULL, NULL),
(3737, 127, 20, NULL, 27, 1, NULL, NULL, NULL, NULL, NULL),
(3738, 127, 24, NULL, 23, 1, NULL, NULL, NULL, NULL, NULL),
(3739, 127, 58, NULL, 43, 1, NULL, NULL, NULL, NULL, NULL),
(3740, 127, 156, NULL, 21, 1, NULL, NULL, NULL, NULL, NULL),
(3741, 127, 16, NULL, 22, 1, NULL, NULL, NULL, NULL, NULL),
(3742, 127, 118, NULL, 24, 1, NULL, NULL, NULL, NULL, NULL),
(3743, 127, 119, NULL, 39, 1, NULL, NULL, NULL, NULL, NULL),
(3744, 128, 118, NULL, 1, 1, NULL, NULL, NULL, NULL, NULL),
(3745, 128, 119, NULL, 5, 1, NULL, NULL, NULL, NULL, NULL),
(3746, 128, 59, NULL, 3, 0, NULL, NULL, NULL, NULL, NULL),
(3747, 129, 58, NULL, 43, 1, NULL, NULL, NULL, NULL, NULL),
(3748, 129, 24, NULL, 23, 1, NULL, NULL, NULL, NULL, NULL),
(3749, 129, 20, NULL, 27, 1, NULL, NULL, NULL, NULL, NULL),
(3750, 129, 52, NULL, 28, 2, NULL, NULL, NULL, NULL, NULL),
(3751, 129, 35, NULL, 28, 1, NULL, NULL, NULL, NULL, NULL),
(3752, 129, 156, NULL, 21, 1, NULL, NULL, NULL, NULL, NULL),
(3753, 129, 16, NULL, 22, 1, NULL, NULL, NULL, NULL, NULL),
(3754, 129, 118, NULL, 24, 1, NULL, NULL, NULL, NULL, NULL),
(3755, 129, 119, NULL, 39, 1, NULL, NULL, NULL, NULL, NULL),
(3756, 130, 156, NULL, 21, 1, NULL, NULL, NULL, NULL, NULL),
(3757, 130, 58, NULL, 43, 1, NULL, NULL, NULL, NULL, NULL),
(3758, 130, 24, NULL, 23, 1, NULL, NULL, NULL, NULL, NULL),
(3759, 130, 20, NULL, 27, 1, NULL, NULL, NULL, NULL, NULL),
(3760, 130, 54, NULL, 28, 2, NULL, NULL, NULL, NULL, NULL),
(3761, 130, 50, NULL, 28, 1, NULL, NULL, NULL, NULL, NULL),
(3762, 130, 16, NULL, 22, 1, NULL, NULL, NULL, NULL, NULL),
(3763, 130, 118, NULL, 24, 1, NULL, NULL, NULL, NULL, NULL),
(3764, 130, 119, NULL, 39, 1, NULL, NULL, NULL, NULL, NULL),
(3765, 131, 20, NULL, 27, 1, NULL, NULL, NULL, NULL, NULL),
(3766, 131, 56, NULL, 28, 3, NULL, NULL, NULL, NULL, NULL),
(3767, 131, 53, NULL, 28, 2, NULL, NULL, NULL, NULL, NULL),
(3768, 131, 50, NULL, 28, 1, NULL, NULL, NULL, NULL, NULL),
(3769, 131, 24, NULL, 23, 1, NULL, NULL, NULL, NULL, NULL),
(3770, 131, 58, NULL, 43, 1, NULL, NULL, NULL, NULL, NULL),
(3771, 131, 156, NULL, 21, 1, NULL, NULL, NULL, NULL, NULL),
(3772, 131, 16, NULL, 22, 1, NULL, NULL, NULL, NULL, NULL),
(3773, 131, 118, NULL, 24, 1, NULL, NULL, NULL, NULL, NULL),
(3774, 131, 119, NULL, 39, 1, NULL, NULL, NULL, NULL, NULL),
(3775, 132, 20, NULL, 27, 1, NULL, NULL, NULL, NULL, NULL),
(3776, 132, 55, NULL, 28, 3, NULL, NULL, NULL, NULL, NULL),
(3777, 132, 53, NULL, 28, 2, NULL, NULL, NULL, NULL, NULL),
(3778, 132, 50, NULL, 28, 1, NULL, NULL, NULL, NULL, NULL),
(3779, 132, 24, NULL, 23, 1, NULL, NULL, NULL, NULL, NULL),
(3780, 132, 58, NULL, 43, 1, NULL, NULL, NULL, NULL, NULL),
(3781, 132, 156, NULL, 21, 1, NULL, NULL, NULL, NULL, NULL),
(3782, 132, 16, NULL, 22, 1, NULL, NULL, NULL, NULL, NULL),
(3783, 132, 118, NULL, 24, 1, NULL, NULL, NULL, NULL, NULL),
(3784, 132, 119, NULL, 39, 1, NULL, NULL, NULL, NULL, NULL),
(3785, 133, 156, NULL, 21, 1, NULL, NULL, NULL, NULL, NULL),
(3786, 133, 58, NULL, 43, 1, NULL, NULL, NULL, NULL, NULL),
(3787, 133, 24, NULL, 23, 1, NULL, NULL, NULL, NULL, NULL),
(3788, 133, 20, NULL, 27, 1, NULL, NULL, NULL, NULL, NULL),
(3789, 133, 51, NULL, 28, 1, NULL, NULL, NULL, NULL, NULL);
INSERT INTO `va_cms_pages_blocks` (`pb_id`, `ps_id`, `block_id`, `block_key`, `frame_id`, `block_order`, `tag_name`, `html_template`, `css_class`, `block_style`, `block_title`) VALUES
(3790, 133, 16, NULL, 22, 1, NULL, NULL, NULL, NULL, NULL),
(3791, 133, 118, NULL, 24, 1, NULL, NULL, NULL, NULL, NULL),
(3792, 133, 119, NULL, 39, 1, NULL, NULL, NULL, NULL, NULL),
(3793, 134, 24, NULL, 23, 1, NULL, NULL, NULL, NULL, NULL),
(3794, 134, 118, NULL, 24, 1, NULL, NULL, NULL, NULL, NULL),
(3795, 134, 16, NULL, 22, 1, NULL, NULL, NULL, NULL, NULL),
(3796, 134, 119, NULL, 39, 1, NULL, NULL, NULL, NULL, NULL),
(3797, 134, 156, NULL, 21, 1, NULL, NULL, NULL, NULL, NULL),
(3798, 134, 39, NULL, 31, 1, NULL, NULL, NULL, NULL, NULL),
(3799, 134, 67, '31', 30, 3, NULL, NULL, NULL, NULL, NULL),
(3800, 134, 69, '31', 30, 2, NULL, NULL, NULL, NULL, NULL),
(3801, 134, 66, '31', 30, 1, NULL, NULL, NULL, NULL, NULL),
(3802, 134, 29, NULL, 29, 2, NULL, NULL, NULL, NULL, NULL),
(3803, 134, 20, NULL, 29, 1, NULL, NULL, NULL, NULL, NULL),
(3804, 134, 58, NULL, 43, 1, NULL, NULL, NULL, NULL, NULL),
(3805, 135, 58, NULL, 43, 1, NULL, NULL, NULL, NULL, NULL),
(3806, 135, 119, NULL, 39, 1, NULL, NULL, NULL, NULL, NULL),
(3807, 135, 75, '31', 31, 1, NULL, NULL, NULL, NULL, NULL),
(3808, 135, 68, '31', 30, 2, NULL, NULL, NULL, NULL, NULL),
(3809, 135, 66, '31', 30, 1, NULL, NULL, NULL, NULL, NULL),
(3810, 135, 20, NULL, 29, 1, NULL, NULL, NULL, NULL, NULL),
(3811, 135, 118, NULL, 24, 1, NULL, NULL, NULL, NULL, NULL),
(3812, 135, 24, NULL, 23, 1, NULL, NULL, NULL, NULL, NULL),
(3813, 135, 16, NULL, 22, 1, NULL, NULL, NULL, NULL, NULL),
(3814, 135, 156, NULL, 21, 1, NULL, NULL, NULL, NULL, NULL),
(3815, 136, 58, NULL, 43, 1, NULL, NULL, NULL, NULL, NULL),
(3816, 136, 119, NULL, 39, 1, NULL, NULL, NULL, NULL, NULL),
(3817, 136, 75, '31', 31, 1, NULL, NULL, NULL, NULL, NULL),
(3818, 136, 121, '31', 30, 2, NULL, NULL, NULL, NULL, NULL),
(3819, 136, 66, '31', 30, 1, NULL, NULL, NULL, NULL, NULL),
(3820, 136, 20, NULL, 29, 1, NULL, NULL, NULL, NULL, NULL),
(3821, 136, 118, NULL, 24, 1, NULL, NULL, NULL, NULL, NULL),
(3822, 136, 24, NULL, 23, 1, NULL, NULL, NULL, NULL, NULL),
(3823, 136, 16, NULL, 22, 1, NULL, NULL, NULL, NULL, NULL),
(3824, 136, 156, NULL, 21, 1, NULL, NULL, NULL, NULL, NULL),
(3825, 137, 58, NULL, 43, 1, NULL, NULL, NULL, NULL, NULL),
(3826, 137, 119, NULL, 39, 1, NULL, NULL, NULL, NULL, NULL),
(3827, 137, 81, NULL, 28, 1, NULL, NULL, NULL, NULL, NULL),
(3828, 137, 20, NULL, 27, 1, NULL, NULL, NULL, NULL, NULL),
(3829, 137, 118, NULL, 24, 1, NULL, NULL, NULL, NULL, NULL),
(3830, 137, 24, NULL, 23, 1, NULL, NULL, NULL, NULL, NULL),
(3831, 137, 16, NULL, 22, 1, NULL, NULL, NULL, NULL, NULL),
(3832, 137, 156, NULL, 21, 1, NULL, NULL, NULL, NULL, NULL),
(3833, 138, 118, NULL, 24, 1, NULL, NULL, NULL, NULL, NULL),
(3834, 138, 16, NULL, 22, 1, NULL, NULL, NULL, NULL, NULL),
(3835, 138, 156, NULL, 21, 1, NULL, NULL, NULL, NULL, NULL),
(3836, 138, 82, NULL, 28, 1, NULL, NULL, NULL, NULL, NULL),
(3837, 138, 20, NULL, 27, 1, NULL, NULL, NULL, NULL, NULL),
(3838, 138, 119, NULL, 39, 1, NULL, NULL, NULL, NULL, NULL),
(3839, 138, 24, NULL, 23, 1, NULL, NULL, NULL, NULL, NULL),
(3840, 138, 58, NULL, 43, 1, NULL, NULL, NULL, NULL, NULL),
(3841, 139, 58, NULL, 43, 1, NULL, NULL, NULL, NULL, NULL),
(3842, 139, 119, NULL, 39, 1, NULL, NULL, NULL, NULL, NULL),
(3843, 139, 46, NULL, 31, 1, NULL, NULL, NULL, NULL, NULL),
(3844, 139, 84, NULL, 30, 2, NULL, NULL, NULL, NULL, NULL),
(3845, 139, 83, NULL, 30, 1, NULL, NULL, NULL, NULL, NULL),
(3846, 139, 20, NULL, 29, 1, NULL, NULL, NULL, NULL, NULL),
(3847, 139, 118, NULL, 24, 1, NULL, NULL, NULL, NULL, NULL),
(3848, 139, 24, NULL, 23, 1, NULL, NULL, NULL, NULL, NULL),
(3849, 139, 16, NULL, 22, 1, NULL, NULL, NULL, NULL, NULL),
(3850, 139, 156, NULL, 21, 1, NULL, NULL, NULL, NULL, NULL),
(3851, 140, 58, NULL, 43, 1, NULL, NULL, NULL, NULL, NULL),
(3852, 140, 24, NULL, 23, 1, NULL, NULL, NULL, NULL, NULL),
(3853, 140, 39, NULL, 31, 1, NULL, NULL, NULL, NULL, NULL),
(3854, 140, 86, NULL, 30, 2, NULL, NULL, NULL, NULL, NULL),
(3855, 140, 83, NULL, 30, 1, NULL, NULL, NULL, NULL, NULL),
(3856, 140, 20, NULL, 29, 1, NULL, NULL, NULL, NULL, NULL),
(3857, 140, 156, NULL, 21, 1, NULL, NULL, NULL, NULL, NULL),
(3858, 140, 16, NULL, 22, 1, NULL, NULL, NULL, NULL, NULL),
(3859, 140, 119, NULL, 39, 1, NULL, NULL, NULL, NULL, NULL),
(3860, 140, 118, NULL, 24, 1, NULL, NULL, NULL, NULL, NULL),
(3861, 141, 118, NULL, 24, 1, NULL, NULL, NULL, NULL, NULL),
(3862, 141, 119, NULL, 39, 1, NULL, NULL, NULL, NULL, NULL),
(3863, 141, 156, NULL, 21, 1, NULL, NULL, NULL, NULL, NULL),
(3864, 141, 39, NULL, 31, 1, NULL, NULL, NULL, NULL, NULL),
(3865, 141, 87, NULL, 30, 2, NULL, NULL, NULL, NULL, NULL),
(3866, 141, 83, NULL, 30, 1, NULL, NULL, NULL, NULL, NULL),
(3867, 141, 20, NULL, 29, 1, NULL, NULL, NULL, NULL, NULL),
(3868, 141, 16, NULL, 22, 1, NULL, NULL, NULL, NULL, NULL),
(3869, 141, 24, NULL, 23, 1, NULL, NULL, NULL, NULL, NULL),
(3870, 141, 58, NULL, 43, 1, NULL, NULL, NULL, NULL, NULL),
(3871, 142, 58, NULL, 43, 1, NULL, NULL, NULL, NULL, NULL),
(3872, 142, 24, NULL, 23, 1, NULL, NULL, NULL, NULL, NULL),
(3873, 142, 118, NULL, 24, 1, NULL, NULL, NULL, NULL, NULL),
(3874, 142, 119, NULL, 39, 1, NULL, NULL, NULL, NULL, NULL),
(3875, 142, 16, NULL, 22, 1, NULL, NULL, NULL, NULL, NULL),
(3876, 142, 156, NULL, 21, 1, NULL, NULL, NULL, NULL, NULL),
(3877, 142, 46, NULL, 31, 1, NULL, NULL, NULL, NULL, NULL),
(3878, 142, 123, NULL, 30, 2, NULL, NULL, NULL, NULL, NULL),
(3879, 142, 83, NULL, 30, 1, NULL, NULL, NULL, NULL, NULL),
(3880, 142, 20, NULL, 29, 1, NULL, NULL, NULL, NULL, NULL),
(3881, 143, 118, NULL, 1, 1, NULL, NULL, NULL, NULL, NULL),
(3882, 143, 119, NULL, 5, 1, NULL, NULL, NULL, NULL, NULL),
(3883, 143, 93, NULL, 3, 0, NULL, NULL, NULL, NULL, NULL),
(3884, 143, 94, NULL, 2, 1, NULL, NULL, NULL, NULL, NULL),
(3885, 143, 95, NULL, 2, 0, NULL, NULL, NULL, NULL, NULL),
(3886, 143, 96, NULL, 3, 1, NULL, NULL, NULL, NULL, NULL),
(3887, 143, 106, NULL, 2, 2, NULL, NULL, NULL, NULL, NULL),
(3888, 144, 118, NULL, 1, 1, NULL, NULL, NULL, NULL, NULL),
(3889, 144, 119, NULL, 5, 1, NULL, NULL, NULL, NULL, NULL),
(3890, 144, 93, NULL, 3, 0, NULL, NULL, NULL, NULL, NULL),
(3891, 144, 94, NULL, 2, 2, NULL, NULL, NULL, NULL, NULL),
(3892, 144, 95, NULL, 2, 0, NULL, NULL, NULL, NULL, NULL),
(3893, 144, 97, NULL, 3, 1, NULL, NULL, NULL, NULL, NULL),
(3894, 144, 104, NULL, 2, 3, NULL, NULL, NULL, NULL, NULL),
(3895, 144, 106, NULL, 2, 1, NULL, NULL, NULL, NULL, NULL),
(3896, 145, 118, NULL, 1, 1, NULL, NULL, NULL, NULL, NULL),
(3897, 145, 119, NULL, 5, 1, NULL, NULL, NULL, NULL, NULL),
(3898, 145, 98, NULL, 3, 0, NULL, NULL, NULL, NULL, NULL),
(3899, 146, 118, NULL, 1, 1, NULL, NULL, NULL, NULL, NULL),
(3900, 146, 119, NULL, 5, 1, NULL, NULL, NULL, NULL, NULL),
(3901, 146, 107, NULL, 3, 0, NULL, NULL, NULL, NULL, NULL),
(3902, 147, 118, NULL, 1, 1, NULL, NULL, NULL, NULL, NULL),
(3903, 147, 119, NULL, 5, 1, NULL, NULL, NULL, NULL, NULL),
(3904, 147, 109, NULL, 3, 0, NULL, NULL, NULL, NULL, NULL),
(3905, 147, 112, NULL, 2, 0, NULL, NULL, NULL, NULL, NULL),
(3906, 148, 118, NULL, 1, 1, NULL, NULL, NULL, NULL, NULL),
(3907, 148, 119, NULL, 5, 1, NULL, NULL, NULL, NULL, NULL),
(3908, 148, 110, NULL, 3, 0, NULL, NULL, NULL, NULL, NULL),
(3909, 148, 112, NULL, 2, 0, NULL, NULL, NULL, NULL, NULL),
(3910, 149, 118, NULL, 1, 1, NULL, NULL, NULL, NULL, NULL),
(3911, 149, 119, NULL, 5, 1, NULL, NULL, NULL, NULL, NULL),
(3912, 149, 111, NULL, 3, 0, NULL, NULL, NULL, NULL, NULL),
(3913, 149, 112, NULL, 2, 0, NULL, NULL, NULL, NULL, NULL),
(3914, 150, 118, NULL, 1, 1, NULL, NULL, NULL, NULL, NULL),
(3915, 150, 119, NULL, 5, 1, NULL, NULL, NULL, NULL, NULL),
(3916, 150, 112, NULL, 2, 0, NULL, NULL, NULL, NULL, NULL),
(3917, 150, 113, NULL, 3, 0, NULL, NULL, NULL, NULL, NULL),
(3918, 151, 119, NULL, 39, 1, NULL, NULL, NULL, NULL, NULL),
(3919, 151, 16, NULL, 22, 1, NULL, NULL, NULL, NULL, NULL),
(3920, 151, 156, NULL, 21, 1, NULL, NULL, NULL, NULL, NULL),
(3921, 151, 15, NULL, 28, 2, NULL, NULL, NULL, NULL, NULL),
(3922, 151, 14, NULL, 28, 1, NULL, NULL, NULL, NULL, NULL),
(3923, 151, 20, NULL, 27, 1, NULL, NULL, NULL, NULL, NULL),
(3924, 151, 24, NULL, 23, 1, NULL, NULL, NULL, NULL, NULL),
(3925, 151, 58, NULL, 43, 1, NULL, NULL, NULL, NULL, NULL),
(3926, 151, 118, NULL, 24, 1, NULL, NULL, NULL, NULL, NULL),
(3927, 152, 16, NULL, 22, 1, NULL, NULL, NULL, NULL, NULL),
(3928, 152, 156, NULL, 21, 1, NULL, NULL, NULL, NULL, NULL),
(3929, 152, 124, NULL, 28, 2, NULL, NULL, NULL, NULL, NULL),
(3930, 152, 14, NULL, 28, 1, NULL, NULL, NULL, NULL, NULL),
(3931, 152, 20, NULL, 27, 1, NULL, NULL, NULL, NULL, NULL),
(3932, 152, 118, NULL, 24, 1, NULL, NULL, NULL, NULL, NULL),
(3933, 152, 119, NULL, 39, 1, NULL, NULL, NULL, NULL, NULL),
(3934, 152, 24, NULL, 23, 1, NULL, NULL, NULL, NULL, NULL),
(3935, 152, 58, NULL, 43, 1, NULL, NULL, NULL, NULL, NULL),
(3936, 153, 58, NULL, 43, 1, NULL, NULL, NULL, NULL, NULL),
(3937, 153, 24, NULL, 23, 1, NULL, NULL, NULL, NULL, NULL),
(3938, 153, 20, NULL, 27, 1, NULL, NULL, NULL, NULL, NULL),
(3939, 153, 119, NULL, 39, 1, NULL, NULL, NULL, NULL, NULL),
(3940, 153, 118, NULL, 24, 1, NULL, NULL, NULL, NULL, NULL),
(3941, 153, 16, NULL, 22, 1, NULL, NULL, NULL, NULL, NULL),
(3942, 153, 156, NULL, 21, 1, NULL, NULL, NULL, NULL, NULL),
(3943, 153, 125, NULL, 28, 2, NULL, NULL, NULL, NULL, NULL),
(3944, 153, 14, NULL, 28, 1, NULL, NULL, NULL, NULL, NULL),
(3945, 154, 118, NULL, 10, 1, NULL, NULL, NULL, NULL, NULL),
(3946, 154, 119, NULL, 12, 1, NULL, NULL, NULL, NULL, NULL),
(3947, 154, 14, 'userhome_breadcrumb', 11, 1, NULL, NULL, NULL, NULL, NULL),
(3948, 154, 126, NULL, 11, 2, NULL, NULL, NULL, NULL, NULL),
(3949, 155, 16, NULL, 22, 1, NULL, NULL, NULL, NULL, NULL),
(3950, 155, 156, NULL, 21, 1, NULL, NULL, NULL, NULL, NULL),
(3951, 155, 127, NULL, 28, 2, NULL, NULL, NULL, NULL, NULL),
(3952, 155, 14, NULL, 28, 1, NULL, NULL, NULL, NULL, NULL),
(3953, 155, 118, NULL, 24, 1, NULL, NULL, NULL, NULL, NULL),
(3954, 155, 119, NULL, 39, 1, NULL, NULL, NULL, NULL, NULL),
(3955, 155, 20, NULL, 27, 1, NULL, NULL, NULL, NULL, NULL),
(3956, 155, 24, NULL, 23, 1, NULL, NULL, NULL, NULL, NULL),
(3957, 155, 58, NULL, 43, 1, NULL, NULL, NULL, NULL, NULL),
(3958, 156, 16, NULL, 22, 1, NULL, NULL, NULL, NULL, NULL),
(3959, 156, 156, NULL, 21, 1, NULL, NULL, NULL, NULL, NULL),
(3960, 156, 128, NULL, 28, 2, NULL, NULL, NULL, NULL, NULL),
(3961, 156, 14, NULL, 28, 1, NULL, NULL, NULL, NULL, NULL),
(3962, 156, 118, NULL, 24, 1, NULL, NULL, NULL, NULL, NULL),
(3963, 156, 119, NULL, 39, 1, NULL, NULL, NULL, NULL, NULL),
(3964, 156, 20, NULL, 27, 1, NULL, NULL, NULL, NULL, NULL),
(3965, 156, 24, NULL, 23, 1, NULL, NULL, NULL, NULL, NULL),
(3966, 156, 58, NULL, 43, 1, NULL, NULL, NULL, NULL, NULL),
(3967, 157, 58, NULL, 43, 1, NULL, NULL, NULL, NULL, NULL),
(3968, 157, 24, NULL, 23, 1, NULL, NULL, NULL, NULL, NULL),
(3969, 157, 16, NULL, 22, 1, NULL, NULL, NULL, NULL, NULL),
(3970, 157, 119, NULL, 39, 1, NULL, NULL, NULL, NULL, NULL),
(3971, 157, 118, NULL, 24, 1, NULL, NULL, NULL, NULL, NULL),
(3972, 157, 156, NULL, 21, 1, NULL, NULL, NULL, NULL, NULL),
(3973, 157, 129, NULL, 28, 2, NULL, NULL, NULL, NULL, NULL),
(3974, 157, 14, NULL, 28, 1, NULL, NULL, NULL, NULL, NULL),
(3975, 157, 20, NULL, 27, 1, NULL, NULL, NULL, NULL, NULL),
(3976, 158, 16, NULL, 22, 1, NULL, NULL, NULL, NULL, NULL),
(3977, 158, 156, NULL, 21, 1, NULL, NULL, NULL, NULL, NULL),
(3978, 158, 130, NULL, 28, 2, NULL, NULL, NULL, NULL, NULL),
(3979, 158, 14, NULL, 28, 1, NULL, NULL, NULL, NULL, NULL),
(3980, 158, 119, NULL, 39, 1, NULL, NULL, NULL, NULL, NULL),
(3981, 158, 118, NULL, 24, 1, NULL, NULL, NULL, NULL, NULL),
(3982, 158, 20, NULL, 27, 1, NULL, NULL, NULL, NULL, NULL),
(3983, 158, 24, NULL, 23, 1, NULL, NULL, NULL, NULL, NULL),
(3984, 158, 58, NULL, 43, 1, NULL, NULL, NULL, NULL, NULL),
(3985, 159, 58, NULL, 43, 1, NULL, NULL, NULL, NULL, NULL),
(3986, 159, 24, NULL, 23, 1, NULL, NULL, NULL, NULL, NULL),
(3987, 159, 20, NULL, 27, 1, NULL, NULL, NULL, NULL, NULL),
(3988, 159, 119, NULL, 39, 1, NULL, NULL, NULL, NULL, NULL),
(3989, 159, 118, NULL, 24, 1, NULL, NULL, NULL, NULL, NULL),
(3990, 159, 16, NULL, 22, 1, NULL, NULL, NULL, NULL, NULL),
(3991, 159, 156, NULL, 21, 1, NULL, NULL, NULL, NULL, NULL),
(3992, 159, 131, NULL, 28, 2, NULL, NULL, NULL, NULL, NULL),
(3993, 159, 14, NULL, 28, 1, NULL, NULL, NULL, NULL, NULL),
(3994, 160, 156, NULL, 21, 1, NULL, NULL, NULL, NULL, NULL),
(3995, 160, 20, NULL, 27, 1, NULL, NULL, NULL, NULL, NULL),
(3996, 160, 132, NULL, 28, 2, NULL, NULL, NULL, NULL, NULL),
(3997, 160, 14, NULL, 28, 1, NULL, NULL, NULL, NULL, NULL),
(3998, 160, 16, NULL, 22, 1, NULL, NULL, NULL, NULL, NULL),
(3999, 160, 118, NULL, 24, 1, NULL, NULL, NULL, NULL, NULL),
(4000, 160, 119, NULL, 39, 1, NULL, NULL, NULL, NULL, NULL),
(4001, 160, 24, NULL, 23, 1, NULL, NULL, NULL, NULL, NULL),
(4002, 160, 58, NULL, 43, 1, NULL, NULL, NULL, NULL, NULL),
(4003, 161, 58, NULL, 43, 1, NULL, NULL, NULL, NULL, NULL),
(4004, 161, 24, NULL, 23, 1, NULL, NULL, NULL, NULL, NULL),
(4005, 161, 20, NULL, 27, 1, NULL, NULL, NULL, NULL, NULL),
(4006, 161, 119, NULL, 39, 1, NULL, NULL, NULL, NULL, NULL),
(4007, 161, 118, NULL, 24, 1, NULL, NULL, NULL, NULL, NULL),
(4008, 161, 16, NULL, 22, 1, NULL, NULL, NULL, NULL, NULL),
(4009, 161, 156, NULL, 21, 1, NULL, NULL, NULL, NULL, NULL),
(4010, 161, 133, NULL, 28, 2, NULL, NULL, NULL, NULL, NULL),
(4011, 161, 14, NULL, 28, 1, NULL, NULL, NULL, NULL, NULL),
(4012, 162, 16, NULL, 22, 1, NULL, NULL, NULL, NULL, NULL),
(4013, 162, 156, NULL, 21, 1, NULL, NULL, NULL, NULL, NULL),
(4014, 162, 134, NULL, 28, 2, NULL, NULL, NULL, NULL, NULL),
(4015, 162, 14, NULL, 28, 1, NULL, NULL, NULL, NULL, NULL),
(4016, 162, 118, NULL, 24, 1, NULL, NULL, NULL, NULL, NULL),
(4017, 162, 119, NULL, 39, 1, NULL, NULL, NULL, NULL, NULL),
(4018, 162, 20, NULL, 27, 1, NULL, NULL, NULL, NULL, NULL),
(4019, 162, 58, NULL, 43, 1, NULL, NULL, NULL, NULL, NULL),
(4020, 162, 24, NULL, 23, 1, NULL, NULL, NULL, NULL, NULL),
(4021, 163, 118, NULL, 10, 1, NULL, NULL, NULL, NULL, NULL),
(4022, 163, 119, NULL, 12, 1, NULL, NULL, NULL, NULL, NULL),
(4023, 163, 14, 'userhome_breadcrumb', 11, 1, NULL, NULL, NULL, NULL, NULL),
(4024, 163, 135, NULL, 11, 2, NULL, NULL, NULL, NULL, NULL),
(4025, 164, 118, NULL, 10, 1, NULL, NULL, NULL, NULL, NULL),
(4026, 164, 119, NULL, 12, 1, NULL, NULL, NULL, NULL, NULL),
(4027, 164, 14, 'userhome_breadcrumb', 11, 1, NULL, NULL, NULL, NULL, NULL),
(4028, 164, 136, NULL, 11, 2, NULL, NULL, NULL, NULL, NULL),
(4029, 165, 118, NULL, 10, 1, NULL, NULL, NULL, NULL, NULL),
(4030, 165, 119, NULL, 12, 1, NULL, NULL, NULL, NULL, NULL),
(4031, 165, 14, 'userhome_breadcrumb', 11, 1, NULL, NULL, NULL, NULL, NULL),
(4032, 165, 137, NULL, 11, 2, NULL, NULL, NULL, NULL, NULL),
(4033, 166, 118, NULL, 10, 1, NULL, NULL, NULL, NULL, NULL),
(4034, 166, 119, NULL, 12, 1, NULL, NULL, NULL, NULL, NULL),
(4035, 166, 14, 'userhome_breadcrumb', 11, 1, NULL, NULL, NULL, NULL, NULL),
(4036, 166, 138, NULL, 11, 2, NULL, NULL, NULL, NULL, NULL),
(4037, 167, 118, NULL, 10, 1, NULL, NULL, NULL, NULL, NULL),
(4038, 167, 119, NULL, 12, 1, NULL, NULL, NULL, NULL, NULL),
(4039, 167, 14, 'userhome_breadcrumb', 11, 1, NULL, NULL, NULL, NULL, NULL),
(4040, 167, 139, NULL, 11, 2, NULL, NULL, NULL, NULL, NULL),
(4041, 168, 118, NULL, 10, 1, NULL, NULL, NULL, NULL, NULL),
(4042, 168, 119, NULL, 12, 1, NULL, NULL, NULL, NULL, NULL),
(4043, 168, 14, 'userhome_breadcrumb', 11, 1, NULL, NULL, NULL, NULL, NULL),
(4044, 168, 140, NULL, 11, 2, NULL, NULL, NULL, NULL, NULL),
(4045, 169, 118, NULL, 10, 1, NULL, NULL, NULL, NULL, NULL),
(4046, 169, 119, NULL, 12, 1, NULL, NULL, NULL, NULL, NULL),
(4047, 169, 14, 'userhome_breadcrumb', 11, 1, NULL, NULL, NULL, NULL, NULL),
(4048, 169, 141, NULL, 11, 2, NULL, NULL, NULL, NULL, NULL),
(4049, 170, 118, NULL, 10, 1, NULL, NULL, NULL, NULL, NULL),
(4050, 170, 119, NULL, 12, 1, NULL, NULL, NULL, NULL, NULL),
(4051, 170, 14, 'userhome_breadcrumb', 11, 1, NULL, NULL, NULL, NULL, NULL),
(4052, 170, 142, NULL, 11, 2, NULL, NULL, NULL, NULL, NULL),
(4053, 171, 58, NULL, 43, 1, NULL, NULL, NULL, NULL, NULL),
(4054, 171, 20, NULL, 27, 1, NULL, NULL, NULL, NULL, NULL),
(4055, 171, 24, NULL, 23, 1, NULL, NULL, NULL, NULL, NULL),
(4056, 171, 119, NULL, 39, 1, NULL, NULL, NULL, NULL, NULL),
(4057, 171, 118, NULL, 24, 1, NULL, NULL, NULL, NULL, NULL),
(4058, 171, 16, NULL, 22, 1, NULL, NULL, NULL, NULL, NULL),
(4059, 171, 156, NULL, 21, 1, NULL, NULL, NULL, NULL, NULL),
(4060, 171, 143, NULL, 28, 2, NULL, NULL, NULL, NULL, NULL),
(4061, 171, 14, NULL, 28, 1, NULL, NULL, NULL, NULL, NULL),
(4062, 172, 16, NULL, 22, 1, NULL, NULL, NULL, NULL, NULL),
(4063, 172, 156, NULL, 21, 1, NULL, NULL, NULL, NULL, NULL),
(4064, 172, 144, NULL, 28, 2, NULL, NULL, NULL, NULL, NULL),
(4065, 172, 14, NULL, 28, 1, NULL, NULL, NULL, NULL, NULL),
(4066, 172, 118, NULL, 24, 1, NULL, NULL, NULL, NULL, NULL),
(4067, 172, 119, NULL, 39, 1, NULL, NULL, NULL, NULL, NULL),
(4068, 172, 20, NULL, 27, 1, NULL, NULL, NULL, NULL, NULL),
(4069, 172, 24, NULL, 23, 1, NULL, NULL, NULL, NULL, NULL),
(4070, 172, 58, NULL, 43, 1, NULL, NULL, NULL, NULL, NULL),
(4071, 173, 118, NULL, 10, 1, NULL, NULL, NULL, NULL, NULL),
(4072, 173, 119, NULL, 12, 1, NULL, NULL, NULL, NULL, NULL),
(4073, 173, 14, 'userhome_breadcrumb', 11, 1, NULL, NULL, NULL, NULL, NULL),
(4074, 173, 145, NULL, 11, 2, NULL, NULL, NULL, NULL, NULL),
(4075, 174, 118, NULL, 10, 1, NULL, NULL, NULL, NULL, NULL),
(4076, 174, 119, NULL, 12, 1, NULL, NULL, NULL, NULL, NULL),
(4077, 174, 14, 'userhome_breadcrumb', 11, 1, NULL, NULL, NULL, NULL, NULL),
(4078, 174, 146, NULL, 11, 2, NULL, NULL, NULL, NULL, NULL),
(4079, 175, 118, NULL, 10, 1, NULL, NULL, NULL, NULL, NULL),
(4080, 175, 119, NULL, 12, 1, NULL, NULL, NULL, NULL, NULL),
(4081, 175, 14, 'userhome_breadcrumb', 11, 1, NULL, NULL, NULL, NULL, NULL),
(4082, 175, 147, NULL, 11, 2, NULL, NULL, NULL, NULL, NULL),
(4083, 176, 118, NULL, 10, 1, NULL, NULL, NULL, NULL, NULL),
(4084, 176, 119, NULL, 12, 1, NULL, NULL, NULL, NULL, NULL),
(4085, 176, 14, 'userhome_breadcrumb', 11, 1, NULL, NULL, NULL, NULL, NULL),
(4086, 176, 148, NULL, 11, 2, NULL, NULL, NULL, NULL, NULL),
(4087, 177, 16, NULL, 22, 1, NULL, NULL, NULL, NULL, NULL),
(4088, 177, 156, NULL, 21, 1, NULL, NULL, NULL, NULL, NULL),
(4089, 177, 149, NULL, 28, 2, NULL, NULL, NULL, NULL, NULL),
(4090, 177, 14, NULL, 28, 1, NULL, NULL, NULL, NULL, NULL),
(4091, 177, 118, NULL, 24, 1, NULL, NULL, NULL, NULL, NULL),
(4092, 177, 119, NULL, 39, 1, NULL, NULL, NULL, NULL, NULL),
(4093, 177, 20, NULL, 27, 1, NULL, NULL, NULL, NULL, NULL),
(4094, 177, 24, NULL, 23, 1, NULL, NULL, NULL, NULL, NULL),
(4095, 177, 58, NULL, 43, 1, NULL, NULL, NULL, NULL, NULL),
(4096, 178, 58, NULL, 43, 1, NULL, NULL, NULL, NULL, NULL),
(4097, 178, 119, NULL, 39, 1, NULL, NULL, NULL, NULL, NULL),
(4098, 178, 150, NULL, 28, 2, NULL, NULL, NULL, NULL, NULL),
(4099, 178, 14, NULL, 28, 1, NULL, NULL, NULL, NULL, NULL),
(4100, 178, 20, NULL, 27, 1, NULL, NULL, NULL, NULL, NULL),
(4101, 178, 118, NULL, 24, 1, NULL, NULL, NULL, NULL, NULL),
(4102, 178, 24, NULL, 23, 1, NULL, NULL, NULL, NULL, NULL),
(4103, 178, 16, NULL, 22, 1, NULL, NULL, NULL, NULL, NULL),
(4104, 178, 156, NULL, 21, 1, NULL, NULL, NULL, NULL, NULL),
(4105, 179, 16, NULL, 22, 1, NULL, NULL, NULL, NULL, NULL),
(4106, 179, 156, NULL, 21, 1, NULL, NULL, NULL, NULL, NULL),
(4107, 179, 151, NULL, 28, 2, NULL, NULL, NULL, NULL, NULL),
(4108, 179, 14, NULL, 28, 1, NULL, NULL, NULL, NULL, NULL),
(4109, 179, 118, NULL, 24, 1, NULL, NULL, NULL, NULL, NULL),
(4110, 179, 119, NULL, 39, 1, NULL, NULL, NULL, NULL, NULL),
(4111, 179, 20, NULL, 27, 1, NULL, NULL, NULL, NULL, NULL),
(4112, 179, 24, NULL, 23, 1, NULL, NULL, NULL, NULL, NULL),
(4113, 179, 58, NULL, 43, 1, NULL, NULL, NULL, NULL, NULL),
(4114, 180, 16, NULL, 22, 1, NULL, NULL, NULL, NULL, NULL),
(4115, 180, 156, NULL, 21, 1, NULL, NULL, NULL, NULL, NULL),
(4116, 180, 152, NULL, 28, 2, NULL, NULL, NULL, NULL, NULL),
(4117, 180, 14, NULL, 28, 1, NULL, NULL, NULL, NULL, NULL),
(4118, 180, 118, NULL, 24, 1, NULL, NULL, NULL, NULL, NULL),
(4119, 180, 119, NULL, 39, 1, NULL, NULL, NULL, NULL, NULL),
(4120, 180, 24, NULL, 23, 1, NULL, NULL, NULL, NULL, NULL),
(4121, 180, 58, NULL, 43, 1, NULL, NULL, NULL, NULL, NULL),
(4122, 180, 20, NULL, 27, 1, NULL, NULL, NULL, NULL, NULL),
(4123, 181, 24, NULL, 23, 1, NULL, NULL, NULL, NULL, NULL),
(4124, 181, 20, NULL, 27, 1, NULL, NULL, NULL, NULL, NULL),
(4125, 181, 153, NULL, 28, 2, NULL, NULL, NULL, NULL, NULL),
(4126, 181, 14, NULL, 28, 1, NULL, NULL, NULL, NULL, NULL),
(4127, 181, 58, NULL, 43, 1, NULL, NULL, NULL, NULL, NULL),
(4128, 181, 156, NULL, 21, 1, NULL, NULL, NULL, NULL, NULL),
(4129, 181, 16, NULL, 22, 1, NULL, NULL, NULL, NULL, NULL),
(4130, 181, 118, NULL, 24, 1, NULL, NULL, NULL, NULL, NULL),
(4131, 181, 119, NULL, 39, 1, NULL, NULL, NULL, NULL, NULL),
(4132, 182, 24, NULL, 23, 1, NULL, NULL, NULL, NULL, NULL),
(4133, 182, 20, NULL, 27, 1, NULL, NULL, NULL, NULL, NULL),
(4134, 182, 154, NULL, 28, 2, NULL, NULL, NULL, NULL, NULL),
(4135, 182, 14, NULL, 28, 1, NULL, NULL, NULL, NULL, NULL),
(4136, 182, 58, NULL, 43, 1, NULL, NULL, NULL, NULL, NULL),
(4137, 182, 156, NULL, 21, 1, NULL, NULL, NULL, NULL, NULL),
(4138, 182, 16, NULL, 22, 1, NULL, NULL, NULL, NULL, NULL),
(4139, 182, 118, NULL, 24, 1, NULL, NULL, NULL, NULL, NULL),
(4140, 182, 119, NULL, 39, 1, NULL, NULL, NULL, NULL, NULL),
(9518, 38, 19, NULL, 30, 2, NULL, NULL, NULL, NULL, NULL),
(9905, 17, 173, NULL, 22, 1, NULL, NULL, NULL, NULL, NULL),
(9773, 53, 117, '1', 30, 1, NULL, NULL, 'no-borders', NULL, NULL),
(7420, 262, 119, NULL, 39, 1, NULL, NULL, NULL, NULL, NULL),
(7419, 262, 156, NULL, 21, 1, NULL, NULL, NULL, NULL, NULL),
(7427, 263, 158, NULL, 28, 1, NULL, NULL, NULL, NULL, NULL),
(7426, 263, 166, NULL, 24, 1, NULL, NULL, NULL, NULL, NULL),
(7425, 263, 156, NULL, 21, 1, NULL, NULL, NULL, NULL, NULL),
(8048, 265, 14, NULL, 28, 1, NULL, NULL, NULL, NULL, NULL),
(7418, 262, 3, NULL, 28, 1, NULL, NULL, NULL, NULL, NULL),
(4340, 184, 20, NULL, 27, 1, NULL, NULL, NULL, NULL, NULL),
(4341, 184, 119, NULL, 39, 1, NULL, NULL, NULL, NULL, NULL),
(4342, 184, 118, NULL, 24, 1, NULL, NULL, NULL, NULL, NULL),
(4343, 184, 16, NULL, 22, 1, NULL, NULL, NULL, NULL, NULL),
(4344, 184, 156, NULL, 21, 1, NULL, NULL, NULL, NULL, NULL),
(4345, 184, 12, NULL, 28, 1, NULL, NULL, NULL, NULL, NULL),
(4346, 184, 24, NULL, 23, 1, NULL, NULL, NULL, NULL, NULL),
(4347, 184, 58, NULL, 43, 1, NULL, NULL, NULL, NULL, NULL),
(4348, 185, 119, NULL, 39, 1, NULL, NULL, NULL, NULL, NULL),
(4349, 185, 118, NULL, 24, 1, NULL, NULL, NULL, NULL, NULL),
(4350, 185, 16, NULL, 22, 1, NULL, NULL, NULL, NULL, NULL),
(4351, 185, 156, NULL, 21, 1, NULL, NULL, NULL, NULL, NULL),
(4352, 185, 39, NULL, 31, 1, NULL, NULL, NULL, NULL, NULL),
(4353, 185, 17, NULL, 30, 1, NULL, NULL, NULL, NULL, NULL),
(4354, 185, 20, NULL, 29, 1, NULL, NULL, NULL, NULL, NULL),
(4355, 185, 24, NULL, 23, 1, NULL, NULL, NULL, NULL, NULL),
(4356, 185, 58, NULL, 43, 1, NULL, NULL, NULL, NULL, NULL),
(4357, 186, 58, NULL, 43, 1, NULL, NULL, NULL, NULL, NULL),
(4358, 186, 119, NULL, 39, 1, NULL, NULL, NULL, NULL, NULL),
(4359, 186, 39, NULL, 31, 1, NULL, NULL, NULL, NULL, NULL),
(4360, 186, 8, NULL, 30, 1, NULL, NULL, NULL, NULL, NULL),
(4361, 186, 29, NULL, 29, 2, NULL, NULL, NULL, NULL, NULL),
(4362, 186, 20, NULL, 29, 1, NULL, NULL, NULL, NULL, NULL),
(4363, 186, 118, NULL, 24, 1, NULL, NULL, NULL, NULL, NULL),
(4364, 186, 24, NULL, 23, 1, NULL, NULL, NULL, NULL, NULL),
(4365, 186, 16, NULL, 22, 1, NULL, NULL, NULL, NULL, NULL),
(4366, 186, 156, NULL, 21, 1, NULL, NULL, NULL, NULL, NULL),
(4367, 187, 156, NULL, 21, 1, NULL, NULL, NULL, NULL, NULL),
(4368, 187, 6, NULL, 28, 1, NULL, NULL, NULL, NULL, NULL),
(4369, 187, 16, NULL, 22, 1, NULL, NULL, NULL, NULL, NULL),
(4370, 187, 118, NULL, 24, 1, NULL, NULL, NULL, NULL, NULL),
(4371, 187, 119, NULL, 39, 1, NULL, NULL, NULL, NULL, NULL),
(4372, 187, 20, NULL, 27, 1, NULL, NULL, NULL, NULL, NULL),
(4373, 187, 24, NULL, 23, 1, NULL, NULL, NULL, NULL, NULL),
(4374, 187, 58, NULL, 43, 1, NULL, NULL, NULL, NULL, NULL),
(4375, 188, 156, NULL, 21, 1, NULL, NULL, NULL, NULL, NULL),
(4376, 188, 7, NULL, 28, 1, NULL, NULL, NULL, NULL, NULL),
(4377, 188, 16, NULL, 22, 1, NULL, NULL, NULL, NULL, NULL),
(4378, 188, 118, NULL, 24, 1, NULL, NULL, NULL, NULL, NULL),
(4379, 188, 119, NULL, 39, 1, NULL, NULL, NULL, NULL, NULL),
(4380, 188, 20, NULL, 27, 1, NULL, NULL, NULL, NULL, NULL),
(4381, 188, 24, NULL, 23, 1, NULL, NULL, NULL, NULL, NULL),
(4382, 188, 58, NULL, 43, 1, NULL, NULL, NULL, NULL, NULL),
(4383, 189, 16, NULL, 22, 1, NULL, NULL, NULL, NULL, NULL),
(4384, 189, 156, NULL, 21, 1, NULL, NULL, NULL, NULL, NULL),
(4385, 189, 118, NULL, 24, 1, NULL, NULL, NULL, NULL, NULL),
(4386, 189, 119, NULL, 39, 1, NULL, NULL, NULL, NULL, NULL),
(4387, 189, 11, NULL, 28, 1, NULL, NULL, NULL, NULL, NULL),
(4388, 189, 20, NULL, 27, 1, NULL, NULL, NULL, NULL, NULL),
(4389, 189, 24, NULL, 23, 1, NULL, NULL, NULL, NULL, NULL),
(4390, 189, 58, NULL, 43, 1, NULL, NULL, NULL, NULL, NULL),
(4391, 190, 16, NULL, 22, 1, NULL, NULL, NULL, NULL, NULL),
(4392, 190, 156, NULL, 21, 1, NULL, NULL, NULL, NULL, NULL),
(4393, 190, 122, NULL, 28, 1, NULL, NULL, NULL, NULL, NULL),
(4394, 190, 118, NULL, 24, 1, NULL, NULL, NULL, NULL, NULL),
(4395, 190, 119, NULL, 39, 1, NULL, NULL, NULL, NULL, NULL),
(4396, 190, 20, NULL, 27, 1, NULL, NULL, NULL, NULL, NULL),
(4397, 190, 24, NULL, 23, 1, NULL, NULL, NULL, NULL, NULL),
(4398, 190, 58, NULL, 43, 1, NULL, NULL, NULL, NULL, NULL),
(4399, 191, 16, NULL, 22, 1, NULL, NULL, NULL, NULL, NULL),
(4400, 191, 156, NULL, 21, 1, NULL, NULL, NULL, NULL, NULL),
(4401, 191, 39, NULL, 31, 1, NULL, NULL, NULL, NULL, NULL),
(4402, 191, 5, NULL, 30, 1, NULL, NULL, NULL, NULL, NULL),
(4403, 191, 20, NULL, 29, 1, NULL, NULL, NULL, NULL, NULL),
(4404, 191, 119, NULL, 39, 1, NULL, NULL, NULL, NULL, NULL),
(4405, 191, 24, NULL, 23, 1, NULL, NULL, NULL, NULL, NULL),
(4406, 191, 58, NULL, 43, 1, NULL, NULL, NULL, NULL, NULL),
(4407, 191, 118, NULL, 24, 1, NULL, NULL, NULL, NULL, NULL),
(4408, 192, 58, NULL, 43, 1, NULL, NULL, NULL, NULL, NULL),
(4409, 192, 24, NULL, 23, 1, NULL, NULL, NULL, NULL, NULL),
(4410, 192, 119, NULL, 39, 1, NULL, NULL, NULL, NULL, NULL),
(4411, 192, 118, NULL, 24, 1, NULL, NULL, NULL, NULL, NULL),
(4412, 192, 16, NULL, 22, 1, NULL, NULL, NULL, NULL, NULL),
(4413, 192, 156, NULL, 21, 1, NULL, NULL, NULL, NULL, NULL),
(4414, 192, 39, NULL, 31, 1, NULL, NULL, NULL, NULL, NULL),
(4415, 192, 2, NULL, 30, 2, NULL, NULL, NULL, NULL, NULL),
(4416, 192, 14, NULL, 30, 1, NULL, NULL, NULL, NULL, NULL),
(4417, 192, 20, NULL, 29, 1, NULL, NULL, NULL, NULL, NULL),
(4418, 193, 119, NULL, 39, 1, NULL, NULL, NULL, NULL, NULL),
(4419, 193, 39, NULL, 31, 1, NULL, NULL, NULL, NULL, NULL),
(4420, 193, 18, NULL, 30, 3, NULL, NULL, NULL, NULL, NULL),
(4421, 193, 32, NULL, 30, 2, NULL, NULL, NULL, NULL, NULL),
(4422, 193, 35, NULL, 30, 1, NULL, NULL, NULL, NULL, NULL),
(4423, 193, 20, NULL, 29, 1, NULL, NULL, NULL, NULL, NULL),
(4424, 193, 118, NULL, 24, 1, NULL, NULL, NULL, NULL, NULL),
(4425, 193, 16, NULL, 22, 1, NULL, NULL, NULL, NULL, NULL),
(4426, 193, 156, NULL, 21, 1, NULL, NULL, NULL, NULL, NULL),
(4427, 194, 119, NULL, 5, 1, NULL, NULL, NULL, NULL, NULL),
(4428, 194, 155, NULL, 3, 1, NULL, NULL, NULL, NULL, NULL),
(4429, 194, 118, NULL, 1, 1, NULL, NULL, NULL, NULL, NULL),
(5020, 195, 119, NULL, 5, 1, NULL, NULL, NULL, NULL, NULL),
(5019, 195, 118, NULL, 1, 1, NULL, NULL, NULL, NULL, NULL),
(5018, 195, 41, NULL, 4, 2, NULL, NULL, NULL, NULL, NULL),
(5017, 195, 39, NULL, 4, 1, NULL, NULL, NULL, NULL, NULL),
(5016, 195, 18, NULL, 3, 3, NULL, NULL, NULL, NULL, NULL),
(5015, 195, 114, '1', 3, 2, NULL, NULL, NULL, 'title display:none;', NULL),
(5014, 195, 35, NULL, 3, 1, NULL, NULL, NULL, NULL, NULL),
(5013, 195, 29, NULL, 2, 2, NULL, NULL, NULL, NULL, NULL),
(5012, 195, 20, NULL, 2, 1, NULL, NULL, NULL, NULL, NULL),
(4443, 196, 118, NULL, 24, 1, NULL, NULL, NULL, NULL, NULL),
(4444, 196, 119, NULL, 39, 1, NULL, NULL, NULL, NULL, NULL),
(4445, 196, 16, NULL, 22, 1, NULL, NULL, NULL, NULL, NULL),
(4446, 196, 156, NULL, 21, 1, NULL, NULL, NULL, NULL, NULL),
(4447, 196, 58, NULL, 43, 1, NULL, NULL, NULL, NULL, NULL),
(4448, 196, 24, NULL, 23, 1, NULL, NULL, NULL, NULL, NULL),
(4449, 196, 41, NULL, 31, 2, NULL, NULL, NULL, NULL, NULL),
(4450, 196, 27, NULL, 31, 1, NULL, NULL, NULL, NULL, NULL),
(4451, 196, 18, NULL, 30, 2, NULL, NULL, NULL, NULL, NULL),
(4452, 196, 35, NULL, 30, 1, NULL, NULL, NULL, NULL, NULL),
(4453, 196, 29, NULL, 29, 2, NULL, NULL, NULL, NULL, NULL),
(4454, 196, 20, NULL, 29, 1, NULL, NULL, NULL, NULL, NULL),
(4455, 197, 58, NULL, 43, 1, NULL, NULL, NULL, NULL, NULL),
(4456, 197, 119, NULL, 39, 1, NULL, NULL, NULL, NULL, NULL),
(4457, 197, 64, NULL, 31, 4, NULL, NULL, NULL, NULL, NULL),
(4458, 197, 39, NULL, 31, 3, NULL, NULL, NULL, NULL, NULL),
(4459, 197, 48, NULL, 31, 2, NULL, NULL, NULL, NULL, NULL),
(4460, 197, 32, NULL, 31, 1, NULL, NULL, NULL, NULL, NULL),
(4461, 197, 19, NULL, 30, 2, NULL, NULL, NULL, NULL, NULL),
(4462, 197, 35, NULL, 30, 1, NULL, NULL, NULL, NULL, NULL),
(4463, 197, 29, NULL, 29, 2, NULL, NULL, NULL, NULL, NULL),
(4464, 197, 20, NULL, 29, 1, NULL, NULL, NULL, NULL, NULL),
(4465, 197, 118, NULL, 24, 1, NULL, NULL, NULL, NULL, NULL),
(4466, 197, 24, NULL, 23, 1, NULL, NULL, NULL, NULL, NULL),
(4467, 197, 16, NULL, 22, 1, NULL, NULL, NULL, NULL, NULL),
(4468, 197, 156, NULL, 21, 1, NULL, NULL, NULL, NULL, NULL),
(4469, 198, 118, NULL, 1, 1, NULL, NULL, NULL, NULL, NULL),
(4470, 198, 119, NULL, 5, 1, NULL, NULL, NULL, NULL, NULL),
(4471, 198, 37, NULL, 3, 0, NULL, NULL, NULL, NULL, NULL),
(4472, 199, 20, NULL, 29, 1, NULL, NULL, NULL, NULL, NULL),
(4473, 199, 120, NULL, 30, 2, NULL, NULL, NULL, NULL, NULL),
(4474, 199, 35, NULL, 30, 1, NULL, NULL, NULL, NULL, NULL),
(4475, 199, 39, NULL, 31, 1, NULL, NULL, NULL, NULL, NULL),
(4476, 199, 24, NULL, 23, 1, NULL, NULL, NULL, NULL, NULL),
(4477, 199, 58, NULL, 43, 1, NULL, NULL, NULL, NULL, NULL),
(4478, 199, 156, NULL, 21, 1, NULL, NULL, NULL, NULL, NULL),
(4479, 199, 16, NULL, 22, 1, NULL, NULL, NULL, NULL, NULL),
(4480, 199, 118, NULL, 24, 1, NULL, NULL, NULL, NULL, NULL),
(4481, 199, 119, NULL, 39, 1, NULL, NULL, NULL, NULL, NULL),
(4482, 200, 35, NULL, 30, 1, NULL, NULL, NULL, NULL, NULL),
(4483, 200, 20, NULL, 29, 1, NULL, NULL, NULL, NULL, NULL),
(4484, 200, 28, NULL, 30, 2, NULL, NULL, NULL, NULL, NULL),
(4485, 200, 39, NULL, 31, 1, NULL, NULL, NULL, NULL, NULL),
(4486, 200, 24, NULL, 23, 1, NULL, NULL, NULL, NULL, NULL),
(4487, 200, 58, NULL, 43, 1, NULL, NULL, NULL, NULL, NULL),
(4488, 200, 156, NULL, 21, 1, NULL, NULL, NULL, NULL, NULL),
(4489, 200, 16, NULL, 22, 1, NULL, NULL, NULL, NULL, NULL),
(4490, 200, 118, NULL, 24, 1, NULL, NULL, NULL, NULL, NULL),
(4491, 200, 119, NULL, 39, 1, NULL, NULL, NULL, NULL, NULL),
(4492, 201, 118, NULL, 1, 1, NULL, NULL, NULL, NULL, NULL),
(4493, 201, 119, NULL, 5, 1, NULL, NULL, NULL, NULL, NULL),
(4494, 201, 62, NULL, 3, 1, NULL, NULL, NULL, NULL, NULL),
(4495, 201, 63, NULL, 3, 0, NULL, NULL, NULL, NULL, NULL),
(4496, 202, 118, NULL, 1, 1, NULL, NULL, NULL, NULL, NULL),
(4497, 202, 119, NULL, 5, 1, NULL, NULL, NULL, NULL, NULL),
(4498, 202, 43, NULL, 3, 0, NULL, NULL, NULL, NULL, NULL),
(4499, 203, 118, NULL, 1, 1, NULL, NULL, NULL, NULL, NULL),
(4500, 203, 119, NULL, 5, 1, NULL, NULL, NULL, NULL, NULL),
(4501, 203, 36, NULL, 3, 0, NULL, NULL, NULL, NULL, NULL),
(4502, 204, 58, NULL, 43, 1, NULL, NULL, NULL, NULL, NULL),
(4503, 204, 119, NULL, 39, 1, NULL, NULL, NULL, NULL, NULL),
(4504, 204, 39, NULL, 31, 2, NULL, NULL, NULL, NULL, NULL),
(4505, 204, 41, NULL, 31, 1, NULL, NULL, NULL, NULL, NULL),
(4506, 204, 22, NULL, 30, 1, NULL, NULL, NULL, NULL, NULL),
(4507, 204, 20, NULL, 29, 1, NULL, NULL, NULL, NULL, NULL),
(4508, 204, 118, NULL, 24, 1, NULL, NULL, NULL, NULL, NULL),
(4509, 204, 24, NULL, 23, 1, NULL, NULL, NULL, NULL, NULL),
(4510, 204, 16, NULL, 22, 1, NULL, NULL, NULL, NULL, NULL),
(4511, 204, 156, NULL, 21, 1, NULL, NULL, NULL, NULL, NULL),
(4512, 205, 20, NULL, 27, 1, NULL, NULL, NULL, NULL, NULL),
(4513, 205, 26, NULL, 28, 2, NULL, NULL, NULL, NULL, NULL),
(4514, 205, 35, NULL, 28, 1, NULL, NULL, NULL, NULL, NULL),
(4515, 205, 24, NULL, 23, 1, NULL, NULL, NULL, NULL, NULL),
(4516, 205, 58, NULL, 43, 1, NULL, NULL, NULL, NULL, NULL),
(4517, 205, 156, NULL, 21, 1, NULL, NULL, NULL, NULL, NULL),
(4518, 205, 16, NULL, 22, 1, NULL, NULL, NULL, NULL, NULL),
(4519, 205, 118, NULL, 24, 1, NULL, NULL, NULL, NULL, NULL),
(4520, 205, 119, NULL, 39, 1, NULL, NULL, NULL, NULL, NULL),
(4521, 206, 25, NULL, 28, 2, NULL, NULL, NULL, NULL, NULL),
(4522, 206, 35, NULL, 28, 1, NULL, NULL, NULL, NULL, NULL),
(4523, 206, 20, NULL, 27, 1, NULL, NULL, NULL, NULL, NULL),
(4524, 206, 24, NULL, 23, 1, NULL, NULL, NULL, NULL, NULL),
(4525, 206, 58, NULL, 43, 1, NULL, NULL, NULL, NULL, NULL),
(4526, 206, 156, NULL, 21, 1, NULL, NULL, NULL, NULL, NULL),
(4527, 206, 16, NULL, 22, 1, NULL, NULL, NULL, NULL, NULL),
(4528, 206, 118, NULL, 24, 1, NULL, NULL, NULL, NULL, NULL),
(4529, 206, 119, NULL, 39, 1, NULL, NULL, NULL, NULL, NULL),
(4530, 207, 118, NULL, 1, 1, NULL, NULL, NULL, NULL, NULL),
(4531, 207, 119, NULL, 5, 1, NULL, NULL, NULL, NULL, NULL),
(4532, 207, 59, NULL, 3, 0, NULL, NULL, NULL, NULL, NULL),
(4533, 208, 58, NULL, 43, 1, NULL, NULL, NULL, NULL, NULL),
(4534, 208, 24, NULL, 23, 1, NULL, NULL, NULL, NULL, NULL),
(4535, 208, 20, NULL, 27, 1, NULL, NULL, NULL, NULL, NULL),
(4536, 208, 52, NULL, 28, 2, NULL, NULL, NULL, NULL, NULL),
(4537, 208, 35, NULL, 28, 1, NULL, NULL, NULL, NULL, NULL),
(4538, 208, 156, NULL, 21, 1, NULL, NULL, NULL, NULL, NULL),
(4539, 208, 16, NULL, 22, 1, NULL, NULL, NULL, NULL, NULL),
(4540, 208, 118, NULL, 24, 1, NULL, NULL, NULL, NULL, NULL),
(4541, 208, 119, NULL, 39, 1, NULL, NULL, NULL, NULL, NULL),
(4542, 209, 156, NULL, 21, 1, NULL, NULL, NULL, NULL, NULL),
(4543, 209, 58, NULL, 43, 1, NULL, NULL, NULL, NULL, NULL),
(4544, 209, 24, NULL, 23, 1, NULL, NULL, NULL, NULL, NULL),
(4545, 209, 20, NULL, 27, 1, NULL, NULL, NULL, NULL, NULL),
(4546, 209, 54, NULL, 28, 2, NULL, NULL, NULL, NULL, NULL),
(4547, 209, 50, NULL, 28, 1, NULL, NULL, NULL, NULL, NULL),
(4548, 209, 16, NULL, 22, 1, NULL, NULL, NULL, NULL, NULL),
(4549, 209, 118, NULL, 24, 1, NULL, NULL, NULL, NULL, NULL),
(4550, 209, 119, NULL, 39, 1, NULL, NULL, NULL, NULL, NULL),
(4551, 210, 20, NULL, 27, 1, NULL, NULL, NULL, NULL, NULL),
(4552, 210, 56, NULL, 28, 3, NULL, NULL, NULL, NULL, NULL),
(4553, 210, 53, NULL, 28, 2, NULL, NULL, NULL, NULL, NULL),
(4554, 210, 50, NULL, 28, 1, NULL, NULL, NULL, NULL, NULL),
(4555, 210, 24, NULL, 23, 1, NULL, NULL, NULL, NULL, NULL),
(4556, 210, 58, NULL, 43, 1, NULL, NULL, NULL, NULL, NULL),
(4557, 210, 156, NULL, 21, 1, NULL, NULL, NULL, NULL, NULL),
(4558, 210, 16, NULL, 22, 1, NULL, NULL, NULL, NULL, NULL),
(4559, 210, 118, NULL, 24, 1, NULL, NULL, NULL, NULL, NULL),
(4560, 210, 119, NULL, 39, 1, NULL, NULL, NULL, NULL, NULL),
(4561, 211, 20, NULL, 27, 1, NULL, NULL, NULL, NULL, NULL),
(4562, 211, 55, NULL, 28, 3, NULL, NULL, NULL, NULL, NULL),
(4563, 211, 53, NULL, 28, 2, NULL, NULL, NULL, NULL, NULL),
(4564, 211, 50, NULL, 28, 1, NULL, NULL, NULL, NULL, NULL),
(4565, 211, 24, NULL, 23, 1, NULL, NULL, NULL, NULL, NULL),
(4566, 211, 58, NULL, 43, 1, NULL, NULL, NULL, NULL, NULL),
(4567, 211, 156, NULL, 21, 1, NULL, NULL, NULL, NULL, NULL),
(4568, 211, 16, NULL, 22, 1, NULL, NULL, NULL, NULL, NULL),
(4569, 211, 118, NULL, 24, 1, NULL, NULL, NULL, NULL, NULL),
(4570, 211, 119, NULL, 39, 1, NULL, NULL, NULL, NULL, NULL),
(4571, 212, 156, NULL, 21, 1, NULL, NULL, NULL, NULL, NULL),
(4572, 212, 58, NULL, 43, 1, NULL, NULL, NULL, NULL, NULL),
(4573, 212, 24, NULL, 23, 1, NULL, NULL, NULL, NULL, NULL),
(4574, 212, 20, NULL, 27, 1, NULL, NULL, NULL, NULL, NULL),
(4575, 212, 51, NULL, 28, 1, NULL, NULL, NULL, NULL, NULL),
(4576, 212, 16, NULL, 22, 1, NULL, NULL, NULL, NULL, NULL),
(4577, 212, 118, NULL, 24, 1, NULL, NULL, NULL, NULL, NULL),
(4578, 212, 119, NULL, 39, 1, NULL, NULL, NULL, NULL, NULL),
(4579, 213, 24, NULL, 23, 1, NULL, NULL, NULL, NULL, NULL),
(4580, 213, 118, NULL, 24, 1, NULL, NULL, NULL, NULL, NULL),
(4581, 213, 16, NULL, 22, 1, NULL, NULL, NULL, NULL, NULL),
(4582, 213, 119, NULL, 39, 1, NULL, NULL, NULL, NULL, NULL),
(4583, 213, 156, NULL, 21, 1, NULL, NULL, NULL, NULL, NULL),
(4584, 213, 39, NULL, 31, 1, NULL, NULL, NULL, NULL, NULL),
(4585, 213, 67, '31', 30, 3, NULL, NULL, NULL, NULL, NULL),
(4586, 213, 69, '31', 30, 2, NULL, NULL, NULL, NULL, NULL),
(4587, 213, 66, '31', 30, 1, NULL, NULL, NULL, NULL, NULL),
(4588, 213, 29, NULL, 29, 2, NULL, NULL, NULL, NULL, NULL),
(4589, 213, 20, NULL, 29, 1, NULL, NULL, NULL, NULL, NULL),
(4590, 213, 58, NULL, 43, 1, NULL, NULL, NULL, NULL, NULL),
(4591, 214, 58, NULL, 43, 1, NULL, NULL, NULL, NULL, NULL),
(4592, 214, 119, NULL, 39, 1, NULL, NULL, NULL, NULL, NULL),
(4593, 214, 75, '31', 31, 1, NULL, NULL, NULL, NULL, NULL),
(4594, 214, 68, '31', 30, 2, NULL, NULL, NULL, NULL, NULL),
(4595, 214, 66, '31', 30, 1, NULL, NULL, NULL, NULL, NULL),
(4596, 214, 20, NULL, 29, 1, NULL, NULL, NULL, NULL, NULL),
(4597, 214, 118, NULL, 24, 1, NULL, NULL, NULL, NULL, NULL),
(4598, 214, 24, NULL, 23, 1, NULL, NULL, NULL, NULL, NULL),
(4599, 214, 16, NULL, 22, 1, NULL, NULL, NULL, NULL, NULL),
(4600, 214, 156, NULL, 21, 1, NULL, NULL, NULL, NULL, NULL),
(4601, 215, 58, NULL, 43, 1, NULL, NULL, NULL, NULL, NULL),
(4602, 215, 119, NULL, 39, 1, NULL, NULL, NULL, NULL, NULL),
(4603, 215, 75, '31', 31, 1, NULL, NULL, NULL, NULL, NULL),
(4604, 215, 121, '31', 30, 2, NULL, NULL, NULL, NULL, NULL),
(4605, 215, 66, '31', 30, 1, NULL, NULL, NULL, NULL, NULL),
(4606, 215, 20, NULL, 29, 1, NULL, NULL, NULL, NULL, NULL),
(4607, 215, 118, NULL, 24, 1, NULL, NULL, NULL, NULL, NULL),
(4608, 215, 24, NULL, 23, 1, NULL, NULL, NULL, NULL, NULL),
(4609, 215, 16, NULL, 22, 1, NULL, NULL, NULL, NULL, NULL),
(4610, 215, 156, NULL, 21, 1, NULL, NULL, NULL, NULL, NULL),
(4611, 216, 58, NULL, 43, 1, NULL, NULL, NULL, NULL, NULL),
(4612, 216, 119, NULL, 39, 1, NULL, NULL, NULL, NULL, NULL),
(4613, 216, 81, NULL, 28, 1, NULL, NULL, NULL, NULL, NULL),
(4614, 216, 20, NULL, 27, 1, NULL, NULL, NULL, NULL, NULL),
(4615, 216, 118, NULL, 24, 1, NULL, NULL, NULL, NULL, NULL),
(4616, 216, 24, NULL, 23, 1, NULL, NULL, NULL, NULL, NULL),
(4617, 216, 16, NULL, 22, 1, NULL, NULL, NULL, NULL, NULL),
(4618, 216, 156, NULL, 21, 1, NULL, NULL, NULL, NULL, NULL),
(4619, 217, 118, NULL, 24, 1, NULL, NULL, NULL, NULL, NULL),
(4620, 217, 16, NULL, 22, 1, NULL, NULL, NULL, NULL, NULL),
(4621, 217, 156, NULL, 21, 1, NULL, NULL, NULL, NULL, NULL),
(4622, 217, 82, NULL, 28, 1, NULL, NULL, NULL, NULL, NULL),
(4623, 217, 20, NULL, 27, 1, NULL, NULL, NULL, NULL, NULL),
(4624, 217, 119, NULL, 39, 1, NULL, NULL, NULL, NULL, NULL),
(4625, 217, 24, NULL, 23, 1, NULL, NULL, NULL, NULL, NULL),
(4626, 217, 58, NULL, 43, 1, NULL, NULL, NULL, NULL, NULL),
(4627, 218, 58, NULL, 43, 1, NULL, NULL, NULL, NULL, NULL),
(4628, 218, 119, NULL, 39, 1, NULL, NULL, NULL, NULL, NULL),
(4629, 218, 46, NULL, 31, 1, NULL, NULL, NULL, NULL, NULL),
(4630, 218, 84, NULL, 30, 2, NULL, NULL, NULL, NULL, NULL),
(4631, 218, 83, NULL, 30, 1, NULL, NULL, NULL, NULL, NULL),
(4632, 218, 20, NULL, 29, 1, NULL, NULL, NULL, NULL, NULL),
(4633, 218, 118, NULL, 24, 1, NULL, NULL, NULL, NULL, NULL),
(4634, 218, 24, NULL, 23, 1, NULL, NULL, NULL, NULL, NULL),
(4635, 218, 16, NULL, 22, 1, NULL, NULL, NULL, NULL, NULL),
(4636, 218, 156, NULL, 21, 1, NULL, NULL, NULL, NULL, NULL),
(4637, 219, 58, NULL, 43, 1, NULL, NULL, NULL, NULL, NULL),
(4638, 219, 24, NULL, 23, 1, NULL, NULL, NULL, NULL, NULL),
(4639, 219, 39, NULL, 31, 1, NULL, NULL, NULL, NULL, NULL),
(4640, 219, 86, NULL, 30, 2, NULL, NULL, NULL, NULL, NULL),
(4641, 219, 83, NULL, 30, 1, NULL, NULL, NULL, NULL, NULL),
(4642, 219, 20, NULL, 29, 1, NULL, NULL, NULL, NULL, NULL),
(4643, 219, 156, NULL, 21, 1, NULL, NULL, NULL, NULL, NULL),
(4644, 219, 16, NULL, 22, 1, NULL, NULL, NULL, NULL, NULL),
(4645, 219, 119, NULL, 39, 1, NULL, NULL, NULL, NULL, NULL),
(4646, 219, 118, NULL, 24, 1, NULL, NULL, NULL, NULL, NULL),
(4647, 220, 118, NULL, 24, 1, NULL, NULL, NULL, NULL, NULL),
(4648, 220, 119, NULL, 39, 1, NULL, NULL, NULL, NULL, NULL),
(4649, 220, 156, NULL, 21, 1, NULL, NULL, NULL, NULL, NULL),
(4650, 220, 39, NULL, 31, 1, NULL, NULL, NULL, NULL, NULL),
(4651, 220, 87, NULL, 30, 2, NULL, NULL, NULL, NULL, NULL),
(4652, 220, 83, NULL, 30, 1, NULL, NULL, NULL, NULL, NULL),
(4653, 220, 20, NULL, 29, 1, NULL, NULL, NULL, NULL, NULL),
(4654, 220, 16, NULL, 22, 1, NULL, NULL, NULL, NULL, NULL),
(4655, 220, 24, NULL, 23, 1, NULL, NULL, NULL, NULL, NULL),
(4656, 220, 58, NULL, 43, 1, NULL, NULL, NULL, NULL, NULL),
(4657, 221, 58, NULL, 43, 1, NULL, NULL, NULL, NULL, NULL),
(4658, 221, 24, NULL, 23, 1, NULL, NULL, NULL, NULL, NULL),
(4659, 221, 118, NULL, 24, 1, NULL, NULL, NULL, NULL, NULL),
(4660, 221, 119, NULL, 39, 1, NULL, NULL, NULL, NULL, NULL),
(4661, 221, 16, NULL, 22, 1, NULL, NULL, NULL, NULL, NULL),
(4662, 221, 156, NULL, 21, 1, NULL, NULL, NULL, NULL, NULL),
(4663, 221, 46, NULL, 31, 1, NULL, NULL, NULL, NULL, NULL),
(4664, 221, 123, NULL, 30, 2, NULL, NULL, NULL, NULL, NULL),
(4665, 221, 83, NULL, 30, 1, NULL, NULL, NULL, NULL, NULL),
(4666, 221, 20, NULL, 29, 1, NULL, NULL, NULL, NULL, NULL),
(4667, 222, 118, NULL, 1, 1, NULL, NULL, NULL, NULL, NULL),
(4668, 222, 119, NULL, 5, 1, NULL, NULL, NULL, NULL, NULL),
(4669, 222, 93, NULL, 3, 0, NULL, NULL, NULL, NULL, NULL),
(4670, 222, 94, NULL, 2, 1, NULL, NULL, NULL, NULL, NULL),
(4671, 222, 95, NULL, 2, 0, NULL, NULL, NULL, NULL, NULL),
(4672, 222, 96, NULL, 3, 1, NULL, NULL, NULL, NULL, NULL),
(4673, 222, 106, NULL, 2, 2, NULL, NULL, NULL, NULL, NULL),
(4674, 223, 118, NULL, 1, 1, NULL, NULL, NULL, NULL, NULL),
(4675, 223, 119, NULL, 5, 1, NULL, NULL, NULL, NULL, NULL),
(4676, 223, 93, NULL, 3, 0, NULL, NULL, NULL, NULL, NULL),
(4677, 223, 94, NULL, 2, 2, NULL, NULL, NULL, NULL, NULL),
(4678, 223, 95, NULL, 2, 0, NULL, NULL, NULL, NULL, NULL),
(4679, 223, 97, NULL, 3, 1, NULL, NULL, NULL, NULL, NULL),
(4680, 223, 104, NULL, 2, 3, NULL, NULL, NULL, NULL, NULL),
(4681, 223, 106, NULL, 2, 1, NULL, NULL, NULL, NULL, NULL),
(4682, 224, 118, NULL, 1, 1, NULL, NULL, NULL, NULL, NULL),
(4683, 224, 119, NULL, 5, 1, NULL, NULL, NULL, NULL, NULL),
(4684, 224, 98, NULL, 3, 0, NULL, NULL, NULL, NULL, NULL),
(4685, 225, 118, NULL, 1, 1, NULL, NULL, NULL, NULL, NULL),
(4686, 225, 119, NULL, 5, 1, NULL, NULL, NULL, NULL, NULL),
(4687, 225, 107, NULL, 3, 0, NULL, NULL, NULL, NULL, NULL),
(4688, 226, 118, NULL, 1, 1, NULL, NULL, NULL, NULL, NULL),
(4689, 226, 119, NULL, 5, 1, NULL, NULL, NULL, NULL, NULL),
(4690, 226, 109, NULL, 3, 0, NULL, NULL, NULL, NULL, NULL),
(4691, 226, 112, NULL, 2, 0, NULL, NULL, NULL, NULL, NULL),
(4692, 227, 118, NULL, 1, 1, NULL, NULL, NULL, NULL, NULL),
(4693, 227, 119, NULL, 5, 1, NULL, NULL, NULL, NULL, NULL),
(4694, 227, 110, NULL, 3, 0, NULL, NULL, NULL, NULL, NULL),
(4695, 227, 112, NULL, 2, 0, NULL, NULL, NULL, NULL, NULL),
(4696, 228, 118, NULL, 1, 1, NULL, NULL, NULL, NULL, NULL),
(4697, 228, 119, NULL, 5, 1, NULL, NULL, NULL, NULL, NULL),
(4698, 228, 111, NULL, 3, 0, NULL, NULL, NULL, NULL, NULL),
(4699, 228, 112, NULL, 2, 0, NULL, NULL, NULL, NULL, NULL),
(4700, 229, 118, NULL, 1, 1, NULL, NULL, NULL, NULL, NULL),
(4701, 229, 119, NULL, 5, 1, NULL, NULL, NULL, NULL, NULL),
(4702, 229, 112, NULL, 2, 0, NULL, NULL, NULL, NULL, NULL),
(4703, 229, 113, NULL, 3, 0, NULL, NULL, NULL, NULL, NULL),
(4704, 230, 119, NULL, 39, 1, NULL, NULL, NULL, NULL, NULL),
(4705, 230, 16, NULL, 22, 1, NULL, NULL, NULL, NULL, NULL),
(4706, 230, 156, NULL, 21, 1, NULL, NULL, NULL, NULL, NULL),
(4707, 230, 15, NULL, 28, 2, NULL, NULL, NULL, NULL, NULL),
(4708, 230, 14, NULL, 28, 1, NULL, NULL, NULL, NULL, NULL),
(4709, 230, 20, NULL, 27, 1, NULL, NULL, NULL, NULL, NULL),
(4710, 230, 24, NULL, 23, 1, NULL, NULL, NULL, NULL, NULL),
(4711, 230, 58, NULL, 43, 1, NULL, NULL, NULL, NULL, NULL),
(4712, 230, 118, NULL, 24, 1, NULL, NULL, NULL, NULL, NULL),
(4713, 231, 16, NULL, 22, 1, NULL, NULL, NULL, NULL, NULL),
(4714, 231, 156, NULL, 21, 1, NULL, NULL, NULL, NULL, NULL),
(4715, 231, 124, NULL, 28, 2, NULL, NULL, NULL, NULL, NULL),
(4716, 231, 14, NULL, 28, 1, NULL, NULL, NULL, NULL, NULL),
(4717, 231, 20, NULL, 27, 1, NULL, NULL, NULL, NULL, NULL),
(4718, 231, 118, NULL, 24, 1, NULL, NULL, NULL, NULL, NULL),
(4719, 231, 119, NULL, 39, 1, NULL, NULL, NULL, NULL, NULL),
(4720, 231, 24, NULL, 23, 1, NULL, NULL, NULL, NULL, NULL),
(4721, 231, 58, NULL, 43, 1, NULL, NULL, NULL, NULL, NULL),
(4722, 232, 58, NULL, 43, 1, NULL, NULL, NULL, NULL, NULL),
(4723, 232, 24, NULL, 23, 1, NULL, NULL, NULL, NULL, NULL),
(4724, 232, 20, NULL, 27, 1, NULL, NULL, NULL, NULL, NULL),
(4725, 232, 119, NULL, 39, 1, NULL, NULL, NULL, NULL, NULL),
(4726, 232, 118, NULL, 24, 1, NULL, NULL, NULL, NULL, NULL),
(4727, 232, 16, NULL, 22, 1, NULL, NULL, NULL, NULL, NULL),
(4728, 232, 156, NULL, 21, 1, NULL, NULL, NULL, NULL, NULL),
(4729, 232, 125, NULL, 28, 2, NULL, NULL, NULL, NULL, NULL),
(4730, 232, 14, NULL, 28, 1, NULL, NULL, NULL, NULL, NULL),
(4731, 233, 118, NULL, 10, 1, NULL, NULL, NULL, NULL, NULL),
(4732, 233, 119, NULL, 12, 1, NULL, NULL, NULL, NULL, NULL),
(4733, 233, 14, 'userhome_breadcrumb', 11, 1, NULL, NULL, NULL, NULL, NULL),
(4734, 233, 126, NULL, 11, 2, NULL, NULL, NULL, NULL, NULL),
(4735, 234, 16, NULL, 22, 1, NULL, NULL, NULL, NULL, NULL),
(4736, 234, 156, NULL, 21, 1, NULL, NULL, NULL, NULL, NULL),
(4737, 234, 127, NULL, 28, 2, NULL, NULL, NULL, NULL, NULL),
(4738, 234, 14, NULL, 28, 1, NULL, NULL, NULL, NULL, NULL),
(4739, 234, 118, NULL, 24, 1, NULL, NULL, NULL, NULL, NULL),
(4740, 234, 119, NULL, 39, 1, NULL, NULL, NULL, NULL, NULL),
(4741, 234, 20, NULL, 27, 1, NULL, NULL, NULL, NULL, NULL),
(4742, 234, 24, NULL, 23, 1, NULL, NULL, NULL, NULL, NULL),
(4743, 234, 58, NULL, 43, 1, NULL, NULL, NULL, NULL, NULL),
(4744, 235, 16, NULL, 22, 1, NULL, NULL, NULL, NULL, NULL),
(4745, 235, 156, NULL, 21, 1, NULL, NULL, NULL, NULL, NULL),
(4746, 235, 128, NULL, 28, 2, NULL, NULL, NULL, NULL, NULL),
(4747, 235, 14, NULL, 28, 1, NULL, NULL, NULL, NULL, NULL),
(4748, 235, 118, NULL, 24, 1, NULL, NULL, NULL, NULL, NULL),
(4749, 235, 119, NULL, 39, 1, NULL, NULL, NULL, NULL, NULL),
(4750, 235, 20, NULL, 27, 1, NULL, NULL, NULL, NULL, NULL),
(4751, 235, 24, NULL, 23, 1, NULL, NULL, NULL, NULL, NULL),
(4752, 235, 58, NULL, 43, 1, NULL, NULL, NULL, NULL, NULL),
(4753, 236, 58, NULL, 43, 1, NULL, NULL, NULL, NULL, NULL),
(4754, 236, 24, NULL, 23, 1, NULL, NULL, NULL, NULL, NULL),
(4755, 236, 16, NULL, 22, 1, NULL, NULL, NULL, NULL, NULL),
(4756, 236, 119, NULL, 39, 1, NULL, NULL, NULL, NULL, NULL),
(4757, 236, 118, NULL, 24, 1, NULL, NULL, NULL, NULL, NULL),
(4758, 236, 156, NULL, 21, 1, NULL, NULL, NULL, NULL, NULL),
(4759, 236, 129, NULL, 28, 2, NULL, NULL, NULL, NULL, NULL),
(4760, 236, 14, NULL, 28, 1, NULL, NULL, NULL, NULL, NULL),
(4761, 236, 20, NULL, 27, 1, NULL, NULL, NULL, NULL, NULL),
(4762, 237, 16, NULL, 22, 1, NULL, NULL, NULL, NULL, NULL),
(4763, 237, 156, NULL, 21, 1, NULL, NULL, NULL, NULL, NULL),
(4764, 237, 130, NULL, 28, 2, NULL, NULL, NULL, NULL, NULL),
(4765, 237, 14, NULL, 28, 1, NULL, NULL, NULL, NULL, NULL),
(4766, 237, 119, NULL, 39, 1, NULL, NULL, NULL, NULL, NULL),
(4767, 237, 118, NULL, 24, 1, NULL, NULL, NULL, NULL, NULL),
(4768, 237, 20, NULL, 27, 1, NULL, NULL, NULL, NULL, NULL),
(4769, 237, 24, NULL, 23, 1, NULL, NULL, NULL, NULL, NULL),
(4770, 237, 58, NULL, 43, 1, NULL, NULL, NULL, NULL, NULL),
(4771, 238, 58, NULL, 43, 1, NULL, NULL, NULL, NULL, NULL),
(4772, 238, 24, NULL, 23, 1, NULL, NULL, NULL, NULL, NULL),
(4773, 238, 20, NULL, 27, 1, NULL, NULL, NULL, NULL, NULL),
(4774, 238, 119, NULL, 39, 1, NULL, NULL, NULL, NULL, NULL),
(4775, 238, 118, NULL, 24, 1, NULL, NULL, NULL, NULL, NULL),
(4776, 238, 16, NULL, 22, 1, NULL, NULL, NULL, NULL, NULL),
(4777, 238, 156, NULL, 21, 1, NULL, NULL, NULL, NULL, NULL),
(4778, 238, 131, NULL, 28, 2, NULL, NULL, NULL, NULL, NULL),
(4779, 238, 14, NULL, 28, 1, NULL, NULL, NULL, NULL, NULL),
(4780, 239, 156, NULL, 21, 1, NULL, NULL, NULL, NULL, NULL),
(4781, 239, 20, NULL, 27, 1, NULL, NULL, NULL, NULL, NULL),
(4782, 239, 132, NULL, 28, 2, NULL, NULL, NULL, NULL, NULL),
(4783, 239, 14, NULL, 28, 1, NULL, NULL, NULL, NULL, NULL),
(4784, 239, 16, NULL, 22, 1, NULL, NULL, NULL, NULL, NULL),
(4785, 239, 118, NULL, 24, 1, NULL, NULL, NULL, NULL, NULL),
(4786, 239, 119, NULL, 39, 1, NULL, NULL, NULL, NULL, NULL),
(4787, 239, 24, NULL, 23, 1, NULL, NULL, NULL, NULL, NULL),
(4788, 239, 58, NULL, 43, 1, NULL, NULL, NULL, NULL, NULL),
(4789, 240, 58, NULL, 43, 1, NULL, NULL, NULL, NULL, NULL),
(4790, 240, 24, NULL, 23, 1, NULL, NULL, NULL, NULL, NULL),
(4791, 240, 20, NULL, 27, 1, NULL, NULL, NULL, NULL, NULL),
(4792, 240, 119, NULL, 39, 1, NULL, NULL, NULL, NULL, NULL),
(4793, 240, 118, NULL, 24, 1, NULL, NULL, NULL, NULL, NULL),
(4794, 240, 16, NULL, 22, 1, NULL, NULL, NULL, NULL, NULL),
(4795, 240, 156, NULL, 21, 1, NULL, NULL, NULL, NULL, NULL),
(4796, 240, 133, NULL, 28, 2, NULL, NULL, NULL, NULL, NULL),
(4797, 240, 14, NULL, 28, 1, NULL, NULL, NULL, NULL, NULL),
(4798, 241, 16, NULL, 22, 1, NULL, NULL, NULL, NULL, NULL),
(4799, 241, 156, NULL, 21, 1, NULL, NULL, NULL, NULL, NULL),
(4800, 241, 134, NULL, 28, 2, NULL, NULL, NULL, NULL, NULL),
(4801, 241, 14, NULL, 28, 1, NULL, NULL, NULL, NULL, NULL),
(4802, 241, 118, NULL, 24, 1, NULL, NULL, NULL, NULL, NULL),
(4803, 241, 119, NULL, 39, 1, NULL, NULL, NULL, NULL, NULL),
(4804, 241, 20, NULL, 27, 1, NULL, NULL, NULL, NULL, NULL),
(4805, 241, 58, NULL, 43, 1, NULL, NULL, NULL, NULL, NULL),
(4806, 241, 24, NULL, 23, 1, NULL, NULL, NULL, NULL, NULL),
(4807, 242, 118, NULL, 10, 1, NULL, NULL, NULL, NULL, NULL),
(4808, 242, 119, NULL, 12, 1, NULL, NULL, NULL, NULL, NULL),
(4809, 242, 14, 'userhome_breadcrumb', 11, 1, NULL, NULL, NULL, NULL, NULL),
(4810, 242, 135, NULL, 11, 2, NULL, NULL, NULL, NULL, NULL),
(4811, 243, 118, NULL, 10, 1, NULL, NULL, NULL, NULL, NULL),
(4812, 243, 119, NULL, 12, 1, NULL, NULL, NULL, NULL, NULL),
(4813, 243, 14, 'userhome_breadcrumb', 11, 1, NULL, NULL, NULL, NULL, NULL),
(4814, 243, 136, NULL, 11, 2, NULL, NULL, NULL, NULL, NULL),
(4815, 244, 118, NULL, 10, 1, NULL, NULL, NULL, NULL, NULL),
(4816, 244, 119, NULL, 12, 1, NULL, NULL, NULL, NULL, NULL),
(4817, 244, 14, 'userhome_breadcrumb', 11, 1, NULL, NULL, NULL, NULL, NULL),
(4818, 244, 137, NULL, 11, 2, NULL, NULL, NULL, NULL, NULL),
(4819, 245, 118, NULL, 10, 1, NULL, NULL, NULL, NULL, NULL),
(4820, 245, 119, NULL, 12, 1, NULL, NULL, NULL, NULL, NULL),
(4821, 245, 14, 'userhome_breadcrumb', 11, 1, NULL, NULL, NULL, NULL, NULL),
(4822, 245, 138, NULL, 11, 2, NULL, NULL, NULL, NULL, NULL),
(4823, 246, 118, NULL, 10, 1, NULL, NULL, NULL, NULL, NULL),
(4824, 246, 119, NULL, 12, 1, NULL, NULL, NULL, NULL, NULL),
(4825, 246, 14, 'userhome_breadcrumb', 11, 1, NULL, NULL, NULL, NULL, NULL),
(4826, 246, 139, NULL, 11, 2, NULL, NULL, NULL, NULL, NULL),
(4827, 247, 118, NULL, 10, 1, NULL, NULL, NULL, NULL, NULL),
(4828, 247, 119, NULL, 12, 1, NULL, NULL, NULL, NULL, NULL),
(4829, 247, 14, 'userhome_breadcrumb', 11, 1, NULL, NULL, NULL, NULL, NULL);
INSERT INTO `va_cms_pages_blocks` (`pb_id`, `ps_id`, `block_id`, `block_key`, `frame_id`, `block_order`, `tag_name`, `html_template`, `css_class`, `block_style`, `block_title`) VALUES
(4830, 247, 140, NULL, 11, 2, NULL, NULL, NULL, NULL, NULL),
(4831, 248, 118, NULL, 10, 1, NULL, NULL, NULL, NULL, NULL),
(4832, 248, 119, NULL, 12, 1, NULL, NULL, NULL, NULL, NULL),
(4833, 248, 14, 'userhome_breadcrumb', 11, 1, NULL, NULL, NULL, NULL, NULL),
(4834, 248, 141, NULL, 11, 2, NULL, NULL, NULL, NULL, NULL),
(4835, 249, 118, NULL, 10, 1, NULL, NULL, NULL, NULL, NULL),
(4836, 249, 119, NULL, 12, 1, NULL, NULL, NULL, NULL, NULL),
(4837, 249, 14, 'userhome_breadcrumb', 11, 1, NULL, NULL, NULL, NULL, NULL),
(4838, 249, 142, NULL, 11, 2, NULL, NULL, NULL, NULL, NULL),
(4839, 250, 58, NULL, 43, 1, NULL, NULL, NULL, NULL, NULL),
(4840, 250, 20, NULL, 27, 1, NULL, NULL, NULL, NULL, NULL),
(4841, 250, 24, NULL, 23, 1, NULL, NULL, NULL, NULL, NULL),
(4842, 250, 119, NULL, 39, 1, NULL, NULL, NULL, NULL, NULL),
(4843, 250, 118, NULL, 24, 1, NULL, NULL, NULL, NULL, NULL),
(4844, 250, 16, NULL, 22, 1, NULL, NULL, NULL, NULL, NULL),
(4845, 250, 156, NULL, 21, 1, NULL, NULL, NULL, NULL, NULL),
(4846, 250, 143, NULL, 28, 2, NULL, NULL, NULL, NULL, NULL),
(4847, 250, 14, NULL, 28, 1, NULL, NULL, NULL, NULL, NULL),
(4848, 251, 16, NULL, 22, 1, NULL, NULL, NULL, NULL, NULL),
(4849, 251, 156, NULL, 21, 1, NULL, NULL, NULL, NULL, NULL),
(4850, 251, 144, NULL, 28, 2, NULL, NULL, NULL, NULL, NULL),
(4851, 251, 14, NULL, 28, 1, NULL, NULL, NULL, NULL, NULL),
(4852, 251, 118, NULL, 24, 1, NULL, NULL, NULL, NULL, NULL),
(4853, 251, 119, NULL, 39, 1, NULL, NULL, NULL, NULL, NULL),
(4854, 251, 20, NULL, 27, 1, NULL, NULL, NULL, NULL, NULL),
(4855, 251, 24, NULL, 23, 1, NULL, NULL, NULL, NULL, NULL),
(4856, 251, 58, NULL, 43, 1, NULL, NULL, NULL, NULL, NULL),
(4857, 252, 118, NULL, 10, 1, NULL, NULL, NULL, NULL, NULL),
(4858, 252, 119, NULL, 12, 1, NULL, NULL, NULL, NULL, NULL),
(4859, 252, 14, 'userhome_breadcrumb', 11, 1, NULL, NULL, NULL, NULL, NULL),
(4860, 252, 145, NULL, 11, 2, NULL, NULL, NULL, NULL, NULL),
(4861, 253, 118, NULL, 10, 1, NULL, NULL, NULL, NULL, NULL),
(4862, 253, 119, NULL, 12, 1, NULL, NULL, NULL, NULL, NULL),
(4863, 253, 14, 'userhome_breadcrumb', 11, 1, NULL, NULL, NULL, NULL, NULL),
(4864, 253, 146, NULL, 11, 2, NULL, NULL, NULL, NULL, NULL),
(4865, 254, 118, NULL, 10, 1, NULL, NULL, NULL, NULL, NULL),
(4866, 254, 119, NULL, 12, 1, NULL, NULL, NULL, NULL, NULL),
(4867, 254, 14, 'userhome_breadcrumb', 11, 1, NULL, NULL, NULL, NULL, NULL),
(4868, 254, 147, NULL, 11, 2, NULL, NULL, NULL, NULL, NULL),
(4869, 255, 118, NULL, 10, 1, NULL, NULL, NULL, NULL, NULL),
(4870, 255, 119, NULL, 12, 1, NULL, NULL, NULL, NULL, NULL),
(4871, 255, 14, 'userhome_breadcrumb', 11, 1, NULL, NULL, NULL, NULL, NULL),
(4872, 255, 148, NULL, 11, 2, NULL, NULL, NULL, NULL, NULL),
(4873, 256, 16, NULL, 22, 1, NULL, NULL, NULL, NULL, NULL),
(4874, 256, 156, NULL, 21, 1, NULL, NULL, NULL, NULL, NULL),
(4875, 256, 149, NULL, 28, 2, NULL, NULL, NULL, NULL, NULL),
(4876, 256, 14, NULL, 28, 1, NULL, NULL, NULL, NULL, NULL),
(4877, 256, 118, NULL, 24, 1, NULL, NULL, NULL, NULL, NULL),
(4878, 256, 119, NULL, 39, 1, NULL, NULL, NULL, NULL, NULL),
(4879, 256, 20, NULL, 27, 1, NULL, NULL, NULL, NULL, NULL),
(4880, 256, 24, NULL, 23, 1, NULL, NULL, NULL, NULL, NULL),
(4881, 256, 58, NULL, 43, 1, NULL, NULL, NULL, NULL, NULL),
(4882, 257, 58, NULL, 43, 1, NULL, NULL, NULL, NULL, NULL),
(4883, 257, 119, NULL, 39, 1, NULL, NULL, NULL, NULL, NULL),
(4884, 257, 150, NULL, 28, 2, NULL, NULL, NULL, NULL, NULL),
(4885, 257, 14, NULL, 28, 1, NULL, NULL, NULL, NULL, NULL),
(4886, 257, 20, NULL, 27, 1, NULL, NULL, NULL, NULL, NULL),
(4887, 257, 118, NULL, 24, 1, NULL, NULL, NULL, NULL, NULL),
(4888, 257, 24, NULL, 23, 1, NULL, NULL, NULL, NULL, NULL),
(4889, 257, 16, NULL, 22, 1, NULL, NULL, NULL, NULL, NULL),
(4890, 257, 156, NULL, 21, 1, NULL, NULL, NULL, NULL, NULL),
(4891, 258, 16, NULL, 22, 1, NULL, NULL, NULL, NULL, NULL),
(4892, 258, 156, NULL, 21, 1, NULL, NULL, NULL, NULL, NULL),
(4893, 258, 151, NULL, 28, 2, NULL, NULL, NULL, NULL, NULL),
(4894, 258, 14, NULL, 28, 1, NULL, NULL, NULL, NULL, NULL),
(4895, 258, 118, NULL, 24, 1, NULL, NULL, NULL, NULL, NULL),
(4896, 258, 119, NULL, 39, 1, NULL, NULL, NULL, NULL, NULL),
(4897, 258, 20, NULL, 27, 1, NULL, NULL, NULL, NULL, NULL),
(4898, 258, 24, NULL, 23, 1, NULL, NULL, NULL, NULL, NULL),
(4899, 258, 58, NULL, 43, 1, NULL, NULL, NULL, NULL, NULL),
(4900, 259, 16, NULL, 22, 1, NULL, NULL, NULL, NULL, NULL),
(4901, 259, 156, NULL, 21, 1, NULL, NULL, NULL, NULL, NULL),
(4902, 259, 152, NULL, 28, 2, NULL, NULL, NULL, NULL, NULL),
(4903, 259, 14, NULL, 28, 1, NULL, NULL, NULL, NULL, NULL),
(4904, 259, 118, NULL, 24, 1, NULL, NULL, NULL, NULL, NULL),
(4905, 259, 119, NULL, 39, 1, NULL, NULL, NULL, NULL, NULL),
(4906, 259, 24, NULL, 23, 1, NULL, NULL, NULL, NULL, NULL),
(4907, 259, 58, NULL, 43, 1, NULL, NULL, NULL, NULL, NULL),
(4908, 259, 20, NULL, 27, 1, NULL, NULL, NULL, NULL, NULL),
(4909, 260, 24, NULL, 23, 1, NULL, NULL, NULL, NULL, NULL),
(4910, 260, 20, NULL, 27, 1, NULL, NULL, NULL, NULL, NULL),
(4911, 260, 153, NULL, 28, 2, NULL, NULL, NULL, NULL, NULL),
(4912, 260, 14, NULL, 28, 1, NULL, NULL, NULL, NULL, NULL),
(4913, 260, 58, NULL, 43, 1, NULL, NULL, NULL, NULL, NULL),
(4914, 260, 156, NULL, 21, 1, NULL, NULL, NULL, NULL, NULL),
(4915, 260, 16, NULL, 22, 1, NULL, NULL, NULL, NULL, NULL),
(4916, 260, 118, NULL, 24, 1, NULL, NULL, NULL, NULL, NULL),
(4917, 260, 119, NULL, 39, 1, NULL, NULL, NULL, NULL, NULL),
(4918, 261, 24, NULL, 23, 1, NULL, NULL, NULL, NULL, NULL),
(4919, 261, 20, NULL, 27, 1, NULL, NULL, NULL, NULL, NULL),
(4920, 261, 154, NULL, 28, 2, NULL, NULL, NULL, NULL, NULL),
(4921, 261, 14, NULL, 28, 1, NULL, NULL, NULL, NULL, NULL),
(4922, 261, 58, NULL, 43, 1, NULL, NULL, NULL, NULL, NULL),
(4923, 261, 156, NULL, 21, 1, NULL, NULL, NULL, NULL, NULL),
(4924, 261, 16, NULL, 22, 1, NULL, NULL, NULL, NULL, NULL),
(4925, 261, 118, NULL, 24, 1, NULL, NULL, NULL, NULL, NULL),
(4926, 261, 119, NULL, 39, 1, NULL, NULL, NULL, NULL, NULL),
(4981, 183, 118, NULL, 1, 1, NULL, NULL, NULL, NULL, NULL),
(5216, 266, 118, NULL, 10, 1, NULL, NULL, NULL, NULL, NULL),
(5217, 266, 119, NULL, 12, 1, NULL, NULL, NULL, NULL, NULL),
(5218, 266, 169, NULL, 11, 1, NULL, NULL, NULL, NULL, NULL),
(7412, 98, 172, NULL, 23, 1, NULL, NULL, NULL, NULL, NULL),
(7411, 98, 173, NULL, 22, 1, NULL, NULL, NULL, NULL, NULL),
(7410, 98, 156, NULL, 21, 1, NULL, NULL, NULL, NULL, NULL),
(9759, 39, 114, '1', 30, 2, NULL, NULL, NULL, NULL, '[ru]Выбор товара по характеристикам[/ru][en]Refine Search[/en]'),
(7518, 40, 119, NULL, 39, 1, NULL, NULL, NULL, NULL, NULL),
(7475, 267, 119, NULL, 39, 1, NULL, NULL, NULL, NULL, NULL),
(7474, 267, 40, NULL, 28, 1, NULL, NULL, NULL, NULL, NULL),
(7473, 267, 20, NULL, 27, 1, NULL, NULL, NULL, NULL, NULL),
(7472, 267, 166, NULL, 24, 1, NULL, NULL, NULL, NULL, NULL),
(7471, 267, 172, NULL, 23, 1, NULL, NULL, NULL, NULL, NULL),
(7470, 267, 173, NULL, 22, 1, NULL, NULL, NULL, NULL, NULL),
(7469, 267, 156, NULL, 21, 1, NULL, NULL, NULL, NULL, NULL),
(7485, 37, 119, NULL, 39, 1, NULL, NULL, NULL, NULL, NULL),
(7484, 37, 41, NULL, 31, 2, NULL, NULL, NULL, NULL, NULL),
(7483, 37, 39, NULL, 31, 1, NULL, NULL, NULL, NULL, NULL),
(7482, 37, 37, NULL, 30, 2, NULL, NULL, NULL, NULL, NULL),
(7481, 37, 35, NULL, 30, 1, NULL, NULL, NULL, NULL, NULL),
(7480, 37, 20, NULL, 29, 1, NULL, NULL, NULL, NULL, NULL),
(9746, 268, 18, NULL, 30, 3, NULL, NULL, NULL, NULL, NULL),
(9747, 268, 39, NULL, 31, 1, NULL, NULL, NULL, NULL, '[ru]Новые товары[/ru][en]New Arrivals[/en]'),
(7479, 37, 166, NULL, 24, 1, NULL, NULL, NULL, NULL, NULL),
(7478, 37, 172, NULL, 23, 1, NULL, NULL, NULL, NULL, NULL),
(7477, 37, 173, NULL, 22, 1, NULL, NULL, NULL, NULL, NULL),
(7476, 37, 156, NULL, 21, 1, NULL, NULL, NULL, NULL, NULL),
(9772, 53, 175, NULL, 29, 3, NULL, NULL, NULL, NULL, '[en]Subscribe[/en][ru]Подписка на новости[/ru][fr]Souscrire[/fr]'),
(9758, 39, 35, NULL, 30, 1, NULL, NULL, NULL, NULL, NULL),
(9757, 39, 29, NULL, 29, 2, NULL, NULL, NULL, NULL, NULL),
(9756, 39, 20, NULL, 29, 1, NULL, NULL, NULL, NULL, '[ru]Каталог[/ru][en]Catalog[/en]'),
(9755, 39, 166, NULL, 24, 1, NULL, NULL, NULL, NULL, NULL),
(9517, 38, 35, NULL, 30, 1, NULL, NULL, NULL, NULL, NULL),
(9516, 38, 29, NULL, 29, 2, NULL, NULL, NULL, NULL, NULL),
(9515, 38, 20, NULL, 29, 1, NULL, NULL, NULL, NULL, '[ru]Каталог[/ru][en]Catalog[/en]'),
(9514, 38, 166, NULL, 24, 1, NULL, NULL, NULL, NULL, NULL),
(9310, 99, 20, NULL, 29, 1, NULL, NULL, NULL, NULL, '[ru]Каталог[/ru][en]Catalog[/en]'),
(9309, 99, 166, NULL, 24, 1, NULL, NULL, NULL, NULL, NULL),
(9308, 99, 172, NULL, 23, 1, NULL, NULL, NULL, NULL, NULL),
(9321, 100, 20, NULL, 29, 1, NULL, NULL, NULL, NULL, '[ru]Каталог[/ru][en]Catalog[/en]'),
(9320, 100, 166, NULL, 24, 1, NULL, NULL, NULL, NULL, NULL),
(9319, 100, 172, NULL, 23, 1, NULL, NULL, NULL, NULL, NULL),
(9318, 100, 174, '31', 22, 1, NULL, NULL, NULL, NULL, NULL),
(9513, 38, 172, NULL, 23, 1, NULL, NULL, NULL, NULL, NULL),
(9512, 38, 173, NULL, 22, 1, NULL, NULL, NULL, NULL, NULL),
(9511, 38, 156, NULL, 21, 1, NULL, NULL, NULL, NULL, NULL),
(8039, 264, 20, NULL, 27, 1, NULL, NULL, NULL, NULL, NULL),
(8038, 264, 166, NULL, 24, 1, NULL, NULL, NULL, NULL, NULL),
(8037, 264, 172, NULL, 23, 1, NULL, NULL, NULL, NULL, NULL),
(8047, 265, 20, NULL, 27, 1, NULL, NULL, NULL, NULL, NULL),
(8046, 265, 166, NULL, 24, 1, NULL, NULL, NULL, NULL, NULL),
(8045, 265, 172, NULL, 23, 1, NULL, NULL, NULL, NULL, NULL),
(8044, 265, 173, NULL, 22, 1, NULL, NULL, NULL, NULL, NULL),
(8043, 265, 156, NULL, 21, 1, NULL, NULL, NULL, NULL, NULL),
(8036, 264, 173, NULL, 22, 1, NULL, NULL, NULL, NULL, NULL),
(8035, 264, 156, NULL, 21, 1, NULL, NULL, NULL, NULL, NULL),
(7943, 88, 20, NULL, 27, 1, NULL, NULL, NULL, NULL, NULL),
(7942, 88, 166, NULL, 24, 1, NULL, NULL, NULL, NULL, NULL),
(7941, 88, 172, NULL, 23, 1, NULL, NULL, NULL, NULL, NULL),
(7940, 88, 173, NULL, 22, 1, NULL, NULL, NULL, NULL, NULL),
(7939, 88, 156, NULL, 21, 1, NULL, NULL, NULL, NULL, NULL),
(7959, 90, 20, NULL, 27, 1, NULL, NULL, NULL, NULL, NULL),
(7958, 90, 166, NULL, 24, 1, NULL, NULL, NULL, NULL, NULL),
(7957, 90, 172, NULL, 23, 1, NULL, NULL, NULL, NULL, NULL),
(7956, 90, 173, NULL, 22, 1, NULL, NULL, NULL, NULL, NULL),
(7955, 90, 156, NULL, 21, 1, NULL, NULL, NULL, NULL, NULL),
(7975, 91, 20, NULL, 27, 1, NULL, NULL, NULL, NULL, NULL),
(7974, 91, 166, NULL, 24, 1, NULL, NULL, NULL, NULL, NULL),
(7973, 91, 172, NULL, 23, 1, NULL, NULL, NULL, NULL, NULL),
(7972, 91, 173, NULL, 22, 1, NULL, NULL, NULL, NULL, NULL),
(7971, 91, 156, NULL, 21, 1, NULL, NULL, NULL, NULL, NULL),
(7791, 69, 20, NULL, 27, 1, NULL, NULL, NULL, NULL, NULL),
(7790, 69, 166, NULL, 24, 1, NULL, NULL, NULL, NULL, NULL),
(7789, 69, 172, NULL, 23, 1, NULL, NULL, NULL, NULL, NULL),
(7788, 69, 173, NULL, 22, 1, NULL, NULL, NULL, NULL, NULL),
(7787, 69, 156, NULL, 21, 1, NULL, NULL, NULL, NULL, NULL),
(7879, 80, 20, NULL, 27, 1, NULL, NULL, NULL, NULL, NULL),
(7878, 80, 166, NULL, 24, 1, NULL, NULL, NULL, NULL, NULL),
(7877, 80, 172, NULL, 23, 1, NULL, NULL, NULL, NULL, NULL),
(7876, 80, 173, NULL, 22, 1, NULL, NULL, NULL, NULL, NULL),
(7875, 80, 156, NULL, 21, 1, NULL, NULL, NULL, NULL, NULL),
(7895, 82, 20, NULL, 27, 1, NULL, NULL, NULL, NULL, NULL),
(7894, 82, 166, NULL, 24, 1, NULL, NULL, NULL, NULL, NULL),
(7893, 82, 172, NULL, 23, 1, NULL, NULL, NULL, NULL, NULL),
(7892, 82, 173, NULL, 22, 1, NULL, NULL, NULL, NULL, NULL),
(7891, 82, 156, NULL, 21, 1, NULL, NULL, NULL, NULL, NULL),
(7903, 83, 20, NULL, 27, 1, NULL, NULL, NULL, NULL, NULL),
(7902, 83, 166, NULL, 24, 1, NULL, NULL, NULL, NULL, NULL),
(7901, 83, 172, NULL, 23, 1, NULL, NULL, NULL, NULL, NULL),
(7900, 83, 173, NULL, 22, 1, NULL, NULL, NULL, NULL, NULL),
(7899, 83, 156, NULL, 21, 1, NULL, NULL, NULL, NULL, NULL),
(7911, 84, 20, NULL, 27, 1, NULL, NULL, NULL, NULL, NULL),
(7910, 84, 166, NULL, 24, 1, NULL, NULL, NULL, NULL, NULL),
(7909, 84, 172, NULL, 23, 1, NULL, NULL, NULL, NULL, NULL),
(7908, 84, 173, NULL, 22, 1, NULL, NULL, NULL, NULL, NULL),
(7907, 84, 156, NULL, 21, 1, NULL, NULL, NULL, NULL, NULL),
(7919, 85, 20, NULL, 27, 1, NULL, NULL, NULL, NULL, NULL),
(7918, 85, 166, NULL, 24, 1, NULL, NULL, NULL, NULL, NULL),
(7917, 85, 172, NULL, 23, 1, NULL, NULL, NULL, NULL, NULL),
(7916, 85, 173, NULL, 22, 1, NULL, NULL, NULL, NULL, NULL),
(7915, 85, 156, NULL, 21, 1, NULL, NULL, NULL, NULL, NULL),
(7863, 78, 20, NULL, 27, 1, NULL, NULL, NULL, NULL, NULL),
(7862, 78, 166, NULL, 24, 1, NULL, NULL, NULL, NULL, NULL),
(7861, 78, 172, NULL, 23, 1, NULL, NULL, NULL, NULL, NULL),
(7860, 78, 173, NULL, 22, 1, NULL, NULL, NULL, NULL, NULL),
(7859, 78, 156, NULL, 21, 1, NULL, NULL, NULL, NULL, NULL),
(7871, 79, 20, NULL, 27, 1, NULL, NULL, NULL, NULL, NULL),
(7870, 79, 166, NULL, 24, 1, NULL, NULL, NULL, NULL, NULL),
(7869, 79, 172, NULL, 23, 1, NULL, NULL, NULL, NULL, NULL),
(7868, 79, 173, NULL, 22, 1, NULL, NULL, NULL, NULL, NULL),
(7867, 79, 156, NULL, 21, 1, NULL, NULL, NULL, NULL, NULL),
(9307, 99, 174, '31', 22, 1, NULL, NULL, NULL, NULL, NULL),
(9317, 100, 156, NULL, 21, 1, NULL, NULL, NULL, NULL, NULL),
(7263, 44, 156, NULL, 21, 1, NULL, NULL, NULL, NULL, NULL),
(9771, 53, 29, NULL, 29, 2, NULL, NULL, NULL, NULL, NULL),
(7285, 43, 12, NULL, 28, 1, NULL, NULL, NULL, NULL, 'Карта сайта'),
(7284, 43, 20, NULL, 27, 1, NULL, NULL, NULL, NULL, NULL),
(7283, 43, 166, NULL, 24, 1, NULL, NULL, NULL, NULL, NULL),
(7282, 43, 172, NULL, 23, 1, NULL, NULL, NULL, NULL, NULL),
(7281, 43, 173, NULL, 22, 1, NULL, NULL, NULL, NULL, NULL),
(7280, 43, 156, NULL, 21, 1, NULL, NULL, NULL, NULL, NULL),
(7286, 43, 119, NULL, 39, 1, NULL, NULL, NULL, NULL, NULL),
(7287, 43, 58, NULL, 43, 1, NULL, NULL, NULL, NULL, NULL),
(8746, 48, 156, NULL, 21, 1, NULL, NULL, NULL, NULL, NULL),
(7421, 262, 166, NULL, 24, 1, NULL, NULL, NULL, NULL, NULL),
(7422, 262, 172, NULL, 23, 1, NULL, NULL, NULL, NULL, NULL),
(7423, 262, 173, NULL, 22, 1, NULL, NULL, NULL, NULL, NULL),
(7424, 262, 20, NULL, 27, 1, NULL, NULL, NULL, NULL, NULL),
(7428, 263, 119, NULL, 39, 1, NULL, NULL, NULL, NULL, NULL),
(7429, 263, 172, NULL, 23, 1, NULL, NULL, NULL, NULL, NULL),
(7430, 263, 173, NULL, 22, 1, NULL, NULL, NULL, NULL, NULL),
(7431, 263, 20, NULL, 27, 1, NULL, NULL, NULL, NULL, NULL),
(7525, 36, 119, NULL, 39, 1, NULL, NULL, NULL, NULL, NULL),
(7564, 45, 20, NULL, 27, 1, NULL, NULL, NULL, NULL, NULL),
(7565, 45, 119, NULL, 39, 1, NULL, NULL, NULL, NULL, NULL),
(7566, 45, 156, NULL, 21, 1, NULL, NULL, NULL, NULL, NULL),
(7567, 45, 166, NULL, 24, 1, NULL, NULL, NULL, NULL, NULL),
(7720, 14, 172, NULL, 23, 1, NULL, NULL, NULL, NULL, NULL),
(7723, 13, 156, NULL, 21, 1, NULL, NULL, NULL, NULL, NULL),
(7724, 13, 119, NULL, 39, 1, NULL, NULL, NULL, NULL, NULL),
(7725, 13, 166, NULL, 24, 1, NULL, NULL, NULL, NULL, NULL),
(7726, 13, 173, NULL, 22, 1, NULL, NULL, NULL, NULL, NULL),
(7727, 13, 172, NULL, 23, 1, NULL, NULL, NULL, NULL, NULL),
(7730, 16, 156, NULL, 21, 1, NULL, NULL, NULL, NULL, NULL),
(7731, 16, 119, NULL, 39, 1, NULL, NULL, NULL, NULL, NULL),
(7732, 16, 166, NULL, 24, 1, NULL, NULL, NULL, NULL, NULL),
(7733, 16, 172, NULL, 23, 1, NULL, NULL, NULL, NULL, NULL),
(7734, 16, 173, NULL, 22, 1, NULL, NULL, NULL, NULL, NULL),
(7738, 28, 119, NULL, 39, 1, NULL, NULL, NULL, NULL, NULL),
(7739, 28, 166, NULL, 24, 1, NULL, NULL, NULL, NULL, NULL),
(7740, 28, 172, NULL, 23, 1, NULL, NULL, NULL, NULL, NULL),
(7741, 28, 173, NULL, 22, 1, NULL, NULL, NULL, NULL, NULL),
(7745, 27, 166, NULL, 24, 1, NULL, NULL, NULL, NULL, NULL),
(7746, 27, 119, NULL, 39, 1, NULL, NULL, NULL, NULL, NULL),
(7747, 27, 172, NULL, 23, 1, NULL, NULL, NULL, NULL, NULL),
(7748, 27, 173, NULL, 22, 1, NULL, NULL, NULL, NULL, NULL),
(7752, 26, 166, NULL, 24, 1, NULL, NULL, NULL, NULL, NULL),
(7753, 26, 119, NULL, 39, 1, NULL, NULL, NULL, NULL, NULL),
(7754, 26, 172, NULL, 23, 1, NULL, NULL, NULL, NULL, NULL),
(7755, 26, 173, NULL, 22, 1, NULL, NULL, NULL, NULL, NULL),
(7759, 29, 119, NULL, 39, 1, NULL, NULL, NULL, NULL, NULL),
(7760, 29, 172, NULL, 23, 1, NULL, NULL, NULL, NULL, NULL),
(7761, 29, 173, NULL, 22, 1, NULL, NULL, NULL, NULL, NULL),
(7762, 29, 166, NULL, 24, 1, NULL, NULL, NULL, NULL, NULL),
(9306, 99, 156, NULL, 21, 1, NULL, NULL, NULL, NULL, NULL),
(9325, 100, 119, NULL, 39, 1, NULL, NULL, NULL, NULL, NULL),
(9745, 268, 114, '1', 30, 2, NULL, NULL, NULL, NULL, '[ru]Выбор товара по характеристикам[/ru][en]Refine Search[/en]'),
(9744, 268, 35, NULL, 30, 1, NULL, NULL, NULL, NULL, NULL),
(9743, 268, 29, NULL, 29, 2, NULL, NULL, NULL, NULL, NULL),
(9742, 268, 20, NULL, 29, 1, NULL, NULL, NULL, NULL, NULL),
(9458, 31, 51, NULL, 28, 1, NULL, NULL, NULL, NULL, NULL),
(9459, 31, 119, NULL, 39, 1, NULL, NULL, NULL, NULL, NULL),
(9770, 53, 20, NULL, 29, 1, NULL, NULL, NULL, NULL, '[ru]Каталог[/ru][en]Catalog[/en]'),
(9769, 53, 166, NULL, 24, 1, NULL, NULL, NULL, NULL, NULL),
(9768, 53, 172, NULL, 23, 1, NULL, NULL, NULL, NULL, NULL),
(9767, 53, 173, NULL, 22, 1, NULL, NULL, NULL, NULL, NULL),
(9766, 53, 156, NULL, 21, 1, NULL, NULL, NULL, NULL, NULL),
(9741, 268, 166, NULL, 24, 1, NULL, NULL, NULL, NULL, NULL),
(9740, 268, 172, NULL, 23, 1, NULL, NULL, NULL, NULL, NULL),
(9739, 268, 173, NULL, 22, 1, NULL, NULL, NULL, NULL, NULL),
(9738, 268, 156, NULL, 21, 1, NULL, NULL, NULL, NULL, NULL),
(9762, 39, 41, NULL, 31, 2, NULL, NULL, NULL, NULL, '[ru]Вы недавно смотрели[/ru][en]Recently Viewed[/en]'),
(9754, 39, 172, NULL, 23, 1, NULL, NULL, NULL, NULL, NULL),
(9753, 39, 173, NULL, 22, 1, NULL, NULL, NULL, NULL, NULL),
(9752, 39, 156, NULL, 21, 1, NULL, NULL, NULL, NULL, NULL),
(9749, 268, 119, NULL, 39, 1, NULL, NULL, NULL, NULL, NULL),
(9750, 268, 58, NULL, 43, 1, NULL, NULL, NULL, NULL, NULL),
(9751, 268, 1, NULL, 43, 2, NULL, NULL, NULL, NULL, NULL),
(9763, 39, 119, NULL, 39, 1, NULL, NULL, NULL, NULL, NULL),
(9764, 39, 58, NULL, 43, 1, NULL, NULL, NULL, NULL, NULL),
(9765, 39, 1, NULL, 43, 2, NULL, NULL, NULL, NULL, NULL),
(9778, 53, 117, '2', 31, 2, NULL, NULL, 'no-borders', NULL, NULL),
(9779, 53, 77, '31', 31, 3, NULL, NULL, NULL, NULL, '[ru]Новые обзоры[/ru][en]New Reviews[/en]'),
(9780, 53, 119, NULL, 39, 1, NULL, NULL, NULL, NULL, NULL),
(9781, 53, 58, NULL, 43, 1, NULL, NULL, NULL, NULL, NULL),
(9782, 53, 1, NULL, 43, 2, NULL, NULL, NULL, NULL, NULL),
(9904, 17, 156, NULL, 21, 1, NULL, NULL, NULL, NULL, NULL);

CREATE TABLE `va_cms_pages_settings` (
  `ps_id` int(11) NOT NULL AUTO_INCREMENT,
  `page_id` int(11) DEFAULT '0',
  `key_code` varchar(32) DEFAULT NULL,
  `key_type` varchar(16) DEFAULT NULL,
  `key_rule` varchar(16) DEFAULT NULL,
  `layout_id` int(11) DEFAULT '0',
  `site_id` int(11) DEFAULT '0',
  `meta_title` text,
  `meta_keywords` text,
  `meta_description` text,
  PRIMARY KEY (`ps_id`),
  KEY `page_id` (`page_id`),
  KEY `key_code` (`key_code`)
) ENGINE=MyISAM  DEFAULT CHARSET=utf8 AUTO_INCREMENT=270 ;

INSERT INTO `va_cms_pages_settings` (`ps_id`, `page_id`, `key_code`, `key_type`, `key_rule`, `layout_id`, `site_id`, `meta_title`, `meta_keywords`, `meta_description`) VALUES
(1, 31, '1', 'category', 'all', 1, 1, NULL, NULL, NULL),
(2, 31, '3', 'category', 'all', 1, 1, NULL, NULL, NULL),
(3, 31, '30', 'category', 'all', 1, 1, NULL, NULL, NULL),
(4, 31, '4', 'category', 'all', 1, 1, NULL, NULL, NULL),
(5, 31, '5', 'category', 'all', 1, 1, NULL, NULL, NULL),
(6, 31, '6', 'category', 'all', 1, 1, NULL, NULL, NULL),
(7, 30, '1', 'category', 'all', 1, 1, NULL, NULL, NULL),
(8, 30, '3', 'category', 'all', 1, 1, NULL, NULL, NULL),
(9, 30, '30', 'category', 'all', 1, 1, NULL, NULL, NULL),
(10, 30, '4', 'category', 'all', 1, 1, NULL, NULL, NULL),
(11, 30, '5', 'category', 'all', 1, 1, NULL, NULL, NULL),
(12, 30, '6', 'category', 'all', 1, 1, NULL, NULL, NULL),
(13, 39, '', '', '', 5, 1, NULL, NULL, NULL),
(14, 38, '', '', '', 5, 1, NULL, NULL, NULL),
(15, 37, '', '', '', 5, 1, NULL, NULL, NULL),
(16, 40, '', '', '', 5, 1, NULL, NULL, NULL),
(17, 17, '', '', '', 5, 1, NULL, NULL, NULL),
(18, 19, '', '', '', 5, 1, NULL, NULL, NULL),
(19, 18, '', '', '', 5, 1, NULL, NULL, NULL),
(20, 21, '', '', '', 5, 1, NULL, NULL, NULL),
(21, 4, '', '', '', 5, 1, NULL, NULL, NULL),
(22, 5, '', '', '', 5, 1, NULL, NULL, NULL),
(23, 34, '', '', '', 5, 1, NULL, NULL, NULL),
(24, 36, '', '', '', 5, 1, NULL, NULL, NULL),
(25, 35, '', '', '', 5, 1, NULL, NULL, NULL),
(26, 43, '', '', '', 5, 1, NULL, NULL, NULL),
(27, 42, '', '', '', 5, 1, NULL, NULL, NULL),
(28, 41, '', '', '', 5, 1, NULL, NULL, NULL),
(29, 44, '', '', '', 5, 1, NULL, NULL, NULL),
(30, 24, '', '', '', 5, 1, NULL, NULL, NULL),
(31, 25, '', '', '', 5, 1, NULL, NULL, NULL),
(32, 22, '', '', '', 5, 1, NULL, NULL, NULL),
(33, 23, '', '', '', 5, 1, NULL, NULL, NULL),
(34, 7, '', '', '', 5, 1, NULL, NULL, NULL),
(35, 13, '', '', '', 5, 1, NULL, NULL, NULL),
(36, 16, '', '', '', 5, 1, NULL, NULL, NULL),
(37, 12, '', '', '', 5, 1, NULL, NULL, NULL),
(38, 10, '', '', '', 5, 1, NULL, NULL, NULL),
(39, 8, '', '', '', 5, 1, NULL, NULL, NULL),
(40, 15, '', '', '', 5, 1, NULL, NULL, NULL),
(41, 9, '', '', '', 5, 1, NULL, NULL, NULL),
(42, 6, '', '', '', 5, 1, NULL, NULL, NULL),
(43, 2, '', '', '', 5, 1, NULL, NULL, NULL),
(44, 3, '', '', '', 5, 1, NULL, NULL, NULL),
(45, 20, '', '', '', 5, 1, NULL, NULL, NULL),
(46, 32, '', '', '', 5, 1, NULL, NULL, NULL),
(47, 33, '', '', '', 5, 1, NULL, NULL, NULL),
(48, 29, '', '', '', 5, 1, NULL, NULL, NULL),
(49, 26, '', '', '', 5, 1, NULL, NULL, NULL),
(50, 27, '', '', '', 5, 1, NULL, NULL, NULL),
(51, 28, '', '', '', 5, 1, NULL, NULL, NULL),
(52, 14, '', '', '', 5, 1, NULL, NULL, NULL),
(53, 1, '', '', '', 5, 1, 'Viartshop v.4.1RE', NULL, NULL),
(58, 45, '', '', '', 5, 1, NULL, NULL, NULL),
(59, 46, '1', 'category', 'all', 3, 1, NULL, NULL, NULL),
(60, 46, '3', 'category', 'all', 3, 1, NULL, NULL, NULL),
(61, 46, '4', 'category', 'all', 3, 1, NULL, NULL, NULL),
(62, 46, '5', 'category', 'all', 3, 1, NULL, NULL, NULL),
(63, 46, '6', 'category', 'all', 3, 1, NULL, NULL, NULL),
(64, 46, '30', 'category', 'all', 3, 1, NULL, NULL, NULL),
(65, 47, '', '', '', 5, 1, NULL, NULL, NULL),
(66, 48, '', '', '', 5, 1, NULL, NULL, NULL),
(67, 49, '', '', '', 5, 1, NULL, NULL, NULL),
(68, 50, '', '', '', 5, 1, NULL, NULL, NULL),
(69, 51, '', '', '', 5, 1, NULL, NULL, NULL),
(70, 52, '', '', '', 5, 1, NULL, NULL, NULL),
(71, 53, '', '', '', 5, 1, NULL, NULL, NULL),
(72, 54, '', '', '', 5, 1, NULL, NULL, NULL),
(73, 55, '', '', '', 5, 1, NULL, NULL, NULL),
(74, 56, '', '', '', 5, 1, NULL, NULL, NULL),
(75, 57, '', '', '', 5, 1, NULL, NULL, NULL),
(76, 58, '', '', '', 5, 1, NULL, NULL, NULL),
(77, 59, '', '', '', 5, 1, NULL, NULL, NULL),
(78, 60, '', '', '', 5, 1, NULL, NULL, NULL),
(79, 61, '', '', '', 5, 1, NULL, NULL, NULL),
(80, 62, '', '', '', 5, 1, NULL, NULL, NULL),
(81, 63, '', '', '', 5, 1, NULL, NULL, NULL),
(82, 64, '', '', '', 5, 1, NULL, NULL, NULL),
(83, 65, '', '', '', 5, 1, NULL, NULL, NULL),
(84, 66, '', '', '', 5, 1, NULL, NULL, NULL),
(85, 67, '', '', '', 5, 1, NULL, NULL, NULL),
(86, 68, '', '', '', 5, 1, NULL, NULL, NULL),
(87, 69, '', '', '', 5, 1, NULL, NULL, NULL),
(88, 70, '', '', '', 5, 1, NULL, NULL, NULL),
(89, 71, '', '', '', 5, 1, NULL, NULL, NULL),
(90, 72, '', '', '', 5, 1, NULL, NULL, NULL),
(91, 73, '', '', '', 5, 1, NULL, NULL, NULL),
(92, 74, '', '', '', 5, 1, NULL, NULL, NULL),
(93, 75, '', '', '', 5, 1, NULL, NULL, NULL),
(94, 76, '', '', '', 5, 1, NULL, NULL, NULL),
(95, 77, '', '', '', 5, 1, NULL, NULL, NULL),
(96, 78, '', '', '', 5, 1, NULL, NULL, NULL),
(97, 79, '', '', '', 5, 1, NULL, NULL, NULL),
(98, 80, '', '', '', 5, 1, NULL, NULL, NULL),
(99, 30, '31', 'category', '', 5, 1, NULL, NULL, NULL),
(100, 31, '31', 'category', '', 5, 1, NULL, NULL, NULL),
(101, 4, '7', '', 'default', 5, 1, NULL, NULL, NULL),
(102, 4, '8', '', 'custom', 5, 1, NULL, NULL, NULL),
(103, 46, '31', 'category', '', 5, 1, NULL, NULL, NULL),
(262, 81, '', '', '', 5, 1, NULL, NULL, NULL),
(263, 82, '', '', '', 5, 1, NULL, NULL, NULL),
(264, 83, '', '', '', 5, 1, NULL, NULL, NULL),
(265, 84, '', '', '', 5, 1, NULL, NULL, NULL),
(266, 84, '', '', '', 3, 1, NULL, NULL, NULL),
(267, 11, '', '', '', 5, 1, NULL, NULL, NULL),
(268, 8, '53', 'category', 'category', 5, 1, NULL, NULL, NULL),
(269, 4, '20', '', 'default', 1, 1, NULL, NULL, NULL);

CREATE TABLE `va_companies` (
  `company_id` int(11) NOT NULL AUTO_INCREMENT,
  `company_name` varchar(255) NOT NULL,
  `image_small` varchar(50) DEFAULT NULL,
  `image_large` varchar(50) DEFAULT NULL,
  `address_info` text,
  `phone_number` varchar(32) DEFAULT NULL,
  `fax_number` varchar(32) DEFAULT NULL,
  `site_url` varchar(128) DEFAULT NULL,
  `contact_email` varchar(128) DEFAULT NULL,
  `short_description` text,
  `full_description` text,
  PRIMARY KEY (`company_id`)
) ENGINE=MyISAM DEFAULT CHARSET=utf8 AUTO_INCREMENT=1 ;


CREATE TABLE `va_countries` (
  `country_id` int(11) NOT NULL AUTO_INCREMENT,
  `country_code` varchar(4) NOT NULL,
  `country_iso_number` varchar(4) DEFAULT NULL,
  `country_code_alpha3` varchar(4) DEFAULT NULL,
  `country_order` int(11) DEFAULT '1',
  `country_name` varchar(64) NOT NULL,
  `phone_code` varchar(32) DEFAULT NULL,
  `currency_code` varchar(4) DEFAULT NULL,
  `show_for_user` tinyint(4) DEFAULT '1',
  PRIMARY KEY (`country_id`)
) ENGINE=MyISAM  DEFAULT CHARSET=utf8 AUTO_INCREMENT=226 ;

INSERT INTO `va_countries` (`country_id`, `country_code`, `country_iso_number`, `country_code_alpha3`, `country_order`, `country_name`, `phone_code`, `currency_code`, `show_for_user`) VALUES
(188, 'RU', '643', 'RUS', 3, 'Российская Федерация', '7', 'RUB', 1),
(225, 'UA', '804', 'UKR', 3, 'Украина', NULL, NULL, 0);

CREATE TABLE `va_coupons` (
  `coupon_id` int(11) NOT NULL AUTO_INCREMENT,
  `order_id` int(11) DEFAULT '0',
  `order_item_id` int(11) DEFAULT '0',
  `coupon_code` varchar(64) DEFAULT NULL,
  `coupon_title` varchar(255) DEFAULT NULL,
  `is_active` tinyint(4) DEFAULT '1',
  `is_auto_apply` tinyint(4) NOT NULL DEFAULT '0',
  `apply_order` int(11) DEFAULT '1',
  `discount_type` tinyint(4) DEFAULT '0',
  `discount_amount` double(16,2) DEFAULT '0.00',
  `discount_quantity` int(11) DEFAULT NULL,
  `discount_tax_free` int(11) DEFAULT '0',
  `free_postage` tinyint(4) DEFAULT '0',
  `free_postage_all` tinyint(4) DEFAULT '1',
  `free_postage_ids` text,
  `coupon_tax_free` tinyint(4) DEFAULT '0',
  `order_tax_free` tinyint(4) DEFAULT '0',
  `order_min_goods_cost` double(16,2) DEFAULT '0.00',
  `order_max_goods_cost` double(16,2) DEFAULT '0.00',
  `order_min_weight` double(16,4) DEFAULT '0.0000',
  `order_max_weight` double(16,4) DEFAULT '0.0000',
  `items_all` tinyint(4) DEFAULT '1',
  `items_ids` text,
  `items_types_ids` text,
  `items_categories_ids` text,
  `cart_items_all` tinyint(4) DEFAULT '1',
  `cart_items_ids` text,
  `cart_items_types_ids` text,
  `sites_all` tinyint(4) DEFAULT '1',
  `users_all` tinyint(4) DEFAULT '1',
  `users_ids` text,
  `users_types_ids` text,
  `users_use_limit` int(11) DEFAULT NULL,
  `min_quantity` int(11) DEFAULT NULL,
  `max_quantity` int(11) DEFAULT NULL,
  `minimum_amount` double(16,2) DEFAULT '0.00',
  `maximum_amount` double(16,2) DEFAULT NULL,
  `min_cart_quantity` int(11) DEFAULT NULL,
  `max_cart_quantity` int(11) DEFAULT NULL,
  `min_cart_cost` double(16,2) DEFAULT NULL,
  `max_cart_cost` double(16,2) DEFAULT NULL,
  `orders_period` tinyint(4) DEFAULT NULL,
  `orders_interval` int(11) DEFAULT NULL,
  `orders_min_goods` double(16,2) DEFAULT NULL,
  `orders_max_goods` double(16,2) DEFAULT NULL,
  `friends_discount_type` tinyint(4) DEFAULT '0',
  `friends_all` tinyint(4) DEFAULT '1',
  `friends_ids` text,
  `friends_types_ids` text,
  `friends_period` tinyint(4) DEFAULT NULL,
  `friends_interval` int(11) DEFAULT NULL,
  `friends_min_goods` double(16,2) DEFAULT NULL,
  `friends_max_goods` double(16,2) DEFAULT NULL,
  `start_date` datetime DEFAULT NULL,
  `expiry_date` datetime DEFAULT NULL,
  `is_exclusive` tinyint(4) DEFAULT '0',
  `quantity_limit` int(11) DEFAULT '1',
  `coupon_uses` int(11) DEFAULT '0',
  `admin_id_added_by` int(11) DEFAULT '0',
  `admin_id_modified_by` int(11) DEFAULT '0',
  `date_added` datetime DEFAULT NULL,
  `date_modified` datetime DEFAULT NULL,
  PRIMARY KEY (`coupon_id`),
  KEY `order_id` (`order_id`),
  KEY `order_item_id` (`order_item_id`),
  KEY `coupon_code` (`coupon_code`),
  KEY `is_auto_apply` (`is_auto_apply`),
  KEY `sites_all` (`sites_all`)
) ENGINE=MyISAM  DEFAULT CHARSET=utf8 AUTO_INCREMENT=3 ;

INSERT INTO `va_coupons` (`coupon_id`, `order_id`, `order_item_id`, `coupon_code`, `coupon_title`, `is_active`, `is_auto_apply`, `apply_order`, `discount_type`, `discount_amount`, `discount_quantity`, `discount_tax_free`, `free_postage`, `free_postage_all`, `free_postage_ids`, `coupon_tax_free`, `order_tax_free`, `order_min_goods_cost`, `order_max_goods_cost`, `order_min_weight`, `order_max_weight`, `items_all`, `items_ids`, `items_types_ids`, `items_categories_ids`, `cart_items_all`, `cart_items_ids`, `cart_items_types_ids`, `sites_all`, `users_all`, `users_ids`, `users_types_ids`, `users_use_limit`, `min_quantity`, `max_quantity`, `minimum_amount`, `maximum_amount`, `min_cart_quantity`, `max_cart_quantity`, `min_cart_cost`, `max_cart_cost`, `orders_period`, `orders_interval`, `orders_min_goods`, `orders_max_goods`, `friends_discount_type`, `friends_all`, `friends_ids`, `friends_types_ids`, `friends_period`, `friends_interval`, `friends_min_goods`, `friends_max_goods`, `start_date`, `expiry_date`, `is_exclusive`, `quantity_limit`, `coupon_uses`, `admin_id_added_by`, `admin_id_modified_by`, `date_added`, `date_modified`) VALUES
(1, 0, 0, '2E04C415', 'Распродажа', 1, 1, 1, 6, 10.00, NULL, 0, 0, 1, NULL, 0, 0, NULL, NULL, NULL, NULL, 0, NULL, NULL, NULL, 1, NULL, NULL, 1, 1, NULL, NULL, NULL, NULL, NULL, NULL, NULL, NULL, NULL, NULL, NULL, NULL, NULL, NULL, NULL, 0, 0, NULL, NULL, NULL, NULL, NULL, NULL, '2012-11-17 00:00:00', '2013-11-21 00:00:00', 0, 0, NULL, 1, 5, '2012-11-17 15:44:02', '2012-11-29 22:45:56'),
(2, 0, 0, '3E851AFD', 'Скидка 500 руб. за подписку на новости', 1, 0, 1, 2, 500.00, NULL, 0, 1, 1, NULL, 1, 1, NULL, NULL, NULL, NULL, 1, NULL, NULL, NULL, 1, NULL, NULL, 1, 1, NULL, NULL, NULL, NULL, NULL, NULL, NULL, NULL, NULL, NULL, NULL, NULL, NULL, NULL, NULL, 0, 0, NULL, NULL, NULL, NULL, NULL, NULL, NULL, '2013-11-24 00:00:00', 1, 1, 0, 1, 0, '2012-11-23 11:52:45', NULL);

CREATE TABLE `va_coupons_sites` (
  `coupon_id` int(11) NOT NULL DEFAULT '0',
  `site_id` int(11) NOT NULL DEFAULT '0',
  PRIMARY KEY (`coupon_id`,`site_id`)
) ENGINE=MyISAM DEFAULT CHARSET=utf8;


CREATE TABLE `va_credit_cards` (
  `credit_card_id` int(11) NOT NULL AUTO_INCREMENT,
  `credit_card_code` varchar(32) NOT NULL,
  `credit_card_name` varchar(64) NOT NULL,
  PRIMARY KEY (`credit_card_id`)
) ENGINE=MyISAM  DEFAULT CHARSET=utf8 AUTO_INCREMENT=11 ;

INSERT INTO `va_credit_cards` (`credit_card_id`, `credit_card_code`, `credit_card_name`) VALUES
(1, 'Visa', 'VISA'),
(2, 'Visa', 'VISA Electron'),
(3, 'MC', 'Mastercard'),
(4, 'AMEX', 'American Express'),
(5, 'Switch', 'Switch'),
(6, 'Solo', 'Solo'),
(7, 'JCB', 'JCB'),
(8, 'Delta', 'Delta'),
(9, 'Eurocard', 'Eurocard'),
(10, 'discover', 'Discover');

CREATE TABLE `va_currencies` (
  `currency_id` int(11) NOT NULL AUTO_INCREMENT,
  `is_default` tinyint(4) DEFAULT '0',
  `is_default_show` tinyint(4) DEFAULT '0',
  `show_for_user` tinyint(4) DEFAULT '1',
  `currency_code` varchar(4) DEFAULT NULL,
  `currency_value` varchar(16) DEFAULT NULL,
  `currency_title` varchar(64) DEFAULT NULL,
  `currency_image` varchar(255) DEFAULT NULL,
  `currency_image_active` varchar(255) DEFAULT NULL,
  `exchange_rate` double(16,8) NOT NULL DEFAULT '1.00000000',
  `symbol_left` varchar(32) DEFAULT NULL,
  `symbol_right` varchar(32) DEFAULT NULL,
  `decimals_number` tinyint(4) DEFAULT '2',
  `decimal_point` varchar(16) DEFAULT NULL,
  `thousands_separator` varchar(16) DEFAULT NULL,
  `sites_all` tinyint(4) DEFAULT '1',
  PRIMARY KEY (`currency_id`),
  KEY `currency_code` (`currency_code`)
) ENGINE=MyISAM  DEFAULT CHARSET=utf8 AUTO_INCREMENT=21 ;

INSERT INTO `va_currencies` (`currency_id`, `is_default`, `is_default_show`, `show_for_user`, `currency_code`, `currency_value`, `currency_title`, `currency_image`, `currency_image_active`, `exchange_rate`, `symbol_left`, `symbol_right`, `decimals_number`, `decimal_point`, `thousands_separator`, `sites_all`) VALUES
(1, 0, 0, 1, 'USD', '840', 'Доллар США', 'images/currencies/currency.png', NULL, 0.03234800, '$', NULL, 2, '.', ',', 1),
(2, 0, 0, 0, 'AUD', '036', 'Australian Dollar', 'images/flags/au.gif', NULL, 0.03101800, '$', NULL, 2, '.', ',', 1),
(3, 0, 0, 1, 'GBP', '826', 'Британский фунт', 'images/currencies/currency-pound.png', NULL, 0.02012300, '&#163;', NULL, 2, '.', ',', 1),
(4, 0, 0, 0, 'CAD', '124', 'Canadian Dollar', 'images/flags/ca.gif', NULL, 0.03211600, '$', NULL, 2, '.', ',', 1),
(5, 0, 0, 0, 'DKK', '208', 'Danish Krone', 'images/flags/dk.gif', NULL, 0.18480900, 'DKK', NULL, 2, '.', ',', 1),
(6, 0, 0, 1, 'EUR', '978', 'Евро', 'images/currencies/currency-euro.png', NULL, 0.02477600, '€', NULL, 2, '.', ',', 1),
(7, 0, 0, 0, 'HKD', '344', 'Hong Kong Dollar', 'images/flags/hk.gif', NULL, 0.25069900, 'HK$', NULL, 2, '.', ',', 1),
(8, 0, 0, 0, 'HUF', '348', 'Hungarian Forint', 'images/flags/hu.gif', NULL, 6.98520300, 'HUF', NULL, 2, '.', ',', 1),
(9, 0, 0, 0, 'ISK', '352', 'Iceland Krona', 'images/flags/is.gif', NULL, 4.05337200, 'ISK', NULL, 2, '.', ',', 1),
(10, 0, 0, 0, 'ILS', '376', 'Israeli Shekel', 'images/flags/il.gif', NULL, 0.12330200, 'ILS', NULL, 2, '.', ',', 1),
(11, 0, 0, 0, 'JPY', '392', 'Japanese Yen', 'images/flags/jp.gif', NULL, 2.66059400, 'JPY', NULL, 2, '.', ',', 1),
(12, 0, 0, 0, 'NZD', '554', 'New Zealand Dollar', 'images/flags/nz.gif', NULL, 0.03937800, '$', NULL, 2, '.', ',', 1),
(13, 0, 0, 0, 'NOK', '578', 'Norwegian Kroner', 'images/flags/no.gif', NULL, 0.18209200, 'NOK', NULL, 2, '.', ',', 1),
(14, 0, 0, 0, 'SGD', '702', 'Singapore Dollar', 'images/flags/sg.gif', NULL, 0.03942800, 'SG$', NULL, 2, '.', ',', 1),
(15, 0, 0, 0, 'ZAR', '710', 'South African Rand', 'images/flags/za.gif', NULL, 0.28601800, 'ZAR', NULL, 2, '.', ',', 1),
(16, 0, 0, 0, 'SEK', '752', 'Swedish Krona SEK', 'images/flags/se.gif', NULL, 0.21451800, 'SEK', NULL, 2, '.', ',', 1),
(17, 0, 0, 0, 'CHF', '756', 'Swiss Franc', 'images/flags/ch.gif', NULL, 0.02994000, 'CHF', NULL, 2, '.', ',', 1),
(18, 0, 0, 1, 'UAH', '980', 'Украинская гривна', 'images/currencies/grivna6.png', NULL, 0.00832010, NULL, ' грн.', 2, NULL, NULL, 1),
(19, 0, 0, 0, 'TRY', '949', 'Turkish Lira', 'images/flags/tr.gif', NULL, 0.05779500, NULL, 'YTL', 2, '.', ',', 1),
(20, 1, 1, 1, 'RUB', '810', 'Российский рубль', 'images/currencies/currency-ruble.png', NULL, 1.00000000, NULL, ' руб.', 2, '.', NULL, 1);

CREATE TABLE `va_currencies_sites` (
  `currency_id` int(11) NOT NULL DEFAULT '0',
  `site_id` int(11) NOT NULL DEFAULT '0',
  PRIMARY KEY (`currency_id`,`site_id`)
) ENGINE=MyISAM DEFAULT CHARSET=utf8;


CREATE TABLE `va_custom_blocks` (
  `block_id` int(11) NOT NULL AUTO_INCREMENT,
  `block_name` varchar(128) DEFAULT NULL,
  `block_notes` text,
  `block_title` varchar(255) DEFAULT NULL,
  `block_path` varchar(255) DEFAULT NULL,
  `block_desc` text,
  PRIMARY KEY (`block_id`)
) ENGINE=MyISAM  DEFAULT CHARSET=utf8 AUTO_INCREMENT=8 ;

INSERT INTO `va_custom_blocks` (`block_id`, `block_name`, `block_notes`, `block_title`, `block_path`, `block_desc`) VALUES
(5, 'Платежные системы в футере', NULL, '[ru]Вы можете оплатить[/ru][en]Payment Systems[/en]', NULL, '<img alt="" src="./images/editor/payments_all.png" align="absMiddle" border="0" height="38" hspace="0" vspace="0" width="100%">'),
(4, 'Конвертор валют', NULL, 'Конвертор валют', NULL, '<form id="frConverter">\r\n	<table border="0" cellpadding="3" cellspacing="0">\r\n		<tbody>\r\n			<tr>\r\n				<td>\r\n					<b>I Have</b></td>\r\n			</tr>\r\n			<tr>\r\n				<td>\r\n					<select name="base_currency" onchange="frExCalc();" onkeyup="frExCalc();" style="width: 180px;"></select> <input name="default_base" type="hidden" value="usd" /></td>\r\n			</tr>\r\n			<tr>\r\n				<td>\r\n					<input name="base_value" onkeyup="frExCalc();" style="width: 175px;" type="text" value="1" /></td>\r\n			</tr>\r\n			<tr>\r\n				<td>\r\n					<br />\r\n					<b>I Want</b></td>\r\n			</tr>\r\n			<tr>\r\n				<td>\r\n					<select name="target_currency" onchange="frExCalc();" onkeyup="frExCalc();" style="width: 180px;"></select> <input name="default_target" type="hidden" value="eur" /></td>\r\n			</tr>\r\n			<tr>\r\n				<td>\r\n					<input name="target_value" onkeyup="frExCalc(true);" style="width: 175px;" type="text" value="" /></td>\r\n			</tr>\r\n		</tbody>\r\n	</table>\r\n	<br />\r\n	<a href="http://www.floatrates.com/" id="frLink">Currency Converter</a></form>\r\n<script type="text/javascript" src="http://www.floatrates.com/scripts/converter.js"></script>'),
(6, 'Баннер на главной', NULL, NULL, NULL, '<a href="./products.php?category_id=58"><img alt="" src="./images/editor/banner.png"  ="" border="0" width="100%"></a>'),
(7, 'Free shipping', NULL, NULL, NULL, '<div align="center"><text><img alt="" src="./images/editor/free_shipping.png" border="0" height="130" hspace="0" vspace="0" width="220"></text></div>');

CREATE TABLE `va_export_fields` (
  `field_id` int(11) NOT NULL AUTO_INCREMENT,
  `template_id` int(11) DEFAULT '0',
  `field_order` int(11) DEFAULT '0',
  `field_title` varchar(128) DEFAULT NULL,
  `field_source` text,
  PRIMARY KEY (`field_id`)
) ENGINE=MyISAM  DEFAULT CHARSET=utf8 AUTO_INCREMENT=4 ;

INSERT INTO `va_export_fields` (`field_id`, `template_id`, `field_order`, `field_title`, `field_source`) VALUES
(1, 1, 1, 'Email ID', 'email_id'),
(2, 1, 2, 'Email', 'email'),
(3, 1, 3, 'Дата добавления', 'date_added');

CREATE TABLE `va_export_filters` (
  `filter_id` int(11) NOT NULL AUTO_INCREMENT,
  `template_id` int(11) DEFAULT '0',
  `filter_parameter` varchar(64) DEFAULT NULL,
  `filter_value` varchar(255) DEFAULT NULL,
  PRIMARY KEY (`filter_id`),
  KEY `template_id` (`template_id`)
) ENGINE=MyISAM DEFAULT CHARSET=utf8 AUTO_INCREMENT=1 ;


CREATE TABLE `va_export_templates` (
  `template_id` int(11) NOT NULL AUTO_INCREMENT,
  `template_name` varchar(255) DEFAULT NULL,
  `table_name` varchar(64) DEFAULT NULL,
  `save_file` tinyint(4) DEFAULT '0',
  `file_path_mask` varchar(255) DEFAULT NULL,
  `file_path_mask_copy` varchar(255) DEFAULT NULL,
  `ftp_upload` tinyint(4) DEFAULT '0',
  `ftp_host` varchar(255) DEFAULT NULL,
  `ftp_port` varchar(16) DEFAULT NULL,
  `ftp_login` varchar(128) DEFAULT NULL,
  `ftp_password` varchar(255) DEFAULT NULL,
  `ftp_passive_mode` tinyint(4) DEFAULT '0',
  `ftp_transfer_mode` varchar(16) DEFAULT NULL,
  `ftp_path` varchar(255) DEFAULT NULL,
  `use_filter` tinyint(4) DEFAULT '0',
  `is_cronjob` tinyint(4) DEFAULT '0',
  `order_status_update` int(11) DEFAULT NULL,
  `admin_id_added_by` int(11) DEFAULT '0',
  `admin_id_modified_by` int(11) DEFAULT '0',
  `date_added` datetime DEFAULT NULL,
  `date_modified` datetime DEFAULT NULL,
  PRIMARY KEY (`template_id`)
) ENGINE=MyISAM  DEFAULT CHARSET=utf8 AUTO_INCREMENT=2 ;

INSERT INTO `va_export_templates` (`template_id`, `template_name`, `table_name`, `save_file`, `file_path_mask`, `file_path_mask_copy`, `ftp_upload`, `ftp_host`, `ftp_port`, `ftp_login`, `ftp_password`, `ftp_passive_mode`, `ftp_transfer_mode`, `ftp_path`, `use_filter`, `is_cronjob`, `order_status_update`, `admin_id_added_by`, `admin_id_modified_by`, `date_added`, `date_modified`) VALUES
(1, 'Подписчики 1', 'newsletters_users', 0, NULL, NULL, 0, NULL, NULL, NULL, NULL, 0, NULL, NULL, 0, 0, NULL, 1, 0, '2012-11-01 20:34:27', NULL);

CREATE TABLE `va_features` (
  `feature_id` int(11) NOT NULL AUTO_INCREMENT,
  `item_id` int(11) DEFAULT '0',
  `group_id` int(11) DEFAULT '0',
  `google_base_attribute_id` int(11) DEFAULT '0',
  `feature_code` varchar(32) DEFAULT NULL,
  `feature_name` varchar(255) DEFAULT NULL,
  `feature_value` varchar(255) DEFAULT NULL,
  `show_as_group` tinyint(4) DEFAULT '1',
  `show_on_table` tinyint(4) DEFAULT '0',
  `show_on_details` tinyint(4) DEFAULT '0',
  `show_on_basket` tinyint(4) DEFAULT '0',
  `show_on_checkout` tinyint(4) DEFAULT '0',
  `show_on_invoice` tinyint(4) DEFAULT '0',
  PRIMARY KEY (`feature_id`),
  KEY `item_id` (`item_id`),
  KEY `group_id` (`group_id`),
  KEY `google_base_attribute_id` (`google_base_attribute_id`),
  KEY `feature_code` (`feature_code`)
) ENGINE=MyISAM  DEFAULT CHARSET=utf8 AUTO_INCREMENT=160 ;

INSERT INTO `va_features` (`feature_id`, `item_id`, `group_id`, `google_base_attribute_id`, `feature_code`, `feature_name`, `feature_value`, `show_as_group`, `show_on_table`, `show_on_details`, `show_on_basket`, `show_on_checkout`, `show_on_invoice`) VALUES
(152, 1, 4, 0, NULL, 'Front Side Bus Speed', '533MHz ', 0, 0, 1, 0, 0, 0),
(153, 1, 4, 0, NULL, 'L2 Cache', '2MB', 0, 0, 1, 0, 0, 0),
(154, 1, 4, 0, NULL, 'Speed', '1.33GHz', 0, 0, 1, 0, 0, 0),
(155, 1, 4, 0, NULL, 'Technology', 'Intel® Centrino® Duo Processor Technology ', 0, 0, 1, 0, 0, 0),
(156, 1, 4, 0, NULL, 'Type', 'Intel® Core™ 2 Duo Processor U770', 0, 0, 1, 0, 0, 0),
(157, 1, 5, 0, NULL, 'Screen Size', '11.1', 0, 0, 1, 0, 0, 0),
(158, 1, 5, 0, NULL, 'Resolution', '1366 x 768', 0, 0, 1, 0, 0, 0),
(159, 1, 6, 0, NULL, 'Interface', 'Serial ATA', 0, 0, 1, 0, 0, 0);

CREATE TABLE `va_features_default` (
  `feature_id` int(11) NOT NULL AUTO_INCREMENT,
  `item_type_id` int(11) DEFAULT '0',
  `google_base_attribute_id` int(11) DEFAULT '0',
  `group_id` int(11) DEFAULT '0',
  `feature_code` varchar(32) DEFAULT NULL,
  `feature_name` varchar(50) DEFAULT NULL,
  `feature_value` text,
  PRIMARY KEY (`feature_id`),
  KEY `item_type_id` (`item_type_id`),
  KEY `google_base_attribute_id` (`google_base_attribute_id`),
  KEY `group_id` (`group_id`)
) ENGINE=MyISAM DEFAULT CHARSET=utf8 AUTO_INCREMENT=1 ;


CREATE TABLE `va_features_groups` (
  `group_id` int(11) NOT NULL AUTO_INCREMENT,
  `group_order` int(11) NOT NULL DEFAULT '1',
  `group_name` varchar(255) DEFAULT NULL,
  `show_on_table` tinyint(4) DEFAULT '0',
  `show_on_details` tinyint(4) DEFAULT '1',
  `show_on_basket` tinyint(4) DEFAULT '0',
  `show_on_checkout` tinyint(4) DEFAULT '0',
  `show_on_invoice` tinyint(4) DEFAULT '0',
  PRIMARY KEY (`group_id`)
) ENGINE=MyISAM  DEFAULT CHARSET=utf8 AUTO_INCREMENT=8 ;

INSERT INTO `va_features_groups` (`group_id`, `group_order`, `group_name`, `show_on_table`, `show_on_details`, `show_on_basket`, `show_on_checkout`, `show_on_invoice`) VALUES
(4, 1, '[ru]Процессор[/ru][en]Processor[/en]', 0, 1, 0, 0, 0),
(5, 2, '[ru]Дисплей[/ru][en]Display[/en]', 0, 1, 0, 0, 0),
(6, 3, '[ru]Жесткий диск[/ru][en]Hard Drive[/en]', 0, 1, 0, 0, 0),
(7, 4, '[ru]Память[/ru][en]Memory[/en]', 0, 1, 0, 0, 0);

CREATE TABLE `va_file_transfers` (
  `transfer_id` int(11) NOT NULL AUTO_INCREMENT,
  `transfer_type` tinyint(4) DEFAULT '0',
  `transfer_status` varchar(16) DEFAULT NULL,
  `transfer_date` datetime DEFAULT NULL,
  `ftp_host` varchar(255) DEFAULT NULL,
  `ftp_port` varchar(16) DEFAULT NULL,
  `ftp_login` varchar(128) DEFAULT NULL,
  `ftp_password` varchar(255) DEFAULT NULL,
  `ftp_passive_mode` tinyint(4) DEFAULT '0',
  `ftp_transfer_mode` varchar(16) DEFAULT NULL,
  `ftp_path` varchar(255) DEFAULT NULL,
  `file_path` varchar(255) DEFAULT NULL,
  `date_added` datetime DEFAULT NULL,
  `date_transferred` datetime DEFAULT NULL,
  `date_failed` datetime DEFAULT NULL,
  `failed_attempts` int(11) DEFAULT '0',
  `failed_errors` text,
  PRIMARY KEY (`transfer_id`)
) ENGINE=MyISAM DEFAULT CHARSET=utf8 AUTO_INCREMENT=1 ;


CREATE TABLE `va_file_types` (
  `file_type_id` int(11) NOT NULL AUTO_INCREMENT,
  `type_order` int(11) DEFAULT '0',
  `type_name` varchar(255) DEFAULT NULL,
  `extension_mask` text,
  PRIMARY KEY (`file_type_id`)
) ENGINE=MyISAM  DEFAULT CHARSET=utf8 AUTO_INCREMENT=5 ;

INSERT INTO `va_file_types` (`file_type_id`, `type_order`, `type_name`, `extension_mask`) VALUES
(1, 10, 'Другое', NULL),
(2, 1, 'Аудио', '*.mp3,*.mp2,*.midi,*.mid,*.wave,*.wav,*.mpa,'),
(3, 2, 'Видео', '*.flv,*.avi,*.asf,*.wmv,*.vma,*.mpeg,*.mpg,*.mov'),
(4, 3, 'Изображения', '*.gif,*.jpg,*.jpeg,*.bmp,*.tiff,*.tif,*.png,*.ico,*.psd');

CREATE TABLE `va_filters` (
  `filter_id` int(11) NOT NULL AUTO_INCREMENT,
  `filter_type` varchar(32) DEFAULT NULL,
  `filter_name` varchar(255) DEFAULT NULL,
  `filter_desc` text,
  PRIMARY KEY (`filter_id`)
) ENGINE=MyISAM  DEFAULT CHARSET=utf8 AUTO_INCREMENT=2 ;

INSERT INTO `va_filters` (`filter_id`, `filter_type`, `filter_name`, `filter_desc`) VALUES
(1, 'products', 'Фильтр', NULL);

CREATE TABLE `va_filters_properties` (
  `property_id` int(11) NOT NULL AUTO_INCREMENT,
  `filter_id` int(11) NOT NULL DEFAULT '0',
  `property_order` int(11) NOT NULL DEFAULT '1',
  `property_name` varchar(255) DEFAULT NULL,
  `property_type` varchar(64) DEFAULT NULL,
  `property_value` varchar(255) DEFAULT NULL,
  `filter_from_sql` text,
  `filter_join_sql` text,
  `filter_where_sql` text,
  `list_group_fields` text,
  `list_group_where` text,
  `list_table` varchar(64) DEFAULT NULL,
  `list_field_id` varchar(64) DEFAULT NULL,
  `list_field_title` varchar(64) DEFAULT NULL,
  `list_field_total` varchar(64) DEFAULT NULL,
  `list_sql` text,
  PRIMARY KEY (`property_id`),
  KEY `filter_id` (`filter_id`)
) ENGINE=MyISAM  DEFAULT CHARSET=utf8 AUTO_INCREMENT=5 ;

INSERT INTO `va_filters_properties` (`property_id`, `filter_id`, `property_order`, `property_name`, `property_type`, `property_value`, `filter_from_sql`, `filter_join_sql`, `filter_where_sql`, `list_group_fields`, `list_group_where`, `list_table`, `list_field_id`, `list_field_title`, `list_field_total`, `list_sql`) VALUES
(1, 1, 1, '[en]Manufacturer:[/en][ru]Производитель:[/ru]', 'manufacturer', NULL, NULL, NULL, ' i.manufacturer_id={value_id} ', 'i.manufacturer_id', NULL, 'va_manufacturers', 'manufacturer_id', 'manufacturer_name', NULL, NULL),
(2, 1, 2, '[en]Price:[/en][ru]Цена:[/ru]', 'product_price', NULL, NULL, NULL, NULL, NULL, NULL, NULL, NULL, NULL, NULL, NULL),
(3, 1, 3, '[en]Type:[/en][ru]Тип товара:[/ru]', 'product_type', NULL, NULL, NULL, ' i.item_type_id={value_id} ', 'i.item_type_id', NULL, 'va_item_types', 'item_type_id', 'item_type_name', NULL, NULL),
(4, 1, 4, '[en]Rating:[/en][ru]Рейтинг:[/ru]', 'product_price', NULL, NULL, NULL, NULL, NULL, NULL, NULL, NULL, NULL, NULL, NULL);

CREATE TABLE `va_filters_properties_values` (
  `value_id` int(11) NOT NULL AUTO_INCREMENT,
  `property_id` int(11) DEFAULT '0',
  `value_order` int(11) DEFAULT NULL,
  `list_value_id` varchar(128) DEFAULT NULL,
  `list_value_title` varchar(255) DEFAULT NULL,
  `filter_where_sql` text,
  PRIMARY KEY (`value_id`),
  KEY `property_id` (`property_id`)
) ENGINE=MyISAM  DEFAULT CHARSET=utf8 AUTO_INCREMENT=18 ;

INSERT INTO `va_filters_properties_values` (`value_id`, `property_id`, `value_order`, `list_value_id`, `list_value_title`, `filter_where_sql`) VALUES
(1, 2, NULL, NULL, '<10', 'i.price<10'),
(2, 2, NULL, NULL, '10-50', 'i.price>=10 and i.price<=50'),
(3, 2, NULL, NULL, '51-100', 'i.price>=51 and i.price<=100'),
(4, 2, NULL, NULL, '101-200', 'i.price>=101 and i.price<=200'),
(5, 2, NULL, NULL, '201-300', 'i.price>=201 and i.price<=300'),
(6, 2, NULL, NULL, '301-400', 'i.price>=301 and i.price<=400'),
(7, 2, NULL, NULL, '401-500', 'i.price>=401 and i.price<=500'),
(8, 2, NULL, NULL, '501-1000', 'i.price>=501 and i.price<=1000'),
(9, 2, NULL, NULL, '1001-2000', 'i.price>=1001 and i.price<=2000'),
(10, 2, NULL, NULL, '2001-3000', 'i.price>=2001 and i.price<=3000'),
(11, 2, NULL, NULL, '3001-5000', 'i.price>=3001 and i.price<=5000'),
(12, 2, NULL, NULL, '>5000', 'i.price>5000'),
(13, 4, 3, NULL, 'Средне', 'i.rating>=2.5 and i.rating<3.5'),
(14, 4, 4, NULL, 'Хорошо', 'i.rating>=3.5 and i.rating<4.5'),
(15, 4, 5, NULL, 'Отлично', 'i.rating>=4.5'),
(16, 4, 2, NULL, 'Посредственно', 'i.rating>=1.5 and i.rating<2.5'),
(17, 4, 1, NULL, 'Плохо', 'i.rating<1.5');

CREATE TABLE `va_footer_links` (
  `menu_id` int(11) NOT NULL AUTO_INCREMENT,
  `menu_title` varchar(255) DEFAULT NULL,
  `match_type` tinyint(4) DEFAULT '1',
  `menu_url` varchar(255) DEFAULT NULL,
  `menu_target` varchar(32) DEFAULT NULL,
  `menu_order` int(11) DEFAULT '1',
  `onclick_code` text,
  `access_level` tinyint(4) DEFAULT '1',
  `guest_access_level` tinyint(4) DEFAULT '1',
  PRIMARY KEY (`menu_id`)
) ENGINE=MyISAM  DEFAULT CHARSET=utf8 AUTO_INCREMENT=7 ;

INSERT INTO `va_footer_links` (`menu_id`, `menu_title`, `match_type`, `menu_url`, `menu_target`, `menu_order`, `onclick_code`, `access_level`, `guest_access_level`) VALUES
(1, '[ru]Обзоры[/ru][en]Reviews[/en]', NULL, 'articles.php?category_id=31', NULL, 1, NULL, 1, 1),
(6, 'SITE_MAP_TITLE', 1, 'site_map.php', NULL, 6, NULL, 1, 1);

CREATE TABLE `va_forum` (
  `thread_id` int(11) NOT NULL AUTO_INCREMENT,
  `forum_id` int(11) NOT NULL DEFAULT '0',
  `priority_id` int(11) DEFAULT '0',
  `user_id` int(11) NOT NULL DEFAULT '0',
  `user_name` varchar(64) NOT NULL,
  `user_email` varchar(128) NOT NULL,
  `remote_address` varchar(32) DEFAULT NULL,
  `topic` varchar(255) NOT NULL,
  `friendly_url` varchar(255) DEFAULT NULL,
  `description` text NOT NULL,
  `email_notification` int(11) DEFAULT NULL,
  `views` int(11) DEFAULT NULL,
  `replies` int(11) DEFAULT NULL,
  `date_added` datetime NOT NULL,
  `date_modified` datetime DEFAULT NULL,
  `thread_updated` datetime NOT NULL,
  `admin_id_added_by` int(11) DEFAULT '0',
  `admin_id_modified_by` int(11) DEFAULT '0',
  `last_post_added` datetime DEFAULT NULL,
  `last_post_user_id` int(11) DEFAULT '0',
  `last_post_admin_id` int(11) DEFAULT '0',
  `last_post_message_id` int(11) DEFAULT '0',
  PRIMARY KEY (`thread_id`),
  KEY `forum_id` (`forum_id`),
  KEY `priority_id` (`priority_id`),
  KEY `friendly_url` (`friendly_url`)
) ENGINE=MyISAM DEFAULT CHARSET=utf8 AUTO_INCREMENT=1 ;


CREATE TABLE `va_forum_attachments` (
  `attachment_id` int(11) NOT NULL AUTO_INCREMENT,
  `forum_id` int(11) NOT NULL DEFAULT '0',
  `thread_id` int(11) DEFAULT '0',
  `message_id` int(11) DEFAULT '0',
  `admin_id` int(11) DEFAULT '0',
  `user_id` int(11) DEFAULT '0',
  `session_id` varchar(32) DEFAULT NULL,
  `attachment_status` int(11) DEFAULT '0',
  `file_name` varchar(255) DEFAULT NULL,
  `file_path` varchar(255) DEFAULT NULL,
  `date_added` datetime DEFAULT NULL,
  PRIMARY KEY (`attachment_id`),
  KEY `forum_id` (`forum_id`),
  KEY `thread_id` (`thread_id`),
  KEY `message_id` (`message_id`),
  KEY `admin_id` (`admin_id`),
  KEY `user_id` (`user_id`),
  KEY `session_id` (`session_id`)
) ENGINE=MyISAM DEFAULT CHARSET=utf8 AUTO_INCREMENT=1 ;


CREATE TABLE `va_forum_categories` (
  `category_id` int(11) NOT NULL AUTO_INCREMENT,
  `category_name` varchar(255) NOT NULL,
  `friendly_url` varchar(255) DEFAULT NULL,
  `category_order` int(11) DEFAULT '0',
  `short_description` text,
  `full_description` text,
  `allowed_view` tinyint(4) NOT NULL DEFAULT '0',
  `sites_all` tinyint(4) DEFAULT '1',
  PRIMARY KEY (`category_id`),
  KEY `friendly_url` (`friendly_url`),
  KEY `sites_all` (`sites_all`)
) ENGINE=MyISAM  DEFAULT CHARSET=utf8 AUTO_INCREMENT=2 ;

INSERT INTO `va_forum_categories` (`category_id`, `category_name`, `friendly_url`, `category_order`, `short_description`, `full_description`, `allowed_view`, `sites_all`) VALUES
(1, 'Общая категория', 'obschaya-kategoriya', 1, 'Общая категория', 'Общая категория', 1, 1);

CREATE TABLE `va_forum_categories_sites` (
  `category_id` int(11) NOT NULL DEFAULT '0',
  `site_id` int(11) NOT NULL DEFAULT '0',
  PRIMARY KEY (`category_id`,`site_id`)
) ENGINE=MyISAM DEFAULT CHARSET=utf8;


CREATE TABLE `va_forum_list` (
  `forum_id` int(11) NOT NULL AUTO_INCREMENT,
  `category_id` int(11) NOT NULL DEFAULT '0',
  `forum_name` varchar(255) NOT NULL,
  `friendly_url` varchar(255) DEFAULT NULL,
  `forum_order` int(11) NOT NULL DEFAULT '0',
  `short_description` text,
  `full_description` text,
  `small_image` varchar(255) DEFAULT NULL,
  `large_image` varchar(255) DEFAULT NULL,
  `date_added` datetime NOT NULL,
  `threads_number` int(11) NOT NULL DEFAULT '0',
  `messages_number` int(11) NOT NULL DEFAULT '0',
  `last_post_added` datetime DEFAULT NULL,
  `last_post_user_id` int(11) DEFAULT '0',
  `last_post_admin_id` int(11) DEFAULT '0',
  `last_post_thread_id` int(11) DEFAULT '0',
  `last_post_message_id` int(11) DEFAULT '0',
  `access_level` tinyint(4) DEFAULT '7',
  `guest_access_level` tinyint(4) DEFAULT '7',
  PRIMARY KEY (`forum_id`),
  KEY `friendly_url` (`friendly_url`),
  KEY `access_level` (`access_level`),
  KEY `guest_access_level` (`guest_access_level`)
) ENGINE=MyISAM  DEFAULT CHARSET=utf8 AUTO_INCREMENT=2 ;

INSERT INTO `va_forum_list` (`forum_id`, `category_id`, `forum_name`, `friendly_url`, `forum_order`, `short_description`, `full_description`, `small_image`, `large_image`, `date_added`, `threads_number`, `messages_number`, `last_post_added`, `last_post_user_id`, `last_post_admin_id`, `last_post_thread_id`, `last_post_message_id`, `access_level`, `guest_access_level`) VALUES
(1, 1, 'Форум', 'forum_1', 1, 'Общие дискуссии', NULL, NULL, NULL, '2006-05-23 00:00:00', 0, 0, NULL, 0, 0, 0, 0, 63, 31);

CREATE TABLE `va_forum_messages` (
  `message_id` int(11) NOT NULL AUTO_INCREMENT,
  `thread_id` int(11) NOT NULL DEFAULT '0',
  `admin_id` int(11) DEFAULT NULL,
  `user_name` varchar(64) NOT NULL,
  `user_email` varchar(128) NOT NULL,
  `remote_address` varchar(32) DEFAULT NULL,
  `message_text` text NOT NULL,
  `date_added` datetime NOT NULL,
  `date_modified` datetime DEFAULT NULL,
  `user_id` int(11) NOT NULL DEFAULT '0',
  `admin_id_modified_by` int(11) DEFAULT '0',
  PRIMARY KEY (`message_id`)
) ENGINE=MyISAM DEFAULT CHARSET=utf8 AUTO_INCREMENT=1 ;


CREATE TABLE `va_forum_moderators` (
  `admin_id` int(11) NOT NULL DEFAULT '0',
  `forum_id` int(11) NOT NULL DEFAULT '0',
  `is_default_forum` tinyint(4) DEFAULT '0',
  PRIMARY KEY (`admin_id`,`forum_id`)
) ENGINE=MyISAM DEFAULT CHARSET=utf8;


CREATE TABLE `va_forum_priorities` (
  `priority_id` int(11) NOT NULL AUTO_INCREMENT,
  `priority_name` varchar(255) DEFAULT NULL,
  `priority_rank` int(11) DEFAULT '0',
  `html_before_title` text,
  `html_after_title` text,
  `is_default` tinyint(4) DEFAULT '0',
  PRIMARY KEY (`priority_id`)
) ENGINE=MyISAM  DEFAULT CHARSET=utf8 AUTO_INCREMENT=3 ;

INSERT INTO `va_forum_priorities` (`priority_id`, `priority_name`, `priority_rank`, `html_before_title`, `html_after_title`, `is_default`) VALUES
(1, 'Нормальный', 3, NULL, NULL, 1),
(2, 'Важный', 1, '<b>Важно:</b>', NULL, 0);

CREATE TABLE `va_forum_subscriptions` (
  `forum_id` int(11) NOT NULL DEFAULT '0',
  `subscription_id` int(11) NOT NULL DEFAULT '0',
  `access_level` tinyint(4) DEFAULT '0',
  PRIMARY KEY (`forum_id`,`subscription_id`)
) ENGINE=MyISAM DEFAULT CHARSET=utf8;


CREATE TABLE `va_forum_user_types` (
  `forum_id` int(11) NOT NULL DEFAULT '0',
  `user_type_id` int(11) NOT NULL DEFAULT '0',
  `access_level` tinyint(4) DEFAULT '0',
  PRIMARY KEY (`forum_id`,`user_type_id`)
) ENGINE=MyISAM DEFAULT CHARSET=utf8;


CREATE TABLE `va_friendly_urls` (
  `friendly_id` int(11) NOT NULL AUTO_INCREMENT,
  `script_name` varchar(255) DEFAULT NULL,
  `friendly_url` varchar(255) DEFAULT NULL,
  `sites_all` tinyint(4) DEFAULT '1',
  PRIMARY KEY (`friendly_id`),
  KEY `script_name` (`script_name`),
  KEY `friendly_url` (`friendly_url`),
  KEY `sites_all` (`sites_all`)
) ENGINE=MyISAM DEFAULT CHARSET=utf8 AUTO_INCREMENT=1 ;


CREATE TABLE `va_friendly_urls_sites` (
  `friendly_id` int(11) NOT NULL DEFAULT '0',
  `site_id` int(11) NOT NULL DEFAULT '0',
  PRIMARY KEY (`friendly_id`,`site_id`)
) ENGINE=MyISAM DEFAULT CHARSET=utf8;


CREATE TABLE `va_global_settings` (
  `site_id` int(11) NOT NULL DEFAULT '1',
  `setting_type` varchar(32) NOT NULL,
  `setting_name` varchar(64) NOT NULL,
  `setting_value` text,
  PRIMARY KEY (`site_id`,`setting_type`,`setting_name`)
) ENGINE=MyISAM DEFAULT CHARSET=utf8;

INSERT INTO `va_global_settings` (`site_id`, `setting_type`, `setting_name`, `setting_value`) VALUES
(1, 'ads_images', 'images_number', '4'),
(1, 'ads_images', 'image_large_height', '300'),
(1, 'ads_images', 'image_large_size', '50000'),
(1, 'ads_images', 'image_large_width', '300'),
(1, 'ads_images', 'image_small_height', '100'),
(1, 'ads_images', 'image_small_size', '16000'),
(1, 'ads_images', 'image_small_width', '100'),
(1, 'ads_notify', 'user_message', '<p>\r\n	Уважаемый {seller_name}!</p>\r\n<p>\r\n	Ваше объявление будет опубликовано после проверки модератором.</p>\r\n'),
(1, 'ads_notify', 'admin_subject', 'Изменение объявления №{item_id}'),
(1, 'ads_notify', 'admin_message_type', '0'),
(1, 'ads_notify', 'admin_message', '<p>\r\n	ID: {item_id} Наименование: {item_title} Ссылка: {site_url}ads_details.php?item_id={item_id}</p>\r\n'),
(1, 'ads_notify', 'user_notification', '1'),
(1, 'ads_notify', 'user_mail_from', NULL),
(1, 'ads_notify', 'user_mail_cc', NULL),
(1, 'ads_notify', 'user_mail_bcc', NULL),
(1, 'ads_notify', 'user_mail_reply_to', NULL),
(1, 'ads_notify', 'user_mail_return_path', NULL),
(1, 'ads_notify', 'user_subject', 'Ваше объявление ''{item_title}'' получено.'),
(1, 'ads_request', 'user_mail_return_path', NULL),
(1, 'ads_request', 'user_mail_reply_to', NULL),
(1, 'ads_request', 'user_mail_bcc', NULL),
(1, 'ads_request', 'user_mail_cc', NULL),
(1, 'ads_request', 'user_mail_from', NULL),
(1, 'ads_request', 'admin_message', '<p>\r\n	Наименование: {item_title} Цена: {offer_price} User ID: {user_id} Имя: {user_name} Email: {user_email} -------------------- {offer_message}</p>\r\n'),
(1, 'ads_request', 'admin_message_type', '0'),
(1, 'ads_request', 'admin_subject', 'Новое предложение по объявлению №{item_id}'),
(1, 'ads_request', 'admin_mail_from', NULL),
(1, 'ads_request', 'cc_emails', NULL),
(1, 'ads_request', 'admin_mail_bcc', NULL),
(1, 'ads_request', 'admin_mail_reply_to', NULL),
(1, 'ads_request', 'admin_mail_return_path', NULL),
(1, 'ads_request', 'admin_email', NULL),
(1, 'ads_request', 'admin_notification', '1'),
(1, 'ads_search', 'intro_text', NULL),
(1, 'ads_search', 'price', '1'),
(1, 'ads_search', 'search_for', '1'),
(1, 'ads_search', 'search_in', '1'),
(1, 'ads_search', 'search_in_category', '1'),
(1, 'ads_search', 'user', '0'),
(1, 'ads_search', 'user_type_id', NULL),
(1, 'ads_tell_friend', 'user_message_type', '0'),
(1, 'ads_tell_friend', 'user_message', '<p>\r\n	Здравствуйте {friend_name}! - Возможно Вас заинтересует {item_title} на сайте {item_url}</p>\r\n'),
(1, 'ads_tell_friend', 'user_subject', '{user_name} приглашает Вас посетить {site_url}!'),
(1, 'ads_tell_friend', 'user_mail_return_path', NULL),
(1, 'ads_tell_friend', 'user_mail_cc', NULL),
(1, 'ads_tell_friend', 'user_mail_bcc', NULL),
(1, 'ads_tell_friend', 'user_mail_reply_to', NULL),
(1, 'ads_tell_friend', 'user_mail_from', NULL),
(1, 'articles_1_tell_friend', 'default_comment', 'Здравствуйте, {friend_name} - Возможно Вас заинтересует статья {article_title} на сайте {article_url}'),
(1, 'articles_1_tell_friend', 'user_mail_bcc', NULL),
(1, 'articles_1_tell_friend', 'user_mail_cc', NULL),
(1, 'articles_1_tell_friend', 'user_mail_from', NULL),
(1, 'articles_1_tell_friend', 'user_mail_reply_to', NULL),
(1, 'articles_1_tell_friend', 'user_mail_return_path', NULL),
(1, 'articles_1_tell_friend', 'user_message', 'Возможно Вас заинтересует {article_title} на {article_url}\r\n\r\nПользователь{user_name} оставил для Вас сообщение:\r\n{user_comment}'),
(1, 'articles_1_tell_friend', 'user_message_type', '0'),
(1, 'articles_1_tell_friend', 'user_subject', 'Пользователь{user_name} пригласил Вас посетить {site_url}!'),
(1, 'articles_1_tell_friend', 'use_random_image', '1'),
(1, 'articles_30_tell_friend', 'default_comment', 'Здравствуйте, {friend_name}! Возможно Вас заинтересует статья  {article_title} на сайте {article_url}'),
(1, 'articles_30_tell_friend', 'user_mail_bcc', NULL),
(1, 'articles_30_tell_friend', 'user_mail_cc', NULL),
(1, 'articles_30_tell_friend', 'user_mail_from', NULL),
(1, 'articles_30_tell_friend', 'user_mail_reply_to', NULL),
(1, 'articles_30_tell_friend', 'user_mail_return_path', NULL),
(1, 'articles_30_tell_friend', 'user_message', 'Возможно Вас заинтересует статья  {article_title} на {article_url}\r\n\r\n{user_name} оставил Вам сообщение:\r\n{user_comment}'),
(1, 'articles_30_tell_friend', 'user_message_type', '0'),
(1, 'articles_30_tell_friend', 'user_subject', '{user_name} приглашает Вас посетить {site_url}'),
(1, 'articles_30_tell_friend', 'use_random_image', '1'),
(1, 'articles_3_tell_friend', 'default_comment', 'Здравствуйте,{friend_name}! Возможно Вас заинтересует статья  {article_title} на {article_url}'),
(1, 'articles_3_tell_friend', 'user_mail_bcc', NULL),
(1, 'articles_3_tell_friend', 'user_mail_cc', NULL),
(1, 'articles_3_tell_friend', 'user_mail_from', NULL),
(1, 'articles_3_tell_friend', 'user_mail_reply_to', NULL),
(1, 'articles_3_tell_friend', 'user_mail_return_path', NULL),
(1, 'articles_3_tell_friend', 'user_message', 'Возможно Вас заинтересует статья  {article_title} на {article_url}\r\n\r\n{user_name} оставил Вам сообщение:\r\n{user_comment}'),
(1, 'articles_3_tell_friend', 'user_message_type', '0'),
(1, 'articles_3_tell_friend', 'user_subject', '{user_name} приглашает Вас посетить {site_url}'),
(1, 'articles_3_tell_friend', 'use_random_image', '1'),
(1, 'articles_4_tell_friend', 'default_comment', 'Возможно Вас заинтересует статья  {article_title} на {article_url}\r\n\r\n{user_name} оставил Вам сообщение:\r\n{user_comment}'),
(1, 'articles_4_tell_friend', 'user_mail_bcc', NULL),
(1, 'articles_4_tell_friend', 'user_mail_cc', NULL),
(1, 'articles_4_tell_friend', 'user_mail_from', NULL),
(1, 'articles_4_tell_friend', 'user_mail_reply_to', NULL),
(1, 'articles_4_tell_friend', 'user_mail_return_path', NULL),
(1, 'articles_4_tell_friend', 'user_message', 'Возможно Вас заинтересует статья  {article_title} на {article_url}\r\n\r\n{user_name} оставил Вам сообщение:\r\n{user_comment}'),
(1, 'articles_4_tell_friend', 'user_message_type', '0'),
(1, 'articles_4_tell_friend', 'user_subject', '{user_name} приглашает Вас посетить {site_url}'),
(1, 'articles_4_tell_friend', 'use_random_image', '1'),
(1, 'articles_5_tell_friend', 'default_comment', 'Здравствуйте,{friend_name}! Возможно Вас заинтересует статья  {article_title} на {article_url}'),
(1, 'articles_5_tell_friend', 'user_mail_bcc', NULL),
(1, 'articles_5_tell_friend', 'user_mail_cc', NULL),
(1, 'articles_5_tell_friend', 'user_mail_from', NULL),
(1, 'articles_5_tell_friend', 'user_mail_reply_to', NULL),
(1, 'articles_5_tell_friend', 'user_mail_return_path', NULL),
(1, 'articles_5_tell_friend', 'user_message', 'Возможно Вас заинтересует статья  {article_title} на {article_url}\r\n\r\n{user_name} оставил Вам сообщение:\r\n{user_comment}'),
(1, 'articles_5_tell_friend', 'user_message_type', '0'),
(1, 'articles_5_tell_friend', 'user_subject', '{user_name} приглашает Вас посетить {site_url}'),
(1, 'articles_5_tell_friend', 'use_random_image', '1'),
(1, 'articles_6_tell_friend', 'default_comment', 'Здравствуйте,{friend_name}! Возможно Вас заинтересует статья  {article_title} на {article_url}'),
(1, 'articles_6_tell_friend', 'user_mail_bcc', NULL),
(1, 'articles_6_tell_friend', 'user_mail_cc', NULL),
(1, 'articles_6_tell_friend', 'user_mail_from', NULL),
(1, 'articles_6_tell_friend', 'user_mail_reply_to', NULL),
(1, 'articles_6_tell_friend', 'user_mail_return_path', NULL),
(1, 'articles_6_tell_friend', 'user_message', 'Возможно Вас заинтересует статья  {article_title} на {article_url}\r\n\r\n{user_name} оставил Вам сообщение:\r\n{user_comment}'),
(1, 'articles_6_tell_friend', 'user_message_type', '0'),
(1, 'articles_6_tell_friend', 'user_subject', '{user_name} приглашает Вас посетить {site_url}'),
(1, 'articles_6_tell_friend', 'use_random_image', '1'),
(1, 'articles_reviews', 'admin_email', NULL),
(1, 'articles_reviews', 'admin_mail_bcc', NULL),
(1, 'articles_reviews', 'admin_mail_cc', NULL),
(1, 'articles_reviews', 'admin_mail_from', NULL),
(1, 'articles_reviews', 'admin_mail_reply_to', NULL),
(1, 'articles_reviews', 'admin_mail_return_path', NULL),
(1, 'articles_reviews', 'admin_message', NULL),
(1, 'articles_reviews', 'admin_message_type', NULL),
(1, 'articles_reviews', 'admin_notification', '0'),
(1, 'articles_reviews', 'admin_subject', NULL),
(1, 'articles_reviews', 'allowed_post', '1'),
(1, 'articles_reviews', 'allowed_view', '1'),
(1, 'articles_reviews', 'auto_approve', '0'),
(1, 'articles_reviews', 'comments_order', '6'),
(1, 'articles_reviews', 'comments_required', '1'),
(1, 'articles_reviews', 'rating_order', '2'),
(1, 'articles_reviews', 'rating_required', '0'),
(1, 'articles_reviews', 'recommended_order', '1'),
(1, 'articles_reviews', 'recommended_required', '0'),
(1, 'articles_reviews', 'reviews_interval', '1'),
(1, 'articles_reviews', 'reviews_period', '2'),
(1, 'articles_reviews', 'reviews_per_page', '10'),
(1, 'articles_reviews', 'reviews_per_user', '1'),
(1, 'articles_reviews', 'review_random_image', '1'),
(1, 'articles_reviews', 'show_comments', '1'),
(1, 'articles_reviews', 'show_rating', '1'),
(1, 'articles_reviews', 'show_recommended', '1'),
(1, 'articles_reviews', 'show_summary', '1'),
(1, 'articles_reviews', 'show_user_email', '1'),
(1, 'articles_reviews', 'show_user_name', '1'),
(1, 'articles_reviews', 'summary_order', '5'),
(1, 'articles_reviews', 'summary_required', '0'),
(1, 'articles_reviews', 'user_email_order', '4'),
(1, 'articles_reviews', 'user_email_required', '1'),
(1, 'articles_reviews', 'user_mail_bcc', NULL),
(1, 'articles_reviews', 'user_mail_cc', NULL),
(1, 'articles_reviews', 'user_mail_from', NULL),
(1, 'articles_reviews', 'user_mail_reply_to', NULL),
(1, 'articles_reviews', 'user_mail_return_path', NULL),
(1, 'articles_reviews', 'user_message', NULL),
(1, 'articles_reviews', 'user_message_type', NULL),
(1, 'articles_reviews', 'user_name_order', '3'),
(1, 'articles_reviews', 'user_name_required', '1'),
(1, 'articles_reviews', 'user_notification', '0'),
(1, 'articles_reviews', 'user_subject', NULL),
(1, 'contact_us', 'admin_email', NULL),
(1, 'contact_us', 'admin_mail_bcc', NULL),
(1, 'contact_us', 'admin_mail_cc', NULL),
(1, 'contact_us', 'admin_mail_from', '{email}'),
(1, 'contact_us', 'admin_mail_reply_to', NULL),
(1, 'contact_us', 'admin_mail_return_path', NULL),
(1, 'contact_us', 'admin_message', 'Имя: {name}\r\nE-mail: {email}\r\n----------------------------------------\r\n{comments}'),
(1, 'contact_us', 'admin_message_type', '0'),
(1, 'contact_us', 'admin_notification', '1'),
(1, 'contact_us', 'admin_subject', 'Контакты: {summary}'),
(1, 'contact_us', 'allowed_send', '1'),
(1, 'contact_us', 'comments_order', '4'),
(1, 'contact_us', 'comments_required', '1'),
(1, 'contact_us', 'messages_interval', '1'),
(1, 'contact_us', 'messages_period', '2'),
(1, 'contact_us', 'message_random_image', '2'),
(1, 'contact_us', 'show_comments', '1'),
(1, 'contact_us', 'show_summary', '1'),
(1, 'contact_us', 'show_user_email', '1'),
(1, 'contact_us', 'show_user_name', '1'),
(1, 'contact_us', 'summary_order', '3'),
(1, 'contact_us', 'summary_required', '1'),
(1, 'contact_us', 'user_email_order', '2'),
(1, 'contact_us', 'user_email_required', '1'),
(1, 'contact_us', 'user_mail_bcc', NULL),
(1, 'contact_us', 'user_mail_cc', NULL),
(1, 'contact_us', 'user_mail_from', NULL),
(1, 'contact_us', 'user_mail_reply_to', NULL),
(1, 'contact_us', 'user_mail_return_path', NULL),
(1, 'contact_us', 'user_message', NULL),
(1, 'contact_us', 'user_message_type', NULL),
(1, 'contact_us', 'user_name_order', '1'),
(1, 'contact_us', 'user_name_required', '1'),
(1, 'contact_us', 'user_notification', '0'),
(1, 'contact_us', 'user_subject', NULL),
(1, 'download_info', 'serials_message', '<p>\r\n	Для активации используйте серийные номера: {serials}</p>\r\n<p>\r\n	Спасибо за покупку!</p>\r\n'),
(1, 'download_info', 'serials_message_type', '0'),
(1, 'download_info', 'serials_subject', 'Серийные номера Заказ №{order_id}'),
(1, 'download_info', 'serials_reply_to', NULL),
(1, 'download_info', 'serials_return_path', NULL),
(1, 'download_info', 'serials_bcc', NULL),
(1, 'download_info', 'serials_cc', NULL),
(1, 'download_info', 'serials_from', NULL),
(1, 'download_info', 'links_message', '<p>\r\n	Ваша ссылка для загрузки: {links}</p>\r\n<p>\r\n	Спасибо за покупку!</p>\r\n'),
(1, 'download_info', 'links_message_type', '0'),
(1, 'download_info', 'links_subject', 'Ссылка для загрузки по Заказу №{order_id}'),
(1, 'download_info', 'links_reply_to', NULL),
(1, 'download_info', 'links_return_path', NULL),
(1, 'download_info', 'links_bcc', NULL),
(1, 'download_info', 'links_cc', NULL),
(1, 'download_info', 'links_from', NULL),
(1, 'download_info', 'downloads_users_dir', NULL),
(1, 'download_info', 'downloads_users_mask', NULL),
(1, 'download_info', 'downloads_admins_mask', NULL),
(1, 'download_info', 'downloads_admins_dir', NULL),
(1, 'download_info', 'max_downloads', '3'),
(1, 'forgotten_password', 'md5_time_limit', '360'),
(1, 'forgotten_password', 'user_message', '<p>\r\n	&nbsp;Ваш Логин: {login} Пароль: {password}</p>\r\n'),
(1, 'forgotten_password', 'user_subject', 'Ваш логин и пароль'),
(1, 'forgotten_password', 'user_message_type', '0'),
(1, 'forgotten_password', 'user_mail_return_path', NULL),
(1, 'forgotten_password', 'user_mail_bcc', NULL),
(1, 'forgotten_password', 'user_mail_reply_to', NULL),
(1, 'forgotten_password', 'user_mail_cc', NULL),
(1, 'forgotten_password', 'user_mail_from', NULL),
(1, 'forum', 'admin_message', '<p>\r\n	Описание темы: {topic_description} Сообщение: {message}</p>\r\n'),
(1, 'forum', 'admin_message_type', '0'),
(1, 'forum', 'admin_subject', 'Новое сообщение на форуме :: {topic}'),
(1, 'forum', 'admin_mail_return_path', NULL),
(1, 'forum', 'admin_mail_reply_to', NULL),
(1, 'forum', 'admin_mail_bcc', NULL),
(1, 'forum', 'cc_emails', NULL),
(1, 'forum', 'admin_mail_from', NULL),
(1, 'forum', 'admin_email', NULL),
(1, 'forum', 'admin_notification', '1'),
(1, 'forum', 'icons_limit', '16'),
(1, 'forum', 'icons_cols', '4'),
(1, 'forum', 'icons_enable', '1'),
(1, 'forum', 'attachments_users_mask', NULL),
(1, 'forum', 'attachments_dir', NULL),
(1, 'forum', 'allow_bbcode', NULL),
(1, 'forum', 'user_no_image', 'images/no_photo.gif'),
(1, 'forum', 'user_info', '1'),
(1, 'forum', 'sort_messages', '1'),
(1, 'forum', 'reply_form', '2'),
(1, 'forum', 'topic_information', '0'),
(1, 'forum', 'use_random_image', '1'),
(1, 'global', 'friendly_extension', NULL),
(1, 'global', 'show_preview_image_client', '0'),
(1, 'global', 'is_sms_allowed', '1'),
(1, 'global', 'secure_url', NULL),
(1, 'global', 'secure_user_login', '0'),
(1, 'global', 'php_in_custom_blocks', '0'),
(1, 'global', 'html_editor_custom_pages', '2'),
(1, 'global', 'php_in_footer_body', '0'),
(1, 'global', 'google_analytics', '0'),
(1, 'global', 'ssl_admin_orders_list', '0'),
(1, 'global', 'ssl_admin_orders_pages', '0'),
(1, 'global', 'friendly_url_redirect', '0'),
(1, 'global', 'friendly_auto', '1'),
(1, 'global', 'secure_redirect', '0'),
(1, 'global', 'ssl_admin_ticket', '0'),
(1, 'global', 'secure_user_ticket', '0'),
(1, 'global', 'ssl_admin_tickets', '0'),
(1, 'order_confirmation', 'intro_text', NULL),
(1, 'order_final_1', 'admin_email', NULL),
(1, 'order_final_1', 'admin_failure_notify', '1'),
(1, 'order_final_1', 'admin_mail_bcc', NULL),
(1, 'order_final_1', 'admin_mail_from', NULL),
(1, 'order_final_1', 'admin_mail_pdf_invoice', '0'),
(1, 'order_final_1', 'admin_mail_reply_to', NULL),
(1, 'order_final_1', 'admin_mail_return_path', NULL),
(1, 'order_final_1', 'admin_message', 'Заказ\r\n-----------------------\r\nЗаказ № {order_id}\r\nТоваров: {goods_total}\r\nНа сумму: {order_total}\r\n\r\n\r\nКорзина Покупателя\r\n-----------------------\r\n{basket}'),
(1, 'order_final_1', 'admin_message_type', '0'),
(1, 'order_final_1', 'admin_notification', '1'),
(1, 'order_final_1', 'admin_notification_pgp', '0'),
(1, 'order_final_1', 'admin_pending_notify', '1'),
(1, 'order_final_1', 'admin_sms_failure', '0'),
(1, 'order_final_1', 'admin_sms_message', NULL),
(1, 'order_final_1', 'admin_sms_originator', NULL),
(1, 'order_final_1', 'admin_sms_pending', '0'),
(1, 'order_final_1', 'admin_sms_recipient', NULL),
(1, 'order_final_1', 'admin_sms_success', '0'),
(1, 'order_final_1', 'admin_subject', 'Поступил Заказ №{order_id}'),
(1, 'order_final_1', 'cc_emails', NULL),
(1, 'order_final_1', 'failure_message', 'В процессе обработки Заказа произошла ошибка "{error_message}" Приносим извинения за доставленные неудобства.'),
(1, 'order_final_1', 'failure_status_id', NULL),
(1, 'order_final_1', 'is_validation', '0'),
(1, 'order_final_1', 'pending_message', 'Ваша транзакция не завершена и ожидает одобрения.'),
(1, 'order_final_1', 'pending_status_id', NULL),
(1, 'order_final_1', 'product_individual_notification', '0'),
(1, 'order_final_1', 'success_message', '<p>Спасибо за покупку!</p>\r\n\r\n<p align="justify">\r\nОператор свяжется с Вами в ближайшее время .\r\n</p>\r\n\r\n<p align="right">Отдел Продаж</p>'),
(1, 'order_final_1', 'success_status_id', NULL),
(1, 'order_final_1', 'user_failure_notify', '0'),
(1, 'order_final_1', 'user_mail_bcc', NULL),
(1, 'order_final_1', 'user_mail_cc', NULL),
(1, 'order_final_1', 'user_mail_from', NULL),
(1, 'order_final_1', 'user_mail_pdf_invoice', '0'),
(1, 'order_final_1', 'user_mail_reply_to', NULL),
(1, 'order_final_1', 'user_mail_return_path', NULL),
(1, 'order_final_1', 'user_message', 'Спасибо за покупку в интернет-магазине {site_url}.\r\n\r\nВаш Заказ {order_id}.\r\n\r\nВы заказали:\r\n{basket}'),
(1, 'order_final_1', 'user_message_type', '0'),
(1, 'order_final_1', 'user_notification', '1'),
(1, 'order_final_1', 'user_pending_notify', '1'),
(1, 'order_final_1', 'user_sms_failure', '0'),
(1, 'order_final_1', 'user_sms_message', NULL),
(1, 'order_final_1', 'user_sms_originator', NULL),
(1, 'order_final_1', 'user_sms_pending', '0'),
(1, 'order_final_1', 'user_sms_recipient', NULL),
(1, 'order_final_1', 'user_sms_success', '0'),
(1, 'order_final_1', 'user_subject', 'Подтверждение заказа'),
(1, 'order_final_1', 'validation_php_lib', NULL),
(1, 'order_final_17', 'admin_email', NULL),
(1, 'order_final_17', 'admin_failure_notify', '1'),
(1, 'order_final_17', 'admin_mail_bcc', NULL),
(1, 'order_final_17', 'admin_mail_from', NULL),
(1, 'order_final_17', 'admin_mail_reply_to', NULL),
(1, 'order_final_17', 'admin_mail_return_path', NULL),
(1, 'order_final_17', 'admin_message', 'Заказ\r\n-----------------------\r\nЗаказ №{order_id}\r\nТовары: {goods_total}\r\nИтого: {order_total}\r\n\r\nСообщения\r\n-----------------------\r\nСообщение о ошибке: {error_message}\r\nОжидающее сообщение: {pending_message}\r\n\r\nКорзина\r\n-----------------------\r\n{basket}'),
(1, 'order_final_17', 'admin_message_type', '0'),
(1, 'order_final_17', 'admin_notification', '1'),
(1, 'order_final_17', 'admin_pending_notify', '1'),
(1, 'order_final_17', 'admin_sms_failure', '0'),
(1, 'order_final_17', 'admin_sms_message', NULL),
(1, 'order_final_17', 'admin_sms_originator', NULL),
(1, 'order_final_17', 'admin_sms_pending', '0'),
(1, 'order_final_17', 'admin_sms_recipient', NULL),
(1, 'order_final_17', 'admin_sms_success', '0'),
(1, 'order_final_17', 'admin_subject', 'Поступил Заказ №{order_id}'),
(1, 'order_final_17', 'cc_emails', NULL),
(1, 'order_final_17', 'failure_message', 'В процессе обработки Заказа произошла ошибка "{error_message}" Приносим извинения за доставленные неудобства.'),
(1, 'order_final_17', 'failure_status_id', '10'),
(1, 'order_final_17', 'is_validation', '1'),
(1, 'order_final_17', 'pending_message', 'Ваш заказ обрабатывается. Пожалуста, подождите одобрения!'),
(1, 'order_final_17', 'pending_status_id', '6'),
(1, 'order_final_17', 'success_message', '<p>Спасибо за покупку!</p>\r\n\r\n<p align="justify">\r\nВам отправлено уведомление, что мы получили Ваш заказ. Оператор свяжется с Вами в ближайшее время.\r\n</p>\r\n\r\n<p align="right">Отдел Продаж</p>'),
(1, 'order_final_17', 'success_status_id', '9'),
(1, 'order_final_17', 'user_failure_notify', '0'),
(1, 'order_final_17', 'user_mail_bcc', NULL),
(1, 'order_final_17', 'user_mail_cc', NULL),
(1, 'order_final_17', 'user_mail_from', NULL),
(1, 'order_final_17', 'user_mail_reply_to', NULL),
(1, 'order_final_17', 'user_mail_return_path', NULL),
(1, 'order_final_17', 'user_message', 'Спасибо за покупку на {site_url}.\r\n\r\nВаш заказ №{order_id}.\r\n\r\nВы заказали:\r\n{basket}'),
(1, 'order_final_17', 'user_message_type', '0'),
(1, 'order_final_17', 'user_notification', '1'),
(1, 'order_final_17', 'user_pending_notify', '1'),
(1, 'order_final_17', 'user_sms_failure', '0'),
(1, 'order_final_17', 'user_sms_message', NULL),
(1, 'order_final_17', 'user_sms_originator', NULL),
(1, 'order_final_17', 'user_sms_pending', '0'),
(1, 'order_final_17', 'user_sms_recipient', NULL),
(1, 'order_final_17', 'user_sms_success', '0'),
(1, 'order_final_17', 'user_subject', 'Подтверждение заказа'),
(1, 'order_final_17', 'validation_php_lib', './payments/egold_check.php'),
(1, 'order_final_21', 'admin_email', NULL),
(1, 'order_final_21', 'admin_failure_notify', '1'),
(1, 'order_final_21', 'admin_mail_bcc', NULL),
(1, 'order_final_21', 'admin_mail_from', NULL),
(1, 'order_final_21', 'admin_mail_pdf_invoice', '0'),
(1, 'order_final_21', 'admin_mail_reply_to', NULL),
(1, 'order_final_21', 'admin_mail_return_path', NULL),
(1, 'order_final_21', 'admin_message', 'Заказ\r\n-----------------------\r\nЗаказ №{order_id}\r\nТовары: {goods_total}\r\nИтого: {order_total}\r\n\r\nСообщения\r\n-----------------------\r\nСообщение о ошибке: {error_message}\r\nОжидающее сообщение: {pending_message}\r\n\r\nКорзина\r\n-----------------------\r\n{basket}'),
(1, 'order_final_21', 'admin_message_type', '0'),
(1, 'order_final_21', 'admin_notification', '1'),
(1, 'order_final_21', 'admin_notification_pgp', '0'),
(1, 'order_final_21', 'admin_pending_notify', '1'),
(1, 'order_final_21', 'admin_sms_failure', '0'),
(1, 'order_final_21', 'admin_sms_message', NULL),
(1, 'order_final_21', 'admin_sms_originator', NULL),
(1, 'order_final_21', 'admin_sms_pending', '0'),
(1, 'order_final_21', 'admin_sms_recipient', NULL),
(1, 'order_final_21', 'admin_sms_success', '0'),
(1, 'order_final_21', 'admin_subject', 'Поступил Заказ №{order_id}'),
(1, 'order_final_21', 'cc_emails', NULL),
(1, 'order_final_21', 'failure_message', 'В процессе обработки Заказа произошла ошибка "{error_message}". Приносим извинения за доставленные неудобства.'),
(1, 'order_final_21', 'failure_status_id', '10'),
(1, 'order_final_21', 'is_validation', '1'),
(1, 'order_final_21', 'pending_message', '<p>Спасибо за покупку!</p>\r\n\r\n<p align="justify">\r\nВаш PayPal transaction ID: <b>{transaction_id}</b>\r\n</p>\r\n\r\n<p align="justify">\r\nК сожалению, ваша транзакция не завершена и ожидает одобрения .<br>\r\nПоличено сообщение: <b>{pending_message}</b><br>\r\nЕсли Вам нужна дополнительная информация, Вы можете связаться с нами.\r\n</p>\r\n\r\n<p align="right">Отдел Продаж</p>'),
(1, 'order_final_21', 'pending_status_id', '6'),
(1, 'order_final_21', 'product_individual_notification', '0'),
(1, 'order_final_21', 'success_message', '<p>Спасибо за покупку!</p>\r\n\r\n<p align="justify">\r\nВаш PayPal transaction ID: <b>{transaction_id}</b>\r\n</p>\r\n\r\n<p align="justify">\r\nВам отправлено уведомление, что мы получили Ваш заказ. Оператор свяжется с Вами в ближайшее время.\r\n</p>\r\n\r\n<p align="right">Отдел Продаж</p>'),
(1, 'order_final_21', 'success_status_id', '9'),
(1, 'order_final_21', 'user_failure_notify', '0'),
(1, 'order_final_21', 'user_mail_bcc', NULL),
(1, 'order_final_21', 'user_mail_cc', NULL),
(1, 'order_final_21', 'user_mail_from', NULL),
(1, 'order_final_21', 'user_mail_pdf_invoice', '0'),
(1, 'order_final_21', 'user_mail_reply_to', NULL),
(1, 'order_final_21', 'user_mail_return_path', NULL),
(1, 'order_final_21', 'user_message', 'Спасибо за покупку на {site_url}.\r\n\r\nВаш заказ №{order_id}.\r\n\r\nВы заказали:\r\n{basket}'),
(1, 'order_final_21', 'user_message_type', '0'),
(1, 'order_final_21', 'user_notification', '1'),
(1, 'order_final_21', 'user_pending_notify', '1'),
(1, 'order_final_21', 'user_sms_failure', '0'),
(1, 'order_final_21', 'user_sms_message', NULL),
(1, 'order_final_21', 'user_sms_originator', NULL),
(1, 'order_final_21', 'user_sms_pending', '0'),
(1, 'order_final_21', 'user_sms_recipient', NULL),
(1, 'order_final_21', 'user_sms_success', '0'),
(1, 'order_final_21', 'user_subject', 'Подтверждение заказа'),
(1, 'order_final_21', 'validation_php_lib', './payments/paypal_payment.php'),
(1, 'order_final_22', 'admin_email', NULL),
(1, 'order_final_22', 'admin_failure_notify', '1'),
(1, 'order_final_22', 'admin_mail_bcc', NULL),
(1, 'order_final_22', 'admin_mail_from', NULL),
(1, 'order_final_22', 'admin_mail_pdf_invoice', '0'),
(1, 'order_final_22', 'admin_mail_reply_to', NULL),
(1, 'order_final_22', 'admin_mail_return_path', NULL),
(1, 'order_final_22', 'admin_message', 'Заказ\r\n-----------------------\r\nЗаказ №{order_id}\r\nТовары: {goods_total}\r\nИтого: {order_total}\r\n\r\nСообщения\r\n-----------------------\r\nСообщение о ошибке: {error_message}\r\nОжидающее сообщение: {pending_message}\r\n\r\nКорзина\r\n-----------------------\r\n{basket}'),
(1, 'order_final_22', 'admin_message_type', '0'),
(1, 'order_final_22', 'admin_notification', '1'),
(1, 'order_final_22', 'admin_notification_pgp', '0'),
(1, 'order_final_22', 'admin_pending_notify', '1'),
(1, 'order_final_22', 'admin_sms_failure', '0'),
(1, 'order_final_22', 'admin_sms_message', NULL),
(1, 'order_final_22', 'admin_sms_originator', NULL),
(1, 'order_final_22', 'admin_sms_pending', '0'),
(1, 'order_final_22', 'admin_sms_recipient', NULL),
(1, 'order_final_22', 'admin_sms_success', '0'),
(1, 'order_final_22', 'admin_subject', 'Поступил Заказ №{order_id}'),
(1, 'order_final_22', 'cc_emails', NULL),
(1, 'order_final_22', 'failure_message', 'В процессе обработки Заказа произошла ошибка "{error_message}". Приносим извинения за доставленные неудобства.'),
(1, 'order_final_22', 'failure_status_id', '10'),
(1, 'order_final_22', 'is_validation', '1'),
(1, 'order_final_22', 'pending_message', 'Ваш заказ обрабатывается. Пожалуста, подождите одобрения!'),
(1, 'order_final_22', 'pending_status_id', NULL),
(1, 'order_final_22', 'product_individual_notification', '0'),
(1, 'order_final_22', 'success_message', '<p>Спасибо за покупку!</p>\r\n\r\n<p align="justify">\r\nВаш PayPal transaction ID: <b>{transaction_id}</b>\r\n</p>\r\n\r\n<p align="justify">\r\nВам отправлено уведомление, что мы получили Ваш заказ. Оператор свяжется с Вами в ближайшее время.\r\n</p>\r\n\r\n<p align="right">Отдел Продаж</p>'),
(1, 'order_final_22', 'success_status_id', '4'),
(1, 'order_final_22', 'user_failure_notify', '0'),
(1, 'order_final_22', 'user_mail_bcc', NULL),
(1, 'order_final_22', 'user_mail_cc', NULL),
(1, 'order_final_22', 'user_mail_from', NULL),
(1, 'order_final_22', 'user_mail_pdf_invoice', '0'),
(1, 'order_final_22', 'user_mail_reply_to', NULL),
(1, 'order_final_22', 'user_mail_return_path', NULL),
(1, 'order_final_22', 'user_message', 'Спасибо за покупку на {site_url}.\r\n\r\nВаш заказ №{order_id}.\r\n\r\nВы заказали:\r\n{basket}'),
(1, 'order_final_22', 'user_message_type', '0'),
(1, 'order_final_22', 'user_notification', '1'),
(1, 'order_final_22', 'user_pending_notify', '1'),
(1, 'order_final_22', 'user_sms_failure', '0'),
(1, 'order_final_22', 'user_sms_message', NULL),
(1, 'order_final_22', 'user_sms_originator', NULL),
(1, 'order_final_22', 'user_sms_pending', '0'),
(1, 'order_final_22', 'user_sms_recipient', NULL),
(1, 'order_final_22', 'user_sms_success', '0'),
(1, 'order_final_22', 'user_subject', 'Подтверждение заказа'),
(1, 'order_final_22', 'validation_php_lib', './payments/paypal_direct_3d_check.php'),
(1, 'order_final_32', 'admin_email', NULL),
(1, 'order_final_32', 'admin_failure_notify', '1'),
(1, 'order_final_32', 'admin_mail_bcc', NULL),
(1, 'order_final_32', 'admin_mail_from', NULL),
(1, 'order_final_32', 'admin_mail_reply_to', NULL),
(1, 'order_final_32', 'admin_mail_return_path', NULL),
(1, 'order_final_32', 'admin_message', 'Заказ\r\n-----------------------\r\nЗаказ №{order_id}\r\nТовары: {goods_total}\r\nИтого: {order_total}\r\n\r\nСообщения\r\n-----------------------\r\nСообщение о ошибке: {error_message}\r\nОжидающее сообщение: {pending_message}\r\n\r\nКорзина\r\n-----------------------\r\n{basket}'),
(1, 'order_final_32', 'admin_message_type', '0'),
(1, 'order_final_32', 'admin_notification', '1'),
(1, 'order_final_32', 'admin_pending_notify', '1'),
(1, 'order_final_32', 'admin_sms_failure', '0'),
(1, 'order_final_32', 'admin_sms_message', NULL),
(1, 'order_final_32', 'admin_sms_originator', NULL),
(1, 'order_final_32', 'admin_sms_pending', '0'),
(1, 'order_final_32', 'admin_sms_recipient', NULL),
(1, 'order_final_32', 'admin_sms_success', '0'),
(1, 'order_final_32', 'admin_subject', 'Поступил Заказ №{order_id}'),
(1, 'order_final_32', 'cc_emails', NULL),
(1, 'order_final_32', 'failure_message', 'В процессе обработки Заказа произошла ошибка "{error_message}". Приносим извинения за доставленные неудобства.'),
(1, 'order_final_32', 'failure_status_id', '10'),
(1, 'order_final_32', 'is_validation', '1'),
(1, 'order_final_32', 'pending_message', 'Ваш заказ в обработке и ожидает одобрения.'),
(1, 'order_final_32', 'pending_status_id', '6'),
(1, 'order_final_32', 'success_message', '<p>Спасибо за покупку!</p>\r\n\r\n<p align="justify">\r\nВам отправлено уведомление, что мы получили Ваш заказ. Оператор свяжется с Вами в ближайшее время.\r\n</p>\r\n\r\n<p align="right">Отдел Продаж</p>'),
(1, 'order_final_32', 'success_status_id', '4'),
(1, 'order_final_32', 'user_failure_notify', '0'),
(1, 'order_final_32', 'user_mail_bcc', NULL),
(1, 'order_final_32', 'user_mail_cc', NULL),
(1, 'order_final_32', 'user_mail_from', NULL),
(1, 'order_final_32', 'user_mail_reply_to', NULL),
(1, 'order_final_32', 'user_mail_return_path', NULL),
(1, 'order_final_32', 'user_message', 'Спасибо за покупку на {site_url}.\r\n\r\nВаш заказ №{order_id}.\r\n\r\nВы заказали:\r\n{basket}'),
(1, 'order_final_32', 'user_message_type', '0'),
(1, 'order_final_32', 'user_notification', '1'),
(1, 'order_final_32', 'user_pending_notify', '1'),
(1, 'order_final_32', 'user_sms_failure', '0'),
(1, 'order_final_32', 'user_sms_message', NULL),
(1, 'order_final_32', 'user_sms_originator', NULL),
(1, 'order_final_32', 'user_sms_pending', '0'),
(1, 'order_final_32', 'user_sms_recipient', NULL),
(1, 'order_final_32', 'user_sms_success', '0'),
(1, 'order_final_32', 'user_subject', 'Подтверждение заказа'),
(1, 'order_final_32', 'validation_php_lib', './payments/chronopay_check.php'),
(1, 'order_final_34', 'admin_email', NULL),
(1, 'order_final_34', 'admin_failure_notify', '1'),
(1, 'order_final_34', 'admin_mail_bcc', NULL),
(1, 'order_final_34', 'admin_mail_from', NULL),
(1, 'order_final_34', 'admin_mail_pdf_invoice', '0'),
(1, 'order_final_34', 'admin_mail_reply_to', NULL),
(1, 'order_final_34', 'admin_mail_return_path', NULL),
(1, 'order_final_34', 'admin_message', 'Заказ\r\n-----------------------\r\nЗаказ №{order_id}\r\nТовары: {goods_total}\r\nИтого: {order_total}\r\n\r\nСообщения\r\n-----------------------\r\nСообщение о ошибке: {error_message}\r\nОжидающее сообщение: {pending_message}\r\n\r\nКорзина\r\n-----------------------\r\n{basket}'),
(1, 'order_final_34', 'admin_message_type', '0'),
(1, 'order_final_34', 'admin_notification', '1'),
(1, 'order_final_34', 'admin_notification_pgp', '0'),
(1, 'order_final_34', 'admin_pending_notify', '1'),
(1, 'order_final_34', 'admin_sms_failure', '0'),
(1, 'order_final_34', 'admin_sms_message', NULL),
(1, 'order_final_34', 'admin_sms_originator', NULL),
(1, 'order_final_34', 'admin_sms_pending', '0'),
(1, 'order_final_34', 'admin_sms_recipient', NULL),
(1, 'order_final_34', 'admin_sms_success', '0'),
(1, 'order_final_34', 'admin_subject', 'Поступил Заказ №{order_id}'),
(1, 'order_final_34', 'cc_emails', NULL),
(1, 'order_final_34', 'failure_message', 'В процессе обработки Заказа произошла ошибка "{error_message}". Приносим извинения за доставленные неудобства.'),
(1, 'order_final_34', 'failure_status_id', '10'),
(1, 'order_final_34', 'is_validation', '1'),
(1, 'order_final_34', 'pending_message', 'Ваш заказ в обработке и ожидает одобрения.'),
(1, 'order_final_34', 'pending_status_id', '6'),
(1, 'order_final_34', 'product_individual_notification', '0'),
(1, 'order_final_34', 'success_message', '<p>Спасибо за покупку!</p>\r\n\r\n<p align="justify">\r\nВам отправлено уведомление, что мы получили Ваш заказ. Оператор свяжется с Вами в ближайшее время.\r\n</p>\r\n\r\n<p align="right">Отдел Продаж</p>'),
(1, 'order_final_34', 'success_status_id', '9'),
(1, 'order_final_34', 'user_failure_notify', '0'),
(1, 'order_final_34', 'user_mail_bcc', NULL),
(1, 'order_final_34', 'user_mail_cc', NULL),
(1, 'order_final_34', 'user_mail_from', NULL),
(1, 'order_final_34', 'user_mail_pdf_invoice', '0'),
(1, 'order_final_34', 'user_mail_reply_to', NULL),
(1, 'order_final_34', 'user_mail_return_path', NULL),
(1, 'order_final_34', 'user_message', 'Спасибо за покупку на {site_url}.\r\n\r\nВаш заказ №{order_id}.\r\n\r\nВы заказали:\r\n{basket}'),
(1, 'order_final_34', 'user_message_type', '0'),
(1, 'order_final_34', 'user_notification', '1'),
(1, 'order_final_34', 'user_pending_notify', '1'),
(1, 'order_final_34', 'user_sms_failure', '0'),
(1, 'order_final_34', 'user_sms_message', NULL),
(1, 'order_final_34', 'user_sms_originator', NULL),
(1, 'order_final_34', 'user_sms_pending', '0'),
(1, 'order_final_34', 'user_sms_recipient', NULL),
(1, 'order_final_34', 'user_sms_success', '0'),
(1, 'order_final_34', 'user_subject', 'Подтверждение заказа'),
(1, 'order_final_34', 'validation_php_lib', './payments/google_check.php'),
(1, 'order_final_41', 'admin_email', NULL),
(1, 'order_final_41', 'admin_failure_notify', '1'),
(1, 'order_final_41', 'admin_mail_bcc', NULL),
(1, 'order_final_41', 'admin_mail_from', NULL),
(1, 'order_final_41', 'admin_mail_reply_to', NULL),
(1, 'order_final_41', 'admin_mail_return_path', NULL),
(1, 'order_final_41', 'admin_message', 'Заказ\r\n-----------------------\r\nЗаказ № {order_id}\r\nТоваров: {goods_total}\r\nНа сумму: {order_total}\r\n\r\n\r\nКорзина Покупателя\r\n-----------------------\r\n{basket}'),
(1, 'order_final_41', 'admin_message_type', '0'),
(1, 'order_final_41', 'admin_notification', '1'),
(1, 'order_final_41', 'admin_pending_notify', '1'),
(1, 'order_final_41', 'admin_sms_failure', '0'),
(1, 'order_final_41', 'admin_sms_message', NULL),
(1, 'order_final_41', 'admin_sms_originator', NULL),
(1, 'order_final_41', 'admin_sms_pending', '0'),
(1, 'order_final_41', 'admin_sms_recipient', NULL),
(1, 'order_final_41', 'admin_sms_success', '0'),
(1, 'order_final_41', 'admin_subject', 'Поступил Заказ №{order_id}'),
(1, 'order_final_41', 'cc_emails', NULL),
(1, 'order_final_41', 'failure_message', 'В процессе обработки Заказа произошла ошибка "{error_message}". Приносим извинения за доставленные неудобства.'),
(1, 'order_final_41', 'failure_status_id', '10'),
(1, 'order_final_41', 'is_validation', '1'),
(1, 'order_final_41', 'pending_message', NULL),
(1, 'order_final_41', 'pending_status_id', '6'),
(1, 'order_final_41', 'success_message', '<p>Спасибо за покупку!</p>\r\n\r\n<p align="justify">\r\nВам отправлено уведомление, что мы получили Ваш заказ. Оператор свяжется с Вами в ближайшее время.\r\n</p>\r\n\r\n<p align="right">Отдел Продаж</p>'),
(1, 'order_final_41', 'success_status_id', '4'),
(1, 'order_final_41', 'user_failure_notify', '0'),
(1, 'order_final_41', 'user_mail_bcc', NULL),
(1, 'order_final_41', 'user_mail_cc', NULL),
(1, 'order_final_41', 'user_mail_from', NULL),
(1, 'order_final_41', 'user_mail_reply_to', NULL),
(1, 'order_final_41', 'user_mail_return_path', NULL),
(1, 'order_final_41', 'user_message', 'Спасибо за покупку на {site_url}.\r\n\r\nВаш заказ №{order_id}.\r\n\r\nВы заказали:\r\n{basket}'),
(1, 'order_final_41', 'user_message_type', '0'),
(1, 'order_final_41', 'user_notification', '1'),
(1, 'order_final_41', 'user_pending_notify', '1'),
(1, 'order_final_41', 'user_sms_failure', '0'),
(1, 'order_final_41', 'user_sms_message', NULL),
(1, 'order_final_41', 'user_sms_originator', NULL),
(1, 'order_final_41', 'user_sms_pending', '0'),
(1, 'order_final_41', 'user_sms_recipient', NULL),
(1, 'order_final_41', 'user_sms_success', '0'),
(1, 'order_final_41', 'user_subject', 'Подтверждение заказа'),
(1, 'order_final_41', 'validation_php_lib', './payments/cashu_validate.php'),
(1, 'order_final_43', 'admin_email', NULL),
(1, 'order_final_43', 'admin_failure_notify', '1'),
(1, 'order_final_43', 'admin_mail_bcc', NULL),
(1, 'order_final_43', 'admin_mail_from', NULL),
(1, 'order_final_43', 'admin_mail_pdf_invoice', '0'),
(1, 'order_final_43', 'admin_mail_reply_to', NULL),
(1, 'order_final_43', 'admin_mail_return_path', NULL),
(1, 'order_final_43', 'admin_message', 'Заказ\r\n-----------------------\r\nЗаказ №{order_id}\r\nТовары: {goods_total}\r\nИтого: {order_total}\r\n\r\nСообщения\r\n-----------------------\r\nСообщение о ошибке: {error_message}\r\nОжидающее сообщение: {pending_message}\r\n\r\nКорзина\r\n-----------------------\r\n{basket}'),
(1, 'order_final_43', 'admin_message_type', '0'),
(1, 'order_final_43', 'admin_notification', '1'),
(1, 'order_final_43', 'admin_notification_pgp', '0'),
(1, 'order_final_43', 'admin_pending_notify', '1'),
(1, 'order_final_43', 'admin_sms_failure', '0'),
(1, 'order_final_43', 'admin_sms_message', NULL),
(1, 'order_final_43', 'admin_sms_originator', NULL),
(1, 'order_final_43', 'admin_sms_pending', '0'),
(1, 'order_final_43', 'admin_sms_recipient', NULL),
(1, 'order_final_43', 'admin_sms_success', '0'),
(1, 'order_final_43', 'admin_subject', 'Поступил Заказ №{order_id}'),
(1, 'order_final_43', 'cc_emails', NULL),
(1, 'order_final_43', 'failure_message', 'В процессе обработки Заказа произошла ошибка "{error_message}". Приносим извинения за доставленные неудобства.'),
(1, 'order_final_43', 'failure_status_id', '10'),
(1, 'order_final_43', 'is_validation', '1'),
(1, 'order_final_43', 'pending_message', 'Ваш заказ в обработке и ожидает одобрения.'),
(1, 'order_final_43', 'pending_status_id', '6'),
(1, 'order_final_43', 'product_individual_notification', '0'),
(1, 'order_final_43', 'success_message', '<p>Спасибо за покупку!</p>\r\n\r\n<p align="justify">\r\nВам отправлено уведомление, что мы получили Ваш заказ. Оператор свяжется с Вами в ближайшее время.\r\n</p>\r\n\r\n<p align="right">Отдел Продаж</p>'),
(1, 'order_final_43', 'success_status_id', '9'),
(1, 'order_final_43', 'user_failure_notify', '0'),
(1, 'order_final_43', 'user_mail_bcc', NULL),
(1, 'order_final_43', 'user_mail_cc', NULL),
(1, 'order_final_43', 'user_mail_from', NULL),
(1, 'order_final_43', 'user_mail_pdf_invoice', '0'),
(1, 'order_final_43', 'user_mail_reply_to', NULL),
(1, 'order_final_43', 'user_mail_return_path', NULL),
(1, 'order_final_43', 'user_message', 'Спасибо за покупку на {site_url}.\r\n\r\nВаш заказ №{order_id}.\r\n\r\nВы заказали:\r\n{basket}'),
(1, 'order_final_43', 'user_message_type', '0'),
(1, 'order_final_43', 'user_notification', '1'),
(1, 'order_final_43', 'user_pending_notify', '1'),
(1, 'order_final_43', 'user_sms_failure', '0'),
(1, 'order_final_43', 'user_sms_message', NULL),
(1, 'order_final_43', 'user_sms_originator', NULL),
(1, 'order_final_43', 'user_sms_pending', '0'),
(1, 'order_final_43', 'user_sms_recipient', NULL),
(1, 'order_final_43', 'user_sms_success', '0'),
(1, 'order_final_43', 'user_subject', 'Подтверждение заказа'),
(1, 'order_final_43', 'validation_php_lib', './payments/moneybookers_validate.php'),
(1, 'order_final_5', 'admin_email', NULL),
(1, 'order_final_5', 'admin_failure_notify', '1'),
(1, 'order_final_5', 'admin_mail_bcc', NULL),
(1, 'order_final_5', 'admin_mail_from', NULL),
(1, 'order_final_5', 'admin_mail_reply_to', NULL),
(1, 'order_final_5', 'admin_mail_return_path', NULL),
(1, 'order_final_5', 'admin_message', 'Заказ\r\n-----------------------\r\nЗаказ №{order_id}\r\nТовары: {goods_total}\r\nИтого: {order_total}\r\n\r\nСообщения\r\n-----------------------\r\nСообщение о ошибке: {error_message}\r\nОжидающее сообщение: {pending_message}\r\n\r\nКорзина\r\n-----------------------\r\n{basket}'),
(1, 'order_final_5', 'admin_message_type', '0'),
(1, 'order_final_5', 'admin_notification', '1'),
(1, 'order_final_5', 'admin_pending_notify', '1'),
(1, 'order_final_5', 'admin_sms_failure', '0'),
(1, 'order_final_5', 'admin_sms_message', NULL),
(1, 'order_final_5', 'admin_sms_originator', NULL),
(1, 'order_final_5', 'admin_sms_pending', '0'),
(1, 'order_final_5', 'admin_sms_recipient', NULL),
(1, 'order_final_5', 'admin_sms_success', '0'),
(1, 'order_final_5', 'admin_subject', 'Поступил Заказ №{order_id}'),
(1, 'order_final_5', 'cc_emails', NULL),
(1, 'order_final_5', 'failure_message', 'В процессе обработки Заказа произошла ошибка "{error_message}". Приносим извинения за доставленные неудобства.'),
(1, 'order_final_5', 'failure_status_id', '10'),
(1, 'order_final_5', 'is_validation', '1'),
(1, 'order_final_5', 'pending_message', 'Ваш заказ в обработке и ожидает одобрения.'),
(1, 'order_final_5', 'pending_status_id', '6'),
(1, 'order_final_5', 'success_message', '<p>Спасибо за покупку!</p>\r\n\r\n<p align="justify">\r\nВам отправлено уведомление, что мы получили Ваш заказ. Оператор свяжется с Вами в ближайшее время.\r\n</p>\r\n\r\n<p align="right">Отдел Продаж</p>'),
(1, 'order_final_5', 'success_status_id', '9'),
(1, 'order_final_5', 'user_failure_notify', '0'),
(1, 'order_final_5', 'user_mail_bcc', NULL),
(1, 'order_final_5', 'user_mail_cc', NULL),
(1, 'order_final_5', 'user_mail_from', NULL),
(1, 'order_final_5', 'user_mail_reply_to', NULL),
(1, 'order_final_5', 'user_mail_return_path', NULL),
(1, 'order_final_5', 'user_message', 'Спасибо за покупку на {site_url}.\r\n\r\nВаш заказ №{order_id}.\r\n\r\nВы заказали:\r\n{basket}'),
(1, 'order_final_5', 'user_message_type', '0'),
(1, 'order_final_5', 'user_notification', '1'),
(1, 'order_final_5', 'user_pending_notify', '1'),
(1, 'order_final_5', 'user_sms_failure', '0'),
(1, 'order_final_5', 'user_sms_message', NULL),
(1, 'order_final_5', 'user_sms_originator', NULL),
(1, 'order_final_5', 'user_sms_pending', '0'),
(1, 'order_final_5', 'user_sms_recipient', NULL),
(1, 'order_final_5', 'user_sms_success', '0'),
(1, 'order_final_5', 'user_subject', 'Подтверждение заказа'),
(1, 'order_final_5', 'validation_php_lib', './payments/2checkout.php'),
(1, 'order_final_51', 'admin_email', NULL),
(1, 'order_final_51', 'admin_failure_notify', '1'),
(1, 'order_final_51', 'admin_mail_bcc', NULL),
(1, 'order_final_51', 'admin_mail_from', NULL),
(1, 'order_final_51', 'admin_mail_pdf_invoice', '0'),
(1, 'order_final_51', 'admin_mail_reply_to', NULL),
(1, 'order_final_51', 'admin_mail_return_path', NULL),
(1, 'order_final_51', 'admin_message', 'Заказ\r\n-----------------------\r\nЗаказ №{order_id}\r\nТовары: {goods_total}\r\nИтого: {order_total}\r\n\r\nСообщения\r\n-----------------------\r\nСообщение о ошибке: {error_message}\r\nОжидающее сообщение: {pending_message}\r\n\r\nКорзина\r\n-----------------------\r\n{basket}'),
(1, 'order_final_51', 'admin_message_type', '0'),
(1, 'order_final_51', 'admin_notification', '1'),
(1, 'order_final_51', 'admin_notification_pgp', '0'),
(1, 'order_final_51', 'admin_pending_notify', '1'),
(1, 'order_final_51', 'admin_sms_failure', '0'),
(1, 'order_final_51', 'admin_sms_message', NULL),
(1, 'order_final_51', 'admin_sms_originator', NULL),
(1, 'order_final_51', 'admin_sms_pending', '0'),
(1, 'order_final_51', 'admin_sms_recipient', NULL),
(1, 'order_final_51', 'admin_sms_success', '0'),
(1, 'order_final_51', 'admin_subject', 'Поступил Заказ №{order_id}'),
(1, 'order_final_51', 'cc_emails', NULL),
(1, 'order_final_51', 'failure_message', 'В процессе обработки Заказа произошла ошибка "{error_message}". Приносим извинения за доставленные неудобства.'),
(1, 'order_final_51', 'failure_status_id', '10'),
(1, 'order_final_51', 'is_validation', '1'),
(1, 'order_final_51', 'pending_message', 'Ваш заказ в обработке и ожидает одобрения.'),
(1, 'order_final_51', 'pending_status_id', '6'),
(1, 'order_final_51', 'product_individual_notification', '0'),
(1, 'order_final_51', 'success_message', '<p>Спасибо за покупку!</p>\r\n\r\n<p align="justify">\r\nВам отправлено уведомление, что мы получили Ваш заказ. Оператор свяжется с Вами в ближайшее время.\r\n</p>\r\n\r\n<p align="right">Отдел Продаж</p>'),
(1, 'order_final_51', 'success_status_id', '4'),
(1, 'order_final_51', 'user_failure_notify', '0'),
(1, 'order_final_51', 'user_mail_bcc', NULL),
(1, 'order_final_51', 'user_mail_cc', NULL),
(1, 'order_final_51', 'user_mail_from', NULL),
(1, 'order_final_51', 'user_mail_pdf_invoice', '0'),
(1, 'order_final_51', 'user_mail_reply_to', NULL),
(1, 'order_final_51', 'user_mail_return_path', NULL),
(1, 'order_final_51', 'user_message', 'Спасибо за покупку на {site_url}.\r\n\r\nВаш заказ №{order_id}.\r\n\r\nВы заказали:\r\n{basket}'),
(1, 'order_final_51', 'user_message_type', '0'),
(1, 'order_final_51', 'user_notification', '1'),
(1, 'order_final_51', 'user_pending_notify', '1'),
(1, 'order_final_51', 'user_sms_failure', '0'),
(1, 'order_final_51', 'user_sms_message', NULL),
(1, 'order_final_51', 'user_sms_originator', NULL),
(1, 'order_final_51', 'user_sms_pending', '0'),
(1, 'order_final_51', 'user_sms_recipient', NULL),
(1, 'order_final_51', 'user_sms_success', '0'),
(1, 'order_final_51', 'user_subject', 'Подтверждение заказа'),
(1, 'order_final_51', 'validation_php_lib', './payments/paypal_payflow_pro_express_checkout.php'),
(1, 'order_final_6', 'admin_email', NULL),
(1, 'order_final_6', 'admin_failure_notify', '1'),
(1, 'order_final_6', 'admin_mail_bcc', NULL),
(1, 'order_final_6', 'admin_mail_from', NULL),
(1, 'order_final_6', 'admin_mail_pdf_invoice', '0'),
(1, 'order_final_6', 'admin_mail_reply_to', NULL),
(1, 'order_final_6', 'admin_mail_return_path', NULL),
(1, 'order_final_6', 'admin_message', 'Заказ\r\n-----------------------\r\nЗаказ №{order_id}\r\nТовары: {goods_total}\r\nИтого: {order_total}\r\n\r\nСообщения\r\n-----------------------\r\nСообщение о ошибке: {error_message}\r\nОжидающее сообщение: {pending_message}\r\n\r\nКорзина\r\n-----------------------\r\n{basket}'),
(1, 'order_final_6', 'admin_message_type', '0'),
(1, 'order_final_6', 'admin_notification', '1');
INSERT INTO `va_global_settings` (`site_id`, `setting_type`, `setting_name`, `setting_value`) VALUES
(1, 'order_final_6', 'admin_notification_pgp', '0'),
(1, 'order_final_6', 'admin_pending_notify', '1'),
(1, 'order_final_6', 'admin_sms_failure', '0'),
(1, 'order_final_6', 'admin_sms_message', NULL),
(1, 'order_final_6', 'admin_sms_originator', NULL),
(1, 'order_final_6', 'admin_sms_pending', '0'),
(1, 'order_final_6', 'admin_sms_recipient', NULL),
(1, 'order_final_6', 'admin_sms_success', '0'),
(1, 'order_final_6', 'admin_subject', 'Поступил Заказ №{order_id}'),
(1, 'order_final_6', 'cc_emails', NULL),
(1, 'order_final_6', 'failure_message', 'В процессе обработки Заказа произошла ошибка "{error_message}". Приносим извинения за доставленные неудобства.'),
(1, 'order_final_6', 'failure_status_id', '10'),
(1, 'order_final_6', 'is_validation', '1'),
(1, 'order_final_6', 'pending_message', '<p>Спасибо за покупку!</p>\r\n\r\n<p align="justify">\r\nВаш PayPal transaction ID: <b>{transaction_id}</b>\r\n</p>\r\n\r\n<p align="justify">\r\nК сожалению, ваша транзакция не завершена и ожидает одобрения .<br>\r\nПолучено сообщение: <b>{pending_message}</b><br>\r\nЕсли Вам нужна дополнительная информация, Вы можете связаться с нами.\r\n</p>\r\n\r\n<p align="right">Отдел Продаж</p>'),
(1, 'order_final_6', 'pending_status_id', '6'),
(1, 'order_final_6', 'product_individual_notification', '0'),
(1, 'order_final_6', 'success_message', '<p>Спасибо за покупку!</p>\r\n\r\n<p align="justify">\r\nВаш PayPal transaction ID: <b>{transaction_id}</b>\r\n</p>\r\n\r\n<p align="justify">\r\nВам отправлено уведомление, что мы получили Ваш заказ. Оператор свяжется с Вами в ближайшее время.\r\n</p>\r\n\r\n<p align="right">Отдел Продаж</p>'),
(1, 'order_final_6', 'success_status_id', '9'),
(1, 'order_final_6', 'user_failure_notify', '0'),
(1, 'order_final_6', 'user_mail_bcc', NULL),
(1, 'order_final_6', 'user_mail_cc', NULL),
(1, 'order_final_6', 'user_mail_from', NULL),
(1, 'order_final_6', 'user_mail_pdf_invoice', '0'),
(1, 'order_final_6', 'user_mail_reply_to', NULL),
(1, 'order_final_6', 'user_mail_return_path', NULL),
(1, 'order_final_6', 'user_message', 'Спасибо за покупку на {site_url}.\r\n\r\nВаш заказ №{order_id}.\r\n\r\nВы заказали:\r\n{basket}'),
(1, 'order_final_6', 'user_message_type', '0'),
(1, 'order_final_6', 'user_notification', '1'),
(1, 'order_final_6', 'user_pending_notify', '1'),
(1, 'order_final_6', 'user_sms_failure', '0'),
(1, 'order_final_6', 'user_sms_message', NULL),
(1, 'order_final_6', 'user_sms_originator', NULL),
(1, 'order_final_6', 'user_sms_pending', '0'),
(1, 'order_final_6', 'user_sms_recipient', NULL),
(1, 'order_final_6', 'user_sms_success', '0'),
(1, 'order_final_6', 'user_subject', 'Подтверждение заказа'),
(1, 'order_final_6', 'validation_php_lib', './payments/paypal_pdt.php'),
(1, 'order_final_61', 'admin_email', NULL),
(1, 'order_final_61', 'admin_failure_notify', '1'),
(1, 'order_final_61', 'admin_mail_bcc', NULL),
(1, 'order_final_61', 'admin_mail_from', NULL),
(1, 'order_final_61', 'admin_mail_pdf_invoice', '0'),
(1, 'order_final_61', 'admin_mail_reply_to', NULL),
(1, 'order_final_61', 'admin_mail_return_path', NULL),
(1, 'order_final_61', 'admin_message', 'Заказ\r\n-----------------------\r\nЗаказ №{order_id}\r\nТовары: {goods_total}\r\nИтого: {order_total}\r\n\r\nСообщения\r\n-----------------------\r\nСообщение о ошибке: {error_message}\r\nОжидающее сообщение: {pending_message}\r\n\r\nКорзина\r\n-----------------------\r\n{basket}'),
(1, 'order_final_61', 'admin_message_type', '0'),
(1, 'order_final_61', 'admin_notification', '1'),
(1, 'order_final_61', 'admin_notification_pgp', '0'),
(1, 'order_final_61', 'admin_pending_notify', '1'),
(1, 'order_final_61', 'admin_sms_failure', '0'),
(1, 'order_final_61', 'admin_sms_message', NULL),
(1, 'order_final_61', 'admin_sms_originator', NULL),
(1, 'order_final_61', 'admin_sms_pending', '0'),
(1, 'order_final_61', 'admin_sms_recipient', NULL),
(1, 'order_final_61', 'admin_sms_success', '0'),
(1, 'order_final_61', 'admin_subject', 'Поступил Заказ №{order_id}'),
(1, 'order_final_61', 'cc_emails', NULL),
(1, 'order_final_61', 'failure_message', 'В процессе обработки Заказа произошла ошибка "{error_message}". Приносим извинения за доставленные неудобства.'),
(1, 'order_final_61', 'failure_status_id', '10'),
(1, 'order_final_61', 'is_validation', '1'),
(1, 'order_final_61', 'pending_message', 'Ваш заказ в обработке и ожидает одобрения.'),
(1, 'order_final_61', 'pending_status_id', '6'),
(1, 'order_final_61', 'product_individual_notification', '0'),
(1, 'order_final_61', 'success_message', '<p>Спасибо за покупку!</p>\r\n\r\n<p align="justify">\r\nВам отправлено уведомление, что мы получили Ваш заказ. Оператор свяжется с Вами в ближайшее время.\r\n</p>\r\n\r\n<p align="right">Отдел Продаж</p>'),
(1, 'order_final_61', 'success_status_id', '4'),
(1, 'order_final_61', 'user_failure_notify', '1'),
(1, 'order_final_61', 'user_mail_bcc', NULL),
(1, 'order_final_61', 'user_mail_cc', NULL),
(1, 'order_final_61', 'user_mail_from', NULL),
(1, 'order_final_61', 'user_mail_pdf_invoice', '0'),
(1, 'order_final_61', 'user_mail_reply_to', NULL),
(1, 'order_final_61', 'user_mail_return_path', NULL),
(1, 'order_final_61', 'user_message', 'Спасибо за покупку на {site_url}.\r\n\r\nВаш заказ №{order_id}.\r\n\r\nВы заказали:\r\n{basket}'),
(1, 'order_final_61', 'user_message_type', '0'),
(1, 'order_final_61', 'user_notification', '1'),
(1, 'order_final_61', 'user_pending_notify', '0'),
(1, 'order_final_61', 'user_sms_failure', '0'),
(1, 'order_final_61', 'user_sms_message', NULL),
(1, 'order_final_61', 'user_sms_originator', NULL),
(1, 'order_final_61', 'user_sms_pending', '0'),
(1, 'order_final_61', 'user_sms_recipient', NULL),
(1, 'order_final_61', 'user_sms_success', '0'),
(1, 'order_final_61', 'user_subject', 'Подтверждение заказа'),
(1, 'order_final_61', 'validation_php_lib', './payments/portmone_check.php'),
(1, 'order_final_63', 'user_sms_message', NULL),
(1, 'order_final_63', 'pending_status_id', NULL),
(1, 'order_final_63', 'failure_status_id', '12'),
(1, 'order_final_63', 'success_message', '<p>Спасибо за покупку!</p><p>Ваш заказ № {order_id}<br></p>\r\n\r\n<p align="justify">\r\nСчет на оплату доступен для скачивания в Вашем Личном кабинете.</p>\r\n\r\n<p align="right">Отдел Продаж</p>'),
(1, 'order_final_63', 'pending_message', NULL),
(1, 'order_final_63', 'failure_message', NULL),
(1, 'order_final_63', 'admin_notification', '1'),
(1, 'order_final_63', 'admin_notification_pgp', '0'),
(1, 'order_final_63', 'admin_pending_notify', '0'),
(1, 'order_final_63', 'admin_failure_notify', '0'),
(1, 'order_final_63', 'admin_email', NULL),
(1, 'order_final_63', 'admin_mail_from', NULL),
(1, 'order_final_63', 'cc_emails', NULL),
(1, 'order_final_63', 'admin_mail_bcc', NULL),
(1, 'order_final_63', 'admin_mail_reply_to', NULL),
(1, 'order_final_63', 'admin_mail_return_path', NULL),
(1, 'order_final_63', 'admin_mail_pdf_invoice', '1'),
(1, 'order_final_63', 'admin_subject', 'Размещен заказ №{order_id}'),
(1, 'order_final_63', 'admin_message_type', '0'),
(1, 'order_final_63', 'admin_message', 'Заказ № {order_id}\r\nКоличество товаров: {goods_total}\r\nНа сумму: {order_total}'),
(1, 'order_final_63', 'product_individual_notification', '1'),
(1, 'order_final_63', 'user_notification', '1'),
(1, 'order_final_63', 'user_pending_notify', '0'),
(1, 'order_final_63', 'user_failure_notify', '0'),
(1, 'order_final_63', 'user_mail_from', NULL),
(1, 'order_final_63', 'user_mail_cc', NULL),
(1, 'order_final_63', 'user_mail_bcc', NULL),
(1, 'order_final_63', 'user_mail_reply_to', NULL),
(1, 'order_final_63', 'user_mail_return_path', NULL),
(1, 'order_final_63', 'user_mail_pdf_invoice', '1'),
(1, 'order_final_63', 'user_subject', 'Заказ №{order_id} в интернет-магазине "DEMO"'),
(1, 'order_final_63', 'user_message_type', '0'),
(1, 'order_final_63', 'user_message', 'Уважаемый {name}!<br>Спасибо за ваш заказ в интернет-магазине {site_url}\r\n\r\n<br>Ваш заказ № {order_id}. Счет на оплату доступен для скачивания в Вашем Личном кабинете. <br><div align="right">Отдел Продаж</div>'),
(1, 'order_final_63', 'is_validation', '1'),
(1, 'order_final_63', 'validation_php_lib', './payments/empty_check.php'),
(1, 'order_final_63', 'success_status_id', '17'),
(1, 'order_final_92', 'admin_email', NULL),
(1, 'order_final_92', 'admin_failure_notify', '1'),
(1, 'order_final_92', 'admin_mail_bcc', NULL),
(1, 'order_final_92', 'admin_mail_from', NULL),
(1, 'order_final_92', 'admin_mail_pdf_invoice', '0'),
(1, 'order_final_92', 'admin_mail_reply_to', NULL),
(1, 'order_final_92', 'admin_mail_return_path', NULL),
(1, 'order_final_92', 'admin_message', 'Заказ\r\n-----------------------\r\nЗаказ №{order_id}\r\nТовары: {goods_total}\r\nИтого: {order_total}\r\n\r\nСообщения\r\n-----------------------\r\nСообщение о ошибке: {error_message}\r\nОжидающее сообщение: {pending_message}\r\n\r\nКорзина\r\n-----------------------\r\n{basket}'),
(1, 'order_final_92', 'admin_message_type', '0'),
(1, 'order_final_92', 'admin_notification', '1'),
(1, 'order_final_92', 'admin_notification_pgp', '0'),
(1, 'order_final_92', 'admin_pending_notify', '1'),
(1, 'order_final_92', 'admin_sms_failure', '0'),
(1, 'order_final_92', 'admin_sms_message', NULL),
(1, 'order_final_92', 'admin_sms_originator', NULL),
(1, 'order_final_92', 'admin_sms_pending', '0'),
(1, 'order_final_92', 'admin_sms_recipient', NULL),
(1, 'order_final_92', 'admin_sms_success', '0'),
(1, 'order_final_92', 'admin_subject', 'Поступил Заказ №{order_id}'),
(1, 'order_final_92', 'cc_emails', NULL),
(1, 'order_final_92', 'failure_message', 'В процессе обработки Заказа произошла ошибка "{error_message}". Приносим извинения за доставленные неудобства.'),
(1, 'order_final_92', 'failure_status_id', '10'),
(1, 'order_final_92', 'is_validation', '1'),
(1, 'order_final_92', 'pending_message', 'Ваш заказ в обработке и ожидает одобрения.'),
(1, 'order_final_92', 'pending_status_id', '6'),
(1, 'order_final_92', 'product_individual_notification', '0'),
(1, 'order_final_92', 'success_message', '<p>Спасибо за покупку!</p>\r\n\r\n<p align="justify">\r\nВам отправлено уведомление, что мы получили Ваш заказ. Оператор свяжется с Вами в ближайшее время.\r\n</p>\r\n\r\n<p align="right">Отдел Продаж</p>'),
(1, 'order_final_92', 'success_status_id', '9'),
(1, 'order_final_92', 'user_failure_notify', '0'),
(1, 'order_final_92', 'user_mail_bcc', NULL),
(1, 'order_final_92', 'user_mail_cc', NULL),
(1, 'order_final_92', 'user_mail_from', NULL),
(1, 'order_final_92', 'user_mail_pdf_invoice', '0'),
(1, 'order_final_92', 'user_mail_reply_to', NULL),
(1, 'order_final_92', 'user_mail_return_path', NULL),
(1, 'order_final_92', 'user_message', 'Спасибо за покупку на {site_url}.\r\n\r\nВаш заказ №{order_id}.\r\n\r\nВы заказали:\r\n{basket}'),
(1, 'order_final_92', 'user_message_type', '0'),
(1, 'order_final_92', 'user_notification', '1'),
(1, 'order_final_92', 'user_pending_notify', '1'),
(1, 'order_final_92', 'user_sms_failure', '0'),
(1, 'order_final_92', 'user_sms_message', NULL),
(1, 'order_final_92', 'user_sms_originator', NULL),
(1, 'order_final_92', 'user_sms_pending', '0'),
(1, 'order_final_92', 'user_sms_recipient', NULL),
(1, 'order_final_92', 'user_sms_success', '0'),
(1, 'order_final_92', 'user_subject', 'Подтверждение заказа'),
(1, 'order_final_92', 'validation_php_lib', './payments/moneybookers_validate.php'),
(1, 'order_final_94', 'user_mail_bcc', NULL),
(1, 'order_final_94', 'user_mail_reply_to', NULL),
(1, 'order_final_94', 'user_mail_return_path', NULL),
(1, 'order_final_94', 'user_mail_pdf_invoice', '0'),
(1, 'order_final_94', 'user_subject', 'Интернет-магазин «DEMO» заказ #{order_id}  '),
(1, 'order_final_94', 'user_message_type', '1'),
(1, 'order_final_94', 'user_message', '<p>\r\n	<b>{first_name}</b>, благодарим за покупку в интернет-магазине &laquo;DEMO&raquo;</p>\r\n<p>\r\n	Ваш заказ <big>№{order_id} </big>принят.<br />\r\n	В ближайшее время менеджер интернет-магазина &laquo;DEMO&raquo; свяжется с Вами для уточнения деталей оплаты и доставки.</p>\r\n<p>\r\n	--------------------------------------------------<br />\r\n	Служба продаж интернет-магазина <a href="http://вашсайт.ru"><b>&laquo;DEMO&raquo;</b></a><br />\r\n	Тел.: 555-55-55<br />\r\n	E-mail: <a href="mailto:sales@вашсайт.ru">sales@вашсайт.ru</a></p>\r\n'),
(1, 'order_final_94', 'admin_sms_success', '0'),
(1, 'order_final_94', 'admin_sms_pending', '0'),
(1, 'order_final_94', 'admin_sms_failure', '0'),
(1, 'order_final_94', 'admin_sms_recipient', NULL),
(1, 'order_final_94', 'admin_sms_originator', NULL),
(1, 'order_final_94', 'product_individual_notification', '0'),
(1, 'order_final_94', 'user_notification', '1'),
(1, 'order_final_94', 'user_pending_notify', '1'),
(1, 'order_final_94', 'user_failure_notify', '0'),
(1, 'order_final_94', 'is_validation', '0'),
(1, 'order_final_94', 'validation_php_lib', NULL),
(1, 'order_final_94', 'success_status_id', '1'),
(1, 'order_final_94', 'pending_status_id', '6'),
(1, 'order_final_94', 'failure_status_id', NULL),
(1, 'order_final_94', 'success_message', '<p>\r\n	Ваш заказ №{order_id} принят.<br />\r\n	В ближайшее время менеджер интернет-магазина свяжется с Вами для уточнения деталей оплаты и доставки.</p>\r\n<p>\r\n	--------------------------------------------------<br />\r\n	Служба продаж интернет-магазина <a href="http://вашсайт.ru"><span>&laquo;DEMO&raquo;</span></a><br />\r\n	Тел.: 555-55-55<br />\r\n	E-mail: <a href="mailto:sales@вашсайт.ru">sales@вашсайт.ru</a></p>\r\n'),
(1, 'order_final_94', 'pending_message', 'Ваш заказ №{order_id} оформлен и ожидает проверки.\r\n<br>\r\n--------------------------------------------------<br>\r\nСлужба продаж интернет-магазина <a href="http://вашсайт.ru"><span>«DEMO»</span></a>\r\n<br>Тел.: 555-55-55\r\n<br>E-mail: <a href="mailto:sales@вашсайт.ru">sales@вашсайт.ru</a>'),
(1, 'order_final_95', 'admin_email', NULL),
(1, 'order_final_95', 'admin_failure_notify', '1'),
(1, 'order_final_95', 'admin_mail_bcc', NULL),
(1, 'order_final_95', 'admin_mail_from', NULL),
(1, 'order_final_95', 'admin_mail_pdf_invoice', '0'),
(1, 'order_final_95', 'admin_mail_reply_to', NULL),
(1, 'order_final_95', 'admin_mail_return_path', NULL),
(1, 'order_final_95', 'admin_message', '<div>Информация по Заказу</div><div>-----------------------</div><div>Заказ №{order_id}</div><div>Стоимость товаров: {goods_total}</div><div>Общая сумма заказа: {order_total}</div><div><br></div><div>Сообщения</div><div>-----------------------</div><div>Сообщение о ошибке: {error_message}</div><div>Ожидающее сообщение: {pending_message}</div><div><br></div><div>Корзина</div><div>-----------------------</div><div>{basket}</div>'),
(1, 'order_final_95', 'admin_message_type', '0'),
(1, 'order_final_95', 'admin_notification', '1'),
(1, 'order_final_95', 'admin_notification_pgp', '0'),
(1, 'order_final_95', 'admin_pending_notify', '1'),
(1, 'order_final_95', 'admin_sms_failure', '0'),
(1, 'order_final_95', 'admin_sms_message', NULL),
(1, 'order_final_95', 'admin_sms_originator', NULL),
(1, 'order_final_95', 'admin_sms_pending', '0'),
(1, 'order_final_95', 'admin_sms_recipient', NULL),
(1, 'order_final_95', 'admin_sms_success', '0'),
(1, 'order_final_95', 'admin_subject', 'Поступил Заказ №{order_id}'),
(1, 'order_final_95', 'cc_emails', NULL),
(1, 'order_final_95', 'failure_message', 'В процессе обработки Заказа произошла ошибка "{error_message}". Приносим извинения за доставленные неудобства.'),
(1, 'order_final_95', 'failure_status_id', '10'),
(1, 'order_final_95', 'is_validation', '1'),
(1, 'order_final_95', 'pending_message', 'Ваш заказ в обработке и ожидает одобрения.'),
(1, 'order_final_95', 'pending_status_id', '6'),
(1, 'order_final_95', 'product_individual_notification', '0'),
(1, 'order_final_95', 'success_message', '<p>Спасибо за покупку!</p>\r\n\r\n<p align="justify">\r\nВам отправлено уведомление, что мы получили Ваш заказ. Оператор свяжется с Вами в ближайшее время.\r\n</p>\r\n\r\n<p align="right">Отдел Продаж</p>'),
(1, 'order_final_95', 'success_status_id', '9'),
(1, 'order_final_95', 'user_failure_notify', '0'),
(1, 'order_final_95', 'user_mail_bcc', NULL),
(1, 'order_final_95', 'user_mail_cc', NULL),
(1, 'order_final_95', 'user_mail_from', NULL),
(1, 'order_final_95', 'user_mail_pdf_invoice', '0'),
(1, 'order_final_95', 'user_mail_reply_to', NULL),
(1, 'order_final_95', 'user_mail_return_path', NULL),
(1, 'order_final_95', 'user_message', 'Спасибо за покупку на {site_url}.\r\n\r\nВаш заказ №{order_id}.\r\n\r\nВы заказали:\r\n{basket}'),
(1, 'order_final_95', 'user_message_type', '1'),
(1, 'order_final_95', 'user_notification', '1'),
(1, 'order_final_95', 'user_pending_notify', '1'),
(1, 'order_final_95', 'user_sms_failure', '0'),
(1, 'order_final_95', 'user_sms_message', NULL),
(1, 'order_final_95', 'user_sms_originator', NULL),
(1, 'order_final_95', 'user_sms_pending', '0'),
(1, 'order_final_95', 'user_sms_recipient', NULL),
(1, 'order_final_95', 'user_sms_success', '0'),
(1, 'order_final_95', 'user_subject', 'Подтверждение заказа'),
(1, 'order_final_95', 'validation_php_lib', './payments/knet_validate.php'),
(1, 'order_info', 'predefined_mail_from', NULL),
(1, 'order_info', 'call_center_zip_required', '0'),
(1, 'order_info', 'call_center_country_id_required', '0'),
(1, 'order_info', 'call_center_phone_required', '0'),
(1, 'order_info', 'call_center_daytime_phone_required', '0'),
(1, 'order_info', 'call_center_evening_phone_required', '0'),
(1, 'order_info', 'call_center_cell_phone_required', '0'),
(1, 'order_info', 'call_center_fax_required', '0'),
(1, 'order_info', 'call_center_delivery_name_required', '0'),
(1, 'order_info', 'call_center_delivery_first_name_required', '0'),
(1, 'order_info', 'call_center_delivery_last_name_required', '0'),
(1, 'order_info', 'call_center_delivery_company_id_required', '0'),
(1, 'order_info', 'call_center_delivery_company_name_required', '0'),
(1, 'order_info', 'call_center_delivery_email_required', '0'),
(1, 'order_info', 'show_delivery_company_name', '0'),
(1, 'order_info', 'show_delivery_email', '0'),
(1, 'order_info', 'show_delivery_address1', '1'),
(1, 'order_info', 'show_delivery_address2', '0'),
(1, 'order_info', 'show_delivery_city', '0'),
(1, 'order_info', 'show_delivery_province', '0'),
(1, 'order_info', 'show_delivery_state_id', '0'),
(1, 'order_info', 'show_delivery_zip', '0'),
(1, 'order_info', 'show_delivery_country_id', '0'),
(1, 'order_info', 'show_delivery_phone', '0'),
(1, 'order_info', 'show_delivery_daytime_phone', '0'),
(1, 'order_info', 'show_delivery_evening_phone', '0'),
(1, 'order_info', 'show_delivery_cell_phone', '1'),
(1, 'order_info', 'show_delivery_fax', '0'),
(1, 'order_info', 'name_required', '0'),
(1, 'order_info', 'first_name_required', '1'),
(1, 'order_info', 'last_name_required', '0'),
(1, 'order_info', 'company_id_required', '0'),
(1, 'order_info', 'company_name_required', '0'),
(1, 'order_info', 'email_required', '0'),
(1, 'order_info', 'address1_required', '1'),
(1, 'order_info', 'address2_required', '0'),
(1, 'order_info', 'city_required', '0'),
(1, 'order_info', 'province_required', '0'),
(1, 'order_info', 'state_id_required', '0'),
(1, 'order_info', 'zip_required', '0'),
(1, 'order_info', 'country_id_required', '0'),
(1, 'order_info', 'phone_required', '0'),
(1, 'order_info', 'daytime_phone_required', '0'),
(1, 'order_info', 'evening_phone_required', '0'),
(1, 'order_info', 'cell_phone_required', '1'),
(1, 'order_info', 'fax_required', '0'),
(1, 'order_info', 'delivery_name_required', '0'),
(1, 'order_info', 'delivery_first_name_required', '0'),
(1, 'order_info', 'delivery_last_name_required', '0'),
(1, 'order_info', 'delivery_company_id_required', '0'),
(1, 'order_info', 'delivery_company_name_required', '0'),
(1, 'order_info', 'delivery_email_required', '0'),
(1, 'order_info', 'delivery_address1_required', '0'),
(1, 'order_info', 'delivery_address2_required', '0'),
(1, 'order_info', 'delivery_city_required', '0'),
(1, 'order_info', 'delivery_province_required', '0'),
(1, 'order_info', 'delivery_state_id_required', '0'),
(1, 'order_info', 'delivery_zip_required', '0'),
(1, 'order_info', 'delivery_country_id_required', '0'),
(1, 'order_info', 'delivery_phone_required', '0'),
(1, 'order_info', 'delivery_daytime_phone_required', '0'),
(1, 'order_info', 'delivery_evening_phone_required', '0'),
(1, 'order_info', 'delivery_cell_phone_required', '0'),
(1, 'order_info', 'delivery_fax_required', '0'),
(1, 'order_info', 'call_center_show_name', '0'),
(1, 'order_info', 'call_center_show_first_name', '1'),
(1, 'order_info', 'call_center_show_last_name', '0'),
(1, 'order_info', 'call_center_show_company_id', '0'),
(1, 'order_info', 'call_center_show_company_name', '0'),
(1, 'order_info', 'call_center_show_email', '1'),
(1, 'order_info', 'call_center_show_address1', '1'),
(1, 'order_info', 'call_center_show_address2', '0'),
(1, 'order_info', 'call_center_show_city', '0'),
(1, 'order_info', 'call_center_show_province', '0'),
(1, 'order_info', 'call_center_show_state_id', '0'),
(1, 'order_info', 'call_center_show_zip', '0'),
(1, 'order_info', 'call_center_show_country_id', '0'),
(1, 'order_info', 'call_center_show_phone', '0'),
(1, 'order_info', 'call_center_show_daytime_phone', '0'),
(1, 'order_info', 'call_center_show_evening_phone', '0'),
(1, 'order_info', 'call_center_show_cell_phone', '1'),
(1, 'order_info', 'call_center_show_fax', '0'),
(1, 'order_info', 'call_center_show_delivery_name', '0'),
(1, 'order_info', 'call_center_show_delivery_first_name', '1'),
(1, 'order_info', 'call_center_show_delivery_last_name', '0'),
(1, 'order_info', 'call_center_show_delivery_company_id', '0'),
(1, 'order_info', 'call_center_show_delivery_company_name', '0'),
(1, 'order_info', 'call_center_show_delivery_email', '1'),
(1, 'order_info', 'call_center_show_delivery_address1', '1'),
(1, 'order_info', 'call_center_show_delivery_address2', '0'),
(1, 'order_info', 'call_center_show_delivery_city', '0'),
(1, 'order_info', 'call_center_show_delivery_province', '0'),
(1, 'order_info', 'call_center_show_delivery_state_id', '0'),
(1, 'order_info', 'call_center_show_delivery_zip', '0'),
(1, 'order_info', 'call_center_show_delivery_country_id', '0'),
(1, 'order_info', 'call_center_show_delivery_phone', '0'),
(1, 'order_info', 'call_center_show_delivery_daytime_phone', '0'),
(1, 'order_info', 'call_center_show_delivery_evening_phone', '0'),
(1, 'order_info', 'call_center_show_delivery_cell_phone', '1'),
(1, 'order_info', 'call_center_show_delivery_fax', '0'),
(1, 'order_info', 'call_center_name_required', '0'),
(1, 'order_info', 'call_center_first_name_required', '0'),
(1, 'order_info', 'call_center_last_name_required', '0'),
(1, 'order_info', 'call_center_company_id_required', '0'),
(1, 'order_info', 'call_center_company_name_required', '0'),
(1, 'order_info', 'call_center_email_required', '0'),
(1, 'order_info', 'call_center_address1_required', '1'),
(1, 'order_info', 'call_center_address2_required', '0'),
(1, 'order_info', 'call_center_city_required', '0'),
(1, 'order_info', 'call_center_province_required', '0'),
(1, 'order_info', 'call_center_state_id_required', '0'),
(1, 'order_info', 'invoice_sequence_number', NULL),
(1, 'order_info', 'invoice_number_mask', NULL),
(1, 'order_info', 'credit_sequence_number', NULL),
(1, 'order_info', 'credit_number_mask', NULL),
(1, 'order_info', 'shipping_block', '0'),
(1, 'order_info', 'subcomponents_show_type', '0'),
(1, 'order_info', 'shipping_image', '1'),
(1, 'order_info', 'payment_control_type', '1'),
(1, 'order_info', 'payment_image', '1'),
(1, 'order_info', 'order_min_goods_cost', NULL),
(1, 'order_info', 'order_max_goods_cost', NULL),
(1, 'order_info', 'order_min_weight', NULL),
(1, 'order_info', 'order_max_weight', NULL),
(1, 'order_info', 'prevent_repurchase', '0'),
(1, 'order_info', 'repurchase_period', NULL),
(1, 'order_info', 'show_name', '0'),
(1, 'order_info', 'show_first_name', '1'),
(1, 'order_info', 'show_last_name', '0'),
(1, 'order_info', 'show_company_id', '0'),
(1, 'order_info', 'show_company_name', '0'),
(1, 'order_info', 'show_email', '1'),
(1, 'order_info', 'show_address1', '1'),
(1, 'order_info', 'show_address2', '0'),
(1, 'order_info', 'show_city', '0'),
(1, 'order_info', 'show_province', '0'),
(1, 'order_info', 'show_state_id', '0'),
(1, 'order_info', 'show_zip', '0'),
(1, 'order_info', 'show_country_id', '0'),
(1, 'order_info', 'show_phone', '0'),
(1, 'order_info', 'show_daytime_phone', '0'),
(1, 'order_info', 'show_evening_phone', '0'),
(1, 'order_info', 'show_cell_phone', '1'),
(1, 'order_info', 'show_fax', '0'),
(1, 'order_info', 'show_delivery_name', '0'),
(1, 'order_info', 'show_delivery_first_name', '1'),
(1, 'order_info', 'show_delivery_last_name', '0'),
(1, 'order_info', 'show_delivery_company_id', '0'),
(1, 'products', 'basket_item_tax', '0'),
(1, 'products', 'basket_item_price_incl_tax', '0'),
(1, 'products', 'basket_item_quantity', '1'),
(1, 'printable', 'invoice_copy_number', '0'),
(1, 'printable', 'invoice_page_number', '1'),
(1, 'printable', 'packing_logo', '../images/stan_logo.png'),
(1, 'printable', 'packing_image', '2'),
(1, 'printable', 'item_code_packing', '2'),
(1, 'printable', 'invoice_footer', NULL),
(1, 'printable', 'pdf_lib', '1'),
(1, 'printable', 'pdf_page_type', NULL),
(1, 'printable', 'invoice_logo', '../images/logo_stan.jpg'),
(1, 'order_info', 'user_sms_recipient', NULL),
(1, 'products', 'google_base_ftp_password', NULL),
(1, 'products', 'google_base_filename', NULL),
(1, 'products', 'user_super_image_width', '1024'),
(1, 'products', 'user_super_image_height', '768'),
(1, 'products', 'user_super_image_size', '196608'),
(1, 'products', 'user_resize_super_image', '0'),
(1, 'products', 'user_generate_super_image', '0'),
(1, 'products', 'watermark_image', NULL),
(1, 'products', 'watermark_image_pos', NULL),
(1, 'products', 'watermark_image_pct', NULL),
(1, 'products', 'watermark_is_transparent', '0'),
(1, 'products', 'watermark_text', NULL),
(1, 'products', 'watermark_text_pos', NULL),
(1, 'products', 'user_resize_large_image', '0'),
(1, 'products', 'user_generate_large_image', '0'),
(1, 'printable', 'packing_footer', 'Demo v.4.10RE\r\n'),
(1, 'products', 'meta_description_type', '1'),
(1, 'products', 'short_description_rank', NULL),
(1, 'products', 'short_description_index', '1'),
(1, 'products', 'manufacturer_code_type', '1'),
(1, 'products', 'user_large_image_size', '65536'),
(1, 'products', 'user_large_image_height', '300'),
(1, 'products', 'user_large_image_width', '300'),
(1, 'products', 'basket_item_tax_percent', '0'),
(1, 'products', 'option_negative_price_left', ')'),
(1, 'products', 'is_rss', '0'),
(1, 'products', 'basket_item_name', '1'),
(1, 'products', 'basket_item_price', '1'),
(1, 'products', 'new_product_x_days', NULL),
(1, 'products', 'tax_prices_type', '0'),
(1, 'products', 'tax_prices', '0'),
(1, 'products', 'tax_note', NULL),
(1, 'products', 'tax_note_excl', NULL),
(1, 'products', 'merchant_fee_type', NULL),
(1, 'products', 'merchant_fee_amount', NULL),
(1, 'products', 'affiliate_commission_type', NULL),
(1, 'products', 'affiliate_commission_amount', NULL),
(1, 'products', 'affiliate_commission_deduct', '0'),
(1, 'products', 'affiliate_cookie_expire', '90'),
(1, 'products', 'min_payment_amount', '100'),
(1, 'products', 'tell_friend_param', '1'),
(1, 'products', 'friend_cookie_expire', NULL),
(1, 'products', 'zero_price_type', '0'),
(1, 'products', 'zero_price_message', NULL),
(1, 'products', 'zero_product_action', '1'),
(1, 'products', 'zero_product_warn', NULL),
(1, 'products', 'components_list_style', NULL),
(1, 'products', 'price_matrix_list', '0'),
(1, 'products', 'price_matrix_details', '0'),
(1, 'products', 'item_code_list', '0'),
(1, 'products', 'item_code_table', '0'),
(1, 'products', 'item_code_grid', '0'),
(1, 'products', 'item_code_details', '1'),
(1, 'products', 'item_code_basket', '1'),
(1, 'products', 'item_code_checkout', '1'),
(1, 'products', 'item_code_invoice', '1'),
(1, 'products', 'item_code_reports', '0'),
(1, 'products', 'manufacturer_code_list', '1'),
(1, 'products', 'manufacturer_code_table', '1'),
(1, 'products', 'manufacturer_code_grid', '1'),
(1, 'products', 'manufacturer_code_details', '1'),
(1, 'products', 'manufacturer_code_basket', '1'),
(1, 'products', 'manufacturer_code_checkout', '1'),
(1, 'products', 'manufacturer_code_invoice', '1'),
(1, 'products', 'manufacturer_code_reports', '0'),
(1, 'products', 'stock_level_list', '0'),
(1, 'products', 'stock_level_table', '0'),
(1, 'products', 'stock_level_grid', '0'),
(1, 'products', 'stock_level_details', '0'),
(1, 'products', 'hide_add_list', '0'),
(1, 'products', 'hide_add_table', '0'),
(1, 'products', 'hide_add_grid', '0'),
(1, 'products', 'hide_add_details', '0'),
(1, 'products', 'hide_view_list', '0'),
(1, 'products', 'hide_view_table', '0'),
(1, 'products', 'hide_view_grid', '0'),
(1, 'products', 'hide_view_details', '0'),
(1, 'products', 'hide_checkout_list', '0'),
(1, 'products', 'hide_checkout_table', '0'),
(1, 'products', 'hide_checkout_grid', '0'),
(1, 'products', 'hide_checkout_details', '0'),
(1, 'products', 'hide_wishlist_list', '0'),
(1, 'products', 'hide_wishlist_table', '0'),
(1, 'products', 'hide_wishlist_grid', '0'),
(1, 'products', 'hide_wishlist_details', '0'),
(1, 'products', 'hide_shipping_details', '0'),
(1, 'products', 'hide_shipping_basket', '0'),
(1, 'products', 'hide_weight_details', '0'),
(1, 'products', 'option_positive_price_right', ' (+ '),
(1, 'products', 'option_positive_price_left', ')'),
(1, 'products', 'option_negative_price_right', ' (- '),
(1, 'printable', 'invoice_header', 'Demo v.4.10RE\r\n'),
(1, 'products', 'google_base_title', NULL),
(1, 'products', 'reward_credits_users', '0'),
(1, 'products', 'reward_credits_list', '0'),
(1, 'products', 'basket_item_price_total', '1'),
(1, 'products', 'basket_item_tax_total', '1'),
(1, 'products', 'basket_item_price_incl_tax_total', '1'),
(1, 'products', 'checkout_item_name', '1'),
(1, 'products', 'checkout_item_price', '1'),
(1, 'products', 'checkout_item_tax_percent', '0'),
(1, 'products', 'checkout_item_tax', '0'),
(1, 'products', 'checkout_item_price_incl_tax', '0'),
(1, 'products', 'checkout_item_quantity', '1'),
(1, 'products', 'checkout_item_price_total', '1'),
(1, 'products', 'checkout_item_tax_total', '1'),
(1, 'products', 'checkout_item_price_incl_tax_total', '1'),
(1, 'products', 'checkout_item_image', '1'),
(1, 'products', 'invoice_item_name', '1'),
(1, 'products', 'invoice_item_price', '0'),
(1, 'products', 'invoice_item_tax_percent', '0'),
(1, 'products', 'invoice_item_tax', '0'),
(1, 'products', 'invoice_item_price_incl_tax', '1'),
(1, 'products', 'invoice_item_quantity', '1'),
(1, 'products', 'invoice_item_price_total', '0'),
(1, 'products', 'invoice_item_tax_total', '0'),
(1, 'products', 'invoice_item_price_incl_tax_total', '1'),
(1, 'products', 'invoice_item_image', '1'),
(1, 'products', 'points_system', '0'),
(1, 'products', 'points_conversion_rate', NULL),
(1, 'products', 'points_decimals', NULL),
(1, 'products', 'points_price_list', '0'),
(1, 'products', 'points_price_details', '0'),
(1, 'products', 'points_price_basket', '0'),
(1, 'products', 'points_price_checkout', '0'),
(1, 'products', 'points_price_invoice', '0'),
(1, 'products', 'points_prices', NULL),
(1, 'products', 'points_shipping', NULL),
(1, 'products', 'points_orders_options', NULL),
(1, 'products', 'reward_type', NULL),
(1, 'products', 'reward_amount', NULL),
(1, 'products', 'reward_points_list', '0'),
(1, 'products', 'reward_points_details', '0'),
(1, 'products', 'reward_points_basket', '0'),
(1, 'products_tell_friend', 'default_comment', 'Здравствуйте {friend_name}! - Вас может заинтересоать это {item_name} на сайте {item_url}'),
(1, 'products', 'item_name_rank', NULL),
(1, 'products', 'item_name_index', '1'),
(1, 'products', 'google_base_encoding', 'UTF-8'),
(1, 'products', 'google_base_export_type', '0'),
(1, 'products', 'google_base_save_path', NULL),
(1, 'products', 'google_base_tax', '0'),
(1, 'products', 'google_base_days_expiry', NULL),
(1, 'products', 'google_base_country', '0'),
(1, 'products', 'google_base_show_stats', '0'),
(1, 'products', 'google_base_product_condition', 'new'),
(1, 'products', 'match_item_code', '0'),
(1, 'products', 'match_manufacturer_code', '0'),
(1, 'products', 'fast_checkout_country_show', '0'),
(1, 'products', 'fast_checkout_country_required', '0'),
(1, 'products', 'fast_checkout_state_show', '0'),
(1, 'products', 'fast_checkout_state_required', '0'),
(1, 'products', 'fast_checkout_postcode_show', '0'),
(1, 'products', 'fast_checkout_postcode_required', '0'),
(1, 'products', 'keywords_search', '1'),
(1, 'global', 'secure_user_tickets', '0'),
(1, 'products', 'meta_description_rank', NULL),
(1, 'printable', 'packing_header', 'Demo v.4.10RE\r\n'),
(1, 'printable', 'shipping_method_packing', '1'),
(1, 'printable', 'sw_orders_coupons_ps', '1'),
(1, 'products', 'full_description_rank', NULL),
(1, 'products', 'full_description_index', '0'),
(1, 'products', 'short_description_type', '1'),
(1, 'products_reviews', 'user_mail_cc', NULL),
(1, 'products_reviews', 'allowed_view', '1'),
(1, 'products_reviews', 'allowed_post', '1'),
(1, 'products_reviews', 'auto_approve', '0'),
(1, 'products_reviews', 'reviews_per_page', '10'),
(1, 'products_reviews', 'review_random_image', '1'),
(1, 'products_reviews', 'reviews_per_user', '1'),
(1, 'products_reviews', 'reviews_interval', '1'),
(1, 'products_reviews', 'reviews_period', '2'),
(1, 'products_reviews', 'show_recommended', '1'),
(1, 'products_reviews', 'recommended_required', '0'),
(1, 'products_reviews', 'recommended_order', '1'),
(1, 'products_reviews', 'show_rating', '1'),
(1, 'products_reviews', 'rating_required', '0'),
(1, 'products_reviews', 'rating_order', '2'),
(1, 'products_reviews', 'show_user_name', '1'),
(1, 'products_reviews', 'user_name_required', '1'),
(1, 'products_reviews', 'user_name_order', '3'),
(1, 'products_reviews', 'show_user_email', '1'),
(1, 'products_reviews', 'user_email_required', '1'),
(1, 'products_reviews', 'user_email_order', '4'),
(1, 'products_reviews', 'show_summary', '1'),
(1, 'products_reviews', 'summary_required', '1'),
(1, 'products_reviews', 'summary_order', '5'),
(1, 'products_reviews', 'show_comments', '1'),
(1, 'products_reviews', 'comments_required', '1'),
(1, 'products_reviews', 'comments_order', '6'),
(1, 'products_reviews', 'admin_notification', '0'),
(1, 'products_reviews', 'admin_email', NULL),
(1, 'products_reviews', 'admin_mail_from', NULL),
(1, 'products_reviews', 'admin_mail_cc', NULL),
(1, 'products_reviews', 'admin_mail_bcc', NULL),
(1, 'products_reviews', 'admin_mail_reply_to', NULL),
(1, 'products_reviews', 'admin_mail_return_path', NULL),
(1, 'products_tell_friend', 'user_message_type', '0'),
(1, 'products_tell_friend', 'user_message', '<p>\r\n	Вас могло бы заинтересовать {item_name} на сайте {item_url} {user_name} оставил для Вас сообщение: {user_comment}</p>\r\n'),
(1, 'products_tell_friend', 'user_subject', 'Вы были приглашены {user_name} посетить {site_url}!'),
(1, 'products_tell_friend', 'user_mail_return_path', NULL),
(1, 'products_tell_friend', 'user_mail_cc', NULL),
(1, 'products_tell_friend', 'user_mail_bcc', NULL),
(1, 'products_tell_friend', 'user_mail_reply_to', NULL),
(1, 'products_tell_friend', 'user_mail_from', NULL),
(1, 'search', 'manufacturer', '1'),
(1, 'search', 'price', '1'),
(1, 'search', 'search_for', '1'),
(1, 'search', 'search_in', '1'),
(1, 'search', 'search_in_category', '1'),
(1, 'search', 'weight', '1'),
(1, 'global', 'smtp_mail', '0'),
(1, 'global', 'smtp_host', NULL),
(1, 'global', 'php_in_custom_pages', '0'),
(1, 'global', 'tmp_dir', NULL),
(1, 'global', 'logo_image', 'images/ecos/ecos_logo.png'),
(1, 'global', 'logo_image_alt', NULL),
(1, 'global', 'logo_image_width', NULL),
(1, 'global', 'logo_image_height', NULL),
(1, 'global', 'user_image_upload', '0'),
(1, 'global', 'user_image_size', NULL),
(1, 'support', 'admin_notification', '1'),
(1, 'support', 'admin_email', NULL),
(1, 'support', 'admin_mail_from', NULL),
(1, 'support', 'cc_emails', NULL),
(1, 'support', 'admin_mail_bcc', NULL),
(1, 'support', 'admin_mail_reply_to', NULL),
(1, 'support', 'admin_mail_return_path', NULL),
(1, 'support', 'admin_subject', 'Запрос в Службу Поддержки:: {summary}'),
(1, 'support', 'admin_message_type', '0'),
(1, 'support', 'admin_message', 'Запрос:\r\n{description}\r\n\r\nОтвет:\r\n{message_text}\r\n\r\n{site_url}admin/admin_support_reply.php?support_id={support_id}'),
(1, 'support', 'user_mail_from', NULL),
(1, 'support', 'user_mail_cc', NULL),
(1, 'support', 'user_mail_bcc', NULL),
(1, 'support', 'user_mail_reply_to', NULL),
(1, 'support', 'user_mail_return_path', NULL),
(1, 'support', 'user_subject', 'Запрос в Службу Поддержки :: {summary}'),
(1, 'support', 'knowledge_category', NULL),
(1, 'support', 'knowledge_article_status', '1'),
(1, 'support', 'submit_tickets', '0'),
(1, 'support', 'use_random_image', '1'),
(1, 'user_contact_1', 'admin_email', NULL),
(1, 'user_contact_1', 'admin_mail_bcc', NULL),
(1, 'user_contact_1', 'admin_mail_from', NULL),
(1, 'user_contact_1', 'admin_mail_reply_to', NULL),
(1, 'user_contact_1', 'admin_mail_return_path', NULL),
(1, 'user_contact_1', 'admin_message', NULL),
(1, 'user_contact_1', 'admin_message_type', NULL),
(1, 'user_contact_1', 'admin_notification', '0'),
(1, 'user_contact_1', 'admin_subject', NULL),
(1, 'user_contact_1', 'cc_emails', NULL),
(1, 'user_contact_1', 'user_mail_bcc', NULL),
(1, 'user_contact_1', 'user_mail_cc', NULL),
(1, 'user_contact_1', 'user_mail_from', NULL),
(1, 'user_contact_1', 'user_mail_reply_to', NULL),
(1, 'user_contact_1', 'user_mail_return_path', NULL),
(1, 'user_contact_1', 'user_message', NULL),
(1, 'user_contact_1', 'user_message_type', NULL),
(1, 'user_contact_1', 'user_notification', '0'),
(1, 'user_contact_1', 'user_subject', NULL),
(1, 'user_contact_1', 'use_random_image', '0'),
(1, 'user_profile_1', 'user_reminder_sms_recipient', NULL),
(1, 'user_profile_1', 'admin_mail_reply_to', NULL),
(1, 'user_profile_1', 'admin_mail_return_path', NULL),
(1, 'user_profile_1', 'admin_subject', 'Новый пользователь зарегистрирован'),
(1, 'user_profile_1', 'admin_mail_bcc', NULL),
(1, 'user_profile_1', 'cc_emails', NULL),
(1, 'user_profile_1', 'paypal_account_order', NULL),
(1, 'user_profile_1', 'show_msn_account', '0'),
(1, 'user_profile_1', 'msn_account_required', '0'),
(1, 'user_profile_1', 'msn_account_order', NULL),
(1, 'user_profile_1', 'show_icq_number', '0'),
(1, 'user_profile_1', 'icq_number_required', '0'),
(1, 'user_profile_1', 'icq_number_order', NULL),
(1, 'user_profile_1', 'show_user_site_url', '0'),
(1, 'user_profile_1', 'user_site_url_required', '0'),
(1, 'user_profile_1', 'user_site_url_order', NULL),
(1, 'user_profile_1', 'show_short_description', '0'),
(1, 'user_profile_1', 'short_description_required', '0'),
(1, 'user_profile_1', 'short_description_editor', NULL),
(1, 'user_profile_1', 'short_description_order', NULL),
(1, 'user_profile_1', 'show_full_description', '0'),
(1, 'user_profile_1', 'full_description_required', '0'),
(1, 'user_profile_1', 'full_description_editor', NULL),
(1, 'user_profile_1', 'full_description_order', NULL),
(1, 'user_profile_1', 'show_is_hidden', '0'),
(1, 'user_profile_1', 'is_hidden_required', '0'),
(1, 'user_profile_1', 'is_hidden_order', NULL),
(1, 'user_profile_1', 'admin_notification', '0'),
(1, 'user_profile_1', 'admin_email', NULL),
(1, 'user_profile_1', 'delivery_address1_order', NULL),
(1, 'user_profile_1', 'delivery_address2_order', NULL),
(1, 'user_profile_1', 'delivery_city_order', NULL),
(1, 'user_profile_1', 'delivery_province_order', NULL),
(1, 'user_profile_1', 'delivery_state_id_order', NULL),
(1, 'user_profile_1', 'delivery_zip_order', NULL),
(1, 'user_profile_1', 'delivery_country_id_order', NULL),
(1, 'user_profile_1', 'delivery_phone_order', NULL),
(1, 'user_profile_1', 'delivery_daytime_phone_order', NULL),
(1, 'user_profile_1', 'delivery_evening_phone_order', NULL),
(1, 'user_profile_1', 'delivery_cell_phone_order', NULL),
(1, 'user_profile_1', 'delivery_fax_order', NULL),
(1, 'user_profile_1', 'show_birth_date', '0'),
(1, 'user_profile_1', 'birth_date_required', '0'),
(1, 'user_profile_1', 'birth_date_order', '0'),
(1, 'user_profile_1', 'show_personal_image', '0'),
(1, 'user_profile_1', 'personal_image_width', '150'),
(1, 'user_profile_1', 'personal_image_height', '150'),
(1, 'user_profile_1', 'personal_image_size', '32000'),
(1, 'user_profile_1', 'personal_image_resize', '0'),
(1, 'user_profile_1', 'subscribe_block', '0'),
(1, 'user_profile_1', 'show_friendly_url', '0'),
(1, 'user_profile_1', 'friendly_url_required', '0'),
(1, 'user_profile_1', 'friendly_url_order', NULL),
(1, 'user_profile_1', 'show_tax_id', '0'),
(1, 'user_profile_1', 'tax_id_required', '0'),
(1, 'user_profile_1', 'tax_id_order', NULL),
(1, 'user_profile_1', 'show_paypal_account', '0'),
(1, 'user_profile_1', 'paypal_account_required', '0'),
(1, 'user_profile_1', 'cell_phone_order', NULL),
(1, 'user_profile_1', 'fax_order', NULL),
(1, 'user_profile_1', 'delivery_name_required', '0'),
(1, 'user_profile_1', 'delivery_first_name_required', '1'),
(1, 'user_profile_1', 'delivery_last_name_required', '0'),
(1, 'user_profile_1', 'delivery_company_id_required', '0'),
(1, 'user_profile_1', 'delivery_company_name_required', '0'),
(1, 'user_profile_1', 'delivery_email_required', '0'),
(1, 'user_profile_1', 'delivery_address1_required', '1'),
(1, 'user_profile_1', 'delivery_address2_required', '0'),
(1, 'user_profile_1', 'delivery_city_required', '1'),
(1, 'user_profile_1', 'delivery_province_required', '0'),
(1, 'user_profile_1', 'delivery_state_id_required', '0'),
(1, 'user_profile_1', 'delivery_zip_required', '0'),
(1, 'user_profile_1', 'delivery_country_id_required', '0'),
(1, 'user_profile_1', 'delivery_phone_required', '0'),
(1, 'user_profile_1', 'delivery_daytime_phone_required', '0'),
(1, 'user_profile_1', 'delivery_evening_phone_required', '0'),
(1, 'user_profile_1', 'delivery_cell_phone_required', '1'),
(1, 'user_profile_1', 'delivery_fax_required', '0'),
(1, 'user_profile_1', 'delivery_name_order', NULL),
(1, 'user_profile_1', 'delivery_first_name_order', NULL),
(1, 'user_profile_1', 'delivery_last_name_order', NULL),
(1, 'user_profile_1', 'delivery_company_id_order', NULL),
(1, 'user_profile_1', 'delivery_company_name_order', NULL),
(1, 'user_profile_1', 'delivery_email_order', NULL),
(1, 'user_profile_1', 'show_address1', '1'),
(1, 'user_profile_1', 'show_address2', '0'),
(1, 'user_profile_1', 'show_city', '1'),
(1, 'user_profile_1', 'show_province', '0'),
(1, 'user_profile_1', 'show_state_id', '0'),
(1, 'user_profile_1', 'show_zip', '0'),
(1, 'user_profile_1', 'show_country_id', '0'),
(1, 'user_profile_1', 'show_phone', '0'),
(1, 'user_profile_1', 'show_daytime_phone', '0'),
(1, 'user_profile_1', 'show_evening_phone', '0'),
(1, 'user_profile_1', 'show_cell_phone', '1'),
(1, 'user_profile_1', 'show_fax', '0'),
(1, 'user_profile_1', 'show_delivery_name', '0'),
(1, 'user_profile_1', 'show_delivery_first_name', '1'),
(1, 'user_profile_1', 'show_delivery_last_name', '0'),
(1, 'user_profile_1', 'show_delivery_company_id', '0'),
(1, 'user_profile_1', 'show_delivery_company_name', '0'),
(1, 'user_profile_1', 'show_delivery_email', '1'),
(1, 'user_profile_1', 'show_delivery_address1', '1'),
(1, 'user_profile_1', 'show_delivery_address2', '0'),
(1, 'user_profile_1', 'show_delivery_city', '1'),
(1, 'user_profile_1', 'show_delivery_province', '0'),
(1, 'user_profile_1', 'show_delivery_state_id', '0'),
(1, 'user_profile_1', 'show_delivery_zip', '0'),
(1, 'user_profile_1', 'show_delivery_country_id', '0'),
(1, 'user_profile_1', 'show_delivery_phone', '0'),
(1, 'user_profile_1', 'show_delivery_daytime_phone', '0'),
(1, 'user_profile_1', 'show_delivery_evening_phone', '0'),
(1, 'user_profile_1', 'show_delivery_cell_phone', '1'),
(1, 'user_profile_1', 'show_delivery_fax', '0'),
(1, 'user_profile_1', 'name_required', '0'),
(1, 'user_profile_1', 'first_name_required', '1'),
(1, 'user_profile_1', 'last_name_required', '0'),
(1, 'user_profile_1', 'company_id_required', '0'),
(1, 'user_profile_1', 'company_name_required', '0'),
(1, 'user_profile_1', 'email_required', '1'),
(1, 'user_profile_1', 'address1_required', '1'),
(1, 'user_profile_1', 'address2_required', '0'),
(1, 'user_profile_1', 'city_required', '1'),
(1, 'user_profile_1', 'province_required', '0'),
(1, 'user_profile_1', 'state_id_required', '0'),
(1, 'user_profile_1', 'zip_required', '0'),
(1, 'user_profile_1', 'country_id_required', '0'),
(1, 'user_profile_1', 'phone_required', '0'),
(1, 'user_profile_1', 'daytime_phone_required', '0'),
(1, 'user_profile_1', 'evening_phone_required', '0'),
(1, 'user_profile_1', 'cell_phone_required', '1'),
(1, 'user_profile_1', 'fax_required', '0'),
(1, 'user_profile_1', 'name_order', NULL),
(1, 'user_profile_1', 'first_name_order', NULL),
(1, 'user_profile_1', 'last_name_order', NULL),
(1, 'user_profile_1', 'company_id_order', NULL),
(1, 'user_profile_1', 'company_name_order', NULL),
(1, 'user_profile_1', 'email_order', NULL),
(1, 'user_profile_1', 'address1_order', NULL),
(1, 'user_profile_1', 'address2_order', NULL),
(1, 'user_profile_1', 'city_order', NULL),
(1, 'user_profile_1', 'province_order', NULL),
(1, 'user_profile_1', 'state_id_order', NULL),
(1, 'user_profile_1', 'zip_order', NULL),
(1, 'user_profile_1', 'country_id_order', NULL),
(1, 'user_profile_1', 'phone_order', NULL),
(1, 'user_profile_1', 'daytime_phone_order', NULL),
(1, 'user_profile_1', 'evening_phone_order', NULL),
(1, 'user_profile_1', 'use_random_image', '1'),
(1, 'user_profile_1', 'intro_text_new', NULL),
(1, 'user_profile_1', 'registration_redirect', NULL),
(1, 'user_profile_1', 'intro_text_registered', NULL),
(1, 'user_profile_1', 'update_redirect', NULL),
(1, 'user_profile_1', 'login_field_type', '1'),
(1, 'user_profile_1', 'show_nickname', '0'),
(1, 'user_profile_1', 'nickname_required', '0'),
(1, 'user_profile_1', 'show_name', '0'),
(1, 'user_profile_1', 'show_first_name', '1'),
(1, 'user_profile_1', 'show_last_name', '0'),
(1, 'user_profile_1', 'show_company_id', '0'),
(1, 'user_profile_1', 'show_company_name', '0'),
(1, 'user_profile_1', 'show_email', '1'),
(1, 'version', 'installed', '1357725166'),
(1, 'version', 'number', '4.1RE'),
(1, 'version', 'type', 'enterprise'),
(1, 'version', 'version', 'shop'),
(1, 'user_profile_1', 'user_reminder_sms_originator', NULL),
(1, 'global', 'show_preview_image_admin', '0'),
(1, 'vi_requisites', 'blank_113en_generate', '1'),
(1, 'products', 'meta_keywords_rank', NULL),
(1, 'global', 'smtp_port', NULL),
(1, 'global', 'smtp_timeout', NULL),
(1, 'global', 'min_rating', '4'),
(1, 'global', 'min_votes', '1'),
(1, 'global', 'html_below_footer', NULL),
(1, 'global', 'user_image_height', NULL),
(1, 'global', 'html_editor_manuals', '2'),
(1, 'global', 'html_editor_email', '1'),
(1, 'global', 'html_editor_custom_blocks', '2'),
(1, 'global', 'html_editor_articles', '2'),
(1, 'products', 'item_code_type', '1'),
(1, 'products', 'item_name_type', '1'),
(1, 'products', 'item_code_index', '0'),
(1, 'products', 'item_code_rank', NULL),
(1, 'global', 'ssl_admin_helpdesk', '0'),
(1, 'products', 'meta_title_type', '1'),
(1, 'products', 'features_rank', NULL),
(1, 'products', 'features_type', '1'),
(1, 'products', 'special_offer_index', '0'),
(1, 'products', 'special_offer_rank', NULL),
(1, 'products', 'special_offer_type', '1'),
(1, 'printable', 'sc_properties_packing', '1'),
(1, 'products', 'user_resize_small_image', '0'),
(1, 'products', 'user_small_image_height', '100'),
(1, 'products', 'user_small_image_size', '16384'),
(1, 'products', 'watermark_super_image', '0'),
(1, 'products', 'watermark_text_angle', NULL),
(1, 'products', 'watermark_text_pct', NULL),
(1, 'products', 'watermark_tiny_image', '0'),
(1, 'products', 'watermark_small_image', '0'),
(1, 'products', 'watermark_big_image', '0'),
(1, 'products', 'watermark_text_size', NULL),
(1, 'products', 'watermark_text_color', NULL),
(1, 'products', 'reward_credits_details', '0'),
(1, 'products', 'reward_credits_basket', '0'),
(1, 'products', 'reward_credits_checkout', '0'),
(1, 'products', 'reward_credits_invoice', '0'),
(1, 'products', 'points_for_points', '0'),
(1, 'products', 'credits_for_points', '0'),
(1, 'products', 'credit_system', '0'),
(1, 'products', 'product_no_image_large', NULL),
(1, 'products', 'product_no_image', 'images/no_image.gif'),
(1, 'products', 'product_no_image_tiny', 'images/no_image_tiny.gif'),
(1, 'products', 'open_large_image', '1'),
(1, 'products', 'jpeg_quality', '100'),
(1, 'products', 'resize_tiny_image', '1'),
(1, 'products', 'resize_small_image', '1'),
(1, 'products', 'resize_big_image', '1'),
(1, 'products', 'resize_super_image', '1'),
(1, 'products', 'show_preview_image', '0'),
(1, 'products', 'tiny_image_max_width', '40'),
(1, 'products', 'tiny_image_max_height', '40'),
(1, 'products', 'small_image_max_width', '100'),
(1, 'products', 'small_image_max_height', '100'),
(1, 'products', 'big_image_max_width', '300'),
(1, 'products', 'big_image_max_height', '300'),
(1, 'products', 'super_image_max_width', '1024'),
(1, 'products', 'super_image_max_height', '768');
INSERT INTO `va_global_settings` (`site_id`, `setting_type`, `setting_name`, `setting_value`) VALUES
(1, 'products', 'user_tiny_image_width', '40'),
(1, 'products', 'user_tiny_image_height', '40'),
(1, 'products', 'user_tiny_image_size', '4096'),
(1, 'products', 'new_product_range', '0'),
(1, 'products', 'new_product_from_date', NULL),
(1, 'products', 'new_product_order', '0'),
(1, 'ads_tell_friend', 'default_comment', 'Здравствуйте {friend_name}! - Возможно Вас заинтересует {item_title} на сайте {item_url}'),
(1, 'products', 'meta_description_index', '0'),
(1, 'products', 'notes_index', '0'),
(1, 'products', 'notes_type', '1'),
(1, 'products', 'meta_title_index', '0'),
(1, 'products', 'notes_rank', NULL),
(1, 'products', 'features_index', '0'),
(1, 'products', 'full_description_type', '1'),
(1, 'products', 'user_resize_tiny_image', '0'),
(1, 'products', 'user_generate_tiny_image', '0'),
(1, 'products', 'user_small_image_width', '100'),
(1, 'products', 'quantity_control_list', 'Выпадающий список'),
(1, 'products', 'quantity_control_table', 'нет'),
(1, 'products', 'quantity_control_grid', 'нет'),
(1, 'products', 'quantity_control_details', 'Выпадающий список'),
(1, 'products', 'quantity_control_basket', 'Выпадающий список'),
(1, 'products', 'confirm_add', '0'),
(1, 'products', 'redirect_to_cart', '3'),
(1, 'products', 'coupons_enable', '1'),
(1, 'products', 'user_registration', '0'),
(1, 'products', 'subscription_page', '0'),
(1, 'products', 'display_products', '0'),
(1, 'products', 'logout_cart_clear', '1'),
(1, 'products', 'orders_currency', '1'),
(1, 'products', 'php_in_products_short_desc', '0'),
(1, 'products', 'php_in_products_full_desc', '0'),
(1, 'products', 'php_in_products_features', '0'),
(1, 'products', 'php_in_products_hot_desc', '0'),
(1, 'products', 'php_in_products_notes', '0'),
(1, 'products', 'php_in_products_download_terms', '0'),
(1, 'products', 'new_product_enable', '0'),
(1, 'global', 'secure_user_profile', '0'),
(1, 'credit_card_info_97', 'admin_email', NULL),
(1, 'credit_card_info_97', 'admin_mail_bcc', NULL),
(1, 'credit_card_info_97', 'admin_mail_from', NULL),
(1, 'credit_card_info_97', 'admin_mail_reply_to', NULL),
(1, 'credit_card_info_97', 'admin_mail_return_path', NULL),
(1, 'credit_card_info_97', 'admin_message', NULL),
(1, 'credit_card_info_97', 'admin_message_type', '0'),
(1, 'credit_card_info_97', 'admin_notification', '0'),
(1, 'credit_card_info_97', 'admin_notification_pgp', '0'),
(1, 'credit_card_info_97', 'admin_sms_message', NULL),
(1, 'credit_card_info_97', 'admin_sms_notification', '0'),
(1, 'credit_card_info_97', 'admin_sms_originator', NULL),
(1, 'credit_card_info_97', 'admin_sms_recipient', NULL),
(1, 'credit_card_info_97', 'admin_subject', NULL),
(1, 'credit_card_info_97', 'call_center_cc_expiry_date_required', '0'),
(1, 'credit_card_info_97', 'call_center_cc_first_name_required', '0'),
(1, 'credit_card_info_97', 'call_center_cc_issue_number_required', '0'),
(1, 'credit_card_info_97', 'call_center_cc_last_name_required', '0'),
(1, 'credit_card_info_97', 'call_center_cc_name_required', '0'),
(1, 'credit_card_info_97', 'call_center_cc_number_required', '0'),
(1, 'credit_card_info_97', 'call_center_cc_security_code_required', '0'),
(1, 'credit_card_info_97', 'call_center_cc_start_date_required', '0'),
(1, 'credit_card_info_97', 'call_center_cc_type_required', '0'),
(1, 'credit_card_info_97', 'call_center_pay_without_cc_required', '0'),
(1, 'credit_card_info_97', 'call_center_show_cc_expiry_date', '0'),
(1, 'credit_card_info_97', 'call_center_show_cc_first_name', '0'),
(1, 'credit_card_info_97', 'call_center_show_cc_issue_number', '0'),
(1, 'credit_card_info_97', 'call_center_show_cc_last_name', '0'),
(1, 'credit_card_info_97', 'call_center_show_cc_name', '0'),
(1, 'credit_card_info_97', 'call_center_show_cc_number', '0'),
(1, 'credit_card_info_97', 'call_center_show_cc_security_code', '0'),
(1, 'credit_card_info_97', 'call_center_show_cc_start_date', '0'),
(1, 'credit_card_info_97', 'call_center_show_cc_type', '0'),
(1, 'credit_card_info_97', 'call_center_show_pay_without_cc', '0'),
(1, 'credit_card_info_97', 'cc_allowed', NULL),
(1, 'credit_card_info_97', 'cc_code_security', NULL),
(1, 'credit_card_info_97', 'cc_emails', NULL),
(1, 'credit_card_info_97', 'cc_expiry_date_required', '0'),
(1, 'credit_card_info_97', 'cc_first_name_required', '0'),
(1, 'credit_card_info_97', 'cc_forbidden', NULL),
(1, 'credit_card_info_97', 'cc_issue_number_required', '0'),
(1, 'credit_card_info_97', 'cc_last_name_required', '0'),
(1, 'credit_card_info_97', 'cc_name_required', '0'),
(1, 'credit_card_info_97', 'cc_number_required', '0'),
(1, 'credit_card_info_97', 'cc_number_security', NULL),
(1, 'credit_card_info_97', 'cc_number_split', '0'),
(1, 'credit_card_info_97', 'cc_security_code_required', '0'),
(1, 'credit_card_info_97', 'cc_start_date_required', '0'),
(1, 'credit_card_info_97', 'cc_type_required', '0'),
(1, 'credit_card_info_97', 'intro_text', NULL),
(1, 'credit_card_info_97', 'pay_without_cc_required', '0'),
(1, 'credit_card_info_97', 'show_cc_expiry_date', '0'),
(1, 'credit_card_info_97', 'show_cc_first_name', '0'),
(1, 'credit_card_info_97', 'show_cc_issue_number', '0'),
(1, 'credit_card_info_97', 'show_cc_last_name', '0'),
(1, 'credit_card_info_97', 'show_cc_name', '0'),
(1, 'credit_card_info_97', 'show_cc_number', '0'),
(1, 'credit_card_info_97', 'show_cc_security_code', '0'),
(1, 'credit_card_info_97', 'show_cc_start_date', '0'),
(1, 'credit_card_info_97', 'show_cc_type', '0'),
(1, 'credit_card_info_97', 'show_pay_without_cc', '0'),
(1, 'order_final_97', 'user_message_type', '0'),
(1, 'order_final_97', 'user_subject', NULL),
(1, 'order_final_97', 'user_mail_pdf_invoice', '0'),
(1, 'order_final_97', 'user_mail_return_path', NULL),
(1, 'order_final_97', 'user_mail_reply_to', NULL),
(1, 'order_final_97', 'user_mail_bcc', NULL),
(1, 'order_final_97', 'user_mail_cc', NULL),
(1, 'order_final_97', 'user_mail_from', NULL),
(1, 'order_final_97', 'user_failure_notify', '0'),
(1, 'order_final_97', 'user_pending_notify', '0'),
(1, 'order_final_97', 'user_notification', '0'),
(1, 'order_final_97', 'product_individual_notification', '0'),
(1, 'order_final_97', 'admin_message', NULL),
(1, 'order_final_97', 'admin_message_type', '0'),
(1, 'order_final_97', 'admin_subject', NULL),
(1, 'order_final_97', 'admin_mail_pdf_invoice', '0'),
(1, 'order_final_97', 'admin_mail_return_path', NULL),
(1, 'order_final_97', 'admin_mail_reply_to', NULL),
(1, 'order_final_97', 'admin_mail_bcc', NULL),
(1, 'order_final_97', 'cc_emails', NULL),
(1, 'order_final_97', 'admin_mail_from', NULL),
(1, 'order_final_97', 'admin_email', NULL),
(1, 'order_final_97', 'admin_failure_notify', '0'),
(1, 'order_final_97', 'admin_pending_notify', '0'),
(1, 'order_final_97', 'admin_notification_pgp', '0'),
(1, 'order_final_97', 'admin_notification', '0'),
(1, 'order_final_97', 'failure_message', NULL),
(1, 'order_final_97', 'pending_message', NULL),
(1, 'order_final_97', 'success_message', NULL),
(1, 'order_final_97', 'failure_status_id', NULL),
(1, 'order_final_97', 'pending_status_id', '6'),
(1, 'order_final_97', 'success_status_id', '4'),
(1, 'order_final_97', 'validation_php_lib', NULL),
(1, 'order_final_97', 'is_validation', '0'),
(1, 'order_final_97', 'user_message', NULL),
(1, 'order_final_97', 'admin_sms_success', '0'),
(1, 'order_final_97', 'admin_sms_pending', '0'),
(1, 'order_final_97', 'admin_sms_failure', '0'),
(1, 'order_final_97', 'admin_sms_recipient', NULL),
(1, 'order_final_97', 'admin_sms_originator', NULL),
(1, 'order_final_97', 'admin_sms_message', NULL),
(1, 'order_final_97', 'user_sms_success', '0'),
(1, 'order_final_97', 'user_sms_pending', '0'),
(1, 'order_final_97', 'user_sms_failure', '0'),
(1, 'order_final_97', 'user_sms_recipient', NULL),
(1, 'order_final_97', 'user_sms_originator', NULL),
(1, 'order_final_97', 'user_sms_message', NULL),
(1, 'credit_card_info_99', 'admin_email', NULL),
(1, 'credit_card_info_99', 'admin_mail_bcc', NULL),
(1, 'credit_card_info_99', 'admin_mail_from', NULL),
(1, 'credit_card_info_99', 'admin_mail_reply_to', NULL),
(1, 'credit_card_info_99', 'admin_mail_return_path', NULL),
(1, 'credit_card_info_99', 'admin_message', NULL),
(1, 'credit_card_info_99', 'admin_message_type', NULL),
(1, 'credit_card_info_99', 'admin_notification', '0'),
(1, 'credit_card_info_99', 'admin_notification_pgp', '0'),
(1, 'credit_card_info_99', 'admin_sms_message', NULL),
(1, 'credit_card_info_99', 'admin_sms_notification', '0'),
(1, 'credit_card_info_99', 'admin_sms_originator', NULL),
(1, 'credit_card_info_99', 'admin_sms_recipient', NULL),
(1, 'credit_card_info_99', 'admin_subject', NULL),
(1, 'credit_card_info_99', 'call_center_cc_expiry_date_required', '0'),
(1, 'credit_card_info_99', 'call_center_cc_first_name_required', '0'),
(1, 'credit_card_info_99', 'call_center_cc_issue_number_required', '0'),
(1, 'credit_card_info_99', 'call_center_cc_last_name_required', '0'),
(1, 'credit_card_info_99', 'call_center_cc_name_required', '0'),
(1, 'credit_card_info_99', 'call_center_cc_number_required', '0'),
(1, 'credit_card_info_99', 'call_center_cc_security_code_required', '0'),
(1, 'credit_card_info_99', 'call_center_cc_start_date_required', '0'),
(1, 'credit_card_info_99', 'call_center_cc_type_required', '0'),
(1, 'credit_card_info_99', 'call_center_pay_without_cc_required', '0'),
(1, 'credit_card_info_99', 'call_center_show_cc_expiry_date', '0'),
(1, 'credit_card_info_99', 'call_center_show_cc_first_name', '0'),
(1, 'credit_card_info_99', 'call_center_show_cc_issue_number', '0'),
(1, 'credit_card_info_99', 'call_center_show_cc_last_name', '0'),
(1, 'credit_card_info_99', 'call_center_show_cc_name', '0'),
(1, 'credit_card_info_99', 'call_center_show_cc_number', '0'),
(1, 'credit_card_info_99', 'call_center_show_cc_security_code', '0'),
(1, 'credit_card_info_99', 'call_center_show_cc_start_date', '0'),
(1, 'credit_card_info_99', 'call_center_show_cc_type', '0'),
(1, 'credit_card_info_99', 'call_center_show_pay_without_cc', '0'),
(1, 'credit_card_info_99', 'cc_allowed', NULL),
(1, 'credit_card_info_99', 'cc_code_security', NULL),
(1, 'credit_card_info_99', 'cc_emails', NULL),
(1, 'credit_card_info_99', 'cc_expiry_date_required', '0'),
(1, 'credit_card_info_99', 'cc_first_name_required', '0'),
(1, 'credit_card_info_99', 'cc_forbidden', NULL),
(1, 'credit_card_info_99', 'cc_issue_number_required', '0'),
(1, 'credit_card_info_99', 'cc_last_name_required', '0'),
(1, 'credit_card_info_99', 'cc_name_required', '0'),
(1, 'credit_card_info_99', 'cc_number_required', '0'),
(1, 'credit_card_info_99', 'cc_number_security', NULL),
(1, 'credit_card_info_99', 'cc_number_split', '0'),
(1, 'credit_card_info_99', 'cc_security_code_required', '0'),
(1, 'credit_card_info_99', 'cc_start_date_required', '0'),
(1, 'credit_card_info_99', 'cc_type_required', '0'),
(1, 'credit_card_info_99', 'intro_text', NULL),
(1, 'credit_card_info_99', 'pay_without_cc_required', '0'),
(1, 'credit_card_info_99', 'show_cc_expiry_date', '0'),
(1, 'credit_card_info_99', 'show_cc_first_name', '0'),
(1, 'credit_card_info_99', 'show_cc_issue_number', '0'),
(1, 'credit_card_info_99', 'show_cc_last_name', '0'),
(1, 'credit_card_info_99', 'show_cc_name', '0'),
(1, 'credit_card_info_99', 'show_cc_number', '0'),
(1, 'credit_card_info_99', 'show_cc_security_code', '0'),
(1, 'credit_card_info_99', 'show_cc_start_date', '0'),
(1, 'credit_card_info_99', 'show_cc_type', '0'),
(1, 'credit_card_info_99', 'show_pay_without_cc', '0'),
(1, 'order_final_99', 'user_message_type', NULL),
(1, 'order_final_99', 'user_subject', NULL),
(1, 'order_final_99', 'user_mail_pdf_invoice', '0'),
(1, 'order_final_99', 'user_mail_return_path', NULL),
(1, 'order_final_99', 'user_mail_reply_to', NULL),
(1, 'order_final_99', 'user_mail_bcc', NULL),
(1, 'order_final_99', 'user_mail_cc', NULL),
(1, 'order_final_99', 'user_mail_from', NULL),
(1, 'order_final_99', 'user_failure_notify', '0'),
(1, 'order_final_99', 'user_pending_notify', '0'),
(1, 'order_final_99', 'user_notification', '0'),
(1, 'order_final_99', 'product_individual_notification', '0'),
(1, 'order_final_99', 'admin_message', NULL),
(1, 'order_final_99', 'admin_message_type', NULL),
(1, 'order_final_99', 'admin_subject', NULL),
(1, 'order_final_99', 'admin_mail_pdf_invoice', '0'),
(1, 'order_final_99', 'admin_mail_return_path', NULL),
(1, 'order_final_99', 'admin_mail_reply_to', NULL),
(1, 'order_final_99', 'admin_mail_bcc', NULL),
(1, 'order_final_99', 'cc_emails', NULL),
(1, 'order_final_99', 'admin_mail_from', NULL),
(1, 'order_final_99', 'admin_email', NULL),
(1, 'order_final_99', 'admin_failure_notify', '0'),
(1, 'order_final_99', 'admin_pending_notify', '0'),
(1, 'order_final_99', 'admin_notification_pgp', '0'),
(1, 'order_final_99', 'admin_notification', '0'),
(1, 'order_final_99', 'failure_message', NULL),
(1, 'order_final_99', 'pending_message', NULL),
(1, 'order_final_99', 'success_message', NULL),
(1, 'order_final_99', 'failure_status_id', NULL),
(1, 'order_final_99', 'pending_status_id', '6'),
(1, 'order_final_99', 'success_status_id', '4'),
(1, 'order_final_99', 'validation_php_lib', NULL),
(1, 'order_final_99', 'is_validation', '0'),
(1, 'order_final_99', 'user_message', NULL),
(1, 'order_final_99', 'admin_sms_success', '0'),
(1, 'order_final_99', 'admin_sms_pending', '0'),
(1, 'order_final_99', 'admin_sms_failure', '0'),
(1, 'order_final_99', 'admin_sms_recipient', NULL),
(1, 'order_final_99', 'admin_sms_originator', NULL),
(1, 'order_final_99', 'admin_sms_message', NULL),
(1, 'order_final_99', 'user_sms_success', '0'),
(1, 'order_final_99', 'user_sms_pending', '0'),
(1, 'order_final_99', 'user_sms_failure', '0'),
(1, 'order_final_99', 'user_sms_recipient', NULL),
(1, 'order_final_99', 'user_sms_originator', NULL),
(1, 'order_final_99', 'user_sms_message', NULL),
(1, 'order_final_100', 'is_validation', '0'),
(1, 'order_final_100', 'validation_php_lib', NULL),
(1, 'order_final_100', 'success_status_id', '4'),
(1, 'order_final_100', 'pending_status_id', '6'),
(1, 'order_final_100', 'failure_status_id', NULL),
(1, 'order_final_100', 'success_message', NULL),
(1, 'order_final_100', 'pending_message', NULL),
(1, 'order_final_100', 'failure_message', NULL),
(1, 'order_final_100', 'admin_notification', '0'),
(1, 'order_final_100', 'admin_notification_pgp', '0'),
(1, 'order_final_100', 'admin_pending_notify', '0'),
(1, 'order_final_100', 'admin_failure_notify', '0'),
(1, 'order_final_100', 'admin_email', NULL),
(1, 'order_final_100', 'admin_mail_from', NULL),
(1, 'order_final_100', 'cc_emails', NULL),
(1, 'order_final_100', 'admin_mail_bcc', NULL),
(1, 'order_final_100', 'admin_mail_reply_to', NULL),
(1, 'order_final_100', 'admin_mail_return_path', NULL),
(1, 'order_final_100', 'admin_mail_pdf_invoice', '0'),
(1, 'order_final_100', 'admin_subject', NULL),
(1, 'order_final_100', 'admin_message_type', NULL),
(1, 'order_final_100', 'admin_message', NULL),
(1, 'order_final_100', 'product_individual_notification', '0'),
(1, 'order_final_100', 'user_notification', '0'),
(1, 'order_final_100', 'user_pending_notify', '0'),
(1, 'order_final_100', 'user_failure_notify', '0'),
(1, 'order_final_100', 'user_mail_from', NULL),
(1, 'order_final_100', 'user_mail_cc', NULL),
(1, 'order_final_100', 'user_mail_bcc', NULL),
(1, 'order_final_100', 'user_mail_reply_to', NULL),
(1, 'order_final_100', 'user_mail_return_path', NULL),
(1, 'order_final_100', 'user_mail_pdf_invoice', '0'),
(1, 'order_final_100', 'user_subject', NULL),
(1, 'order_final_100', 'user_message_type', NULL),
(1, 'order_final_100', 'user_message', NULL),
(1, 'order_final_100', 'admin_sms_success', '0'),
(1, 'order_final_100', 'admin_sms_pending', '0'),
(1, 'order_final_100', 'admin_sms_failure', '0'),
(1, 'order_final_100', 'admin_sms_recipient', NULL),
(1, 'order_final_100', 'admin_sms_originator', NULL),
(1, 'order_final_100', 'admin_sms_message', NULL),
(1, 'order_final_100', 'user_sms_success', '0'),
(1, 'order_final_100', 'user_sms_pending', '0'),
(1, 'order_final_100', 'user_sms_failure', '0'),
(1, 'order_final_100', 'user_sms_recipient', NULL),
(1, 'order_final_100', 'user_sms_originator', NULL),
(1, 'order_final_100', 'user_sms_message', NULL),
(1, 'credit_card_info_107', 'show_cc_name', '0'),
(1, 'products', 'reward_points_checkout', '0'),
(1, 'products', 'reward_points_invoice', '0'),
(1, 'global', 'secure_admin_login', '0'),
(1, 'global', 'user_image_width', NULL),
(1, 'sms_bytehand', 'sms_id', ''),
(1, 'sms_bytehand', 'sms_key', ''),
(1, 'sms_bytehand', 'sms_signature', 'SMS-INFO'),
(1, 'order_info', 'predefined_mail_subject', NULL),
(1, 'order_info', 'predefined_mail_type', NULL),
(1, 'order_final_94', 'user_sms_pending', '0'),
(1, 'order_final_94', 'user_sms_failure', '0'),
(1, 'order_final_94', 'user_sms_recipient', NULL),
(1, 'order_final_94', 'user_sms_originator', NULL),
(1, 'order_final_94', 'user_sms_message', NULL),
(1, 'user_product_2', 'admin_message', NULL),
(1, 'user_product_2', 'user_notification', '0'),
(1, 'user_product_2', 'user_mail_from', NULL),
(1, 'user_product_2', 'show_option_on_checkout', '0'),
(1, 'user_product_2', 'show_item_order', '1'),
(1, 'user_product_2', 'item_order_required', '0'),
(1, 'user_product_2', 'show_item_code', '1'),
(1, 'user_product_2', 'item_code_required', '0'),
(1, 'user_product_2', 'show_friendly_url', '1'),
(1, 'user_product_2', 'friendly_url_required', '0'),
(1, 'user_product_2', 'show_manufacturer_id', '1'),
(1, 'user_product_2', 'manufacturer_id_required', '0'),
(1, 'user_product_2', 'show_manufacturer_code', '1'),
(1, 'user_product_2', 'manufacturer_code_required', '0'),
(1, 'user_product_2', 'show_weight', '1'),
(1, 'user_product_2', 'weight_required', '0'),
(1, 'user_product_2', 'show_issue_date', '1'),
(1, 'user_product_2', 'issue_date_required', '0'),
(1, 'user_product_2', 'show_is_compared', '1'),
(1, 'user_product_2', 'is_compared_required', '0'),
(1, 'user_product_2', 'show_tax_free', '1'),
(1, 'user_product_2', 'tax_free_required', '0'),
(1, 'user_product_2', 'show_language_code', '1'),
(1, 'user_product_2', 'language_code_required', '0'),
(1, 'user_product_2', 'show_is_price_edit', '1'),
(1, 'user_product_2', 'is_price_edit_required', '0'),
(1, 'user_product_2', 'show_price', '1'),
(1, 'user_product_2', 'price_required', '0'),
(1, 'user_product_2', 'show_trade_price', '1'),
(1, 'user_product_2', 'trade_price_required', '0'),
(1, 'user_product_2', 'show_is_sales', '1'),
(1, 'user_product_2', 'is_sales_required', '0'),
(1, 'user_product_2', 'show_buying_price', '1'),
(1, 'user_product_2', 'buying_price_required', '0'),
(1, 'user_product_2', 'show_properties_price', '1'),
(1, 'user_product_2', 'properties_price_required', '0'),
(1, 'user_product_2', 'show_trade_properties_price', '1'),
(1, 'user_product_2', 'trade_properties_price_required', '0'),
(1, 'user_product_2', 'show_sales_price', '1'),
(1, 'user_product_2', 'sales_price_required', '0'),
(1, 'user_product_2', 'show_trade_sales', '1'),
(1, 'user_product_2', 'trade_sales_required', '0'),
(1, 'user_product_2', 'show_discount_percent', '1'),
(1, 'user_product_2', 'discount_percent_required', '0'),
(1, 'user_product_2', 'show_features', '1'),
(1, 'user_product_2', 'products_limit', NULL),
(1, 'user_product_2', 'categories_number', NULL),
(1, 'user_product_2', 'can_select_folder', '0'),
(1, 'user_product_2', 'uploads_subfolder', NULL),
(1, 'user_product_2', 'min_price_limit', NULL),
(1, 'user_product_2', 'max_price_limit', NULL),
(1, 'user_product_2', 'activate_products', '0'),
(1, 'user_product_2', 'deactivate_products', '0'),
(1, 'user_product_2', 'show_terms', '0'),
(1, 'user_product_2', 'terms_text', NULL),
(1, 'user_product_2', 'show_is_showing', '1'),
(1, 'user_product_2', 'is_showing_required', '0'),
(1, 'order_info', 'predefined_mail_bcc', NULL),
(1, 'order_info', 'predefined_mail_cc', NULL),
(1, 'download_info', 'vouchers_message_type', '0'),
(1, 'download_info', 'vouchers_message', '<p>\r\n	Подарочные купоны к Заказу: {vouchers}</p>\r\n<p>\r\n	Спасибо за покупку!</p>\r\n'),
(1, 'download_info', 'vouchers_subject', 'Подарочные купоны к Заказу №{order_id}'),
(1, 'download_info', 'vouchers_from', NULL),
(1, 'download_info', 'vouchers_cc', NULL),
(1, 'download_info', 'vouchers_bcc', NULL),
(1, 'download_info', 'vouchers_reply_to', NULL),
(1, 'download_info', 'vouchers_return_path', NULL),
(1, 'order_final_106', 'user_notification', '0'),
(1, 'order_final_106', 'user_pending_notify', '0'),
(1, 'order_final_106', 'user_failure_notify', '0'),
(1, 'order_final_106', 'user_mail_from', NULL),
(1, 'order_final_106', 'user_mail_cc', NULL),
(1, 'order_final_106', 'user_mail_bcc', NULL),
(1, 'order_final_106', 'user_mail_reply_to', NULL),
(1, 'order_final_106', 'user_mail_return_path', NULL),
(1, 'order_final_106', 'user_mail_pdf_invoice', '0'),
(1, 'order_final_106', 'user_subject', NULL),
(1, 'order_final_106', 'user_message_type', '1'),
(1, 'order_final_106', 'user_message', NULL),
(1, 'order_final_106', 'admin_sms_success', '0'),
(1, 'order_final_106', 'admin_sms_pending', '0'),
(1, 'credit_card_info_106', 'show_pay_without_cc', '0'),
(1, 'credit_card_info_106', 'show_cc_type', '0'),
(1, 'credit_card_info_106', 'show_cc_start_date', '0'),
(1, 'credit_card_info_106', 'show_cc_security_code', '0'),
(1, 'credit_card_info_106', 'show_cc_number', '0'),
(1, 'credit_card_info_106', 'show_cc_name', '0'),
(1, 'credit_card_info_106', 'show_cc_last_name', '0'),
(1, 'credit_card_info_106', 'show_cc_issue_number', '0'),
(1, 'credit_card_info_106', 'show_cc_first_name', '0'),
(1, 'credit_card_info_106', 'show_cc_expiry_date', '0'),
(1, 'credit_card_info_106', 'pay_without_cc_required', '0'),
(1, 'credit_card_info_106', 'intro_text', NULL),
(1, 'credit_card_info_106', 'cc_type_required', '0'),
(1, 'credit_card_info_106', 'cc_start_date_required', '0'),
(1, 'credit_card_info_106', 'cc_security_code_required', '0'),
(1, 'credit_card_info_106', 'cc_number_split', '0'),
(1, 'credit_card_info_106', 'cc_number_security', NULL),
(1, 'credit_card_info_106', 'cc_number_required', '0'),
(1, 'credit_card_info_106', 'cc_name_required', '0'),
(1, 'credit_card_info_106', 'cc_last_name_required', '0'),
(1, 'credit_card_info_106', 'cc_issue_number_required', '0'),
(1, 'credit_card_info_106', 'cc_forbidden', NULL),
(1, 'credit_card_info_106', 'cc_first_name_required', '0'),
(1, 'credit_card_info_106', 'cc_expiry_date_required', '0'),
(1, 'credit_card_info_106', 'cc_emails', NULL),
(1, 'credit_card_info_106', 'cc_code_security', NULL),
(1, 'credit_card_info_106', 'cc_allowed', NULL),
(1, 'credit_card_info_106', 'call_center_show_pay_without_cc', '0'),
(1, 'credit_card_info_106', 'call_center_show_cc_type', '0'),
(1, 'credit_card_info_106', 'call_center_show_cc_start_date', '0'),
(1, 'credit_card_info_106', 'call_center_show_cc_security_code', '0'),
(1, 'credit_card_info_106', 'call_center_show_cc_number', '0'),
(1, 'credit_card_info_106', 'call_center_show_cc_name', '0'),
(1, 'credit_card_info_106', 'call_center_show_cc_last_name', '0'),
(1, 'credit_card_info_106', 'call_center_show_cc_issue_number', '0'),
(1, 'credit_card_info_106', 'call_center_show_cc_first_name', '0'),
(1, 'credit_card_info_106', 'call_center_show_cc_expiry_date', '0'),
(1, 'credit_card_info_106', 'call_center_pay_without_cc_required', '0'),
(1, 'credit_card_info_106', 'call_center_cc_type_required', '0'),
(1, 'credit_card_info_106', 'call_center_cc_start_date_required', '0'),
(1, 'credit_card_info_106', 'call_center_cc_security_code_required', '0'),
(1, 'credit_card_info_106', 'call_center_cc_number_required', '0'),
(1, 'credit_card_info_106', 'call_center_cc_name_required', '0'),
(1, 'credit_card_info_106', 'call_center_cc_last_name_required', '0'),
(1, 'credit_card_info_106', 'call_center_cc_issue_number_required', '0'),
(1, 'credit_card_info_106', 'call_center_cc_first_name_required', '0'),
(1, 'credit_card_info_106', 'call_center_cc_expiry_date_required', '0'),
(1, 'credit_card_info_106', 'admin_subject', NULL),
(1, 'credit_card_info_106', 'admin_sms_recipient', NULL),
(1, 'credit_card_info_106', 'admin_sms_originator', NULL),
(1, 'credit_card_info_106', 'admin_sms_notification', '0'),
(1, 'credit_card_info_106', 'admin_sms_message', NULL),
(1, 'credit_card_info_106', 'admin_notification_pgp', '0'),
(1, 'credit_card_info_106', 'admin_notification', '0'),
(1, 'credit_card_info_106', 'admin_message_type', '1'),
(1, 'credit_card_info_106', 'admin_message', NULL),
(1, 'credit_card_info_106', 'admin_mail_return_path', NULL),
(1, 'credit_card_info_106', 'admin_mail_reply_to', NULL),
(1, 'credit_card_info_106', 'admin_mail_from', NULL),
(1, 'credit_card_info_106', 'admin_mail_bcc', NULL),
(1, 'credit_card_info_106', 'admin_email', NULL),
(1, 'credit_card_info_103', 'intro_text', NULL),
(1, 'credit_card_info_103', 'show_cc_name', '0'),
(1, 'credit_card_info_103', 'show_cc_first_name', '0'),
(1, 'credit_card_info_103', 'show_cc_last_name', '0'),
(1, 'credit_card_info_103', 'show_cc_number', '0'),
(1, 'credit_card_info_103', 'show_cc_start_date', '0'),
(1, 'credit_card_info_103', 'show_cc_expiry_date', '0'),
(1, 'credit_card_info_103', 'show_cc_type', '0'),
(1, 'credit_card_info_103', 'show_cc_issue_number', '0'),
(1, 'credit_card_info_103', 'show_cc_security_code', '0'),
(1, 'credit_card_info_103', 'show_pay_without_cc', '0'),
(1, 'credit_card_info_103', 'cc_name_required', '0'),
(1, 'credit_card_info_103', 'cc_first_name_required', '0'),
(1, 'credit_card_info_103', 'cc_last_name_required', '0'),
(1, 'credit_card_info_103', 'cc_number_required', '0'),
(1, 'credit_card_info_103', 'cc_start_date_required', '0'),
(1, 'credit_card_info_103', 'cc_expiry_date_required', '0'),
(1, 'credit_card_info_103', 'cc_type_required', '0'),
(1, 'credit_card_info_103', 'cc_issue_number_required', '0'),
(1, 'credit_card_info_103', 'cc_security_code_required', '0'),
(1, 'credit_card_info_103', 'pay_without_cc_required', '0'),
(1, 'credit_card_info_103', 'call_center_show_cc_name', '0'),
(1, 'credit_card_info_103', 'call_center_show_cc_first_name', '0'),
(1, 'credit_card_info_103', 'call_center_show_cc_last_name', '0'),
(1, 'credit_card_info_103', 'call_center_show_cc_number', '0'),
(1, 'credit_card_info_103', 'call_center_show_cc_start_date', '0'),
(1, 'credit_card_info_103', 'call_center_show_cc_expiry_date', '0'),
(1, 'credit_card_info_103', 'call_center_show_cc_type', '0'),
(1, 'credit_card_info_103', 'call_center_show_cc_issue_number', '0'),
(1, 'credit_card_info_103', 'call_center_show_cc_security_code', '0'),
(1, 'credit_card_info_103', 'call_center_show_pay_without_cc', '0'),
(1, 'credit_card_info_103', 'call_center_cc_name_required', '0'),
(1, 'credit_card_info_103', 'call_center_cc_first_name_required', '0'),
(1, 'credit_card_info_103', 'call_center_cc_last_name_required', '0'),
(1, 'credit_card_info_103', 'call_center_cc_number_required', '0'),
(1, 'credit_card_info_103', 'call_center_cc_start_date_required', '0'),
(1, 'credit_card_info_103', 'call_center_cc_expiry_date_required', '0'),
(1, 'credit_card_info_103', 'call_center_cc_type_required', '0'),
(1, 'credit_card_info_103', 'call_center_cc_issue_number_required', '0'),
(1, 'credit_card_info_103', 'call_center_cc_security_code_required', '0'),
(1, 'credit_card_info_103', 'call_center_pay_without_cc_required', '0'),
(1, 'credit_card_info_103', 'cc_allowed', NULL),
(1, 'credit_card_info_103', 'cc_forbidden', NULL),
(1, 'credit_card_info_103', 'cc_number_split', '0'),
(1, 'credit_card_info_103', 'cc_number_security', NULL),
(1, 'credit_card_info_103', 'cc_code_security', NULL),
(1, 'credit_card_info_103', 'admin_notification', '0'),
(1, 'credit_card_info_103', 'admin_notification_pgp', '0'),
(1, 'credit_card_info_103', 'admin_email', NULL),
(1, 'credit_card_info_103', 'admin_mail_from', NULL),
(1, 'credit_card_info_103', 'cc_emails', NULL),
(1, 'credit_card_info_103', 'admin_mail_bcc', NULL),
(1, 'credit_card_info_103', 'admin_mail_reply_to', NULL),
(1, 'credit_card_info_103', 'admin_mail_return_path', NULL),
(1, 'credit_card_info_103', 'admin_subject', NULL),
(1, 'credit_card_info_103', 'admin_message_type', NULL),
(1, 'credit_card_info_103', 'admin_message', NULL),
(1, 'credit_card_info_103', 'admin_sms_notification', '0'),
(1, 'credit_card_info_103', 'admin_sms_recipient', NULL),
(1, 'credit_card_info_103', 'admin_sms_originator', NULL),
(1, 'credit_card_info_103', 'admin_sms_message', NULL),
(1, 'order_final_103', 'admin_sms_success', '0'),
(1, 'order_final_103', 'is_validation', '0'),
(1, 'order_final_103', 'validation_php_lib', NULL),
(1, 'order_final_103', 'success_status_id', '1'),
(1, 'order_final_103', 'pending_status_id', '6'),
(1, 'order_final_103', 'failure_status_id', NULL),
(1, 'order_final_103', 'success_message', NULL),
(1, 'order_final_103', 'pending_message', NULL),
(1, 'order_final_103', 'failure_message', NULL),
(1, 'order_final_103', 'admin_notification', '0'),
(1, 'order_final_103', 'admin_notification_pgp', '0'),
(1, 'order_final_103', 'admin_pending_notify', '0'),
(1, 'order_final_103', 'admin_failure_notify', '0'),
(1, 'order_final_103', 'admin_email', NULL),
(1, 'order_final_103', 'admin_mail_from', NULL),
(1, 'order_final_103', 'cc_emails', NULL),
(1, 'order_final_103', 'admin_mail_bcc', NULL),
(1, 'order_final_103', 'admin_mail_reply_to', NULL),
(1, 'order_final_103', 'admin_mail_return_path', NULL),
(1, 'order_final_103', 'admin_mail_pdf_invoice', '0'),
(1, 'order_final_103', 'admin_subject', NULL),
(1, 'order_final_103', 'admin_message_type', NULL),
(1, 'order_final_103', 'admin_message', NULL),
(1, 'order_final_103', 'product_individual_notification', '0'),
(1, 'order_final_103', 'user_notification', '0'),
(1, 'order_final_103', 'user_pending_notify', '0'),
(1, 'order_final_103', 'user_failure_notify', '0'),
(1, 'order_final_103', 'user_mail_from', NULL),
(1, 'order_final_103', 'user_mail_cc', NULL),
(1, 'order_final_103', 'user_mail_bcc', NULL),
(1, 'order_final_103', 'user_mail_reply_to', NULL),
(1, 'order_final_103', 'user_mail_return_path', NULL),
(1, 'order_final_103', 'user_mail_pdf_invoice', '0'),
(1, 'order_final_103', 'user_subject', NULL),
(1, 'order_final_103', 'user_message_type', NULL),
(1, 'order_final_103', 'user_message', NULL),
(1, 'yandex_market', 'categories_web', 'a:0:{}'),
(1, 'yandex_market', 'items_ya', 'a:0:{}'),
(1, 'yandex_market', 'items_wiki', 'a:0:{}'),
(1, 'yandex_market', 'categories_wiki', 'a:0:{}'),
(1, 'yandex_market', 'show_only_categories', '1'),
(1, 'yandex_market', 'items_web', 'a:0:{}'),
(1, 'sms', 'sms_signature', NULL),
(1, 'yandex_market', 'currency_id', '20'),
(1, 'sms', 'sms_key', NULL),
(1, 'sms', 'sms_id', NULL),
(1, 'yandex_market', 'categories_ya', 'a:0:{}'),
(1, 'order_info', 'call_center_delivery_address1_required', '1'),
(1, 'printable', 'manufacturer_code_packing', '1'),
(1, 'user_profile_1', 'user_reminder_sms_message', NULL),
(1, 'user_profile_1', 'admin_message_type', '0'),
(1, 'user_profile_1', 'admin_message', 'Имя: {name}\r\nДата: {registration_date}'),
(1, 'user_profile_1', 'user_notification', '1'),
(1, 'user_profile_1', 'user_mail_from', NULL),
(1, 'user_profile_1', 'user_mail_cc', NULL),
(1, 'user_profile_1', 'user_mail_bcc', NULL),
(1, 'user_profile_1', 'user_mail_reply_to', NULL),
(1, 'user_profile_1', 'user_mail_return_path', NULL),
(1, 'user_profile_1', 'user_subject', 'Регистрация в интернет-магазине Demo'),
(1, 'user_profile_1', 'user_message_type', '1'),
(1, 'user_profile_1', 'user_message', 'Ваш логин: <b>{login}</b><br>\r\nПароль: <b>{password}</b><br>\r\n<br><br>\r\nИнтернет-магазин Demo <a target="_blank" href="{site_url}">{site_url}</a>'),
(1, 'user_profile_1', 'admin_sms_notification', '0'),
(1, 'user_profile_1', 'admin_sms_recipient', NULL),
(1, 'user_profile_1', 'admin_sms_originator', NULL),
(1, 'user_profile_1', 'admin_sms_message', NULL),
(1, 'user_profile_1', 'user_sms_notification', '0'),
(1, 'user_profile_1', 'user_sms_recipient', NULL),
(1, 'user_profile_1', 'user_sms_originator', NULL),
(1, 'user_profile_1', 'user_sms_message', NULL),
(1, 'user_profile_1', 'user_birth_mail_greetings', '0'),
(1, 'user_profile_1', 'user_birth_mail_from', NULL),
(1, 'user_profile_1', 'user_birth_mail_cc', NULL),
(1, 'user_profile_1', 'user_birth_mail_bcc', NULL),
(1, 'user_profile_1', 'user_birth_mail_reply_to', NULL),
(1, 'user_profile_1', 'user_birth_mail_return_path', NULL),
(1, 'user_profile_1', 'user_birth_subject', NULL),
(1, 'user_profile_1', 'user_birth_message_type', NULL),
(1, 'user_profile_1', 'user_birth_message', NULL),
(1, 'user_profile_1', 'user_birth_sms_greetings', '0'),
(1, 'user_profile_1', 'user_birth_sms_recipient', NULL),
(1, 'user_profile_1', 'user_birth_sms_originator', NULL),
(1, 'user_profile_1', 'user_birth_sms_message', NULL),
(1, 'user_profile_1', 'user_reminder_mail', '0'),
(1, 'user_profile_1', 'user_reminder_mail_from', NULL),
(1, 'user_profile_1', 'user_reminder_mail_cc', NULL),
(1, 'user_profile_1', 'user_reminder_mail_bcc', NULL),
(1, 'user_profile_1', 'user_reminder_mail_reply_to', NULL),
(1, 'user_profile_1', 'user_reminder_mail_return_path', NULL),
(1, 'user_profile_1', 'user_reminder_subject', NULL),
(1, 'user_profile_1', 'user_reminder_message_type', NULL),
(1, 'user_profile_1', 'user_reminder_message', NULL),
(1, 'user_profile_1', 'user_reminder_sms', '0'),
(1, 'support', 'intro_text', 'Специалисты Службы Поддержки готовы ответить на Ваши вопросы!'),
(1, 'support', 'attachments_dir', NULL),
(1, 'support', 'attachments_users_allowed', '0'),
(1, 'support', 'attachments_users_mask', NULL),
(1, 'products', 'credit_reward_amount', NULL),
(1, 'products', 'credits_balance_user_home', '0'),
(1, 'products', 'credits_balance_order_profile', '0'),
(1, 'products', 'credit_reward_type', NULL),
(1, 'credit_card_info_94', 'intro_text', NULL),
(1, 'credit_card_info_94', 'show_cc_name', '0'),
(1, 'credit_card_info_94', 'show_cc_first_name', '0'),
(1, 'credit_card_info_94', 'show_cc_last_name', '0'),
(1, 'credit_card_info_94', 'show_cc_number', '0'),
(1, 'credit_card_info_94', 'show_cc_start_date', '0'),
(1, 'credit_card_info_94', 'show_cc_expiry_date', '0'),
(1, 'credit_card_info_94', 'show_cc_type', '0'),
(1, 'credit_card_info_94', 'show_cc_issue_number', '0'),
(1, 'credit_card_info_94', 'show_cc_security_code', '0'),
(1, 'credit_card_info_94', 'show_pay_without_cc', '0'),
(1, 'credit_card_info_94', 'cc_name_required', '0'),
(1, 'credit_card_info_94', 'cc_first_name_required', '0'),
(1, 'credit_card_info_94', 'cc_last_name_required', '0'),
(1, 'credit_card_info_94', 'cc_number_required', '0'),
(1, 'credit_card_info_94', 'cc_start_date_required', '0'),
(1, 'credit_card_info_94', 'cc_expiry_date_required', '0'),
(1, 'credit_card_info_94', 'cc_type_required', '0'),
(1, 'credit_card_info_94', 'cc_issue_number_required', '0'),
(1, 'credit_card_info_94', 'cc_security_code_required', '0'),
(1, 'credit_card_info_94', 'pay_without_cc_required', '0'),
(1, 'credit_card_info_94', 'call_center_show_cc_name', '0'),
(1, 'credit_card_info_94', 'call_center_show_cc_first_name', '0'),
(1, 'credit_card_info_94', 'call_center_show_cc_last_name', '0'),
(1, 'credit_card_info_94', 'call_center_show_cc_number', '0'),
(1, 'credit_card_info_94', 'call_center_show_cc_start_date', '0'),
(1, 'credit_card_info_94', 'call_center_show_cc_expiry_date', '0'),
(1, 'credit_card_info_94', 'call_center_show_cc_type', '0'),
(1, 'credit_card_info_94', 'call_center_show_cc_issue_number', '0'),
(1, 'credit_card_info_94', 'call_center_show_cc_security_code', '0'),
(1, 'credit_card_info_94', 'call_center_show_pay_without_cc', '0'),
(1, 'credit_card_info_94', 'call_center_cc_name_required', '0'),
(1, 'credit_card_info_94', 'call_center_cc_first_name_required', '0'),
(1, 'credit_card_info_94', 'call_center_cc_last_name_required', '0'),
(1, 'credit_card_info_94', 'call_center_cc_number_required', '0'),
(1, 'credit_card_info_94', 'call_center_cc_start_date_required', '0'),
(1, 'credit_card_info_94', 'call_center_cc_expiry_date_required', '0'),
(1, 'credit_card_info_94', 'call_center_cc_type_required', '0'),
(1, 'credit_card_info_94', 'call_center_cc_issue_number_required', '0'),
(1, 'credit_card_info_94', 'call_center_cc_security_code_required', '0'),
(1, 'credit_card_info_94', 'call_center_pay_without_cc_required', '0'),
(1, 'credit_card_info_94', 'cc_allowed', NULL),
(1, 'credit_card_info_94', 'cc_forbidden', NULL),
(1, 'credit_card_info_94', 'cc_number_split', '0'),
(1, 'credit_card_info_94', 'cc_number_security', NULL),
(1, 'credit_card_info_94', 'cc_code_security', NULL),
(1, 'credit_card_info_94', 'admin_notification', '0'),
(1, 'credit_card_info_94', 'admin_notification_pgp', '0'),
(1, 'credit_card_info_94', 'admin_email', NULL),
(1, 'credit_card_info_94', 'admin_mail_from', NULL),
(1, 'credit_card_info_94', 'cc_emails', NULL),
(1, 'credit_card_info_94', 'admin_mail_bcc', NULL),
(1, 'credit_card_info_94', 'admin_mail_reply_to', NULL),
(1, 'credit_card_info_94', 'admin_mail_return_path', NULL),
(1, 'credit_card_info_94', 'admin_subject', NULL),
(1, 'credit_card_info_94', 'admin_message_type', NULL),
(1, 'credit_card_info_94', 'admin_message', NULL),
(1, 'credit_card_info_94', 'admin_sms_notification', '0'),
(1, 'credit_card_info_94', 'admin_sms_recipient', NULL),
(1, 'credit_card_info_94', 'admin_sms_originator', NULL),
(1, 'credit_card_info_94', 'admin_sms_message', NULL),
(1, 'order_final_94', 'user_sms_success', '0'),
(1, 'order_final_94', 'admin_message_type', '1'),
(1, 'order_final_94', 'admin_message', '<p>\r\n	<big>Заказ №{order_id} </big>в интернет-магазине.<br />\r\n	<b><big>Доставка по МОСКВЕ</big></b><br />\r\n	Клиент: <big><b>{first_name} {last_name}</b></big><br />\r\n	Город: <big>{city}</big><br />\r\n	Телефон: <big>{phone}</big> <a href="http://roum.ru/bases/numberinfo.html"><big>Проверить оператора и город</big></a><br />\r\n	IP клиента: <big>{remote_address}</big> <a href="http://ipgeo-base.ru/?address={remote_address}&amp;search=%C8%F1%EA%E0%F2%FC"><big>Посмотреть на карте</big></a><br />\r\n	============================ {basket}</p>\r\n'),
(1, 'order_final_94', 'admin_sms_message', NULL),
(1, 'order_final_94', 'user_mail_from', NULL),
(1, 'order_final_94', 'user_mail_cc', NULL),
(1, 'order_final_94', 'failure_message', '{first_name}, извините, произошла ошибка: "{error_message}". <br>Мы весьма сожалеем о доставленных Вам неудобствах. <br>Пожалуйста, обратитесь к администратору.\r\n<br>\r\n--------------------------------------------------<br>\r\nСлужба продаж интернет-магазина <a href="http://вашсайт.ru"><span>«DEMO»</span></a>\r\n<br>Тел.: 555-55-55\r\n<br>E-mail: <a href="mailto:sales@вашсайт.ru">sales@вашсайт.ru</a>'),
(1, 'order_final_94', 'admin_notification', '1'),
(1, 'order_final_94', 'admin_notification_pgp', '0'),
(1, 'order_final_94', 'admin_pending_notify', '1'),
(1, 'order_final_94', 'admin_failure_notify', '1'),
(1, 'order_final_94', 'admin_email', NULL),
(1, 'order_final_94', 'admin_mail_from', NULL),
(1, 'order_final_94', 'cc_emails', NULL),
(1, 'order_final_94', 'admin_mail_bcc', NULL),
(1, 'order_final_94', 'admin_mail_reply_to', NULL),
(1, 'order_final_94', 'admin_mail_return_path', NULL),
(1, 'order_final_94', 'admin_mail_pdf_invoice', '0'),
(1, 'order_final_94', 'admin_subject', 'Заказ №{order_id}'),
(1, 'credit_card_info_104', 'intro_text', NULL),
(1, 'credit_card_info_104', 'show_cc_name', '0'),
(1, 'credit_card_info_104', 'show_cc_first_name', '0'),
(1, 'credit_card_info_104', 'show_cc_last_name', '0'),
(1, 'credit_card_info_104', 'show_cc_number', '0'),
(1, 'credit_card_info_104', 'show_cc_start_date', '0'),
(1, 'credit_card_info_104', 'show_cc_expiry_date', '0'),
(1, 'credit_card_info_104', 'show_cc_type', '0'),
(1, 'credit_card_info_104', 'show_cc_issue_number', '0'),
(1, 'credit_card_info_104', 'show_cc_security_code', '0'),
(1, 'credit_card_info_104', 'show_pay_without_cc', '0'),
(1, 'credit_card_info_104', 'cc_name_required', '0'),
(1, 'credit_card_info_104', 'cc_first_name_required', '0'),
(1, 'credit_card_info_104', 'cc_last_name_required', '0'),
(1, 'credit_card_info_104', 'cc_number_required', '0'),
(1, 'credit_card_info_104', 'cc_start_date_required', '0'),
(1, 'credit_card_info_104', 'cc_expiry_date_required', '0'),
(1, 'credit_card_info_104', 'cc_type_required', '0'),
(1, 'credit_card_info_104', 'cc_issue_number_required', '0'),
(1, 'credit_card_info_104', 'cc_security_code_required', '0'),
(1, 'credit_card_info_104', 'pay_without_cc_required', '0'),
(1, 'credit_card_info_104', 'call_center_show_cc_name', '0'),
(1, 'credit_card_info_104', 'call_center_show_cc_first_name', '0'),
(1, 'credit_card_info_104', 'call_center_show_cc_last_name', '0'),
(1, 'credit_card_info_104', 'call_center_show_cc_number', '0'),
(1, 'credit_card_info_104', 'call_center_show_cc_start_date', '0'),
(1, 'credit_card_info_104', 'call_center_show_cc_expiry_date', '0'),
(1, 'credit_card_info_104', 'call_center_show_cc_type', '0'),
(1, 'credit_card_info_104', 'call_center_show_cc_issue_number', '0'),
(1, 'credit_card_info_104', 'call_center_show_cc_security_code', '0'),
(1, 'credit_card_info_104', 'call_center_show_pay_without_cc', '0'),
(1, 'credit_card_info_104', 'call_center_cc_name_required', '0'),
(1, 'credit_card_info_104', 'call_center_cc_first_name_required', '0'),
(1, 'credit_card_info_104', 'call_center_cc_last_name_required', '0'),
(1, 'credit_card_info_104', 'call_center_cc_number_required', '0'),
(1, 'credit_card_info_104', 'call_center_cc_start_date_required', '0'),
(1, 'credit_card_info_104', 'call_center_cc_expiry_date_required', '0'),
(1, 'credit_card_info_104', 'call_center_cc_type_required', '0'),
(1, 'credit_card_info_104', 'call_center_cc_issue_number_required', '0'),
(1, 'credit_card_info_104', 'call_center_cc_security_code_required', '0'),
(1, 'credit_card_info_104', 'call_center_pay_without_cc_required', '0'),
(1, 'credit_card_info_104', 'cc_allowed', NULL),
(1, 'credit_card_info_104', 'cc_forbidden', NULL),
(1, 'credit_card_info_104', 'cc_number_split', '0'),
(1, 'credit_card_info_104', 'cc_number_security', NULL),
(1, 'credit_card_info_104', 'cc_code_security', NULL),
(1, 'credit_card_info_104', 'admin_notification', '0'),
(1, 'credit_card_info_104', 'admin_notification_pgp', '0'),
(1, 'credit_card_info_104', 'admin_email', NULL),
(1, 'credit_card_info_104', 'admin_mail_from', NULL),
(1, 'credit_card_info_104', 'cc_emails', NULL),
(1, 'credit_card_info_104', 'admin_mail_bcc', NULL),
(1, 'credit_card_info_104', 'admin_mail_reply_to', NULL),
(1, 'credit_card_info_104', 'admin_mail_return_path', NULL),
(1, 'credit_card_info_104', 'admin_subject', NULL),
(1, 'credit_card_info_104', 'admin_message_type', NULL),
(1, 'credit_card_info_104', 'admin_message', NULL),
(1, 'credit_card_info_104', 'admin_sms_notification', '0'),
(1, 'credit_card_info_104', 'admin_sms_recipient', NULL),
(1, 'credit_card_info_104', 'admin_sms_originator', NULL),
(1, 'credit_card_info_104', 'admin_sms_message', NULL),
(1, 'order_final_104', 'is_validation', '0'),
(1, 'order_final_104', 'validation_php_lib', NULL),
(1, 'order_final_104', 'success_status_id', '4'),
(1, 'order_final_104', 'pending_status_id', '6'),
(1, 'order_final_104', 'failure_status_id', '6'),
(1, 'order_final_104', 'success_message', NULL),
(1, 'order_final_104', 'pending_message', NULL),
(1, 'order_final_104', 'failure_message', NULL),
(1, 'order_final_104', 'admin_notification', '0'),
(1, 'order_final_104', 'admin_notification_pgp', '0'),
(1, 'order_final_104', 'admin_pending_notify', '0'),
(1, 'order_final_104', 'admin_failure_notify', '0'),
(1, 'order_final_104', 'admin_email', NULL),
(1, 'order_final_104', 'admin_mail_from', NULL),
(1, 'order_final_104', 'cc_emails', NULL),
(1, 'order_final_104', 'admin_mail_bcc', NULL),
(1, 'order_final_104', 'admin_mail_reply_to', NULL),
(1, 'order_final_104', 'admin_mail_return_path', NULL),
(1, 'order_final_104', 'admin_mail_pdf_invoice', '0'),
(1, 'order_final_104', 'admin_subject', NULL),
(1, 'order_final_104', 'admin_message_type', NULL),
(1, 'order_final_104', 'admin_message', NULL),
(1, 'order_final_104', 'product_individual_notification', '0'),
(1, 'order_final_104', 'user_notification', '0'),
(1, 'order_final_104', 'user_pending_notify', '0'),
(1, 'order_final_104', 'user_failure_notify', '0'),
(1, 'order_final_104', 'user_mail_from', NULL),
(1, 'order_final_104', 'user_mail_cc', NULL),
(1, 'order_final_104', 'user_mail_bcc', NULL),
(1, 'order_final_104', 'user_mail_reply_to', NULL),
(1, 'order_final_104', 'user_mail_return_path', NULL),
(1, 'order_final_104', 'user_mail_pdf_invoice', '0'),
(1, 'order_final_104', 'user_subject', NULL),
(1, 'order_final_104', 'user_message_type', NULL),
(1, 'order_final_104', 'user_message', NULL),
(1, 'order_final_104', 'admin_sms_success', '0'),
(1, 'order_final_104', 'admin_sms_pending', '0'),
(1, 'order_final_104', 'admin_sms_failure', '0'),
(1, 'order_final_104', 'admin_sms_recipient', NULL),
(1, 'order_final_104', 'admin_sms_originator', NULL),
(1, 'order_final_104', 'admin_sms_message', NULL),
(1, 'order_final_104', 'user_sms_success', '0'),
(1, 'order_final_104', 'user_sms_pending', '0'),
(1, 'order_final_104', 'user_sms_failure', '0'),
(1, 'order_final_104', 'user_sms_recipient', NULL),
(1, 'order_final_104', 'user_sms_originator', NULL),
(1, 'order_final_104', 'user_sms_message', NULL),
(1, 'credit_card_info_105', 'intro_text', NULL),
(1, 'credit_card_info_105', 'show_cc_name', '0'),
(1, 'credit_card_info_105', 'show_cc_first_name', '0'),
(1, 'credit_card_info_105', 'show_cc_last_name', '0'),
(1, 'credit_card_info_105', 'show_cc_number', '0'),
(1, 'credit_card_info_105', 'show_cc_start_date', '0'),
(1, 'credit_card_info_105', 'show_cc_expiry_date', '0'),
(1, 'credit_card_info_105', 'show_cc_type', '0'),
(1, 'credit_card_info_105', 'show_cc_issue_number', '0'),
(1, 'credit_card_info_105', 'show_cc_security_code', '0'),
(1, 'credit_card_info_105', 'show_pay_without_cc', '0'),
(1, 'credit_card_info_105', 'cc_name_required', '0'),
(1, 'credit_card_info_105', 'cc_first_name_required', '0'),
(1, 'credit_card_info_105', 'cc_last_name_required', '0'),
(1, 'credit_card_info_105', 'cc_number_required', '0'),
(1, 'credit_card_info_105', 'cc_start_date_required', '0'),
(1, 'credit_card_info_105', 'cc_expiry_date_required', '0'),
(1, 'credit_card_info_105', 'cc_type_required', '0'),
(1, 'credit_card_info_105', 'cc_issue_number_required', '0'),
(1, 'credit_card_info_105', 'cc_security_code_required', '0'),
(1, 'credit_card_info_105', 'pay_without_cc_required', '0'),
(1, 'credit_card_info_105', 'call_center_show_cc_name', '0'),
(1, 'credit_card_info_105', 'call_center_show_cc_first_name', '0'),
(1, 'credit_card_info_105', 'call_center_show_cc_last_name', '0'),
(1, 'credit_card_info_105', 'call_center_show_cc_number', '0'),
(1, 'credit_card_info_105', 'call_center_show_cc_start_date', '0'),
(1, 'credit_card_info_105', 'call_center_show_cc_expiry_date', '0'),
(1, 'credit_card_info_105', 'call_center_show_cc_type', '0'),
(1, 'credit_card_info_105', 'call_center_show_cc_issue_number', '0'),
(1, 'credit_card_info_105', 'call_center_show_cc_security_code', '0'),
(1, 'credit_card_info_105', 'call_center_show_pay_without_cc', '0'),
(1, 'credit_card_info_105', 'call_center_cc_name_required', '0'),
(1, 'credit_card_info_105', 'call_center_cc_first_name_required', '0'),
(1, 'credit_card_info_105', 'call_center_cc_last_name_required', '0'),
(1, 'credit_card_info_105', 'call_center_cc_number_required', '0'),
(1, 'credit_card_info_105', 'call_center_cc_start_date_required', '0'),
(1, 'credit_card_info_105', 'call_center_cc_expiry_date_required', '0'),
(1, 'credit_card_info_105', 'call_center_cc_type_required', '0'),
(1, 'credit_card_info_105', 'call_center_cc_issue_number_required', '0'),
(1, 'credit_card_info_105', 'call_center_cc_security_code_required', '0'),
(1, 'credit_card_info_105', 'call_center_pay_without_cc_required', '0'),
(1, 'credit_card_info_105', 'cc_allowed', NULL),
(1, 'credit_card_info_105', 'cc_forbidden', NULL),
(1, 'credit_card_info_105', 'cc_number_split', '0'),
(1, 'credit_card_info_105', 'cc_number_security', NULL),
(1, 'credit_card_info_105', 'cc_code_security', NULL),
(1, 'credit_card_info_105', 'admin_notification', '0'),
(1, 'credit_card_info_105', 'admin_notification_pgp', '0'),
(1, 'credit_card_info_105', 'admin_email', NULL),
(1, 'credit_card_info_105', 'admin_mail_from', NULL),
(1, 'credit_card_info_105', 'cc_emails', NULL),
(1, 'credit_card_info_105', 'admin_mail_bcc', NULL),
(1, 'credit_card_info_105', 'admin_mail_reply_to', NULL),
(1, 'credit_card_info_105', 'admin_mail_return_path', NULL),
(1, 'credit_card_info_105', 'admin_subject', NULL),
(1, 'credit_card_info_105', 'admin_message_type', NULL),
(1, 'credit_card_info_105', 'admin_message', NULL),
(1, 'credit_card_info_105', 'admin_sms_notification', '0'),
(1, 'credit_card_info_105', 'admin_sms_recipient', NULL),
(1, 'credit_card_info_105', 'admin_sms_originator', NULL),
(1, 'credit_card_info_105', 'admin_sms_message', NULL),
(1, 'order_final_105', 'is_validation', '0'),
(1, 'order_final_105', 'validation_php_lib', NULL),
(1, 'order_final_105', 'success_status_id', '4'),
(1, 'order_final_105', 'pending_status_id', '6'),
(1, 'order_final_105', 'failure_status_id', '6'),
(1, 'order_final_105', 'success_message', NULL),
(1, 'order_final_105', 'pending_message', NULL),
(1, 'order_final_105', 'failure_message', NULL),
(1, 'order_final_105', 'admin_notification', '0'),
(1, 'order_final_105', 'admin_notification_pgp', '0'),
(1, 'order_final_105', 'admin_pending_notify', '0'),
(1, 'order_final_105', 'admin_failure_notify', '0'),
(1, 'order_final_105', 'admin_email', NULL),
(1, 'order_final_105', 'admin_mail_from', NULL),
(1, 'order_final_105', 'cc_emails', NULL),
(1, 'order_final_105', 'admin_mail_bcc', NULL),
(1, 'order_final_105', 'admin_mail_reply_to', NULL),
(1, 'order_final_105', 'admin_mail_return_path', NULL),
(1, 'order_final_105', 'admin_mail_pdf_invoice', '0'),
(1, 'order_final_105', 'admin_subject', NULL),
(1, 'order_final_105', 'admin_message_type', NULL),
(1, 'order_final_105', 'admin_message', NULL),
(1, 'order_final_105', 'product_individual_notification', '0'),
(1, 'order_final_105', 'user_notification', '0'),
(1, 'order_final_105', 'user_pending_notify', '0'),
(1, 'order_final_105', 'user_failure_notify', '0'),
(1, 'order_final_105', 'user_mail_from', NULL),
(1, 'order_final_105', 'user_mail_cc', NULL),
(1, 'order_final_105', 'user_mail_bcc', NULL),
(1, 'order_final_105', 'user_mail_reply_to', NULL),
(1, 'order_final_105', 'user_mail_return_path', NULL),
(1, 'order_final_105', 'user_mail_pdf_invoice', '0'),
(1, 'order_final_105', 'user_subject', NULL),
(1, 'order_final_105', 'user_message_type', NULL),
(1, 'order_final_105', 'user_message', NULL),
(1, 'order_final_105', 'admin_sms_success', '0'),
(1, 'order_final_105', 'admin_sms_pending', '0'),
(1, 'order_final_105', 'admin_sms_failure', '0'),
(1, 'order_final_105', 'admin_sms_recipient', NULL),
(1, 'order_final_105', 'admin_sms_originator', NULL),
(1, 'order_final_105', 'admin_sms_message', NULL),
(1, 'order_final_105', 'user_sms_success', '0'),
(1, 'order_final_105', 'user_sms_pending', '0'),
(1, 'order_final_105', 'user_sms_failure', '0'),
(1, 'order_final_105', 'user_sms_recipient', NULL),
(1, 'order_final_105', 'user_sms_originator', NULL);
INSERT INTO `va_global_settings` (`site_id`, `setting_type`, `setting_name`, `setting_value`) VALUES
(1, 'order_final_105', 'user_sms_message', NULL),
(1, 'user_product_2', 'user_mail_cc', NULL),
(1, 'order_final_106', 'product_individual_notification', '0'),
(1, 'order_final_106', 'admin_message', NULL),
(1, 'order_final_106', 'admin_message_type', '1'),
(1, 'order_final_106', 'admin_subject', NULL),
(1, 'order_final_106', 'admin_mail_pdf_invoice', '0'),
(1, 'order_final_106', 'admin_mail_return_path', NULL),
(1, 'order_final_106', 'admin_mail_reply_to', NULL),
(1, 'order_final_106', 'admin_mail_bcc', NULL),
(1, 'order_final_106', 'cc_emails', NULL),
(1, 'order_final_106', 'admin_mail_from', NULL),
(1, 'order_final_106', 'admin_email', NULL),
(1, 'order_final_106', 'admin_failure_notify', '0'),
(1, 'order_final_106', 'admin_pending_notify', '0'),
(1, 'order_final_106', 'admin_notification_pgp', '0'),
(1, 'order_final_106', 'admin_notification', '0'),
(1, 'order_final_106', 'failure_message', NULL),
(1, 'order_final_106', 'pending_message', NULL),
(1, 'order_final_106', 'success_message', NULL),
(1, 'order_final_106', 'failure_status_id', '6'),
(1, 'order_final_106', 'pending_status_id', '6'),
(1, 'order_final_106', 'success_status_id', '4'),
(1, 'order_final_106', 'validation_php_lib', NULL),
(1, 'order_final_106', 'is_validation', '0'),
(1, 'recurring_106', 'admin_mail_bcc_failure', NULL),
(1, 'recurring_106', 'admin_mail_bcc_new', NULL),
(1, 'recurring_106', 'admin_mail_bcc_pending', NULL),
(1, 'recurring_106', 'admin_mail_bcc_success', NULL),
(1, 'recurring_106', 'admin_mail_body_failure', NULL),
(1, 'recurring_106', 'admin_mail_body_new', NULL),
(1, 'recurring_106', 'admin_mail_body_pending', NULL),
(1, 'recurring_106', 'admin_mail_body_success', NULL),
(1, 'recurring_106', 'admin_mail_cc_failure', NULL),
(1, 'recurring_106', 'admin_mail_cc_new', NULL),
(1, 'recurring_106', 'admin_mail_cc_pending', NULL),
(1, 'recurring_106', 'admin_mail_cc_success', NULL),
(1, 'recurring_106', 'admin_mail_from_failure', NULL),
(1, 'recurring_106', 'admin_mail_from_new', NULL),
(1, 'recurring_106', 'admin_mail_from_pending', NULL),
(1, 'recurring_106', 'admin_mail_from_success', NULL),
(1, 'recurring_106', 'admin_mail_reply_to_failure', NULL),
(1, 'recurring_106', 'admin_mail_reply_to_new', NULL),
(1, 'recurring_106', 'admin_mail_reply_to_pending', NULL),
(1, 'recurring_106', 'admin_mail_reply_to_success', NULL),
(1, 'recurring_106', 'admin_mail_return_path_failure', NULL),
(1, 'recurring_106', 'admin_mail_return_path_new', NULL),
(1, 'recurring_106', 'admin_mail_return_path_pending', NULL),
(1, 'recurring_106', 'admin_mail_return_path_success', NULL),
(1, 'recurring_106', 'admin_mail_subject_failure', NULL),
(1, 'recurring_106', 'admin_mail_subject_new', NULL),
(1, 'recurring_106', 'admin_mail_subject_pending', NULL),
(1, 'recurring_106', 'admin_mail_subject_success', NULL),
(1, 'recurring_106', 'admin_mail_to_failure', NULL),
(1, 'recurring_106', 'admin_mail_to_new', NULL),
(1, 'recurring_106', 'admin_mail_to_pending', NULL),
(1, 'recurring_106', 'admin_mail_to_success', NULL),
(1, 'recurring_106', 'admin_mail_type_failure', '1'),
(1, 'recurring_106', 'admin_mail_type_new', '1'),
(1, 'recurring_106', 'admin_mail_type_pending', '1'),
(1, 'recurring_106', 'admin_mail_type_success', '1'),
(1, 'recurring_106', 'admin_notify_failure', '0'),
(1, 'recurring_106', 'admin_notify_new', '0'),
(1, 'recurring_106', 'admin_notify_pending', '0'),
(1, 'recurring_106', 'admin_notify_success', '0'),
(1, 'recurring_106', 'admin_sms_failure', '0'),
(1, 'recurring_106', 'admin_sms_message_failure', NULL),
(1, 'recurring_106', 'admin_sms_message_new', NULL),
(1, 'recurring_106', 'admin_sms_message_pending', NULL),
(1, 'recurring_106', 'admin_sms_message_success', NULL),
(1, 'recurring_106', 'admin_sms_new', '0'),
(1, 'recurring_106', 'admin_sms_originator_failure', NULL),
(1, 'recurring_106', 'admin_sms_originator_new', NULL),
(1, 'recurring_106', 'admin_sms_originator_pending', NULL),
(1, 'recurring_106', 'admin_sms_originator_success', NULL),
(1, 'recurring_106', 'admin_sms_pending', '0'),
(1, 'recurring_106', 'admin_sms_recipient_failure', NULL),
(1, 'recurring_106', 'admin_sms_recipient_new', NULL),
(1, 'recurring_106', 'admin_sms_recipient_pending', NULL),
(1, 'recurring_106', 'admin_sms_recipient_success', NULL),
(1, 'recurring_106', 'admin_sms_success', '0'),
(1, 'recurring_106', 'new_status_id', NULL),
(1, 'recurring_106', 'preserve_cart_options', '0'),
(1, 'recurring_106', 'preserve_item_options', '0'),
(1, 'recurring_106', 'preserve_shipping', '0'),
(1, 'recurring_106', 'recurring_attempts', NULL),
(1, 'recurring_106', 'recurring_next_attempt', NULL),
(1, 'recurring_106', 'recurring_payment_id', NULL),
(1, 'recurring_106', 'user_mail_bcc_failure', NULL),
(1, 'recurring_106', 'user_mail_bcc_new', NULL),
(1, 'recurring_106', 'user_mail_bcc_pending', NULL),
(1, 'recurring_106', 'user_mail_bcc_success', NULL),
(1, 'recurring_106', 'user_mail_body_failure', NULL),
(1, 'recurring_106', 'user_mail_body_new', NULL),
(1, 'recurring_106', 'user_mail_body_pending', NULL),
(1, 'recurring_106', 'user_mail_body_success', NULL),
(1, 'recurring_106', 'user_mail_cc_failure', NULL),
(1, 'recurring_106', 'user_mail_cc_new', NULL),
(1, 'recurring_106', 'user_mail_cc_pending', NULL),
(1, 'recurring_106', 'user_mail_cc_success', NULL),
(1, 'recurring_106', 'user_mail_from_failure', NULL),
(1, 'recurring_106', 'user_mail_from_new', NULL),
(1, 'recurring_106', 'user_mail_from_pending', NULL),
(1, 'recurring_106', 'user_mail_from_success', NULL),
(1, 'recurring_106', 'user_mail_reply_to_failure', NULL),
(1, 'recurring_106', 'user_mail_reply_to_new', NULL),
(1, 'recurring_106', 'user_mail_reply_to_pending', NULL),
(1, 'recurring_106', 'user_mail_reply_to_success', NULL),
(1, 'recurring_106', 'user_mail_return_path_failure', NULL),
(1, 'recurring_106', 'user_mail_return_path_new', NULL),
(1, 'recurring_106', 'user_mail_return_path_pending', NULL),
(1, 'recurring_106', 'user_mail_return_path_success', NULL),
(1, 'recurring_106', 'user_mail_subject_failure', NULL),
(1, 'recurring_106', 'user_mail_subject_new', NULL),
(1, 'recurring_106', 'user_mail_subject_pending', NULL),
(1, 'recurring_106', 'user_mail_subject_success', NULL),
(1, 'recurring_106', 'user_mail_type_failure', '1'),
(1, 'recurring_106', 'user_mail_type_new', '1'),
(1, 'recurring_106', 'user_mail_type_pending', '1'),
(1, 'recurring_106', 'user_mail_type_success', '1'),
(1, 'recurring_106', 'user_notify_failure', '0'),
(1, 'recurring_106', 'user_notify_new', '0'),
(1, 'recurring_106', 'user_notify_pending', '0'),
(1, 'recurring_106', 'user_notify_success', '0'),
(1, 'recurring_106', 'user_sms_failure', '0'),
(1, 'recurring_106', 'user_sms_message_failure', NULL),
(1, 'recurring_106', 'user_sms_message_new', NULL),
(1, 'recurring_106', 'user_sms_message_pending', NULL),
(1, 'recurring_106', 'user_sms_message_success', NULL),
(1, 'recurring_106', 'user_sms_new', '0'),
(1, 'recurring_106', 'user_sms_originator_failure', NULL),
(1, 'recurring_106', 'user_sms_originator_new', NULL),
(1, 'recurring_106', 'user_sms_originator_pending', NULL),
(1, 'recurring_106', 'user_sms_originator_success', NULL),
(1, 'recurring_106', 'user_sms_pending', '0'),
(1, 'recurring_106', 'user_sms_recipient_failure', NULL),
(1, 'recurring_106', 'user_sms_recipient_new', NULL),
(1, 'recurring_106', 'user_sms_recipient_pending', NULL),
(1, 'recurring_106', 'user_sms_recipient_success', NULL),
(1, 'recurring_106', 'user_sms_success', '0'),
(1, 'order_final_106', 'admin_sms_failure', '0'),
(1, 'order_final_106', 'admin_sms_recipient', NULL),
(1, 'order_final_106', 'admin_sms_originator', NULL),
(1, 'order_final_106', 'admin_sms_message', NULL),
(1, 'order_final_106', 'user_sms_success', '0'),
(1, 'order_final_106', 'user_sms_pending', '0'),
(1, 'order_final_106', 'user_sms_failure', '0'),
(1, 'order_final_106', 'user_sms_recipient', NULL),
(1, 'order_final_106', 'user_sms_originator', NULL),
(1, 'order_final_106', 'user_sms_message', NULL),
(1, 'support', 'user_message_type', '0'),
(1, 'support', 'user_message', '{message_text}\r\n\r\nДля ответа, пожалуйста, используйте ссылку ниже\r\n{support_url}'),
(1, 'forum', 'user_notification', '0'),
(1, 'forum', 'user_mail_from', NULL),
(1, 'forum', 'user_mail_cc', NULL),
(1, 'forum', 'user_mail_bcc', NULL),
(1, 'forum', 'user_mail_reply_to', NULL),
(1, 'forum', 'user_mail_return_path', NULL),
(1, 'forum', 'user_subject', 'Новое сообщение в Вашей теме :: {topic}'),
(1, 'forum', 'user_message_type', '0'),
(1, 'forum', 'user_message', '<p>\r\n	Описание темы: {topic_description} Сообщение: {message}</p>\r\n'),
(1, 'ads_notify', 'user_message_type', '0'),
(1, 'ads_notify', 'admin_notification', '1'),
(1, 'ads_notify', 'admin_email', NULL),
(1, 'ads_notify', 'admin_mail_from', NULL),
(1, 'ads_notify', 'cc_emails', NULL),
(1, 'ads_notify', 'admin_mail_bcc', NULL),
(1, 'ads_notify', 'admin_mail_reply_to', NULL),
(1, 'ads_notify', 'admin_mail_return_path', NULL),
(1, 'ads_request', 'user_subject', 'Новое предложение по вашему объявлению: {item_title}'),
(1, 'ads_request', 'user_message_type', '0'),
(1, 'ads_request', 'user_message', '<p>\r\n	Здравствуйте {seller_name}!</p>\r\n<p>\r\n	Вы получили предложение по : {item_title} Цена {offer_price} Сообщение: {offer_message}&nbsp; Ответить: {user_email}</p>\r\n'),
(1, 'ads_tell_friend', 'use_random_image', '0'),
(1, 'registration', 'show_empty_categories', '0'),
(1, 'registration', 'intro_text', NULL),
(1, 'registration', 'final_text', NULL),
(1, 'registration', 'category_id_required', '0'),
(1, 'registration', 'onlist_category_id', '0'),
(1, 'registration', 'show_item_id', '0'),
(1, 'registration', 'item_id_required', '0'),
(1, 'registration', 'onlist_item_id', '0'),
(1, 'registration', 'show_item_name', '0'),
(1, 'registration', 'item_name_required', '0'),
(1, 'registration', 'onlist_item_name', '0'),
(1, 'registration', 'show_item_code', '0'),
(1, 'registration', 'item_code_required', '0'),
(1, 'registration', 'onlist_item_code', '0'),
(1, 'registration', 'show_serial_number', '0'),
(1, 'registration', 'serial_number_required', '0'),
(1, 'registration', 'onlist_serial_number', '0'),
(1, 'registration', 'show_invoice_number', '0'),
(1, 'registration', 'invoice_number_required', '0'),
(1, 'registration', 'onlist_invoice_number', '0'),
(1, 'registration', 'show_store_name', '0'),
(1, 'registration', 'store_name_required', '0'),
(1, 'registration', 'onlist_store_name', '0'),
(1, 'registration', 'show_purchased_day', '0'),
(1, 'registration', 'purchased_day_required', '0'),
(1, 'registration', 'onlist_purchased_day', '0'),
(1, 'registration', 'show_purchased_month', '0'),
(1, 'registration', 'purchased_month_required', '0'),
(1, 'registration', 'onlist_purchased_month', '0'),
(1, 'registration', 'show_purchased_year', '0'),
(1, 'registration', 'purchased_year_required', '0'),
(1, 'registration', 'onlist_purchased_year', '0'),
(1, 'registration', 'placed_admin_notification', '0'),
(1, 'registration', 'placed_admin_email', NULL),
(1, 'registration', 'placed_admin_mail_from', NULL),
(1, 'registration', 'placed_admin_mail_cc', NULL),
(1, 'registration', 'placed_admin_mail_bcc', NULL),
(1, 'registration', 'placed_admin_mail_reply_to', NULL),
(1, 'registration', 'placed_admin_mail_return_path', NULL),
(1, 'registration', 'placed_admin_subject', NULL),
(1, 'registration', 'placed_admin_message_type', NULL),
(1, 'registration', 'placed_admin_message', NULL),
(1, 'registration', 'placed_user_notification', '0'),
(1, 'registration', 'placed_user_email', NULL),
(1, 'registration', 'placed_user_mail_from', NULL),
(1, 'registration', 'placed_user_mail_cc', NULL),
(1, 'registration', 'placed_user_mail_bcc', NULL),
(1, 'registration', 'placed_user_mail_reply_to', NULL),
(1, 'registration', 'placed_user_mail_return_path', NULL),
(1, 'registration', 'placed_user_subject', NULL),
(1, 'registration', 'placed_user_message_type', NULL),
(1, 'registration', 'placed_user_message', NULL),
(1, 'registration', 'approved_admin_notification', '0'),
(1, 'registration', 'approved_admin_email', NULL),
(1, 'registration', 'approved_admin_mail_from', NULL),
(1, 'registration', 'approved_admin_mail_cc', NULL),
(1, 'registration', 'approved_admin_mail_bcc', NULL),
(1, 'registration', 'approved_admin_mail_reply_to', NULL),
(1, 'registration', 'approved_admin_mail_return_path', NULL),
(1, 'registration', 'approved_admin_subject', NULL),
(1, 'registration', 'approved_admin_message_type', NULL),
(1, 'registration', 'approved_admin_message', NULL),
(1, 'registration', 'approved_user_notification', '0'),
(1, 'registration', 'approved_user_email', NULL),
(1, 'registration', 'approved_user_mail_from', NULL),
(1, 'registration', 'approved_user_mail_cc', NULL),
(1, 'registration', 'approved_user_mail_bcc', NULL),
(1, 'registration', 'approved_user_mail_reply_to', NULL),
(1, 'registration', 'approved_user_mail_return_path', NULL),
(1, 'registration', 'approved_user_subject', NULL),
(1, 'registration', 'approved_user_message_type', NULL),
(1, 'registration', 'approved_user_message', NULL),
(1, 'registration', 'declined_admin_notification', '0'),
(1, 'registration', 'declined_admin_email', NULL),
(1, 'registration', 'declined_admin_mail_from', NULL),
(1, 'registration', 'declined_admin_mail_cc', NULL),
(1, 'registration', 'declined_admin_mail_bcc', NULL),
(1, 'registration', 'declined_admin_mail_reply_to', NULL),
(1, 'registration', 'declined_admin_mail_return_path', NULL),
(1, 'registration', 'declined_admin_subject', NULL),
(1, 'registration', 'declined_admin_message_type', NULL),
(1, 'registration', 'declined_admin_message', NULL),
(1, 'registration', 'declined_user_notification', '0'),
(1, 'registration', 'declined_user_email', NULL),
(1, 'registration', 'declined_user_mail_from', NULL),
(1, 'registration', 'declined_user_mail_cc', NULL),
(1, 'registration', 'declined_user_mail_bcc', NULL),
(1, 'registration', 'declined_user_mail_reply_to', NULL),
(1, 'registration', 'declined_user_mail_return_path', NULL),
(1, 'registration', 'declined_user_subject', NULL),
(1, 'registration', 'declined_user_message_type', NULL),
(1, 'registration', 'declined_user_message', NULL),
(1, 'forgotten_password', 'md5_subject', 'Инструкция по изменению пароля'),
(1, 'forgotten_password', 'md5_message', '<p>\r\n	Для изменения пароля пройдите по ссылке: {reset_password_url}</p>\r\n'),
(1, 'user_profile_1', 'admin_mail_from', NULL),
(1, 'order_info', 'predefined_mail_body', NULL),
(1, 'order_info', 'predefined_mail_reply_to', NULL),
(1, 'order_info', 'predefined_mail_return_path', NULL),
(1, 'order_info', 'call_center_delivery_address2_required', '0'),
(1, 'order_info', 'call_center_delivery_city_required', '0'),
(1, 'order_info', 'call_center_delivery_province_required', '0'),
(1, 'order_info', 'call_center_delivery_state_id_required', '0'),
(1, 'order_info', 'call_center_delivery_zip_required', '0'),
(1, 'order_info', 'call_center_delivery_country_id_required', '0'),
(1, 'order_info', 'call_center_delivery_phone_required', '0'),
(1, 'order_info', 'call_center_delivery_daytime_phone_required', '0'),
(1, 'order_info', 'call_center_delivery_evening_phone_required', '0'),
(1, 'order_info', 'call_center_delivery_cell_phone_required', '0'),
(1, 'order_info', 'call_center_delivery_fax_required', '0'),
(1, 'order_info', 'subscribe_block', '0'),
(1, 'order_info', 'admin_notification', '0'),
(1, 'order_info', 'admin_email', NULL),
(1, 'order_info', 'admin_mail_from', NULL),
(1, 'order_info', 'cc_emails', NULL),
(1, 'order_info', 'admin_mail_bcc', NULL),
(1, 'order_info', 'admin_mail_reply_to', NULL),
(1, 'order_info', 'admin_mail_return_path', NULL),
(1, 'order_info', 'admin_subject', 'Новый заказ №{order_id}'),
(1, 'order_info', 'admin_message_type', '0'),
(1, 'order_info', 'admin_message', '{basket}'),
(1, 'order_info', 'user_notification', '0'),
(1, 'order_info', 'user_mail_from', NULL),
(1, 'order_info', 'user_mail_cc', NULL),
(1, 'order_info', 'user_mail_bcc', NULL),
(1, 'order_info', 'user_mail_reply_to', NULL),
(1, 'order_info', 'user_mail_return_path', NULL),
(1, 'order_info', 'user_subject', NULL),
(1, 'order_info', 'user_message_type', '0'),
(1, 'order_info', 'user_message', NULL),
(1, 'order_info', 'admin_sms_notification', '0'),
(1, 'order_info', 'admin_sms_recipient', NULL),
(1, 'order_info', 'admin_sms_originator', NULL),
(1, 'order_info', 'admin_sms_message', NULL),
(1, 'vi_requisites', 'blank_116_generate', '1'),
(1, 'user_product_2', 'user_mail_bcc', NULL),
(1, 'user_product_2', 'user_mail_reply_to', NULL),
(1, 'user_product_2', 'user_mail_return_path', NULL),
(1, 'user_product_2', 'user_subject', NULL),
(1, 'user_product_2', 'admin_subject', NULL),
(1, 'user_product_2', 'admin_message_type', NULL),
(1, 'user_product_2', 'show_component_on_checkout', '0'),
(1, 'user_product_2', 'show_component_control_style', '0'),
(1, 'user_product_2', 'show_component_start_html', '0'),
(1, 'user_product_2', 'show_component_middle_html', '0'),
(1, 'user_product_2', 'show_component_before_control_html', '0'),
(1, 'user_product_2', 'show_component_after_control_html', '0'),
(1, 'user_product_2', 'show_component_end_html', '0'),
(1, 'user_product_2', 'show_component_onchange_code', '0'),
(1, 'user_product_2', 'show_component_onclick_code', '0'),
(1, 'user_product_2', 'show_component_control_code', '0'),
(1, 'user_product_2', 'show_component_trade_price', '0'),
(1, 'user_product_2', 'admin_notification', '0'),
(1, 'user_product_2', 'admin_email', NULL),
(1, 'user_product_2', 'admin_mail_from', NULL),
(1, 'user_product_2', 'cc_emails', NULL),
(1, 'user_product_2', 'admin_mail_bcc', NULL),
(1, 'user_product_2', 'admin_mail_reply_to', NULL),
(1, 'user_product_2', 'admin_mail_return_path', NULL),
(1, 'user_product_2', 'show_component_on_second', '0'),
(1, 'user_product_2', 'show_component_on_list', '0'),
(1, 'user_product_2', 'show_component_on_details', '0'),
(1, 'user_product_2', 'show_component_on_table', '0'),
(1, 'user_product_2', 'show_component_on_grid', '0'),
(1, 'user_product_2', 'component_on_second_default', '0'),
(1, 'user_product_2', 'component_on_checkout_default', '0'),
(1, 'user_product_2', 'component_on_table_default', '0'),
(1, 'user_product_2', 'component_on_grid_default', '0'),
(1, 'user_product_2', 'component_on_details_default', '0'),
(1, 'user_product_2', 'show_option_start_html', '0'),
(1, 'user_product_2', 'show_option_middle_html', '0'),
(1, 'user_product_2', 'show_option_before_control_html', '0'),
(1, 'user_product_2', 'show_option_after_control_html', '0'),
(1, 'user_product_2', 'show_option_end_html', '0'),
(1, 'user_product_2', 'show_option_onchange_code', '0'),
(1, 'user_product_2', 'show_option_onclick_code', '0'),
(1, 'user_product_2', 'show_option_control_code', '0'),
(1, 'user_product_2', 'show_option_values', '1'),
(1, 'user_product_2', 'show_option_value_prices', '0'),
(1, 'user_product_2', 'show_option_value_trade_prices', '0'),
(1, 'user_product_2', 'show_option_value_weight', '0'),
(1, 'user_product_2', 'show_option_value_levels', '0'),
(1, 'user_product_2', 'show_option_value_downloads', '0'),
(1, 'user_product_2', 'allow_subcomponents', '1'),
(1, 'user_product_2', 'allow_subcomponents_selection', '1'),
(1, 'user_product_2', 'show_component_property_style', '0'),
(1, 'user_product_2', 'component_on_list_default', '0'),
(1, 'user_product_2', 'show_option_control_style', '0'),
(1, 'user_product_2', 'sms_recipient_required', '0'),
(1, 'user_product_2', 'show_sms_originator', '1'),
(1, 'user_product_2', 'sms_originator_required', '0'),
(1, 'user_product_2', 'show_sms_message', '1'),
(1, 'user_product_2', 'sms_message_required', '0'),
(1, 'user_product_2', 'show_votes', '0'),
(1, 'user_product_2', 'votes_required', '0'),
(1, 'user_product_2', 'show_points', '0'),
(1, 'user_product_2', 'points_required', '0'),
(1, 'user_product_2', 'show_notes', '0'),
(1, 'user_product_2', 'notes_required', '0'),
(1, 'user_product_2', 'show_buy_link', '0'),
(1, 'user_product_2', 'buy_link_required', '0'),
(1, 'user_product_2', 'features_editor', '1'),
(1, 'user_product_2', 'short_description_editor', '1'),
(1, 'user_product_2', 'full_description_editor', '1'),
(1, 'user_product_2', 'special_offer_editor', '1'),
(1, 'user_product_2', 'notes_editor', NULL),
(1, 'user_product_2', 'allow_options', '1'),
(1, 'user_product_2', 'show_option_property_style', '1'),
(1, 'user_product_2', 'option_on_list_default', '0'),
(1, 'user_product_2', 'option_on_details_default', '0'),
(1, 'user_product_2', 'option_on_table_default', '0'),
(1, 'user_product_2', 'option_on_grid_default', '0'),
(1, 'user_product_2', 'option_on_second_default', '0'),
(1, 'user_product_2', 'option_on_checkout_default', '0'),
(1, 'user_product_2', 'show_option_on_list', '0'),
(1, 'user_product_2', 'show_option_on_details', '0'),
(1, 'user_product_2', 'show_option_on_table', '0'),
(1, 'user_product_2', 'show_option_on_grid', '0'),
(1, 'user_product_2', 'show_option_on_second', '0'),
(1, 'user_product_2', 'mail_subject_required', '0'),
(1, 'user_product_2', 'show_mail_type', '1'),
(1, 'user_product_2', 'mail_type_required', '0'),
(1, 'user_product_2', 'show_mail_body', '1'),
(1, 'user_product_2', 'mail_body_required', '0'),
(1, 'user_product_2', 'show_sms_notify', '1'),
(1, 'user_product_2', 'sms_notify_required', '0'),
(1, 'user_product_2', 'show_sms_recipient', '1'),
(1, 'user_product_2', 'mail_reply_to_required', '0'),
(1, 'user_product_2', 'show_mail_return_path', '1'),
(1, 'user_product_2', 'mail_return_path_required', '0'),
(1, 'user_product_2', 'show_mail_subject', '1'),
(1, 'user_product_2', 'show_min_quantity', '1'),
(1, 'user_product_2', 'min_quantity_required', '0'),
(1, 'user_product_2', 'show_max_quantity', '1'),
(1, 'user_product_2', 'max_quantity_required', '0'),
(1, 'user_product_2', 'show_quantity_increment', '1'),
(1, 'user_product_2', 'quantity_increment_required', '0'),
(1, 'user_product_2', 'show_is_shipping_free', '1'),
(1, 'user_product_2', 'is_shipping_free_required', '0'),
(1, 'user_product_2', 'show_shipping_cost', '1'),
(1, 'user_product_2', 'shipping_cost_required', '0'),
(1, 'user_product_2', 'show_shipping_in_stock', '1'),
(1, 'user_product_2', 'shipping_in_stock_required', '0'),
(1, 'user_product_2', 'show_shipping_out_stock', '1'),
(1, 'user_product_2', 'shipping_out_stock_required', '0'),
(1, 'user_product_2', 'show_shipping_rule_id', '1'),
(1, 'user_product_2', 'shipping_rule_id_required', '0'),
(1, 'user_product_2', 'show_downloadable', '1'),
(1, 'user_product_2', 'downloadable_required', '0'),
(1, 'user_product_2', 'show_download_show_terms', '1'),
(1, 'user_product_2', 'download_show_terms_required', '0'),
(1, 'user_product_2', 'show_download_terms_text', '1'),
(1, 'user_product_2', 'download_terms_text_required', '0'),
(1, 'user_product_2', 'show_generate_serial', '1'),
(1, 'user_product_2', 'generate_serial_required', '0'),
(1, 'user_product_2', 'show_serial_period', '1'),
(1, 'user_product_2', 'serial_period_required', '0'),
(1, 'user_product_2', 'show_activations_number', '1'),
(1, 'user_product_2', 'activations_number_required', '0'),
(1, 'user_product_2', 'show_predefined_serials', '1'),
(1, 'user_product_2', 'predefined_serials_required', '0'),
(1, 'user_product_2', 'show_is_special_offer', '1'),
(1, 'user_product_2', 'is_special_offer_required', '0'),
(1, 'user_product_2', 'show_special_offer', '1'),
(1, 'user_product_2', 'special_offer_required', '0'),
(1, 'user_product_2', 'show_mail_notify', '1'),
(1, 'user_product_2', 'mail_notify_required', '0'),
(1, 'user_product_2', 'show_mail_to', '1'),
(1, 'user_product_2', 'mail_to_required', '0'),
(1, 'user_product_2', 'show_mail_from', '1'),
(1, 'user_product_2', 'mail_from_required', '0'),
(1, 'user_product_2', 'show_mail_cc', '1'),
(1, 'user_product_2', 'mail_cc_required', '0'),
(1, 'user_product_2', 'show_mail_bcc', '1'),
(1, 'user_product_2', 'mail_bcc_required', '0'),
(1, 'user_product_2', 'show_mail_reply_to', '1'),
(1, 'user_product_2', 'features_required', '0'),
(1, 'user_product_2', 'show_short_description', '1'),
(1, 'user_product_2', 'short_description_required', '0'),
(1, 'user_product_2', 'show_full_description', '1'),
(1, 'user_product_2', 'full_description_required', '0'),
(1, 'user_product_2', 'show_meta_title', '1'),
(1, 'user_product_2', 'meta_title_required', '0'),
(1, 'user_product_2', 'show_meta_keywords', '1'),
(1, 'user_product_2', 'meta_keywords_required', '0'),
(1, 'user_product_2', 'show_meta_description', '1'),
(1, 'user_product_2', 'meta_description_required', '0'),
(1, 'user_product_2', 'show_tiny_image', '1'),
(1, 'user_product_2', 'tiny_image_required', '0'),
(1, 'user_product_2', 'show_tiny_image_alt', '1'),
(1, 'user_product_2', 'tiny_image_alt_required', '0'),
(1, 'user_product_2', 'show_small_image', '1'),
(1, 'user_product_2', 'small_image_required', '0'),
(1, 'user_product_2', 'show_small_image_alt', '1'),
(1, 'user_product_2', 'small_image_alt_required', '0'),
(1, 'user_product_2', 'show_big_image', '1'),
(1, 'user_product_2', 'big_image_required', '0'),
(1, 'user_product_2', 'show_big_image_alt', '1'),
(1, 'user_product_2', 'big_image_alt_required', '0'),
(1, 'user_product_2', 'show_super_image', '1'),
(1, 'user_product_2', 'super_image_required', '0'),
(1, 'user_product_2', 'show_template_name', '1'),
(1, 'user_product_2', 'template_name_required', '0'),
(1, 'user_product_2', 'show_hide_add_list', '1'),
(1, 'user_product_2', 'hide_add_list_required', '0'),
(1, 'user_product_2', 'show_hide_add_details', '1'),
(1, 'user_product_2', 'hide_add_details_required', '0'),
(1, 'user_product_2', 'show_hide_add_table', '1'),
(1, 'user_product_2', 'hide_add_table_required', '0'),
(1, 'user_product_2', 'show_hide_add_grid', '1'),
(1, 'user_product_2', 'hide_add_grid_required', '0'),
(1, 'user_product_2', 'show_preview_url', '1'),
(1, 'user_product_2', 'preview_url_required', '0'),
(1, 'user_product_2', 'show_preview_width', '1'),
(1, 'user_product_2', 'preview_width_required', '0'),
(1, 'user_product_2', 'show_preview_height', '1'),
(1, 'user_product_2', 'preview_height_required', '0'),
(1, 'user_product_2', 'show_use_stock_level', '1'),
(1, 'user_product_2', 'use_stock_level_required', '0'),
(1, 'user_product_2', 'show_stock_level', '1'),
(1, 'user_product_2', 'stock_level_required', '0'),
(1, 'user_product_2', 'show_hide_out_of_stock', '1'),
(1, 'user_product_2', 'hide_out_of_stock_required', '0'),
(1, 'user_product_2', 'show_disable_out_of_stock', '1'),
(1, 'user_product_2', 'disable_out_of_stock_required', '0'),
(1, 'user_product_2', 'user_message_type', NULL),
(1, 'user_product_2', 'user_message', NULL),
(1, 'user_product_2', 'admin_sms_notification', '0'),
(1, 'user_product_2', 'admin_sms_recipient', NULL),
(1, 'user_product_2', 'admin_sms_originator', NULL),
(1, 'user_product_2', 'admin_sms_message', NULL),
(1, 'user_product_2', 'user_sms_notification', '0'),
(1, 'user_product_2', 'user_sms_recipient', NULL),
(1, 'user_product_2', 'user_sms_originator', NULL),
(1, 'user_product_2', 'user_sms_message', NULL),
(1, 'user_product_2', 'user_allow_select_sites', '0'),
(1, 'user_product_2', 'user_allow_select_user_types', '0'),
(1, 'products_reviews', 'user_mail_return_path', NULL),
(1, 'products_reviews', 'user_subject', NULL),
(1, 'products_reviews', 'user_message_type', NULL),
(1, 'products_reviews', 'admin_subject', NULL),
(1, 'products_reviews', 'admin_message_type', NULL),
(1, 'products_reviews', 'admin_message', NULL),
(1, 'products_reviews', 'user_notification', '0'),
(1, 'products_reviews', 'user_mail_from', NULL),
(1, 'order_final_63', 'user_sms_pending', '0'),
(1, 'order_final_63', 'user_sms_failure', '0'),
(1, 'order_final_63', 'user_sms_recipient', NULL),
(1, 'order_final_63', 'user_sms_originator', NULL),
(1, 'order_final_103', 'admin_sms_pending', '0'),
(1, 'order_final_103', 'admin_sms_failure', '0'),
(1, 'order_final_103', 'admin_sms_recipient', NULL),
(1, 'order_final_103', 'admin_sms_originator', NULL),
(1, 'order_final_103', 'admin_sms_message', NULL),
(1, 'order_final_103', 'user_sms_success', '0'),
(1, 'order_final_103', 'user_sms_pending', '0'),
(1, 'order_final_103', 'user_sms_failure', '0'),
(1, 'order_final_103', 'user_sms_recipient', NULL),
(1, 'order_final_103', 'user_sms_originator', NULL),
(1, 'order_final_103', 'user_sms_message', NULL),
(1, 'user_product_1', 'show_option_value_trade_prices', '1'),
(1, 'user_product_1', 'show_option_on_grid', '1'),
(1, 'user_product_1', 'show_option_on_second', '1'),
(1, 'user_product_1', 'show_option_on_checkout', '1'),
(1, 'user_product_1', 'show_option_control_style', '1'),
(1, 'user_product_1', 'show_option_start_html', '1'),
(1, 'user_product_1', 'show_option_middle_html', '1'),
(1, 'user_product_1', 'show_option_before_control_html', '1'),
(1, 'user_product_1', 'show_option_after_control_html', '1'),
(1, 'user_product_1', 'show_option_end_html', '1'),
(1, 'user_product_1', 'show_option_onchange_code', '1'),
(1, 'user_product_1', 'show_option_onclick_code', '1'),
(1, 'user_product_1', 'show_option_control_code', '1'),
(1, 'user_product_1', 'show_option_values', '1'),
(1, 'user_product_1', 'show_option_value_prices', '1'),
(1, 'user_product_1', 'products_limit', NULL),
(1, 'user_product_1', 'categories_number', NULL),
(1, 'user_product_1', 'can_select_folder', '0'),
(1, 'user_product_1', 'uploads_subfolder', NULL),
(1, 'user_product_1', 'min_price_limit', NULL),
(1, 'user_product_1', 'max_price_limit', NULL),
(1, 'user_product_1', 'activate_products', '0'),
(1, 'user_product_1', 'deactivate_products', '0'),
(1, 'user_product_1', 'show_terms', '0'),
(1, 'user_product_1', 'terms_text', NULL),
(1, 'user_product_1', 'show_is_showing', '1'),
(1, 'user_product_1', 'is_showing_required', '0'),
(1, 'user_product_1', 'show_item_order', '1'),
(1, 'user_product_1', 'item_order_required', '0'),
(1, 'user_product_1', 'show_item_code', '1'),
(1, 'user_product_1', 'item_code_required', '0'),
(1, 'user_product_1', 'show_friendly_url', '1'),
(1, 'user_product_1', 'friendly_url_required', '0'),
(1, 'user_product_1', 'show_manufacturer_id', '1'),
(1, 'user_product_1', 'manufacturer_id_required', '0'),
(1, 'user_product_1', 'show_manufacturer_code', '1'),
(1, 'user_product_1', 'manufacturer_code_required', '0'),
(1, 'user_product_1', 'show_weight', '1'),
(1, 'user_product_1', 'weight_required', '0'),
(1, 'user_product_1', 'show_issue_date', '1'),
(1, 'user_product_1', 'issue_date_required', '0'),
(1, 'user_product_1', 'show_is_compared', '1'),
(1, 'user_product_1', 'is_compared_required', '0'),
(1, 'user_product_1', 'show_tax_free', '1'),
(1, 'user_product_1', 'tax_free_required', '0'),
(1, 'user_product_1', 'show_language_code', '1'),
(1, 'user_product_1', 'language_code_required', '0'),
(1, 'user_product_1', 'show_is_price_edit', '1'),
(1, 'user_product_1', 'is_price_edit_required', '0'),
(1, 'user_product_1', 'show_price', '1'),
(1, 'user_product_1', 'price_required', '0'),
(1, 'user_product_1', 'show_trade_price', '1'),
(1, 'user_product_1', 'trade_price_required', '0'),
(1, 'user_product_1', 'show_is_sales', '1'),
(1, 'user_product_1', 'is_sales_required', '0'),
(1, 'user_product_1', 'show_buying_price', '1'),
(1, 'user_product_1', 'buying_price_required', '0'),
(1, 'user_product_1', 'show_properties_price', '1'),
(1, 'user_product_1', 'properties_price_required', '0'),
(1, 'user_product_1', 'show_trade_properties_price', '1'),
(1, 'user_product_1', 'trade_properties_price_required', '0'),
(1, 'user_product_1', 'show_sales_price', '1'),
(1, 'user_product_1', 'sales_price_required', '0'),
(1, 'user_product_1', 'show_trade_sales', '1'),
(1, 'user_product_1', 'trade_sales_required', '0'),
(1, 'user_product_1', 'show_discount_percent', '1'),
(1, 'user_product_1', 'discount_percent_required', '0'),
(1, 'user_product_1', 'show_features', '1'),
(1, 'user_product_1', 'features_required', '0'),
(1, 'user_product_1', 'show_short_description', '1'),
(1, 'user_product_1', 'short_description_required', '0'),
(1, 'user_product_1', 'show_full_description', '1'),
(1, 'user_product_1', 'full_description_required', '0'),
(1, 'user_product_1', 'show_meta_title', '1'),
(1, 'user_product_1', 'meta_title_required', '0'),
(1, 'user_product_1', 'show_meta_keywords', '1'),
(1, 'user_product_1', 'meta_keywords_required', '0'),
(1, 'user_product_1', 'show_meta_description', '1'),
(1, 'user_product_1', 'meta_description_required', '0'),
(1, 'user_product_1', 'show_tiny_image', '1'),
(1, 'user_product_1', 'tiny_image_required', '0'),
(1, 'user_product_1', 'show_tiny_image_alt', '1'),
(1, 'user_product_1', 'tiny_image_alt_required', '0'),
(1, 'user_product_1', 'show_small_image', '1'),
(1, 'user_product_1', 'small_image_required', '0'),
(1, 'user_product_1', 'show_small_image_alt', '1'),
(1, 'user_product_1', 'small_image_alt_required', '0'),
(1, 'user_product_1', 'show_big_image', '1'),
(1, 'user_product_1', 'big_image_required', '0'),
(1, 'user_product_1', 'show_big_image_alt', '1'),
(1, 'user_product_1', 'big_image_alt_required', '0'),
(1, 'user_product_1', 'show_super_image', '1'),
(1, 'user_product_1', 'super_image_required', '0'),
(1, 'user_product_1', 'show_template_name', '1'),
(1, 'user_product_1', 'template_name_required', '0'),
(1, 'user_product_1', 'show_hide_add_list', '1'),
(1, 'user_product_1', 'hide_add_list_required', '0'),
(1, 'user_product_1', 'show_hide_add_details', '1'),
(1, 'user_product_1', 'hide_add_details_required', '0'),
(1, 'user_product_1', 'show_hide_add_table', '1'),
(1, 'user_product_1', 'hide_add_table_required', '0'),
(1, 'user_product_1', 'show_hide_add_grid', '1'),
(1, 'user_product_1', 'hide_add_grid_required', '0'),
(1, 'user_product_1', 'show_preview_url', '1'),
(1, 'user_product_1', 'preview_url_required', '0'),
(1, 'user_product_1', 'show_preview_width', '1'),
(1, 'user_product_1', 'preview_width_required', '0'),
(1, 'user_product_1', 'show_preview_height', '1'),
(1, 'user_product_1', 'preview_height_required', '0'),
(1, 'user_product_1', 'show_use_stock_level', '1'),
(1, 'user_product_1', 'use_stock_level_required', '0'),
(1, 'user_product_1', 'show_stock_level', '1'),
(1, 'user_product_1', 'stock_level_required', '0'),
(1, 'user_product_1', 'show_hide_out_of_stock', '1'),
(1, 'user_product_1', 'hide_out_of_stock_required', '0'),
(1, 'user_product_1', 'show_disable_out_of_stock', '1'),
(1, 'user_product_1', 'disable_out_of_stock_required', '0'),
(1, 'user_product_1', 'show_min_quantity', '1'),
(1, 'user_product_1', 'min_quantity_required', '0'),
(1, 'user_product_1', 'show_max_quantity', '1'),
(1, 'user_product_1', 'max_quantity_required', '0'),
(1, 'user_product_1', 'show_quantity_increment', '1'),
(1, 'user_product_1', 'quantity_increment_required', '0'),
(1, 'user_product_1', 'show_is_shipping_free', '1'),
(1, 'user_product_1', 'is_shipping_free_required', '0'),
(1, 'user_product_1', 'show_shipping_cost', '1'),
(1, 'user_product_1', 'shipping_cost_required', '0'),
(1, 'user_product_1', 'show_shipping_in_stock', '1'),
(1, 'user_product_1', 'shipping_in_stock_required', '0'),
(1, 'user_product_1', 'show_shipping_out_stock', '1'),
(1, 'user_product_1', 'shipping_out_stock_required', '0'),
(1, 'user_product_1', 'show_shipping_rule_id', '1'),
(1, 'user_product_1', 'shipping_rule_id_required', '0'),
(1, 'user_product_1', 'show_downloadable', '1'),
(1, 'user_product_1', 'downloadable_required', '0'),
(1, 'user_product_1', 'show_download_show_terms', '1'),
(1, 'user_product_1', 'download_show_terms_required', '0'),
(1, 'user_product_1', 'show_download_terms_text', '1'),
(1, 'user_product_1', 'download_terms_text_required', '0'),
(1, 'user_product_1', 'show_generate_serial', '1'),
(1, 'user_product_1', 'generate_serial_required', '0'),
(1, 'user_product_1', 'show_serial_period', '1'),
(1, 'user_product_1', 'serial_period_required', '0'),
(1, 'user_product_1', 'show_activations_number', '1'),
(1, 'user_product_1', 'activations_number_required', '0'),
(1, 'user_product_1', 'show_predefined_serials', '1'),
(1, 'user_product_1', 'predefined_serials_required', '0'),
(1, 'user_product_1', 'show_is_special_offer', '1'),
(1, 'user_product_1', 'is_special_offer_required', '0'),
(1, 'user_product_1', 'show_special_offer', '1'),
(1, 'user_product_1', 'special_offer_required', '0'),
(1, 'user_product_1', 'show_mail_notify', '1'),
(1, 'user_product_1', 'mail_notify_required', '0'),
(1, 'user_product_1', 'show_mail_to', '1'),
(1, 'user_product_1', 'mail_to_required', '0'),
(1, 'user_product_1', 'show_mail_from', '1'),
(1, 'user_product_1', 'mail_from_required', '0'),
(1, 'user_product_1', 'show_mail_cc', '1'),
(1, 'user_product_1', 'mail_cc_required', '0'),
(1, 'user_product_1', 'show_mail_bcc', '1'),
(1, 'user_product_1', 'mail_bcc_required', '0'),
(1, 'user_product_1', 'show_mail_reply_to', '1'),
(1, 'user_product_1', 'mail_reply_to_required', '0'),
(1, 'user_product_1', 'show_mail_return_path', '1'),
(1, 'user_product_1', 'mail_return_path_required', '0'),
(1, 'user_product_1', 'show_mail_subject', '1'),
(1, 'user_product_1', 'mail_subject_required', '0'),
(1, 'user_product_1', 'show_mail_type', '1'),
(1, 'user_product_1', 'mail_type_required', '0'),
(1, 'user_product_1', 'show_mail_body', '1'),
(1, 'user_product_1', 'mail_body_required', '0'),
(1, 'user_product_1', 'show_sms_notify', '1'),
(1, 'user_product_1', 'sms_notify_required', '0'),
(1, 'user_product_1', 'show_sms_recipient', '1'),
(1, 'user_product_1', 'sms_recipient_required', '0'),
(1, 'user_product_1', 'show_sms_originator', '1'),
(1, 'user_product_1', 'sms_originator_required', '0'),
(1, 'user_product_1', 'show_sms_message', '1'),
(1, 'user_product_1', 'sms_message_required', '0'),
(1, 'user_product_1', 'show_votes', '1'),
(1, 'user_product_1', 'votes_required', '0'),
(1, 'user_product_1', 'show_points', '1'),
(1, 'user_product_1', 'points_required', '0'),
(1, 'user_product_1', 'show_notes', '1'),
(1, 'user_product_1', 'notes_required', '0'),
(1, 'user_product_1', 'show_buy_link', '1'),
(1, 'user_product_1', 'buy_link_required', '0'),
(1, 'user_product_1', 'features_editor', '1'),
(1, 'user_product_1', 'short_description_editor', '1'),
(1, 'user_product_1', 'full_description_editor', '1'),
(1, 'user_product_1', 'special_offer_editor', '1'),
(1, 'user_product_1', 'notes_editor', '1'),
(1, 'user_product_1', 'allow_options', '1'),
(1, 'user_product_1', 'show_option_property_style', '1'),
(1, 'user_product_1', 'option_on_list_default', '1'),
(1, 'user_product_1', 'option_on_details_default', '1'),
(1, 'user_product_1', 'option_on_table_default', '1'),
(1, 'user_product_1', 'option_on_grid_default', '1'),
(1, 'user_product_1', 'option_on_second_default', '1'),
(1, 'user_product_1', 'option_on_checkout_default', '1'),
(1, 'user_product_1', 'show_option_on_list', '1'),
(1, 'user_product_1', 'show_option_on_details', '1'),
(1, 'user_product_1', 'show_option_on_table', '1'),
(1, 'user_product_1', 'show_option_value_weight', '1'),
(1, 'user_product_1', 'show_option_value_levels', '1'),
(1, 'user_product_1', 'show_option_value_downloads', '1'),
(1, 'user_product_1', 'allow_subcomponents', '1'),
(1, 'user_product_1', 'allow_subcomponents_selection', '1'),
(1, 'user_product_1', 'show_component_property_style', '1'),
(1, 'user_product_1', 'component_on_list_default', '1'),
(1, 'user_product_1', 'component_on_details_default', '1'),
(1, 'user_product_1', 'component_on_table_default', '1'),
(1, 'user_product_1', 'component_on_grid_default', '1'),
(1, 'user_product_1', 'component_on_second_default', '0'),
(1, 'user_product_1', 'component_on_checkout_default', '0'),
(1, 'user_product_1', 'show_component_on_list', '1'),
(1, 'user_product_1', 'show_component_on_details', '1'),
(1, 'user_product_1', 'show_component_on_table', '1'),
(1, 'user_product_1', 'show_component_on_grid', '1'),
(1, 'user_product_1', 'show_component_on_second', '1'),
(1, 'user_product_1', 'show_component_on_checkout', '0'),
(1, 'user_product_1', 'show_component_control_style', '1'),
(1, 'user_product_1', 'show_component_start_html', '1'),
(1, 'user_product_1', 'show_component_middle_html', '1'),
(1, 'user_product_1', 'show_component_before_control_html', '1'),
(1, 'user_product_1', 'show_component_after_control_html', '1'),
(1, 'user_product_1', 'show_component_end_html', '1'),
(1, 'user_product_1', 'show_component_onchange_code', '1'),
(1, 'user_product_1', 'show_component_onclick_code', '1'),
(1, 'user_product_1', 'show_component_control_code', '1'),
(1, 'user_product_1', 'show_component_trade_price', '1'),
(1, 'user_product_1', 'admin_notification', '0'),
(1, 'user_product_1', 'admin_email', NULL),
(1, 'user_product_1', 'admin_mail_from', NULL),
(1, 'user_product_1', 'cc_emails', NULL),
(1, 'user_product_1', 'admin_mail_bcc', NULL),
(1, 'user_product_1', 'admin_mail_reply_to', NULL),
(1, 'user_product_1', 'admin_mail_return_path', NULL),
(1, 'user_product_1', 'admin_subject', NULL),
(1, 'user_product_1', 'admin_message_type', NULL),
(1, 'user_product_1', 'admin_message', NULL),
(1, 'user_product_1', 'user_notification', '0'),
(1, 'user_product_1', 'user_mail_from', NULL),
(1, 'user_product_1', 'user_mail_cc', NULL),
(1, 'user_product_1', 'user_mail_bcc', NULL),
(1, 'user_product_1', 'user_mail_reply_to', NULL),
(1, 'user_product_1', 'user_mail_return_path', NULL),
(1, 'user_product_1', 'user_subject', NULL),
(1, 'user_product_1', 'user_message_type', NULL),
(1, 'user_product_1', 'user_message', NULL),
(1, 'user_product_1', 'admin_sms_notification', '0'),
(1, 'user_product_1', 'admin_sms_recipient', NULL),
(1, 'user_product_1', 'admin_sms_originator', NULL),
(1, 'user_product_1', 'admin_sms_message', NULL),
(1, 'user_product_1', 'user_sms_notification', '0'),
(1, 'user_product_1', 'user_sms_recipient', NULL),
(1, 'user_product_1', 'user_sms_originator', NULL),
(1, 'user_product_1', 'user_sms_message', NULL),
(1, 'user_product_1', 'user_allow_select_sites', '0'),
(1, 'user_product_1', 'user_allow_select_user_types', '0'),
(1, 'credit_card_info_107', 'intro_text', NULL),
(1, 'global', 'google_tracking_code', NULL),
(1, 'products_reviews', 'user_message', NULL),
(1, 'products', 'google_base_ftp_login', NULL),
(1, 'global', 'friendly_urls', '0'),
(1, 'vi_requisites', 'blanks107_7_119_generate', '1'),
(1, 'vi_requisites', 'ip_register_number', 'Серия 99 № 008888888 от 1.12.2012 г.'),
(1, 'vi_requisites', 'org_zip', '350000'),
(1, 'vi_requisites', 'org_address', 'г. Краснодар, ул. Центральная, д. 88, кв. 11'),
(1, 'vi_requisites', 'org_address_fakt', NULL),
(1, 'vi_requisites', 'org_inn', '239999999999'),
(1, 'vi_requisites', 'org_ogrn', '100000000000000'),
(1, 'vi_requisites', 'org_rs', '40000000000000000000'),
(1, 'vi_requisites', 'org_bank_name', 'ОАО КБ "Банк" г. Краснодар'),
(1, 'vi_requisites', 'org_bik', '999999999'),
(1, 'vi_requisites', 'org_ks', '30000000000000000000'),
(1, 'vi_requisites', 'torg12_generate', '1'),
(1, 'vi_requisites', 'sf_generate', '1'),
(1, 'vi_requisites', 'blank_pd4_generate', '1'),
(1, 'vi_requisites', 'org_name', 'ИП Васечкин Анатолий Борисович'),
(1, 'products_reviews', 'user_mail_bcc', NULL),
(1, 'products_reviews', 'user_mail_reply_to', NULL),
(1, 'products', 'meta_keywords_index', '0'),
(1, 'products_tell_friend', 'use_random_image', '1'),
(1, 'products', 'meta_title_rank', NULL),
(1, 'credit_card_info_107', 'show_cc_first_name', '0'),
(1, 'credit_card_info_107', 'show_cc_last_name', '0'),
(1, 'credit_card_info_107', 'show_cc_number', '0'),
(1, 'credit_card_info_107', 'show_cc_start_date', '0'),
(1, 'credit_card_info_107', 'show_cc_expiry_date', '0'),
(1, 'credit_card_info_107', 'show_cc_type', '0'),
(1, 'credit_card_info_107', 'show_cc_issue_number', '0'),
(1, 'credit_card_info_107', 'show_cc_security_code', '0'),
(1, 'credit_card_info_107', 'show_pay_without_cc', '0'),
(1, 'credit_card_info_107', 'cc_name_required', '0'),
(1, 'credit_card_info_107', 'cc_first_name_required', '0'),
(1, 'credit_card_info_107', 'cc_last_name_required', '0'),
(1, 'credit_card_info_107', 'cc_number_required', '0'),
(1, 'credit_card_info_107', 'cc_start_date_required', '0'),
(1, 'credit_card_info_107', 'cc_expiry_date_required', '0'),
(1, 'credit_card_info_107', 'cc_type_required', '0'),
(1, 'credit_card_info_107', 'cc_issue_number_required', '0'),
(1, 'credit_card_info_107', 'cc_security_code_required', '0'),
(1, 'credit_card_info_107', 'pay_without_cc_required', '0'),
(1, 'credit_card_info_107', 'call_center_show_cc_name', '0'),
(1, 'credit_card_info_107', 'call_center_show_cc_first_name', '0'),
(1, 'credit_card_info_107', 'call_center_show_cc_last_name', '0'),
(1, 'credit_card_info_107', 'call_center_show_cc_number', '0'),
(1, 'credit_card_info_107', 'call_center_show_cc_start_date', '0'),
(1, 'credit_card_info_107', 'call_center_show_cc_expiry_date', '0'),
(1, 'credit_card_info_107', 'call_center_show_cc_type', '0'),
(1, 'credit_card_info_107', 'call_center_show_cc_issue_number', '0'),
(1, 'credit_card_info_107', 'call_center_show_cc_security_code', '0'),
(1, 'credit_card_info_107', 'call_center_show_pay_without_cc', '0'),
(1, 'credit_card_info_107', 'call_center_cc_name_required', '0'),
(1, 'credit_card_info_107', 'call_center_cc_first_name_required', '0'),
(1, 'credit_card_info_107', 'call_center_cc_last_name_required', '0'),
(1, 'credit_card_info_107', 'call_center_cc_number_required', '0'),
(1, 'credit_card_info_107', 'call_center_cc_start_date_required', '0'),
(1, 'credit_card_info_107', 'call_center_cc_expiry_date_required', '0'),
(1, 'credit_card_info_107', 'call_center_cc_type_required', '0'),
(1, 'credit_card_info_107', 'call_center_cc_issue_number_required', '0'),
(1, 'credit_card_info_107', 'call_center_cc_security_code_required', '0'),
(1, 'credit_card_info_107', 'call_center_pay_without_cc_required', '0'),
(1, 'credit_card_info_107', 'cc_allowed', NULL),
(1, 'credit_card_info_107', 'cc_forbidden', NULL),
(1, 'credit_card_info_107', 'cc_number_split', '0'),
(1, 'credit_card_info_107', 'cc_number_security', NULL),
(1, 'credit_card_info_107', 'cc_code_security', NULL),
(1, 'credit_card_info_107', 'admin_notification', '0'),
(1, 'credit_card_info_107', 'admin_notification_pgp', '0'),
(1, 'credit_card_info_107', 'admin_email', NULL),
(1, 'credit_card_info_107', 'admin_mail_from', NULL),
(1, 'credit_card_info_107', 'cc_emails', NULL),
(1, 'credit_card_info_107', 'admin_mail_bcc', NULL),
(1, 'credit_card_info_107', 'admin_mail_reply_to', NULL),
(1, 'credit_card_info_107', 'admin_mail_return_path', NULL),
(1, 'credit_card_info_107', 'admin_subject', NULL),
(1, 'credit_card_info_107', 'admin_message_type', NULL),
(1, 'credit_card_info_107', 'admin_message', NULL),
(1, 'credit_card_info_107', 'admin_sms_notification', '0'),
(1, 'credit_card_info_107', 'admin_sms_recipient', NULL),
(1, 'credit_card_info_107', 'admin_sms_originator', NULL),
(1, 'credit_card_info_107', 'admin_sms_message', NULL),
(1, 'order_final_63', 'user_sms_success', '0'),
(1, 'order_final_63', 'admin_sms_message', NULL),
(1, 'order_final_63', 'admin_sms_recipient', NULL),
(1, 'order_final_63', 'admin_sms_originator', NULL),
(1, 'order_final_63', 'admin_sms_success', '0'),
(1, 'order_final_63', 'admin_sms_pending', '0'),
(1, 'order_final_63', 'admin_sms_failure', '0'),
(1, 'products', 'user_generate_small_image', '0'),
(1, 'global', 'online_time', NULL),
(1, 'order_info', 'user_sms_message', NULL),
(1, 'order_info', 'user_sms_originator', NULL),
(1, 'order_info', 'user_sms_notification', '0'),
(1, 'products', 'manufacturer_code_index', '0'),
(1, 'products', 'manufacturer_code_rank', NULL),
(1, 'products', 'google_base_description', NULL),
(1, 'products', 'meta_keywords_type', '1'),
(1, 'global', 'secure_admin_order_create', '0'),
(1, 'global', 'secure_order_profile', '0'),
(1, 'global', 'secure_payments', '0'),
(1, 'global', 'secure_merchant_order', '0'),
(1, 'global', 'ssl_admin_order_details', '0'),
(1, 'global', 'tracking_visits', '0'),
(1, 'global', 'tracking_pages', '0'),
(1, 'global', 'html_editor_ads', '2'),
(1, 'global', 'html_editor_products', '2'),
(1, 'global', 'site_url', 'http://41re.ss/'),
(1, 'global', 'full_image_url', '0'),
(1, 'global', 'admin_email', 'www@rrr.vb'),
(1, 'global', 'country_id', '188'),
(1, 'global', 'state_id', NULL),
(1, 'global', 'use_default_language', '1'),
(1, 'global', 'phone_code_select', '0'),
(1, 'global', 'layout_id', '16'),
(1, 'global', 'password_encrypt', '0'),
(1, 'global', 'admin_password_encrypt', '0'),
(1, 'global', 'weight_measure', 'кг'),
(1, 'global', 'html_editor', '2'),
(1, 'global', 'smtp_username', 'admin'),
(1, 'global', 'smtp_password', '123456'),
(1, 'global', 'email_additional_headers', NULL),
(1, 'global', 'email_additional_parameters', NULL),
(1, 'global', 'pgp_binary', NULL),
(1, 'global', 'pgp_home', NULL),
(1, 'global', 'pgp_tmp', NULL),
(1, 'global', 'pgp_keyserver', NULL),
(1, 'global', 'pgp_proxy', NULL),
(1, 'global', 'pgp_ascii', '0'),
(1, 'site_map', 'site_map_custom_pages', '1'),
(1, 'site_map', 'site_map_folder', 'Z:\\home\\41re.ss\\www\\admin/../'),
(1, 'site_map', 'site_map_records_per_page', '25'),
(1, 'site_map', 'site_map_categories', '1'),
(1, 'site_map', 'site_map_items', '1'),
(1, 'site_map', 'site_map_forums', '1'),
(1, 'site_map', 'site_map_forum_categories', '1'),
(1, 'site_map', 'site_map_ad_categories', '1'),
(1, 'site_map', 'site_map_ads', '1'),
(1, 'site_map', 'site_map_manuals', '1'),
(1, 'site_map', 'site_map_manual_articles', '0'),
(1, 'site_map', 'site_map_manual_categories', '1'),
(1, 'global', 'site_offline', NULL),
(1, 'global', 'offline_message', NULL),
(1, 'site_map', 'site_map_articles_categories_31', '0'),
(1, 'site_map', 'site_map_articles_31', '0'),
(1, 'user_profile_2', 'use_random_image', NULL),
(1, 'user_profile_2', 'intro_text_new', NULL),
(1, 'user_profile_2', 'registration_redirect', NULL),
(1, 'user_profile_2', 'intro_text_registered', NULL),
(1, 'user_profile_2', 'update_redirect', NULL),
(1, 'user_profile_2', 'login_field_type', NULL),
(1, 'user_profile_2', 'show_nickname', '0'),
(1, 'user_profile_2', 'nickname_required', '0'),
(1, 'user_profile_2', 'show_name', '0'),
(1, 'user_profile_2', 'show_first_name', '0'),
(1, 'user_profile_2', 'show_last_name', '0'),
(1, 'user_profile_2', 'show_company_id', '0'),
(1, 'user_profile_2', 'show_company_name', '1'),
(1, 'user_profile_2', 'show_email', '1'),
(1, 'user_profile_2', 'show_address1', '1'),
(1, 'user_profile_2', 'show_address2', '0'),
(1, 'user_profile_2', 'show_city', '0'),
(1, 'user_profile_2', 'show_province', '0'),
(1, 'user_profile_2', 'show_state_id', '0'),
(1, 'user_profile_2', 'show_zip', '1'),
(1, 'user_profile_2', 'show_country_id', '0'),
(1, 'user_profile_2', 'show_phone', '0'),
(1, 'user_profile_2', 'show_daytime_phone', '0'),
(1, 'user_profile_2', 'show_evening_phone', '0'),
(1, 'user_profile_2', 'show_cell_phone', '1'),
(1, 'user_profile_2', 'show_fax', '0'),
(1, 'user_profile_2', 'show_delivery_name', '0'),
(1, 'user_profile_2', 'show_delivery_first_name', '0'),
(1, 'user_profile_2', 'show_delivery_last_name', '0'),
(1, 'user_profile_2', 'show_delivery_company_id', '0'),
(1, 'user_profile_2', 'show_delivery_company_name', '1'),
(1, 'user_profile_2', 'show_delivery_email', '1'),
(1, 'user_profile_2', 'show_delivery_address1', '1'),
(1, 'user_profile_2', 'show_delivery_address2', '0'),
(1, 'user_profile_2', 'show_delivery_city', '0'),
(1, 'user_profile_2', 'show_delivery_province', '0'),
(1, 'user_profile_2', 'show_delivery_state_id', '0'),
(1, 'user_profile_2', 'show_delivery_zip', '1'),
(1, 'user_profile_2', 'show_delivery_country_id', '0'),
(1, 'user_profile_2', 'show_delivery_phone', '0');
INSERT INTO `va_global_settings` (`site_id`, `setting_type`, `setting_name`, `setting_value`) VALUES
(1, 'user_profile_2', 'show_delivery_daytime_phone', '0'),
(1, 'user_profile_2', 'show_delivery_evening_phone', '0'),
(1, 'user_profile_2', 'show_delivery_cell_phone', '1'),
(1, 'user_profile_2', 'show_delivery_fax', '0'),
(1, 'user_profile_2', 'name_required', '0'),
(1, 'user_profile_2', 'first_name_required', '0'),
(1, 'user_profile_2', 'last_name_required', '0'),
(1, 'user_profile_2', 'company_id_required', '0'),
(1, 'user_profile_2', 'company_name_required', '1'),
(1, 'user_profile_2', 'email_required', '1'),
(1, 'user_profile_2', 'address1_required', '1'),
(1, 'user_profile_2', 'address2_required', '0'),
(1, 'user_profile_2', 'city_required', '0'),
(1, 'user_profile_2', 'province_required', '0'),
(1, 'user_profile_2', 'state_id_required', '0'),
(1, 'user_profile_2', 'zip_required', '1'),
(1, 'user_profile_2', 'country_id_required', '0'),
(1, 'user_profile_2', 'phone_required', '0'),
(1, 'user_profile_2', 'daytime_phone_required', '0'),
(1, 'user_profile_2', 'evening_phone_required', '0'),
(1, 'user_profile_2', 'cell_phone_required', '1'),
(1, 'user_profile_2', 'fax_required', '0'),
(1, 'user_profile_2', 'name_order', NULL),
(1, 'user_profile_2', 'first_name_order', NULL),
(1, 'user_profile_2', 'last_name_order', NULL),
(1, 'user_profile_2', 'company_id_order', NULL),
(1, 'user_profile_2', 'company_name_order', NULL),
(1, 'user_profile_2', 'email_order', NULL),
(1, 'user_profile_2', 'address1_order', NULL),
(1, 'user_profile_2', 'address2_order', NULL),
(1, 'user_profile_2', 'city_order', NULL),
(1, 'user_profile_2', 'province_order', NULL),
(1, 'user_profile_2', 'state_id_order', NULL),
(1, 'user_profile_2', 'zip_order', NULL),
(1, 'user_profile_2', 'country_id_order', NULL),
(1, 'user_profile_2', 'phone_order', NULL),
(1, 'user_profile_2', 'daytime_phone_order', NULL),
(1, 'user_profile_2', 'evening_phone_order', NULL),
(1, 'user_profile_2', 'cell_phone_order', NULL),
(1, 'user_profile_2', 'fax_order', NULL),
(1, 'user_profile_2', 'delivery_name_required', '0'),
(1, 'user_profile_2', 'delivery_first_name_required', '0'),
(1, 'user_profile_2', 'delivery_last_name_required', '0'),
(1, 'user_profile_2', 'delivery_company_id_required', '0'),
(1, 'user_profile_2', 'delivery_company_name_required', '1'),
(1, 'user_profile_2', 'delivery_email_required', '1'),
(1, 'user_profile_2', 'delivery_address1_required', '1'),
(1, 'user_profile_2', 'delivery_address2_required', '0'),
(1, 'user_profile_2', 'delivery_city_required', '0'),
(1, 'user_profile_2', 'delivery_province_required', '0'),
(1, 'user_profile_2', 'delivery_state_id_required', '0'),
(1, 'user_profile_2', 'delivery_zip_required', '1'),
(1, 'user_profile_2', 'delivery_country_id_required', '0'),
(1, 'user_profile_2', 'delivery_phone_required', '0'),
(1, 'user_profile_2', 'delivery_daytime_phone_required', '0'),
(1, 'user_profile_2', 'delivery_evening_phone_required', '0'),
(1, 'user_profile_2', 'delivery_cell_phone_required', '1'),
(1, 'user_profile_2', 'delivery_fax_required', '0'),
(1, 'user_profile_2', 'delivery_name_order', NULL),
(1, 'user_profile_2', 'delivery_first_name_order', NULL),
(1, 'user_profile_2', 'delivery_last_name_order', NULL),
(1, 'user_profile_2', 'delivery_company_id_order', NULL),
(1, 'user_profile_2', 'delivery_company_name_order', NULL),
(1, 'user_profile_2', 'delivery_email_order', NULL),
(1, 'user_profile_2', 'delivery_address1_order', NULL),
(1, 'user_profile_2', 'delivery_address2_order', NULL),
(1, 'user_profile_2', 'delivery_city_order', NULL),
(1, 'user_profile_2', 'delivery_province_order', NULL),
(1, 'user_profile_2', 'delivery_state_id_order', NULL),
(1, 'user_profile_2', 'delivery_zip_order', NULL),
(1, 'user_profile_2', 'delivery_country_id_order', NULL),
(1, 'user_profile_2', 'delivery_phone_order', NULL),
(1, 'user_profile_2', 'delivery_daytime_phone_order', NULL),
(1, 'user_profile_2', 'delivery_evening_phone_order', NULL),
(1, 'user_profile_2', 'delivery_cell_phone_order', NULL),
(1, 'user_profile_2', 'delivery_fax_order', NULL),
(1, 'user_profile_2', 'show_birth_date', '0'),
(1, 'user_profile_2', 'birth_date_required', '0'),
(1, 'user_profile_2', 'birth_date_order', '0'),
(1, 'user_profile_2', 'show_personal_image', '0'),
(1, 'user_profile_2', 'personal_image_width', NULL),
(1, 'user_profile_2', 'personal_image_height', NULL),
(1, 'user_profile_2', 'personal_image_size', NULL),
(1, 'user_profile_2', 'personal_image_resize', '0'),
(1, 'user_profile_2', 'subscribe_block', '0'),
(1, 'user_profile_2', 'show_friendly_url', '0'),
(1, 'user_profile_2', 'friendly_url_required', '0'),
(1, 'user_profile_2', 'friendly_url_order', NULL),
(1, 'user_profile_2', 'show_tax_id', '0'),
(1, 'user_profile_2', 'tax_id_required', '0'),
(1, 'user_profile_2', 'tax_id_order', NULL),
(1, 'user_profile_2', 'show_paypal_account', '0'),
(1, 'user_profile_2', 'paypal_account_required', '0'),
(1, 'user_profile_2', 'paypal_account_order', NULL),
(1, 'user_profile_2', 'show_msn_account', '0'),
(1, 'user_profile_2', 'msn_account_required', '0'),
(1, 'user_profile_2', 'msn_account_order', NULL),
(1, 'user_profile_2', 'show_icq_number', '0'),
(1, 'user_profile_2', 'icq_number_required', '0'),
(1, 'user_profile_2', 'icq_number_order', NULL),
(1, 'user_profile_2', 'show_user_site_url', '0'),
(1, 'user_profile_2', 'user_site_url_required', '0'),
(1, 'user_profile_2', 'user_site_url_order', NULL),
(1, 'user_profile_2', 'show_short_description', '0'),
(1, 'user_profile_2', 'short_description_required', '0'),
(1, 'user_profile_2', 'short_description_editor', NULL),
(1, 'user_profile_2', 'short_description_order', NULL),
(1, 'user_profile_2', 'show_full_description', '0'),
(1, 'user_profile_2', 'full_description_required', '0'),
(1, 'user_profile_2', 'full_description_editor', NULL),
(1, 'user_profile_2', 'full_description_order', NULL),
(1, 'user_profile_2', 'show_is_hidden', '0'),
(1, 'user_profile_2', 'is_hidden_required', '0'),
(1, 'user_profile_2', 'is_hidden_order', NULL),
(1, 'user_profile_2', 'admin_notification', '0'),
(1, 'user_profile_2', 'admin_email', NULL),
(1, 'user_profile_2', 'admin_mail_from', NULL),
(1, 'user_profile_2', 'cc_emails', NULL),
(1, 'user_profile_2', 'admin_mail_bcc', NULL),
(1, 'user_profile_2', 'admin_mail_reply_to', NULL),
(1, 'user_profile_2', 'admin_mail_return_path', NULL),
(1, 'user_profile_2', 'admin_subject', NULL),
(1, 'user_profile_2', 'admin_message_type', NULL),
(1, 'user_profile_2', 'admin_message', NULL),
(1, 'user_profile_2', 'user_notification', '0'),
(1, 'user_profile_2', 'user_mail_from', NULL),
(1, 'user_profile_2', 'user_mail_cc', NULL),
(1, 'user_profile_2', 'user_mail_bcc', NULL),
(1, 'user_profile_2', 'user_mail_reply_to', NULL),
(1, 'user_profile_2', 'user_mail_return_path', NULL),
(1, 'user_profile_2', 'user_subject', NULL),
(1, 'user_profile_2', 'user_message_type', NULL),
(1, 'user_profile_2', 'user_message', NULL),
(1, 'user_profile_2', 'admin_sms_notification', '0'),
(1, 'user_profile_2', 'admin_sms_recipient', NULL),
(1, 'user_profile_2', 'admin_sms_originator', NULL),
(1, 'user_profile_2', 'admin_sms_message', NULL),
(1, 'user_profile_2', 'user_sms_notification', '0'),
(1, 'user_profile_2', 'user_sms_recipient', NULL),
(1, 'user_profile_2', 'user_sms_originator', NULL),
(1, 'user_profile_2', 'user_sms_message', NULL),
(1, 'user_profile_2', 'user_birth_mail_greetings', '0'),
(1, 'user_profile_2', 'user_birth_mail_from', NULL),
(1, 'user_profile_2', 'user_birth_mail_cc', NULL),
(1, 'user_profile_2', 'user_birth_mail_bcc', NULL),
(1, 'user_profile_2', 'user_birth_mail_reply_to', NULL),
(1, 'user_profile_2', 'user_birth_mail_return_path', NULL),
(1, 'user_profile_2', 'user_birth_subject', NULL),
(1, 'user_profile_2', 'user_birth_message_type', NULL),
(1, 'user_profile_2', 'user_birth_message', NULL),
(1, 'user_profile_2', 'user_birth_sms_greetings', '0'),
(1, 'user_profile_2', 'user_birth_sms_recipient', NULL),
(1, 'user_profile_2', 'user_birth_sms_originator', NULL),
(1, 'user_profile_2', 'user_birth_sms_message', NULL),
(1, 'user_profile_2', 'user_reminder_mail', '0'),
(1, 'user_profile_2', 'user_reminder_mail_from', NULL),
(1, 'user_profile_2', 'user_reminder_mail_cc', NULL),
(1, 'user_profile_2', 'user_reminder_mail_bcc', NULL),
(1, 'user_profile_2', 'user_reminder_mail_reply_to', NULL),
(1, 'user_profile_2', 'user_reminder_mail_return_path', NULL),
(1, 'user_profile_2', 'user_reminder_subject', NULL),
(1, 'user_profile_2', 'user_reminder_message_type', NULL),
(1, 'user_profile_2', 'user_reminder_message', NULL),
(1, 'user_profile_2', 'user_reminder_sms', '0'),
(1, 'user_profile_2', 'user_reminder_sms_recipient', NULL),
(1, 'user_profile_2', 'user_reminder_sms_originator', NULL),
(1, 'user_profile_2', 'user_reminder_sms_message', NULL);

CREATE TABLE `va_google_base_attributes` (
  `attribute_id` int(11) NOT NULL AUTO_INCREMENT,
  `attribute_name` varchar(255) DEFAULT NULL,
  `attribute_type` varchar(16) DEFAULT NULL,
  `value_type` varchar(32) DEFAULT NULL,
  PRIMARY KEY (`attribute_id`)
) ENGINE=MyISAM  DEFAULT CHARSET=utf8 AUTO_INCREMENT=50 ;

INSERT INTO `va_google_base_attributes` (`attribute_id`, `attribute_name`, `attribute_type`, `value_type`) VALUES
(1, 'actor', 'g', 'string'),
(2, 'age_range', 'g', 'string'),
(3, 'artist', 'g', 'string'),
(4, 'aspect_ratio', 'g', 'string'),
(5, 'author', 'g', 'string'),
(6, 'battery_life', 'g', 'int'),
(7, 'binding', 'g', 'string'),
(8, 'capacity', 'g', 'intUnit'),
(9, 'color', 'g', 'string'),
(10, 'color_output', 'g', 'boolean'),
(11, 'department', 'g', 'string'),
(12, 'director', 'g', 'string'),
(13, 'display_type', 'g', 'string'),
(14, 'edition', 'g', 'string'),
(15, 'feature', 'g', 'string'),
(16, 'focus_type', 'g', 'string'),
(17, 'format', 'g', 'string'),
(18, 'functions', 'g', 'string'),
(19, 'genre', 'g', 'string'),
(20, 'heel_height', 'g', 'floatUnit'),
(21, 'height', 'g', 'floatUnit'),
(22, 'installation', 'g', 'string'),
(23, 'length', 'g', 'floatUnit'),
(24, 'load_type', 'g', 'string'),
(25, 'made_in', 'g', 'location'),
(26, 'material', 'g', 'string'),
(27, 'megapixels', 'g', 'floatUnit'),
(28, 'memory_card_slot', 'g', 'string'),
(29, 'occasion', 'g', 'string'),
(30, 'operating_system', 'g', 'string'),
(31, 'optical_drive', 'g', 'string'),
(32, 'pages', 'g', 'string'),
(33, 'payment_accepted', 'g', 'string'),
(34, 'payment_notes', 'g', 'string'),
(35, 'pickup', 'g', 'boolean'),
(36, 'platform', 'g', 'string'),
(37, 'processor_speed', 'g', 'floatUnit'),
(38, 'publisher', 'g', 'string'),
(39, 'rating', 'g', 'string'),
(40, 'recommended_usage', 'g', 'string'),
(41, 'resolution', 'g', 'string'),
(42, 'screen_size', 'g', 'intUnit'),
(43, 'shoe_width', 'g', 'string'),
(44, 'size', 'g', 'string'),
(45, 'style', 'g', 'string'),
(46, 'tech_spec_link', 'g', 'url'),
(47, 'width', 'g', 'intUnit'),
(48, 'wireless_interface', 'g', 'string'),
(49, 'zoom', 'g', 'string');

CREATE TABLE `va_google_base_types` (
  `type_id` int(11) NOT NULL AUTO_INCREMENT,
  `type_name` varchar(255) DEFAULT NULL,
  PRIMARY KEY (`type_id`)
) ENGINE=MyISAM  DEFAULT CHARSET=utf8 AUTO_INCREMENT=23 ;

INSERT INTO `va_google_base_types` (`type_id`, `type_name`) VALUES
(1, 'Apparel'),
(2, 'Books'),
(3, 'Consumer Electronics: Cell Phones'),
(4, 'Consumer Electronics: Computers'),
(5, 'Consumer Electronics: Digital Cameras'),
(6, 'Consumer Electronics: Monitors'),
(7, 'Consumer Electronics: MP3 Players'),
(8, 'Consumer Electronics: Printers'),
(9, 'Consumer Electronics: Televisions'),
(10, 'Consumer Electronics: Video Cameras and Camcorders'),
(11, 'Consumer Electronics: Washers'),
(12, 'Consumer Electronics: Other'),
(13, 'Home and Garden: Furniture'),
(14, 'Home and Garden: Kitchen Appliances'),
(15, 'Home and Garden: Rugs'),
(16, 'Home and Garden: Other'),
(17, 'Jewelry'),
(18, 'Music'),
(19, 'Movies'),
(20, 'Shoes'),
(21, 'Toys'),
(22, 'Video and PC Games');

CREATE TABLE `va_google_base_types_attributes` (
  `type_id` int(11) NOT NULL DEFAULT '0',
  `attribute_id` int(11) NOT NULL DEFAULT '0',
  `required` tinyint(4) DEFAULT '0',
  PRIMARY KEY (`type_id`,`attribute_id`)
) ENGINE=MyISAM DEFAULT CHARSET=utf8;

INSERT INTO `va_google_base_types_attributes` (`type_id`, `attribute_id`, `required`) VALUES
(1, 9, 1),
(1, 11, 1),
(1, 25, 1),
(1, 26, 1),
(1, 44, 1),
(1, 45, 1),
(2, 5, 1),
(2, 7, 1),
(2, 14, 1),
(2, 19, 1),
(2, 32, 1),
(2, 38, 1),
(3, 9, 1),
(3, 18, 1),
(3, 21, 1),
(3, 23, 1),
(3, 46, 1),
(3, 47, 1),
(3, 48, 1),
(4, 6, 1),
(4, 8, 1),
(4, 9, 1),
(4, 21, 1),
(4, 23, 1),
(4, 30, 1),
(4, 31, 1),
(4, 37, 1),
(4, 40, 1),
(4, 42, 1),
(4, 46, 1),
(4, 47, 1),
(5, 9, 1),
(5, 16, 1),
(5, 21, 1),
(5, 23, 1),
(5, 27, 1),
(5, 41, 1),
(5, 46, 1),
(5, 47, 1),
(5, 49, 1),
(6, 4, 1),
(6, 9, 1),
(6, 13, 1),
(6, 21, 1),
(6, 23, 1),
(6, 41, 1),
(6, 42, 1),
(6, 46, 1),
(6, 47, 1),
(7, 8, 1),
(7, 9, 1),
(7, 18, 1),
(7, 21, 1),
(7, 23, 1),
(7, 46, 1),
(7, 47, 1),
(8, 9, 1),
(8, 10, 1),
(8, 18, 1),
(8, 21, 1),
(8, 23, 1),
(8, 28, 1),
(8, 46, 1),
(8, 47, 1),
(9, 4, 1),
(9, 9, 1),
(9, 13, 1),
(9, 21, 1),
(9, 23, 1),
(9, 41, 1),
(9, 42, 1),
(9, 46, 1),
(9, 47, 1),
(10, 9, 1),
(10, 21, 1),
(10, 23, 1),
(10, 42, 1),
(10, 46, 1),
(10, 47, 1),
(10, 49, 1),
(11, 8, 1),
(11, 9, 1),
(11, 21, 1),
(11, 23, 1),
(11, 24, 1),
(11, 46, 1),
(11, 47, 1),
(12, 9, 1),
(12, 21, 1),
(12, 23, 1),
(12, 46, 1),
(12, 47, 1),
(13, 3, 1),
(13, 11, 1),
(13, 15, 1),
(13, 21, 1),
(13, 23, 1),
(13, 25, 1),
(13, 47, 1),
(14, 8, 1),
(14, 21, 1),
(14, 22, 1),
(14, 23, 1),
(14, 25, 1),
(14, 47, 1),
(15, 15, 1),
(15, 23, 1),
(15, 25, 1),
(15, 26, 1),
(15, 47, 1),
(16, 11, 1),
(16, 21, 1),
(16, 23, 1),
(16, 25, 1),
(16, 47, 1),
(17, 3, 1),
(17, 11, 1),
(17, 26, 1),
(17, 29, 1),
(17, 45, 1),
(18, 3, 1),
(18, 14, 1),
(18, 17, 1),
(18, 19, 1),
(19, 1, 1),
(19, 12, 1),
(19, 17, 1),
(19, 19, 1),
(19, 39, 1),
(19, 49, 1),
(20, 9, 1),
(20, 11, 1),
(20, 20, 1),
(20, 25, 1),
(20, 26, 1),
(20, 43, 1),
(20, 44, 1),
(20, 45, 1),
(21, 2, 1),
(21, 25, 1),
(22, 19, 1),
(22, 36, 1),
(22, 39, 1);

CREATE TABLE `va_header_links` (
  `menu_id` int(11) NOT NULL AUTO_INCREMENT,
  `layout_id` int(11) NOT NULL DEFAULT '0',
  `parent_menu_id` int(11) DEFAULT '0',
  `menu_path` varchar(255) DEFAULT NULL,
  `menu_title` varchar(255) DEFAULT NULL,
  `match_type` tinyint(4) DEFAULT '1',
  `menu_url` varchar(255) DEFAULT NULL,
  `menu_page` varchar(128) DEFAULT NULL,
  `menu_target` varchar(32) DEFAULT NULL,
  `menu_image` varchar(255) DEFAULT NULL,
  `menu_image_active` varchar(255) DEFAULT NULL,
  `menu_order` int(11) DEFAULT NULL,
  `submenu_style_name` varchar(64) DEFAULT NULL,
  `show_non_logged` tinyint(4) DEFAULT '1',
  `show_logged` tinyint(4) DEFAULT '1',
  PRIMARY KEY (`menu_id`),
  KEY `parent_menu_id` (`parent_menu_id`),
  KEY `menu_page` (`menu_page`)
) ENGINE=MyISAM  DEFAULT CHARSET=utf8 AUTO_INCREMENT=29 ;

INSERT INTO `va_header_links` (`menu_id`, `layout_id`, `parent_menu_id`, `menu_path`, `menu_title`, `match_type`, `menu_url`, `menu_page`, `menu_target`, `menu_image`, `menu_image_active`, `menu_order`, `submenu_style_name`, `show_non_logged`, `show_logged`) VALUES
(1, 0, 0, NULL, 'MENU_HOME', 1, 'index.php', 'index.php', NULL, NULL, NULL, 1, NULL, 1, 1),
(2, 0, 0, NULL, 'MENU_PRODUCTS', 2, 'products.php', 'products.php', NULL, NULL, NULL, 2, NULL, 1, 1),
(3, 0, 0, NULL, 'MENU_BASKET', 2, 'basket.php', 'basket.php', NULL, NULL, NULL, 3, NULL, 1, 1),
(4, 0, 0, NULL, 'MENU_REGISTRATION', 2, 'user_profile.php', 'user_profile.php', NULL, NULL, NULL, 4, NULL, 0, 0),
(5, 0, 0, NULL, 'MENU_HELP', 2, 'page.php?page=help', 'page.php', NULL, NULL, NULL, 5, NULL, 1, 1),
(6, 0, 0, NULL, '[ru]Обзоры[/ru][en]Reviews[/en]', 2, 'articles.php?category_id=31', 'articles.php', NULL, NULL, NULL, 6, NULL, 1, 1),
(9, 0, 0, NULL, 'MENU_USERHOME', 2, 'user_home.php', 'user_home.php', NULL, NULL, NULL, 5, NULL, 0, 1),
(10, 0, 5, '5,', 'MENU_SUPPORT', 2, 'support.php', 'support.php', NULL, NULL, NULL, 10, NULL, 1, 1),
(11, 0, 0, NULL, 'MENU_FORUM', 2, 'forums.php', 'forums.php', NULL, NULL, NULL, 11, NULL, 1, 1),
(12, 0, 5, '5,', 'MENU_HOW', 2, 'page.php?page=help', 'page.php', NULL, NULL, NULL, 12, NULL, 1, 1),
(24, 0, 0, NULL, 'MENU_SIGNIN', 2, 'user_login.php', 'user_login.php', NULL, NULL, NULL, 4, NULL, 1, 0),
(25, 0, 0, NULL, 'MENU_SIGNOUT', 2, 'user_login.php?operation=logout', 'user_login.php', NULL, NULL, NULL, 5, NULL, 0, 1),
(28, 0, 0, NULL, 'MENU_ABOUT', 2, 'page.php?page=about', 'page.php', NULL, NULL, NULL, 8, NULL, 1, 1);

CREATE TABLE `va_header_submenus` (
  `submenu_id` int(11) NOT NULL AUTO_INCREMENT,
  `parent_submenu_id` int(11) DEFAULT '0',
  `submenu_path` varchar(255) DEFAULT NULL,
  `menu_id` int(11) DEFAULT '0',
  `show_for_user` tinyint(4) DEFAULT '1',
  `match_type` tinyint(4) DEFAULT '1',
  `submenu_title` varchar(255) DEFAULT NULL,
  `submenu_url` varchar(255) DEFAULT NULL,
  `submenu_page` varchar(128) DEFAULT NULL,
  `submenu_target` varchar(32) DEFAULT NULL,
  `submenu_image` varchar(255) DEFAULT NULL,
  `submenu_image_active` varchar(255) DEFAULT NULL,
  `submenu_order` int(11) DEFAULT '0',
  PRIMARY KEY (`submenu_id`),
  KEY `parent_submenu_id` (`parent_submenu_id`),
  KEY `menu_id` (`menu_id`),
  KEY `submenu_page` (`submenu_page`)
) ENGINE=MyISAM DEFAULT CHARSET=utf8 AUTO_INCREMENT=1 ;


CREATE TABLE `va_icons` (
  `icon_id` int(11) NOT NULL AUTO_INCREMENT,
  `is_active` tinyint(4) DEFAULT '1',
  `show_for_user` tinyint(4) DEFAULT '1',
  `icon_order` int(11) DEFAULT '1',
  `icon_code` varchar(32) DEFAULT NULL,
  `icon_image` varchar(255) DEFAULT NULL,
  `icon_width` int(11) DEFAULT NULL,
  `icon_height` int(11) DEFAULT NULL,
  `icon_name` varchar(255) DEFAULT NULL,
  PRIMARY KEY (`icon_id`)
) ENGINE=MyISAM  DEFAULT CHARSET=utf8 AUTO_INCREMENT=30 ;

INSERT INTO `va_icons` (`icon_id`, `is_active`, `show_for_user`, `icon_order`, `icon_code`, `icon_image`, `icon_width`, `icon_height`, `icon_name`) VALUES
(1, 1, 1, 1, ':-)', 'images/emoticons/smile.gif', 20, 20, 'Smile'),
(2, 1, 1, 1, ';-)', 'images/emoticons/wink.gif', 22, 22, 'Wink'),
(3, 1, 1, 3, ':-D', 'images/emoticons/broad_grin.gif', 22, 22, 'Broad grin'),
(4, 1, 1, 4, ':lol:', 'images/emoticons/lol.gif', 22, 22, 'Laughing'),
(5, 1, 1, 5, ':-(', 'images/emoticons/sad.gif', 20, 20, 'Sad'),
(6, 1, 1, 6, ':''-(', 'images/emoticons/cry.gif', 22, 22, 'Crying'),
(7, 1, 1, 7, ':wallbash:', 'images/emoticons/wallbash.gif', 30, 24, 'Wall Bash'),
(8, 1, 1, 8, ':angry:', 'images/emoticons/angry.gif', 20, 20, 'Angry'),
(9, 1, 1, 9, ':search:', 'images/emoticons/searching.gif', 22, 22, 'Searching'),
(10, 1, 1, 10, ':dontknow:', 'images/emoticons/dontknow.gif', 34, 24, 'I don''t know'),
(11, 1, 1, 11, ':shock:', 'images/emoticons/shock.gif', 22, 22, 'Shock'),
(12, 1, 1, 12, ':wacko:', 'images/emoticons/wacko.gif', 22, 22, 'Wacko'),
(13, 1, 1, 13, ':crazy:', 'images/emoticons/crazy.gif', 24, 26, 'Crazy'),
(14, 1, 1, 14, ':good:', 'images/emoticons/thumb_up.gif', 32, 26, 'Good'),
(15, 1, 1, 15, ':bad:', 'images/emoticons/thumb_down.gif', 32, 26, 'Bad'),
(16, 1, 1, 16, ':yahoo:', 'images/emoticons/yahoo.gif', 40, 27, 'Yahoo!'),
(17, 1, 1, 17, ':baringteeth:', 'images/emoticons/baring_teeth.gif', 22, 22, 'Baring Teeth'),
(18, 1, 1, 18, ':confused:', 'images/emoticons/confused.gif', 22, 22, 'Confused'),
(19, 1, 1, 19, ':disorder:', 'images/emoticons/disorder.gif', 22, 22, 'Disorder'),
(20, 1, 1, 20, ':embarrassed:', 'images/emoticons/embarrassed.gif', 22, 22, 'Embarrassed'),
(21, 1, 1, 21, ':heart:', 'images/emoticons/heart.gif', 22, 22, 'Heart'),
(22, 1, 1, 22, ':hot:', 'images/emoticons/hot.gif', 22, 22, 'Hot'),
(23, 1, 1, 23, ':love:', 'images/emoticons/love.gif', 22, 22, 'Love'),
(24, 1, 1, 24, ':opensmile:', 'images/emoticons/open_smile.gif', 22, 22, 'Open-mouthed smile'),
(25, 1, 1, 25, ':sick:', 'images/emoticons/sick.gif', 24, 24, 'Sick'),
(26, 1, 1, 26, ':sleepy:', 'images/emoticons/sleepy.gif', 22, 26, 'Sleepy'),
(27, 1, 1, 27, ':surprised:', 'images/emoticons/surprised.gif', 22, 26, 'Surprised'),
(28, 1, 1, 28, ':thinking:', 'images/emoticons/thinking.gif', 22, 22, 'Thinking'),
(29, 1, 1, 29, ':yawn:', 'images/emoticons/yawn.gif', 22, 22, 'Yawn');

CREATE TABLE `va_ips_countries` (
  `ip_start` int(11) NOT NULL DEFAULT '0',
  `ip_end` int(11) NOT NULL DEFAULT '0',
  `country_code` varchar(4) DEFAULT NULL,
  PRIMARY KEY (`ip_start`,`ip_end`)
) ENGINE=MyISAM DEFAULT CHARSET=utf8;


CREATE TABLE `va_issue_numbers` (
  `issue_number` int(11) NOT NULL DEFAULT '0',
  PRIMARY KEY (`issue_number`)
) ENGINE=MyISAM DEFAULT CHARSET=utf8;

INSERT INTO `va_issue_numbers` (`issue_number`) VALUES
(0),
(1),
(2),
(3),
(4),
(5),
(6),
(7),
(8),
(9),
(10),
(11),
(12),
(13),
(14),
(15),
(16),
(17),
(18),
(19),
(20),
(21),
(22),
(23),
(24),
(25),
(26),
(27),
(28),
(29),
(30);

CREATE TABLE `va_items` (
  `item_id` int(11) NOT NULL AUTO_INCREMENT,
  `item_code` varchar(64) DEFAULT NULL,
  `item_name` varchar(255) NOT NULL,
  `friendly_url` varchar(255) DEFAULT NULL,
  `item_order` int(11) NOT NULL DEFAULT '1',
  `item_type_id` int(11) NOT NULL DEFAULT '0',
  `google_base_type_id` int(11) DEFAULT '0',
  `issue_date` datetime DEFAULT NULL,
  `language_code` varchar(4) DEFAULT NULL,
  `manufacturer_id` int(11) DEFAULT '0',
  `manufacturer_code` varchar(255) DEFAULT NULL,
  `supplier_id` int(11) DEFAULT '0',
  `author_id` int(11) DEFAULT NULL,
  `template_name` varchar(255) DEFAULT NULL,
  `hide_add_list` tinyint(4) DEFAULT '0',
  `hide_add_table` tinyint(4) DEFAULT '0',
  `hide_add_grid` tinyint(4) DEFAULT '0',
  `hide_add_details` tinyint(4) DEFAULT '0',
  `features` text,
  `short_description` text,
  `full_desc_type` tinyint(4) DEFAULT NULL,
  `full_description` text,
  `is_special_offer` tinyint(4) NOT NULL DEFAULT '0',
  `special_offer` text,
  `notes` text,
  `tiny_image` varchar(255) DEFAULT NULL,
  `tiny_image_alt` varchar(255) DEFAULT NULL,
  `small_image` varchar(255) DEFAULT NULL,
  `small_image_alt` varchar(255) DEFAULT NULL,
  `big_image` varchar(255) DEFAULT NULL,
  `big_image_alt` varchar(255) DEFAULT NULL,
  `super_image` varchar(255) DEFAULT NULL,
  `preview_url` varchar(255) DEFAULT NULL,
  `preview_width` int(11) DEFAULT NULL,
  `preview_height` int(11) DEFAULT NULL,
  `specification` varchar(255) DEFAULT NULL,
  `buying_price` double(16,2) DEFAULT '0.00',
  `buying_price_id` int(11) DEFAULT '0',
  `price` double(16,2) NOT NULL DEFAULT '0.00',
  `price_id` int(11) DEFAULT '0',
  `trade_price` double(16,2) NOT NULL DEFAULT '0.00',
  `trade_price_id` int(11) DEFAULT '0',
  `is_price_edit` tinyint(4) DEFAULT '0',
  `properties_price` double(16,2) DEFAULT '0.00',
  `properties_price_id` int(11) DEFAULT '0',
  `trade_properties_price` double(16,2) DEFAULT '0.00',
  `trade_properties_price_id` int(11) DEFAULT '0',
  `tax_id` int(11) DEFAULT '0',
  `tax_free` tinyint(4) DEFAULT '0',
  `width` double(16,4) DEFAULT '0.0000',
  `height` double(16,4) DEFAULT '0.0000',
  `length` double(16,4) DEFAULT '0.0000',
  `weight` double(16,4) DEFAULT NULL,
  `packages_number` double(16,4) DEFAULT NULL,
  `min_quantity` int(11) DEFAULT NULL,
  `max_quantity` int(11) DEFAULT NULL,
  `quantity_increment` int(11) DEFAULT NULL,
  `stock_level` int(11) DEFAULT NULL,
  `use_stock_level` int(11) NOT NULL DEFAULT '0',
  `hide_out_of_stock` tinyint(4) NOT NULL DEFAULT '0',
  `disable_out_of_stock` tinyint(4) DEFAULT '0',
  `is_shipping_free` tinyint(4) DEFAULT '0',
  `is_separate_shipping` tinyint(4) DEFAULT '0',
  `is_shipping_required` tinyint(4) DEFAULT '0',
  `shipping_in_stock` int(11) DEFAULT NULL,
  `shipping_out_stock` int(11) DEFAULT '0',
  `shipping_rule_id` int(11) DEFAULT NULL,
  `shipping_cost` double(16,2) DEFAULT NULL,
  `shipping_trade_cost` double(16,2) DEFAULT NULL,
  `shipping_modules_default` tinyint(4) DEFAULT '1',
  `shipping_modules_ids` text,
  `is_sales` tinyint(4) DEFAULT NULL,
  `sales_price` double(16,2) NOT NULL DEFAULT '0.00',
  `sales_price_id` int(11) DEFAULT '0',
  `trade_sales` double(16,2) NOT NULL DEFAULT '0.00',
  `trade_sales_id` int(11) DEFAULT '0',
  `discount_percent` double(16,2) DEFAULT NULL,
  `is_points_price` tinyint(4) DEFAULT '0',
  `points_price` double(16,4) DEFAULT NULL,
  `reward_type` int(11) DEFAULT NULL,
  `reward_amount` double(16,4) DEFAULT NULL,
  `credit_reward_type` tinyint(4) DEFAULT NULL,
  `credit_reward_amount` double(16,2) DEFAULT NULL,
  `is_recurring` tinyint(4) DEFAULT '0',
  `recurring_price` double(16,2) DEFAULT NULL,
  `recurring_period` int(11) DEFAULT NULL,
  `recurring_interval` int(11) DEFAULT NULL,
  `recurring_payments_total` int(11) DEFAULT NULL,
  `recurring_start_date` datetime DEFAULT NULL,
  `recurring_end_date` datetime DEFAULT NULL,
  `affiliate_commission_type` int(11) DEFAULT NULL,
  `affiliate_commission_amount` double(16,2) DEFAULT NULL,
  `merchant_fee_type` int(11) DEFAULT NULL,
  `merchant_fee_amount` double(16,2) DEFAULT NULL,
  `downloadable` tinyint(4) DEFAULT NULL,
  `download_period` int(11) DEFAULT NULL,
  `download_path` text,
  `download_show_terms` int(11) DEFAULT '0',
  `download_terms_text` text,
  `generate_serial` int(11) DEFAULT '0',
  `serial_period` int(11) DEFAULT NULL,
  `activations_number` int(11) DEFAULT '0',
  `is_showing` tinyint(4) NOT NULL DEFAULT '1',
  `is_approved` tinyint(4) NOT NULL DEFAULT '1',
  `is_keywords` tinyint(4) DEFAULT '0',
  `sites_all` tinyint(4) DEFAULT '1',
  `access_level` tinyint(4) DEFAULT '7',
  `guest_access_level` tinyint(4) DEFAULT '7',
  `is_compared` tinyint(4) DEFAULT '0',
  `buy_link` varchar(255) DEFAULT NULL,
  `total_views` int(11) DEFAULT '0',
  `votes` int(11) DEFAULT NULL,
  `points` int(11) DEFAULT NULL,
  `rating` double(16,4) DEFAULT NULL,
  `a_title` varchar(255) DEFAULT NULL,
  `meta_title` varchar(255) DEFAULT NULL,
  `meta_keywords` varchar(255) DEFAULT NULL,
  `meta_description` varchar(255) DEFAULT NULL,
  `mail_notify` int(11) DEFAULT '0',
  `mail_to` varchar(255) DEFAULT NULL,
  `mail_from` varchar(64) DEFAULT NULL,
  `mail_cc` varchar(255) DEFAULT NULL,
  `mail_bcc` varchar(255) DEFAULT NULL,
  `mail_reply_to` varchar(64) DEFAULT NULL,
  `mail_return_path` varchar(64) DEFAULT NULL,
  `mail_type` int(11) DEFAULT '0',
  `mail_subject` varchar(255) DEFAULT NULL,
  `mail_body` text,
  `sms_notify` int(11) DEFAULT '0',
  `sms_recipient` varchar(255) DEFAULT NULL,
  `sms_originator` varchar(64) DEFAULT NULL,
  `sms_message` text,
  `user_id` int(11) DEFAULT '0',
  `admin_id_added_by` int(11) DEFAULT '0',
  `admin_id_modified_by` int(11) DEFAULT '0',
  `date_added` datetime DEFAULT NULL,
  `date_modified` datetime DEFAULT NULL,
  PRIMARY KEY (`item_id`),
  KEY `item_code` (`item_code`),
  KEY `item_name` (`item_name`),
  KEY `friendly_url` (`friendly_url`),
  KEY `google_base_type_id` (`google_base_type_id`),
  KEY `language_code` (`language_code`),
  KEY `manufacturer_id` (`manufacturer_id`),
  KEY `supplier_id` (`supplier_id`),
  KEY `is_special_offer` (`is_special_offer`),
  KEY `buying_price_id` (`buying_price_id`),
  KEY `price` (`price`),
  KEY `price_id` (`price_id`),
  KEY `trade_price` (`trade_price`),
  KEY `trade_price_id` (`trade_price_id`),
  KEY `properties_price_id` (`properties_price_id`),
  KEY `trade_properties_price_id` (`trade_properties_price_id`),
  KEY `hide_out_of_stock` (`hide_out_of_stock`),
  KEY `sales_price` (`sales_price`),
  KEY `sales_price_id` (`sales_price_id`),
  KEY `trade_sales` (`trade_sales`),
  KEY `trade_sales_id` (`trade_sales_id`),
  KEY `is_showing` (`is_showing`),
  KEY `is_approved` (`is_approved`),
  KEY `sites_all` (`sites_all`),
  KEY `access_level` (`access_level`),
  KEY `guest_access_level` (`guest_access_level`),
  KEY `user_id` (`user_id`)
) ENGINE=MyISAM  DEFAULT CHARSET=utf8 AUTO_INCREMENT=68 ;

INSERT INTO `va_items` (`item_id`, `item_code`, `item_name`, `friendly_url`, `item_order`, `item_type_id`, `google_base_type_id`, `issue_date`, `language_code`, `manufacturer_id`, `manufacturer_code`, `supplier_id`, `author_id`, `template_name`, `hide_add_list`, `hide_add_table`, `hide_add_grid`, `hide_add_details`, `features`, `short_description`, `full_desc_type`, `full_description`, `is_special_offer`, `special_offer`, `notes`, `tiny_image`, `tiny_image_alt`, `small_image`, `small_image_alt`, `big_image`, `big_image_alt`, `super_image`, `preview_url`, `preview_width`, `preview_height`, `specification`, `buying_price`, `buying_price_id`, `price`, `price_id`, `trade_price`, `trade_price_id`, `is_price_edit`, `properties_price`, `properties_price_id`, `trade_properties_price`, `trade_properties_price_id`, `tax_id`, `tax_free`, `width`, `height`, `length`, `weight`, `packages_number`, `min_quantity`, `max_quantity`, `quantity_increment`, `stock_level`, `use_stock_level`, `hide_out_of_stock`, `disable_out_of_stock`, `is_shipping_free`, `is_separate_shipping`, `is_shipping_required`, `shipping_in_stock`, `shipping_out_stock`, `shipping_rule_id`, `shipping_cost`, `shipping_trade_cost`, `shipping_modules_default`, `shipping_modules_ids`, `is_sales`, `sales_price`, `sales_price_id`, `trade_sales`, `trade_sales_id`, `discount_percent`, `is_points_price`, `points_price`, `reward_type`, `reward_amount`, `credit_reward_type`, `credit_reward_amount`, `is_recurring`, `recurring_price`, `recurring_period`, `recurring_interval`, `recurring_payments_total`, `recurring_start_date`, `recurring_end_date`, `affiliate_commission_type`, `affiliate_commission_amount`, `merchant_fee_type`, `merchant_fee_amount`, `downloadable`, `download_period`, `download_path`, `download_show_terms`, `download_terms_text`, `generate_serial`, `serial_period`, `activations_number`, `is_showing`, `is_approved`, `is_keywords`, `sites_all`, `access_level`, `guest_access_level`, `is_compared`, `buy_link`, `total_views`, `votes`, `points`, `rating`, `a_title`, `meta_title`, `meta_keywords`, `meta_description`, `mail_notify`, `mail_to`, `mail_from`, `mail_cc`, `mail_bcc`, `mail_reply_to`, `mail_return_path`, `mail_type`, `mail_subject`, `mail_body`, `sms_notify`, `sms_recipient`, `sms_originator`, `sms_message`, `user_id`, `admin_id_added_by`, `admin_id_modified_by`, `date_added`, `date_modified`) VALUES
(53, '', 'Сумка для ноутбука', 'sumka-dlya-noutbuka-vgpe', 2, 2, NULL, NULL, '', 3, 'V458333SD', 0, NULL, NULL, 0, 0, 0, 0, '<p>\r\n	Материал:Нейлон + кожа + неопрен<br />\r\n	Цвет:Серый<br />\r\n	Совместимость:Серия FW</p>\r\n', '<p>\r\n	Сумка Mandarina Duck VAIO для ноутбуков до 16.4&#39;</p>\r\n', 1, '<p>\r\n	Сумка Mandarina Duck VAIO (для ноутбуков с размером диагонали до 16.4&#39;), темно-серая.<br />\r\n	&nbsp;</p>\r\n', 0, NULL, NULL, 'images/tiny/VGPE.jpg', 'Сумка для ноутбука VGPE', 'images/small/VGPE.jpg', 'Сумка для ноутбука VGPE', 'images/big/VGPE.jpg', 'Сумка для ноутбука VGPE', 'images/super/VGPE.jpg', NULL, NULL, NULL, NULL, NULL, 0, 7500.00, 0, 0.00, 0, 0, 0.00, 0, 0.00, 0, NULL, 0, NULL, NULL, NULL, NULL, NULL, NULL, NULL, NULL, NULL, 0, 0, 0, 0, 0, 0, NULL, NULL, NULL, NULL, NULL, 1, NULL, 0, 0.00, 0, 0.00, 0, NULL, 0, NULL, NULL, NULL, NULL, NULL, 0, NULL, NULL, NULL, NULL, NULL, NULL, NULL, NULL, NULL, NULL, NULL, NULL, NULL, 0, NULL, NULL, NULL, NULL, 1, 1, 1, 1, 6, 6, 0, NULL, 106, NULL, NULL, NULL, 'Сумка для ноутбука VGPE', 'Сумка для ноутбука VGPE', 'Сумка для ноутбука VGPE', 'Сумка для ноутбука VGPE', 0, NULL, NULL, NULL, NULL, NULL, NULL, 0, NULL, NULL, 0, NULL, NULL, NULL, 0, 1, 1, '2011-06-30 23:03:50', '2012-10-25 22:07:11'),
(61, '12574589YU', 'PANASONIC TY-CC10W', 'panasonic-ty-cc10w', 4, 2, NULL, '2010-11-26 00:00:00', '', 10, NULL, 0, NULL, NULL, 0, 0, 0, 0, '<p>\r\n	[ru]</p>\r\n<ul style="padding-left: 10px;">\r\n	<li>\r\n		Для видео и аудио-звонков через сервис Skype при подключении к телевизорам Panasonic</li>\r\n	<li>\r\n		Разрешение 1280?720</li>\r\n	<li>\r\n		4 ненаправленных микрофона[/ru]</li>\r\n</ul>\r\n', '<p>\r\n	[ru]TY-CC10W - Skype камера для видеосвязи[/ru]</p>\r\n', 1, '<p>\r\n	[ru]<b>TY-CC10W</b> - камера видеосвязи для видео и аудио-звонков через сервис Skype при подключении к телевизорам Panasonic<br />\r\n	&nbsp;</p>\r\n<ul>\r\n	<li>\r\n		&nbsp; USB-разъемы</li>\r\n	<li>\r\n		&nbsp; Доступ в интернет</li>\r\n	<li>\r\n		&nbsp; Разрешение 1280?720 точек</li>\r\n	<li>\r\n		&nbsp; 4 ненаправленных микрофона</li>\r\n	<li>\r\n		&nbsp; Интерфейс USB 2.0[/ru]</li>\r\n</ul>\r\n', 0, NULL, NULL, 'images/tiny/PANASONIC_TY-CC10W.jpg', 'PANASONIC TY-CC10W', 'images/small/PANASONIC_TY-CC10W.jpg', 'PANASONIC TY-CC10W', 'images/big/PANASONIC_TY-CC10W.jpg', 'PANASONIC TY-CC10W', 'images/super/PANASONIC_TY-CC10W.jpg', NULL, NULL, NULL, NULL, NULL, 0, 8000.00, 0, 0.00, 0, 0, 0.00, 0, 0.00, 0, NULL, 0, NULL, NULL, NULL, NULL, NULL, NULL, NULL, NULL, NULL, 0, 0, 0, 0, 0, 0, NULL, NULL, NULL, NULL, NULL, 1, NULL, 0, 0.00, 0, 0.00, 0, NULL, 0, NULL, NULL, NULL, NULL, NULL, 0, NULL, NULL, NULL, NULL, NULL, NULL, NULL, NULL, NULL, NULL, NULL, NULL, NULL, 0, NULL, NULL, NULL, NULL, 1, 1, 1, 1, 6, 6, 0, NULL, 59, NULL, NULL, NULL, 'TY-CC10W - Skype камера для видеосвязи', 'TY-CC10W - Skype камера для видеосвязи', 'TY-CC10W - Skype камера для видеосвязи', 'TY-CC10W - Skype камера для видеосвязи', 0, NULL, NULL, NULL, NULL, NULL, NULL, 0, NULL, NULL, 0, NULL, NULL, NULL, 0, 1, 1, '2011-06-30 23:03:50', '2012-10-25 22:07:21'),
(44, '', 'Цифровая клавиатура diNovo', 'tsifrovaya-klaviatura-dinovo', 1, 2, NULL, NULL, '', 6, NULL, 0, NULL, NULL, 0, 0, 0, 0, '<ul>\r\n	<li>\r\n		Мышь</li>\r\n	<li>\r\n		USB</li>\r\n	<li>\r\n		Беспроводная</li>\r\n	<li>\r\n		Мультимедийные клавиши</li>\r\n	<li>\r\n		Выход для наушников</li>\r\n	<li>\r\n		PS/2</li>\r\n</ul>\r\n', '<p>\r\n	Беспроводная. Радиус действия&nbsp; 3-5 метров. PS/2.</p>\r\n', 1, '<p>\r\n	<span style="font-weight: bold;">Беспроводная цифровая клавиатура diNovo</span><br />\r\n	Разделение основной части от цифровой, называемой Numeric Pad, является одной из особенностей&nbsp; данного комплекта, создавая совершенно другое представление о возможностях и важности использования этого небольшого цифрового блока клавиш.</p>\r\n', 0, NULL, NULL, 'images/tiny/diNovo.jpg', NULL, 'images/small/diNovo.jpg', NULL, 'images/big/diNovo.jpg', NULL, 'images/super/diNovo.jpg', NULL, NULL, NULL, NULL, NULL, 0, 1200.00, 0, 0.00, 0, 0, 0.00, 0, 0.00, 0, NULL, 0, 0.0000, 0.0000, 0.0000, NULL, NULL, NULL, NULL, NULL, NULL, 0, 0, 0, 0, 0, 0, NULL, NULL, NULL, NULL, NULL, 1, NULL, 0, 0.00, 0, 0.00, 0, NULL, 0, NULL, NULL, NULL, NULL, NULL, 0, NULL, NULL, NULL, NULL, NULL, NULL, NULL, NULL, NULL, NULL, NULL, NULL, NULL, 0, NULL, NULL, NULL, NULL, 1, 1, 1, 1, 6, 6, 0, NULL, 99, NULL, NULL, NULL, 'Цифровая клавиатура diNovo', 'Цифровая клавиатура diNovo', 'Цифровая клавиатура diNovo', 'Цифровая клавиатура diNovo', 0, NULL, NULL, NULL, NULL, NULL, NULL, 0, NULL, NULL, 0, NULL, NULL, NULL, 0, 1, 1, '2011-06-30 23:03:50', '2012-10-25 22:06:55'),
(45, '', 'QuickCam Pro для ноутбуков', 'quickcam-pro-dlya-noutbukov', 1, 2, NULL, NULL, '', 6, NULL, 0, NULL, NULL, 0, 0, 0, 0, '<p>\r\n	Объектив Carl Zeiss&reg;<br />\r\n	Система автофокусировки<br />\r\n	Сверхвысокоразрешающий 2MP сенсор RightLight<br />\r\n	Глубина цвета: 24 бита (True Color)<br />\r\n	Захват видеоизображения: до 1600 x 1200<br />\r\n	Частота кадров: до 30 кадров в секунду<br />\r\n	Захват фотографий: 8 Mp</p>\r\n', '<p>\r\n	Функция видео Logitech&reg; Video Effects. Технология RightLight</p>\r\n', 1, '<p>\r\n	Оптическая система Carl Zeiss&reg; с автофокусировкой. Оптика Carl Zeiss&reg; позволяет получать четкие детальные изображения. Ваши изображения остаются чрезвычайно резкими даже при большом приближении.<br />\r\n	Технология RightLight. Интеллектуальная настройка для получения изображений самого высокого качества даже при низкой освещенности или обратной подсветке.</p>\r\n', 0, NULL, NULL, 'images/tiny/QuickCam.jpg', NULL, 'images/small/QuickCam.jpg', NULL, 'images/big/QuickCam.jpg', NULL, 'images/super/QuickCam.jpg', NULL, NULL, NULL, NULL, NULL, 0, 1600.00, 0, 0.00, 0, 0, 0.00, 0, 0.00, 0, NULL, 0, 0.0000, 0.0000, 0.0000, NULL, NULL, NULL, NULL, NULL, NULL, 0, 0, 0, 0, 0, 0, NULL, NULL, NULL, NULL, NULL, 1, NULL, 0, 0.00, 0, 0.00, 0, NULL, 0, NULL, NULL, NULL, NULL, NULL, 0, NULL, NULL, NULL, NULL, NULL, NULL, NULL, NULL, NULL, NULL, NULL, NULL, NULL, 0, NULL, NULL, NULL, NULL, 1, 1, 1, 1, 6, 6, 0, NULL, 90, NULL, NULL, NULL, 'QuickCam Pro для ноутбуков', 'QuickCam Pro для ноутбуков', 'QuickCam Pro для ноутбуков', 'QuickCam Pro для ноутбуков', 0, NULL, NULL, NULL, NULL, NULL, NULL, 0, NULL, NULL, 0, NULL, NULL, NULL, 0, 1, 1, '2011-06-30 23:03:50', '2012-10-25 22:07:03'),
(36, '', 'MP3-видеоплеер Sony NWZ-S755', 'mp3-videopleer-sony-nwz-s755', 1, 8, NULL, NULL, '', 3, NULL, 0, NULL, NULL, 0, 0, 0, 0, '<p>\r\n	[ru]Разрешение экрана:QVGA (240 x 320<br />\r\n	Функция перетаскивания: Да<br />\r\n	Динамический нормализатор: Да<br />\r\n	WM-PORT: Да<br />\r\n	Размер памяти: 8GB[/ru][en]Black, store up to 1,900 songs, up to 31 hours of video, 2.4&quot; LCD (measured diagonally), Bluetooth&reg; connectivity[/en]</p>\r\n', '<p>\r\n	[ru]Сверхтонкий корпус, мощный звук и сверхъяркий экран[/ru]<br />\r\n	[en]Now you have the option of listening to pristine audio without wires. Featuring Bluetooth&reg; connectivity, this Sony NWZ-S755 Walkman&reg; Video MP3 player offers you wireless freedom when paired Bluetooth-enabled headphones. And if you want to watch video, a high-resolution 2.4&quot; QVGA LCD beautifully presents them in portrait or landscape mode.[/en]</p>\r\n', 1, '<p>\r\n	[ru]<font size="2" style="font-weight: bold;">MP3-видеоплеер Sony NWZ-S755</font></p>\r\n<ul>\r\n	<li>\r\n		Сверхтонкий корпус, помещается в любой карман</li>\r\n	<li>\r\n		Выбирайте музыку по настроению</li>\r\n	<li>\r\n		Кристально четкое и яркое воспроизведение видео[/ru]</li>\r\n</ul>\r\n<p>\r\n	<br />\r\n	[en]Now you have the option of listening to pristine audio without wires. Featuring BluetoothВ&reg; connectivity, this Sony NWZ-S755 Walkman&reg; Video MP3 player offers you wireless freedom when paired Bluetooth-enabled headphones. And if you want to watch video, a high-resolution 2.4&quot; QVGA LCD beautifully presents them in portrait or landscape mode. The sleek, slim-line player also supports multiple file types so you&#39;re not locked into one format. Small enough to slip into your pocket, the 8GB built-in memory can store up to 1,900 songs, up to 31 hours of video or hundreds of photographs, offering the widest variety of multimedia entertainment wherever you go.[/en]</p>\r\n', 0, NULL, NULL, 'images/tiny/Sony_NWZ-S755.jpg', 'Sony NWZ-S755', 'images/small/Sony_NWZ-S755.jpg', 'Sony NWZ-S755', 'images/big/Sony_NWZ-S755.jpg', 'Sony NWZ-S755', 'images/super/Sony_NWZ-S755.jpg', NULL, NULL, NULL, NULL, NULL, 0, 6699.00, 0, 0.00, 0, 0, 0.00, 0, 0.00, 0, NULL, 0, 0.0000, 0.0000, 0.0000, NULL, NULL, NULL, NULL, NULL, NULL, 0, 0, 0, 0, 0, 0, NULL, NULL, NULL, NULL, NULL, 1, NULL, 0, 0.00, 0, 0.00, 0, NULL, 0, NULL, NULL, NULL, NULL, NULL, 0, NULL, NULL, NULL, NULL, NULL, NULL, NULL, NULL, NULL, NULL, NULL, NULL, NULL, 0, NULL, NULL, NULL, NULL, 1, 1, 1, 1, 6, 6, 0, NULL, 80, NULL, NULL, NULL, 'MP3-видеоплеер Sony NWZ-S755', 'MP3-видеоплеер Sony NWZ-S755', 'MP3-видеоплеер Sony NWZ-S755', 'MP3-видеоплеер Sony NWZ-S755', 0, NULL, NULL, NULL, NULL, NULL, NULL, 0, NULL, NULL, 0, NULL, NULL, NULL, 0, 1, 1, '2011-06-30 23:00:29', '2012-10-25 22:06:39'),
(35, '', 'MP3-видеоплеер Sony NWZ-E454', 'mp3-videopleer-sony-nwz-e454', 1, 8, NULL, NULL, '', 3, NULL, 0, NULL, NULL, 0, 0, 0, 0, '<p>\r\n	[ru]Превосходный дизайн, множество цветов.&nbsp; Дизайнерская концепция новых плееров Walkman&reg; серии E позволяет вам выбрать уникальную, яркую и живописную отделку[/ru]<br />\r\n	[en]Red, support for multiple audio and video formats, FM tuner, 2.0&quot; LCD (measured diagonally)[/en]</p>\r\n', '<p>\r\n	[ru]Clear Audio, Virtual Phones Technology, FM-радио[/ru]<br />\r\n	[en]Make a statement with the slim and fashionable Sony NWZ-E454 8GB video Walkman &reg; MP3 player. View pictures or watch your favorite videos in vivid detail on the 2.0&quot; QVGA high-brightness, color LCD (measured diagonally).[/en]</p>\r\n', 1, '<p>\r\n	[ru]</p>\r\n<ul>\r\n	<li>\r\n		Превосходный дизайн, множество цветов.&nbsp; Дизайнерская концепция новых плееров Walkman&reg; серии E позволяет вам выбрать уникальную, яркую и живописную отделку</li>\r\n	<li>\r\n		Превосходные функции для прослушивания музыки - Технология SensM для сортировки музыки по настроениям, функция синхронизации текстов песен и режим караоке для любителей пения, а также FM-радио</li>\r\n	<li>\r\n		Качество звука - Наслаждайтесь превосходными функциями воспроизведения: технологиями Clear Audio, динамическим нормализатором и технологией Virtual Phones Technology</li>\r\n	<li>\r\n		Простота в применении - Просматривайте альбомы, находите фрагменты видео и выбирайте рисунок обоев при помощи нового графического интерфейса и ЖК-дисплея QVGA с диагональю 2,0&quot;</li>\r\n	<li>\r\n		Поддержка большого количества форматов - Воспроизводите файлы WMV(DRM), AVC(H.264) и MPEG-4, автоматически преобразуйте видео (H.264/MPEG-4/DivX&reg;/AVCHD) в Windows&reg; 7, и слушайте музыку в MP3, AAC, WMA (DRM) L-PCM</li>\r\n	<li>\r\n		Длительная работа от аккумулятора - 50 часов прослушивания музыки от одной подзарядки аккумулятора или 10 часов просмотра видео&nbsp; лучшие характеристики в этом классе</li>\r\n	<li>\r\n		Технологии Clear Audio - Чистый звук, близкий к оригиналу, благодаря технологиям Clear Stereo, Clear Bass и DSEE</li>\r\n	<li>\r\n		Динамический нормализатор - Подстройка уровня громкости для каждой композиции делает впечатления от прослушивания более приятными</li>\r\n	<li>\r\n		FM-радио - Быстрый доступ к любимым радиопередачам и станциям</li>\r\n	<li>\r\n		ЖК-экран QVGA с диагональю 2,0&quot; - Просмотр видео, фотографий и обложек альбомов по горизонтали и по вертикали с высочайшей четкостью и яркостью на ЖК-экране с малым временем отклика[/ru]</li>\r\n</ul>\r\n<p>\r\n	[en]Make a statement with the slim and fashionable NWZ-E454FRED 8GB video Walkman&reg; MP3 player. View pictures or watch your favorite videos in vivid detail on the 2.0&quot; QVGA high-brightness, color LCD (measured diagonally). A long battery life give you up to 45 hours of continuous music and up to 8 hours of uninterrupted video while offering support of multiple audio codecs and video formats. You can even listen to your favorite FM programming thanks to a built-in FM tuner. Loading your music, pictures and video is a snap, simply drag and drop them into the video MP3 player on your computer. This MP3 player is available in red, pink and black. Long battery life Equipped with a long-lasting battery that enables you to listen to up to 45 hours of music and watch up to 8 hours of video without needing to recharge. Compact and slim design Makes carrying your video MP3 player wherever you go a breeze. 2&quot; QVGA high-brightness screen (measured diagonally) Color LCD provides you with a rich viewing experience on your video MP3 player.[/en]</p>\r\n', 0, NULL, NULL, 'images/tiny/Sony_NWZ-E454.jpg', 'Sony NWZ-E454', 'images/small/Sony_NWZ-E454.jpg', 'Sony NWZ-E454', 'images/big/Sony_NWZ-E454.jpg', 'Sony NWZ-E454', 'images/super/Sony_NWZ-E454.jpg', NULL, NULL, NULL, NULL, NULL, 0, 4599.00, 0, 0.00, 0, 0, 0.00, 0, 0.00, 0, NULL, 0, 0.0000, 0.0000, 0.0000, NULL, NULL, NULL, NULL, NULL, NULL, 0, 0, 0, 0, 0, 0, NULL, NULL, NULL, NULL, NULL, 1, NULL, 0, 0.00, 0, 0.00, 0, NULL, 0, NULL, NULL, NULL, NULL, NULL, 0, NULL, NULL, NULL, NULL, NULL, NULL, NULL, NULL, NULL, NULL, NULL, NULL, NULL, 0, NULL, NULL, NULL, NULL, 1, 1, 1, 1, 6, 6, 0, NULL, 120, NULL, NULL, NULL, 'MP3-видеоплеер Sony NWZ-E454', 'MP3-видеоплеер Sony NWZ-E454', 'MP3-видеоплеер Sony NWZ-E454', 'MP3-видеоплеер Sony NWZ-E454', 0, NULL, NULL, NULL, NULL, NULL, NULL, 0, NULL, NULL, 0, NULL, NULL, NULL, 0, 1, 1, '2011-06-30 23:00:29', '2012-10-25 22:06:31'),
(34, '', 'MP3-видеоплеер Sony NWZ-A845', 'mp3-videopleer-sony-nwz-a845', 1, 8, NULL, '2010-11-28 00:00:00', '', 3, NULL, 0, NULL, NULL, 0, 0, 0, 0, '<p>\r\n	[ru]<br />\r\n	Новая функция бережного обращения с батареей позволяет уменьшить ее износ и продлить срок службы<br />\r\n	Предустановленные графические заставки с возможностью настройки[/ru]<br />\r\n	[en]Black, integrated noise canceling technology, up to 40 hours of music and 10 hours of video, FM tuner, 2.0&quot; LCD (measured diagonally)[/en]</p>\r\n', '<p>\r\n	[ru]Самый тонкий MP3-видеоплеер Walkman &reg; с поистине широким OLED-дисплеем[/ru]<br />\r\n	[en]Enjoy your multimedia entertainment from virtually anywhere with the Sony NWZ-A845 Walkman &reg; video MP3 player. Boasting an impressive battery life, you can listen up to 40 hours of your favorite music, podcasts and FM stations or watch up to 10 hours of video on a single charge.[/en]</p>\r\n', 1, '<p>\r\n	[ru]</p>\r\n<ul>\r\n	<li>\r\n		MP3-видеоплеер Walkman &reg; с памятью 16 ГБ в самом тонком и потрясающе стильном корпусе (толщина всего 7,2 мм)</li>\r\n	<li>\r\n		Точность в воспроизведении звука благодаря цифровой системе шумоподавления, которая блокирует внешние шумы (общий объем подавления шума - 17дБ / 98%)</li>\r\n	<li>\r\n		Ручные настройки режима шумоподавления, в зависимости от условий внешнего шума: в автобусе/поезде, самолете, в офисе или же универсальный тихий режим. А также один режим работы в салоне самолета для подключения к аудио и видео системам</li>\r\n	<li>\r\n		Полностью цифровой усилитель S-Master гарантирует настолько кристально чистый звук, что вы почувствуете себя в студии записи или на самом лучшем месте в концертном зале</li>\r\n	<li>\r\n		Технологии Clear Audio воспроизводят звук близко к оригиналу, качество которого просто ошеломляет</li>\r\n	<li>\r\n		Широкоформатный удивительно яркий и полноцветный OLED-экран 7,1 см / 2,8&quot; (на базе технологии органических светодиодов) обеспечивает ультра яркое и резкое изображение видео с высокой детализацией и четкостью (WQVGA / 400x240 пикселей)</li>\r\n	<li>\r\n		Технология OLED гарантирует 100% цветопередачу (по сравн. с NTSC), контрастность 10000:1 и более широкий угол обзора (до 180&deg;). Впечатляющее мгновенное время отклика (0,1 мс) позволяя наслаждаться просмотром даже сверхдинамичных эпизодов[/ru]</li>\r\n</ul>\r\n<p>\r\n	[en]Enjoy your multimedia entertainment from virtually anywhere with the Sony NWZ-A845 Walkman &reg; video MP3 player. Boasting an impressive battery life, you can listen up to 40 hours of your favorite music, podcasts and FM stations or watch up to 10 hours of video on a single charge. Enhance your listening experience with integrated noise cancellation and five clear audio technologies. Ideal for the gym, travel or daily commute, this MP3 player comes with noise canceling EX headphones which reduce ambient sound and deliver superior audio. Additionally, this Walkman comes with an innovative feature called SensMeв&bdquo;ў, which uses beats-per-minute and an algorithm to analyze portions of your music and automatically create music channels. Exceptional sound quality With five clear audio technologies: The Sony NWZ-A845 houses five integrated clear audio technologies, allowing you to enjoy all of your music and videos with exceptional crisp sound. Integrated noise canceling system The Sony NWZ-A845 features integrated noise canceling technology that cancels up to 75 percent of ambient noise2. An in-box adaptor can also turn your Walkman &reg; player and EX headphones combination into noise canceling headphones for other devices. For example, simply connect the included adapter to your Walkman &reg; player and the AV system in an airplane via an audio jack, and you&#39;re ready to enjoy the benefit of noise canceling technology while watching an in-flight movie.[/en]</p>\r\n', 0, NULL, NULL, 'images/tiny/Sony_NWZ-A845_2.jpg', 'Sony NWZ-A845', 'images/small/Sony_NWZ-A845_2.jpg', 'Sony NWZ-A845', 'images/big/Sony_NWZ-A845_2.jpg', 'Sony NWZ-A845', 'images/super/Sony_NWZ-A845_2.jpg', NULL, NULL, NULL, NULL, NULL, 0, 8999.00, 0, 0.00, 0, 0, 0.00, 0, 0.00, 0, NULL, 0, 0.0000, 0.0000, 0.0000, NULL, NULL, NULL, NULL, NULL, NULL, 0, 0, 0, 0, 0, 0, NULL, NULL, NULL, NULL, NULL, 1, NULL, 0, 0.00, 0, 0.00, 0, NULL, 0, NULL, NULL, NULL, NULL, NULL, 0, NULL, NULL, NULL, NULL, NULL, NULL, NULL, NULL, NULL, NULL, NULL, NULL, NULL, 0, NULL, NULL, NULL, NULL, 1, 1, 1, 1, 6, 6, 0, NULL, 133, NULL, NULL, NULL, 'MP3-видеоплеер Sony NWZ-A845', 'MP3-видеоплеер Sony NWZ-A845', 'MP3-видеоплеер Sony NWZ-A845', 'MP3-видеоплеер Sony NWZ-A845', 0, NULL, NULL, NULL, NULL, NULL, NULL, 0, NULL, NULL, 0, NULL, NULL, NULL, 0, 1, 1, '2011-06-30 23:00:29', '2012-10-25 22:06:23'),
(32, '', ' Flash audio player SA2645/02', 'flash-audio-player-sa2645-02', 1, 8, NULL, NULL, '', 9, NULL, 0, NULL, NULL, 0, 0, 0, 0, '<p>\r\n	[ru]<b>Носитель</b><br />\r\n	Тип Flash<br />\r\n	<b>Встроенная память </b>4 Гб<br />\r\n	<b>Дисплей</b>&nbsp; LCD монохромный 128x48px[/ru]</p>\r\n', '<p>\r\n	[ru]Миниатюрный МP3&nbsp; флеш-плеер. FM-тюнер. Диктофон.[/ru]<br />\r\n	[en]Show off your Philips GoGear digital audio player SA2645, featuring a stylish interchangeable cover! Easily take your favorite tunes on the go with Direct USB and enjoy 20 hours of playtime with just one AAA battery.[/en]</p>\r\n', 1, '<p>\r\n	[ru]Миниатюрный МP3 флеш-плеер: компактные размеры корпуса и небольшой вес, поддержка основных форматов аудио, удобная навигация благодаря монохромному дисплею. Доступна функция диктофона. Питание от встроенного аккумулятора. Модель со встроенным FM-тюнером.[/ru]<br />\r\n	[en]Show off your Philips GoGear digital audio player SA2645, featuring a stylish interchangeable cover! Easily take your favorite tunes on the go with Direct USB and enjoy 20 hours of playtime with just one AAA battery. Your music, your data - on the go, everyday Enjoy MP3 and WMA playback Make voice recordings Fast downloads from your PC via USB 2.0* Preset up to 20 FM radio stations for more music Plug and play data storage Ready to wear, ready to go Up to 20-hour music playback with one AAA battery Small and wearable for ultimate portability[/en]</p>\r\n', 1, '<p>\r\n	[ru]Миниатюрный М3 флеш-плеер: компактные размеры корпуса и небольшой вес, поддержка основных форматов аудио[/ru][en]Show off your Philips GoGear digital audio player SA2645, featuring a stylish interchangeable cover! Easily take your favorite tunes on the go with Direct USB and enjoy 20 hours of playtime with just one AAA battery[/en].</p>\r\n', NULL, 'images/tiny/SA2645.jpg', NULL, 'images/small/SA2645.jpg', NULL, 'images/big/SA2645.jpg', NULL, 'images/super/SA2645.jpg', NULL, NULL, NULL, NULL, NULL, 0, 600.00, 0, 0.00, 0, 0, 0.00, 0, 0.00, 0, NULL, 0, 0.0000, 0.0000, 0.0000, NULL, NULL, NULL, NULL, NULL, NULL, 0, 0, 0, 0, 0, 0, NULL, NULL, NULL, NULL, NULL, 1, NULL, 0, 39.99, 0, 0.00, 0, NULL, 0, NULL, NULL, NULL, NULL, NULL, 0, NULL, NULL, NULL, NULL, NULL, NULL, NULL, NULL, NULL, NULL, NULL, NULL, NULL, 0, NULL, NULL, NULL, NULL, 1, 1, 1, 1, 6, 6, 0, NULL, 262, NULL, NULL, NULL, NULL, ' Flash audio player SA2645/02', ' Flash audio player SA2645/02', ' Flash audio player SA2645/02', 0, NULL, NULL, NULL, NULL, NULL, NULL, 0, NULL, NULL, 0, NULL, NULL, NULL, 0, 1, 1, '2011-06-30 23:00:29', '2012-10-25 22:06:08'),
(33, '', '8GB Flash audio video player SA6085/02 ', '8gb-flash-audio-video-player-sa6085-02', 1, 8, NULL, NULL, '', 9, NULL, 0, NULL, NULL, 0, 0, 0, 0, '<p>\r\n	[ru]Объем памяти:<span style="font-weight: bold;"> </span> 8 Гб<br />\r\n	Диктофон: нет<br />\r\n	FM радио:<span style="font-weight: bold;"> </span>да<br />\r\n	Цвет: черный<br />\r\n	Разьемы: USB[/ru]</p>\r\n', '<p>\r\n	[ru]<span style="font-size: 10pt;">8GB Audio/Video Player/ FM Radio/ Voice Recorder/ 2,2 inch 65K colour LCD/ 15h</span>[/ru]<br />\r\n	[en]Show off your Philips GoGear digital audio player SA2645, featuring a stylish interchangeable cover! Easily take your favorite tunes on the go with Direct USB and enjoy 20 hours of playtime with just one AAA battery.[/en]</p>\r\n', 1, '<p>\r\n	[ru]</p>\r\n<ul>\r\n	<li>\r\n		Просмотр видео в пути</li>\r\n	<li>\r\n		MP3, WMA , фото и видео</li>\r\n	<li>\r\n		Современное портативное устройство&nbsp;с высококачественным 2,2-дюймовым цветным экраном и возможностью воспроизведения до 4 часов видео.</li>\r\n	<li>\r\n		Воспроизведение музыки и видео в любое время, в любом месте</li>\r\n	<li>\r\n		Наслаждайтесь любимым видео на ходу</li>\r\n	<li>\r\n		Музыка&nbsp;форматов MP3, WMA (DRM) и FM радио</li>\r\n	<li>\r\n		WMV</li>\r\n	<li>\r\n		SuperScroll&nbsp;</li>\r\n	<li>\r\n		Автосинхронизация с проигрывателем Windows Media</li>\r\n	<li>\r\n		Зарядка напрямую от ПК через USB[/ru]</li>\r\n</ul>\r\n<p>\r\n	[en]Experience music and video - anytime, anyplace Enjoy your favourite videos on the move Enjoy MP3 and WMA (DRM) music plus FM radio Enjoy WMV videos on the move Enjoy straight away 2.2 colour LCD for a great video viewing experience SuperScroll finds what you want in a fast, simple way Small and wearable - goes where you go[/en]</p>\r\n', 0, NULL, NULL, 'images/tiny/SA6085.jpg', NULL, 'images/small/SA6085.jpg', NULL, 'images/big/SA6085.jpg', NULL, 'images/super/SA6085.jpg', NULL, NULL, NULL, NULL, NULL, 0, 4500.00, 0, 0.00, 0, 0, 0.00, 0, 0.00, 0, NULL, 0, 0.0000, 0.0000, 0.0000, NULL, NULL, NULL, NULL, NULL, NULL, 0, 0, 0, 0, 0, 0, NULL, NULL, NULL, NULL, NULL, 1, NULL, 0, 0.00, 0, 0.00, 0, NULL, 0, NULL, NULL, NULL, NULL, NULL, 0, NULL, NULL, NULL, NULL, NULL, NULL, NULL, NULL, NULL, NULL, NULL, NULL, NULL, 0, NULL, NULL, NULL, NULL, 1, 1, 1, 1, 6, 6, 0, NULL, 191, NULL, NULL, NULL, '8GB Flash audio video player SA6085/02 ', '8GB Flash audio video player SA6085/02 ', '8GB Flash audio video player SA6085/02 ', '8GB Flash audio video player SA6085/02 ', 0, NULL, NULL, NULL, NULL, NULL, NULL, 0, NULL, NULL, 0, NULL, NULL, NULL, 0, 1, 1, '2011-06-30 23:00:29', '2012-10-25 22:06:16'),
(67, '', 'PANASONIC VIERA TX-LR32X20', 'panasonic-viera-tx-lr32x20', 9, 7, NULL, '2010-11-27 00:00:00', '', 10, NULL, 0, NULL, NULL, 0, 0, 0, 0, '<p>\r\n	[ru]</p>\r\n<ul class="normal">\r\n	<li>\r\n		32&quot; (80 см) ЖК-панель с IPS-матрицей</li>\r\n	<li>\r\n		Динамическая контрастность 20 000:1</li>\r\n	<li>\r\n		Угол обзора 178&deg;</li>\r\n	<li>\r\n		Вход для ПК</li>\r\n	<li>\r\n		Игровой режим[/ru]</li>\r\n</ul>\r\n', '<p>\r\n	[ru]VIERA TX-LR32X20 - 32&quot; (80 см) ЖК-телевизор высокой четкости HD[/ru]</p>\r\n', 1, '<p>\r\n	[ru]ЖК-телевизор IPS Alpha Panasonic <b>TX-LR32X20</b> с разрешением экрана 1366 х 768<b> </b><br />\r\n	<br />\r\n	<b>Изображение</b></p>\r\n<ul>\r\n	<li>\r\n		&nbsp; Панель IPS Alpha с углом обзора 178&deg;</li>\r\n	<li>\r\n		&nbsp; Динамическая контрастность 20 000:1</li>\r\n	<li>\r\n		&nbsp; Функция 24p Playback</li>\r\n</ul>\r\n<p>\r\n	<b>Сетевые возможности </b></p>\r\n<p>\r\n	&nbsp;</p>\r\n<ul>\r\n	<li>\r\n		&nbsp; Функция VIERA Image Viewer (фото|видео)</li>\r\n	<li>\r\n		&nbsp; Функция VIERA Link</li>\r\n	<li>\r\n		&nbsp; Интерфейс VIERA Tools</li>\r\n	<li>\r\n		&nbsp; Игровой режим Game</li>\r\n	<li>\r\n		&nbsp; Вход для ПК</li>\r\n</ul>\r\n<p>\r\n	<b>Экологичность</b></p>\r\n<p>\r\n	&nbsp;</p>\r\n<p>\r\n	&nbsp;</p>\r\n<ul>\r\n	<li>\r\n		&nbsp; Режим Эко</li>\r\n</ul>\r\n<p>\r\n	<b>Другие особенности</b></p>\r\n<p>\r\n	&nbsp;</p>\r\n<p>\r\n	&nbsp;</p>\r\n<ul>\r\n	<li>\r\n		&nbsp; Технология V-Audio Surround[/ru]</li>\r\n</ul>\r\n<p>\r\n	&nbsp;</p>\r\n', 0, NULL, NULL, 'images/tiny/PANASONIC_VIERA_TX-LR32X20.jpg', 'PANASONIC VIERA TX-LR32X20', 'images/small/PANASONIC_VIERA_TX-LR32X20.jpg', 'PANASONIC VIERA TX-LR32X20', 'images/big/PANASONIC_VIERA_TX-LR32X20.jpg', 'PANASONIC VIERA TX-LR32X20', 'images/super/PANASONIC_VIERA_TX-LR32X20.jpg', NULL, NULL, NULL, NULL, NULL, 0, 15570.00, 0, 0.00, 0, 0, 0.00, 0, 0.00, 0, NULL, 0, NULL, NULL, NULL, NULL, NULL, NULL, NULL, NULL, NULL, 0, 0, 0, 0, 0, 0, NULL, NULL, NULL, NULL, NULL, 1, NULL, 0, 0.00, 0, 0.00, 0, NULL, 0, NULL, NULL, NULL, NULL, NULL, 0, NULL, NULL, NULL, NULL, NULL, NULL, NULL, NULL, NULL, NULL, NULL, NULL, NULL, 0, NULL, NULL, NULL, NULL, 1, 1, 1, 1, 6, 6, 0, NULL, 165, NULL, NULL, NULL, 'PANASONIC VIERA TX-LR32X20', 'PANASONIC VIERA TX-LR32X20', 'PANASONIC VIERA TX-LR32X20', 'PANASONIC VIERA TX-LR32X20', 0, NULL, NULL, NULL, NULL, NULL, NULL, 0, NULL, NULL, 0, NULL, NULL, NULL, 0, 1, 1, '2011-06-30 22:45:57', '2012-10-25 22:05:45'),
(66, 'SB54689', 'SONY BRAVIA KDL-40HX800', 'sony-bravia-kdl-40hx800', 8, 7, NULL, NULL, '', 3, NULL, 0, NULL, NULL, 0, 0, 0, 0, '<ul>\r\n	<li>\r\n		[ru]Динамическая подсветка Edge LED</li>\r\n	<li>\r\n		Deep Black Panel</li>\r\n	<li>\r\n		Motionflow 200Hz PRO</li>\r\n	<li>\r\n		Full HD 3D Ready</li>\r\n	<li>\r\n		BRAVIA Internet Video</li>\r\n	<li>\r\n		Wi-Fi &reg; Ready[/ru]</li>\r\n</ul>\r\n', '<p>\r\n	[ru]ЖК-телевизор BRAVIA 40&nbsp; (102 см), Full HD, 3D Ready и WiFi Ready[/ru]</p>\r\n', 1, '<p>\r\n	[ru]ЖК-телевизор&nbsp; SONY BRAVIA KDL-40HX800 40&nbsp; (102 см), Full HD, 3D Ready и WiFi Ready, с подсветкой Dynamic Edge LED и Motionflow 200Hz PRO</p>\r\n<ul>\r\n	<li>\r\n		Динамическая подсветка Edge LED&nbsp; инновационная технология Edge LED с локальным затемнением оптимизирует подсветкe и обеспечивает превосходную &quot;картинку&quot;, а GigaContrast создает потрясающе яркий белый и глубокий черный цвет на ультратонком экране</li>\r\n	<li>\r\n		Deep Black Panel: невероятно выразительное изображение с высокой контрастностью и более глубоким черным. Экран уменьшает блики в помещении с ярким светом и выглядит потрясающе и при включенном, и при выключенном телевизоре</li>\r\n	<li>\r\n		Motionflow 200Hz PRO с Image Blur Reduction: плавная передача динамичных сцен благодаря технологии, которая вчетверо повышает количество кадров по сравнению с обычными ТВ с частотой 50 Гц. Мерцающая подсветка создает эффект кинозала</li>\r\n	<li>\r\n		Full HD 3D Ready: получите еще больше ощущений от просмотра с помощью специальных очков и 3D-передатчиков и окунитесь в мир высокого разрешения Full High Definition 3D. Невероятно реалистичное 3D-отображение буквально переносит вас в действие фильма</li>\r\n	<li>\r\n		В подарок 3D фильм Алиса в Стране чудес 3D</li>\r\n	<li>\r\n		BRAVIA Internet Video: прямое подключение ТВ к интернету для доступа к онлайн-службам, потоковым полноэкранным видео-файлам и возможности посмотреть пропущенные программы при помощи функции отложенного просмотра (доступные службы зависят от страны)</li>\r\n	<li>\r\n		Wi-Fi &reg; Ready: используйте беспроводной адаптер или USB-ключ для легкого подключения к домашней беспроводной сети&nbsp; забудьте о проводах[/ru]</li>\r\n</ul>\r\n<p>\r\n	&nbsp;</p>\r\n', 0, NULL, NULL, 'images/tiny/SONY_BRAVIA_KDL-40HX800.jpg', 'SONY BRAVIA KDL-40HX800', 'images/small/SONY_BRAVIA_KDL-40HX800.jpg', 'SONY BRAVIA KDL-40HX800', 'images/big/SONY_BRAVIA_KDL-40HX800.jpg', 'SONY BRAVIA KDL-40HX800', 'images/super/SONY_BRAVIA_KDL-40HX800.jpg', NULL, NULL, NULL, NULL, NULL, 0, 74999.00, 0, 0.00, 0, 0, 0.00, 0, 0.00, 0, NULL, 0, NULL, NULL, NULL, NULL, NULL, NULL, NULL, NULL, NULL, 0, 0, 0, 0, 0, 0, NULL, NULL, NULL, NULL, NULL, 1, NULL, 0, 0.00, 0, 0.00, 0, NULL, 0, NULL, NULL, NULL, NULL, NULL, 0, NULL, NULL, NULL, NULL, NULL, NULL, NULL, NULL, NULL, NULL, NULL, NULL, NULL, 0, NULL, NULL, NULL, NULL, 1, 1, 1, 1, 6, 6, 0, NULL, 116, NULL, NULL, NULL, 'SONY BRAVIA KDL-40HX800', 'SONY BRAVIA KDL-40HX800', 'SONY BRAVIA KDL-40HX800', 'SONY BRAVIA KDL-40HX800', 0, NULL, NULL, NULL, NULL, NULL, NULL, 0, NULL, NULL, 0, NULL, NULL, NULL, 0, 1, 1, '2011-06-30 22:45:57', '2012-10-25 22:05:38'),
(65, '', 'SONY BRAVIA KLV-26NX400/B', 'sony-bravia-klv-26nx400-b', 7, 7, NULL, NULL, '', 3, NULL, 0, NULL, NULL, 0, 0, 0, 0, '<p>\r\n	[ru]<br />\r\n	<img align="left" alt="" border="0" height="16" hspace="0" src="/images/products/editor/ok.png" vspace="0" width="16" />&nbsp; BRAVIA ENGINE 2: невероятно четкое и детализированное изображение с великолепной цветопередачей.<br />\r\n	<img align="left" alt="" border="0" height="16" hspace="0" src="/images/products/editor/ok.png" vspace="0" width="16" />&nbsp; Ambient Sensor&nbsp; автоматическое определение яркости и цветовой температуры освещения в комнате и оптимизация изображения для комфортного просмотра при любом освещении[/ru]</p>\r\n', '<p>\r\n	[ru]ЖК-телевизор BRAVIA 26&quot; (66 см) HD Ready в исполнении Monolithic Design[/ru]</p>\r\n', 1, '<p>\r\n	[ru]ЖК-телевизор SONY BRAVIA KLV-26NX400/B 26&quot; (66 см) HD Ready в исполнении Monolithic Design с рамкой черного цвета.</p>\r\n<ul>\r\n	<li>\r\n		Live Colour четыре режима на выбор: выкл., низкий, средний и высокий для настройки цвета в насыщенных изображениях и получения оптимального качества</li>\r\n	<li>\r\n		24p True Cinema почувствуйте то же, что и зритель кинозала, и смотрите фильмы со скоростью 24 кадра в секунду&nbsp; исходная скорость, с которой снимался фильм</li>\r\n	<li>\r\n		Режим Picture Frame: превратите телевизор BRAVIA в произведение искусства, включив режим просмотра предустановленных изображений или своих собственных фото, и телевизор будет радовать глаз, даже когда вы не смотрите кино</li>\r\n	<li>\r\n		Eco Settings : быстрый доступ к ряду эконастроек, при помощи которых можно снизить энергопотребление, что позволит сэкономить на электричестве и наносить меньше вреда экологии</li>\r\n	<li>\r\n		Функция Clear Voice: активируйте функцию Clear Voice для автоматического повышения частоты голоса, чтобы повысить качество звуковой дорожки и сделать ее более четкой и громкой[/ru]</li>\r\n</ul>\r\n', 0, NULL, NULL, 'images/tiny/SONY_BRAVIA_KLV-26NX400B.jpg', 'SONY BRAVIA KLV-26NX400B', 'images/small/SONY_BRAVIA_KLV-26NX400B.jpg', 'SONY BRAVIA KLV-26NX400B', 'images/big/SONY_BRAVIA_KLV-26NX400B.jpg', 'SONY BRAVIA KLV-26NX400B', 'images/super/SONY_BRAVIA_KLV-26NX400B.jpg', NULL, NULL, NULL, NULL, NULL, 0, 18999.00, 0, 0.00, 0, 0, 0.00, 0, 0.00, 0, NULL, 0, NULL, NULL, NULL, NULL, NULL, NULL, NULL, NULL, NULL, 0, 0, 0, 0, 0, 0, NULL, NULL, NULL, NULL, NULL, 1, NULL, 0, 0.00, 0, 0.00, 0, NULL, 0, NULL, NULL, NULL, NULL, NULL, 0, NULL, NULL, NULL, NULL, NULL, NULL, NULL, NULL, NULL, NULL, NULL, NULL, NULL, 0, NULL, NULL, NULL, NULL, 1, 1, 1, 1, 6, 6, 0, NULL, 140, NULL, NULL, NULL, 'SONY BRAVIA KLV-26NX400/B', 'SONY BRAVIA KLV-26NX400/B', 'SONY BRAVIA KLV-26NX400/B', 'SONY BRAVIA KLV-26NX400/B', 0, NULL, NULL, NULL, NULL, NULL, NULL, 0, NULL, NULL, 0, NULL, NULL, NULL, 0, 1, 1, '2011-06-30 22:45:57', '2012-10-25 22:05:22'),
(58, '', 'PANASONIC VIERA TX-PR42GT20', 'panasonic-viera-tx-pr42gt20', 5, 7, NULL, '2010-11-26 00:00:00', '', 10, NULL, 0, NULL, NULL, 0, 0, 0, 0, '<p>\r\n	<img align="left" alt="3D" border="0" height="66" hspace="0" src="images/products/editor/3D_logo.jpg" vspace="0" width="100" />[ru]</p>\r\n<ul style="padding-left: 10px;">\r\n	<li>\r\n		42&quot; (106 см) Плазменная панель 13 поколения Full HD NeoPDP c прогрессивной разверткой</li>\r\n	<li>\r\n		Статическая контрастность 5 000 000:1*</li>\r\n	<li>\r\n		Конвертация видео 2D в 3D</li>\r\n	<li>\r\n		Длительный срок службы&nbsp; 100 000 часов</li>\r\n	<li>\r\n		Функция 24p Smooth Film</li>\r\n	<li>\r\n		Индивидуальная калибровка цвета ISFccc[/ru]</li>\r\n</ul>\r\n', '<p>\r\n	[ru]VIERA TX-PR42GT20 - 42&quot; (106 см) плазма, Full-HD NeoPDP[/ru]</p>\r\n', 1, '<p>\r\n	<text></text>[ru]Плазменный 3D телевизор Panasonic <b>TX-PR42GT20</b> с разрешением экрана 1920 х 1080p<br />\r\n	<br />\r\n	<b>�Изображение</b></p>\r\n<p>\r\n	&nbsp;</p>\r\n<ul>\r\n	<li>\r\n		&nbsp; Full HD 3D&nbsp; Статическая контрастность 5 000 000:1*</li>\r\n	<li>\r\n		&nbsp; 1080 строк разрешения видео изображения** при передаче движения с технологией 600Hz Sub-Field Drive***</li>\r\n	<li>\r\n		&nbsp; Экран с сертификацией THX &reg;****</li>\r\n	<li>\r\n		&nbsp; Технология Digital Cinema Colour (краски цифрового кино)</li>\r\n	<li>\r\n		&nbsp; Функция 24p Smooth Film</li>\r\n	<li>\r\n		&nbsp; Технология Super Resolution</li>\r\n	<li>\r\n		&nbsp; Конвертация видео 2D в 3D</li>\r\n	<li>\r\n		&nbsp; Индивидуальная калибровка цвета ISFccc</li>\r\n</ul>\r\n<p>\r\n	<br />\r\n	<b>Сетевые возможности</b></p>\r\n<p>\r\n	&nbsp;</p>\r\n<p>\r\n	&nbsp;</p>\r\n<ul>\r\n	<li>\r\n		&nbsp; VIERA CAST с функцией Skype</li>\r\n	<li>\r\n		&nbsp; Поддержка DLNA</li>\r\n	<li>\r\n		&nbsp; Функция VIERA Image Viewer (фото/видео)</li>\r\n	<li>\r\n		&nbsp; Функция VIERA Link</li>\r\n	<li>\r\n		&nbsp; Порт USB</li>\r\n	<li>\r\n		&nbsp; Возможность подключения клавиатуры и жесткого диска к порту USB*****</li>\r\n	<li>\r\n		&nbsp; Интерфейс VIERA Tools</li>\r\n	<li>\r\n		&nbsp; Игровой режим Game</li>\r\n	<li>\r\n		&nbsp; Вход для ПК</li>\r\n</ul>\r\n<p>\r\n	<br />\r\n	<b>Экологичность</b></p>\r\n<p>\r\n	&nbsp;</p>\r\n<p>\r\n	&nbsp;</p>\r\n<ul>\r\n	<li>\r\n		&nbsp; Отсутствие в конструкции ртути и свинца</li>\r\n	<li>\r\n		&nbsp; Длительный срок службы панели&nbsp; до 100 000 часов</li>\r\n	<li>\r\n		&nbsp; Режим Эко</li>\r\n</ul>\r\n<p>\r\n	<br />\r\n	<b>Другие особенности</b></p>\r\n<p>\r\n	&nbsp;</p>\r\n<p>\r\n	&nbsp;</p>\r\n<ul>\r\n	<li>\r\n		&nbsp; Технология V-Audio Surround[/ru]</li>\r\n</ul>\r\n<p>\r\n	&nbsp;</p>\r\n', 0, NULL, NULL, 'images/tiny/PANASONIC_VIERA_TX-PR42GT20.jpg', 'PANASONIC VIERA TX-PR42GT20', 'images/small/PANASONIC_VIERA_TX-PR42GT20.jpg', 'PANASONIC VIERA TX-PR42GT20', 'images/big/PANASONIC_VIERA_TX-PR42GT20.jpg', 'PANASONIC VIERA TX-PR42GT20', 'images/super/PANASONIC_VIERA_TX-PR42GT20.jpg', NULL, NULL, NULL, NULL, NULL, 0, 74990.00, 0, 0.00, 0, 0, 0.00, 0, 0.00, 0, NULL, 0, NULL, NULL, NULL, NULL, NULL, NULL, NULL, NULL, NULL, 0, 0, 0, 0, 0, 0, NULL, NULL, NULL, NULL, NULL, 1, NULL, 0, 0.00, 0, 0.00, 0, NULL, 0, NULL, NULL, NULL, NULL, NULL, 0, NULL, NULL, NULL, NULL, NULL, NULL, NULL, NULL, NULL, NULL, NULL, NULL, NULL, 0, NULL, NULL, NULL, NULL, 1, 1, 1, 1, 6, 6, 0, NULL, 89, NULL, NULL, NULL, 'PANASONIC VIERA TX-PR42GT20', 'PANASONIC VIERA TX-PR42GT20', 'PANASONIC VIERA TX-PR42GT20', 'PANASONIC VIERA TX-PR42GT20', 0, NULL, NULL, NULL, NULL, NULL, NULL, 0, NULL, NULL, 0, NULL, NULL, NULL, 0, 1, 1, '2011-06-30 22:45:57', '2012-10-25 22:04:15'),
(59, '', 'PANASONIC VIERA TX-LR32S25', 'panasonic-viera-tx-lr32s25', 6, 7, NULL, NULL, '', 10, NULL, 0, NULL, NULL, 0, 0, 0, 0, '<p>\r\n	[ru]</p>\r\n<ul style="padding-left: 10px;">\r\n	<li>\r\n		32&quot; (80 см) ЖК-панель с IPS-матрицей</li>\r\n	<li>\r\n		Динамическая контрастность 20 000:1</li>\r\n	<li>\r\n		Угол обзора 178&deg;</li>\r\n	<li>\r\n		Вход для ПК</li>\r\n	<li>\r\n		Игровой режим[/ru]</li>\r\n</ul>\r\n', '<p>\r\n	[ru]VIERA TX-LR32S25 - 32&quot; (80 см) ЖК-телевизор высокой четкости Full-HD[/ru]</p>\r\n', 1, '<p>\r\n	[ru]ЖК-телевизор IPS Alpha Panasonic <b>TX-LR32S25</b> с разрешением экрана 1920 х 1080p<b> </b><br />\r\n	<br />\r\n	<b>Изображение</b></p>\r\n<ul>\r\n	<li>\r\n		&nbsp; Панель IPS Alpha с углом обзора 178&deg;</li>\r\n	<li>\r\n		&nbsp; Динамическая контрастность 20 000:1</li>\r\n	<li>\r\n		&nbsp; Технология 100 Hz Motion Picture Pro</li>\r\n	<li>\r\n		&nbsp; Технология Motion Focus</li>\r\n	<li>\r\n		&nbsp; Функция 24p Smooth Film</li>\r\n</ul>\r\n<p>\r\n	<b>Сетевые возможности </b></p>\r\n<p>\r\n	&nbsp;</p>\r\n<ul>\r\n	<li>\r\n		&nbsp; VIERA CAST с функцией Skype</li>\r\n	<li>\r\n		&nbsp; Поддержка DLNA</li>\r\n	<li>\r\n		&nbsp; Функция VIERA Image Viewer (фото/видео)</li>\r\n	<li>\r\n		&nbsp; Функция VIERA Link</li>\r\n	<li>\r\n		&nbsp; Разъем USB</li>\r\n	<li>\r\n		&nbsp; Возможность подключения клавиатуры и жесткого диска к порту USB*</li>\r\n	<li>\r\n		&nbsp; Интерфейс VIERA Tools</li>\r\n	<li>\r\n		&nbsp; Игровой режим Game</li>\r\n	<li>\r\n		&nbsp; Вход для ПК</li>\r\n</ul>\r\n<p>\r\n	<b>Экологичность</b></p>\r\n<p>\r\n	&nbsp;</p>\r\n<p>\r\n	&nbsp;</p>\r\n<ul>\r\n	<li>\r\n		Режим Эко</li>\r\n</ul>\r\n<p>\r\n	<b>Другие особенности</b></p>\r\n<p>\r\n	&nbsp;</p>\r\n<p>\r\n	&nbsp;</p>\r\n<ul>\r\n	<li>\r\n		Технология V-Audio Surround[/ru]</li>\r\n</ul>\r\n<p>\r\n	&nbsp;</p>\r\n', 0, NULL, NULL, 'images/tiny/PANASONIC_VIERA_TX-LR32S25.jpg', 'PANASONIC VIERA TX-LR32S25 ', 'images/small/PANASONIC_VIERA_TX-LR32S25.jpg', 'PANASONIC VIERA TX-LR32S25 ', 'images/big/PANASONIC_VIERA_TX-LR32S25.jpg', 'PANASONIC VIERA TX-LR32S25 ', 'images/super/PANASONIC_VIERA_TX-LR32S25.jpg', NULL, NULL, NULL, NULL, NULL, 0, 27100.00, 0, 0.00, 0, 0, 0.00, 0, 0.00, 0, NULL, 0, NULL, NULL, NULL, NULL, NULL, NULL, NULL, NULL, NULL, 0, 0, 0, 0, 0, 0, NULL, NULL, NULL, NULL, NULL, 1, NULL, 0, 0.00, 0, 0.00, 0, NULL, 0, NULL, NULL, NULL, NULL, NULL, 0, NULL, NULL, NULL, NULL, NULL, NULL, NULL, NULL, NULL, NULL, NULL, NULL, NULL, 0, NULL, NULL, NULL, NULL, 1, 1, 1, 1, 6, 6, 0, NULL, 89, NULL, NULL, NULL, 'PANASONIC VIERA TX-LR32S25', 'PANASONIC VIERA TX-LR32S25', 'PANASONIC VIERA TX-LR32S25', 'PANASONIC VIERA TX-LR32S25', 0, NULL, NULL, NULL, NULL, NULL, NULL, 0, NULL, NULL, 0, NULL, NULL, NULL, 0, 1, 1, '2011-06-30 22:45:57', '2012-10-25 22:05:10');
INSERT INTO `va_items` (`item_id`, `item_code`, `item_name`, `friendly_url`, `item_order`, `item_type_id`, `google_base_type_id`, `issue_date`, `language_code`, `manufacturer_id`, `manufacturer_code`, `supplier_id`, `author_id`, `template_name`, `hide_add_list`, `hide_add_table`, `hide_add_grid`, `hide_add_details`, `features`, `short_description`, `full_desc_type`, `full_description`, `is_special_offer`, `special_offer`, `notes`, `tiny_image`, `tiny_image_alt`, `small_image`, `small_image_alt`, `big_image`, `big_image_alt`, `super_image`, `preview_url`, `preview_width`, `preview_height`, `specification`, `buying_price`, `buying_price_id`, `price`, `price_id`, `trade_price`, `trade_price_id`, `is_price_edit`, `properties_price`, `properties_price_id`, `trade_properties_price`, `trade_properties_price_id`, `tax_id`, `tax_free`, `width`, `height`, `length`, `weight`, `packages_number`, `min_quantity`, `max_quantity`, `quantity_increment`, `stock_level`, `use_stock_level`, `hide_out_of_stock`, `disable_out_of_stock`, `is_shipping_free`, `is_separate_shipping`, `is_shipping_required`, `shipping_in_stock`, `shipping_out_stock`, `shipping_rule_id`, `shipping_cost`, `shipping_trade_cost`, `shipping_modules_default`, `shipping_modules_ids`, `is_sales`, `sales_price`, `sales_price_id`, `trade_sales`, `trade_sales_id`, `discount_percent`, `is_points_price`, `points_price`, `reward_type`, `reward_amount`, `credit_reward_type`, `credit_reward_amount`, `is_recurring`, `recurring_price`, `recurring_period`, `recurring_interval`, `recurring_payments_total`, `recurring_start_date`, `recurring_end_date`, `affiliate_commission_type`, `affiliate_commission_amount`, `merchant_fee_type`, `merchant_fee_amount`, `downloadable`, `download_period`, `download_path`, `download_show_terms`, `download_terms_text`, `generate_serial`, `serial_period`, `activations_number`, `is_showing`, `is_approved`, `is_keywords`, `sites_all`, `access_level`, `guest_access_level`, `is_compared`, `buy_link`, `total_views`, `votes`, `points`, `rating`, `a_title`, `meta_title`, `meta_keywords`, `meta_description`, `mail_notify`, `mail_to`, `mail_from`, `mail_cc`, `mail_bcc`, `mail_reply_to`, `mail_return_path`, `mail_type`, `mail_subject`, `mail_body`, `sms_notify`, `sms_recipient`, `sms_originator`, `sms_message`, `user_id`, `admin_id_added_by`, `admin_id_modified_by`, `date_added`, `date_modified`) VALUES
(57, '', 'PANASONIC VIERA TX-LR32U20', 'panasonic-viera-tx-lr32u20', 4, 7, NULL, '2010-11-26 00:00:00', '', 10, NULL, 0, NULL, NULL, 0, 0, 0, 0, '<p>\r\n	[ru]</p>\r\n<ul style="padding-left: 10px;">\r\n	<li>\r\n		32&quot; (80 см) ЖК-панель с IPS-матрицей</li>\r\n	<li>\r\n		Динамическая контрастность 20 000:1</li>\r\n	<li>\r\n		Угол обзора 178&deg;</li>\r\n	<li>\r\n		Вход для ПК</li>\r\n	<li>\r\n		Игровой режим[/ru]</li>\r\n</ul>\r\n', '<p>\r\n	[ru]VIERA TX-LR32U20 - 32&quot; (80 см) ЖК-телевизор высокой четкости Full-HD[/ru]</p>\r\n', 1, '<p>\r\n	[ru]ЖК-телевизор IPS Alpha&nbsp; Panasonic <b>TX-LR32U20</b> с разрешением экрана 1920 х 1080p<b> </b><br />\r\n	<br />\r\n	<b>�?зображение</b></p>\r\n<ul>\r\n	<li>\r\n		&nbsp; Панель IPS Alpha с углом обзора 178&deg;</li>\r\n	<li>\r\n		&nbsp; Динамическая контрастность 20 000:1</li>\r\n	<li>\r\n		&nbsp; Функция 24p Playback</li>\r\n</ul>\r\n<p>\r\n	<b>Сетевые возможности </b></p>\r\n<p>\r\n	&nbsp;</p>\r\n<ul>\r\n	<li>\r\n		&nbsp; Функция VIERA Image Viewer (фото/ видео)</li>\r\n	<li>\r\n		&nbsp; Функция VIERA Link</li>\r\n	<li>\r\n		&nbsp; Интерфейс VIERA Tools</li>\r\n	<li>\r\n		&nbsp; Игровой режим Game</li>\r\n	<li>\r\n		&nbsp; Вход для ПК</li>\r\n</ul>\r\n<p>\r\n	<b>�&shy;кологичность</b></p>\r\n<p>\r\n	&nbsp;</p>\r\n<p>\r\n	&nbsp;</p>\r\n<ul>\r\n	<li>\r\n		&nbsp; �&nbsp;ежим �&shy;ко</li>\r\n</ul>\r\n<p>\r\n	<b>Другие особенности</b></p>\r\n<p>\r\n	&nbsp;</p>\r\n<p>\r\n	&nbsp;</p>\r\n<ul>\r\n	<li>\r\n		Технология V-Audio Surround[/ru]</li>\r\n</ul>\r\n<p>\r\n	&nbsp;</p>\r\n', 0, NULL, NULL, 'images/tiny/PANASONIC_VIERA_TX-LR32U20.jpg', 'PANASONIC VIERA TX-LR32U20 ', 'images/small/PANASONIC_VIERA_TX-LR32U20.jpg', 'PANASONIC VIERA TX-LR32U20 ', 'images/big/PANASONIC_VIERA_TX-LR32U20.jpg', 'PANASONIC VIERA TX-LR32U20 ', 'images/super/PANASONIC_VIERA_TX-LR32U20.jpg', NULL, NULL, NULL, NULL, NULL, 0, 21000.00, 0, 0.00, 0, 0, 0.00, 0, 0.00, 0, NULL, 0, NULL, NULL, NULL, NULL, NULL, NULL, NULL, NULL, NULL, 0, 0, 0, 0, 0, 0, NULL, NULL, NULL, NULL, NULL, 1, NULL, 0, 0.00, 0, 0.00, 0, NULL, 0, NULL, NULL, NULL, NULL, NULL, 0, NULL, NULL, NULL, NULL, NULL, NULL, NULL, NULL, NULL, NULL, NULL, NULL, NULL, 0, NULL, NULL, NULL, NULL, 1, 1, 1, 1, 6, 6, 0, NULL, 144, NULL, NULL, NULL, 'Panasonic TX-LR32U20', 'Panasonic TX-LR32U20', 'Panasonic TX-LR32U20', 'Panasonic TX-LR32U20', 0, NULL, NULL, NULL, NULL, NULL, NULL, 0, NULL, NULL, 0, NULL, NULL, NULL, 0, 1, 1, '2011-06-30 22:45:57', '2012-10-25 22:04:08'),
(56, '', 'PANASONIC VIERA TH-R50PY800 ', 'panasonic-viera-th-r50py800', 3, 7, NULL, NULL, '', 10, NULL, 0, NULL, NULL, 0, 0, 0, 0, '<p>\r\n	[ru]</p>\r\n<ul style="padding-left: 10px;">\r\n	<li>\r\n		Стильная плазменная панель 50&quot; Full-HD 11 поколения</li>\r\n	<li>\r\n		Глубокие, сочные цвета за счёт высокой контрастности</li>\r\n	<li>\r\n		Мультимедийный интерфейс HDMI на 4 входа</li>\r\n	<li>\r\n		Возможность подключения ПК к PANASONIC VIERA TH-R50PY800</li>\r\n	<li>\r\n		Инновационная система управления VIERA Link</li>\r\n	<li>\r\n		Слот для Карт Памяти SD[/ru]</li>\r\n</ul>\r\n', '<p>\r\n	[ru]PANASONIC VIERA TH-R50PY800 - 50&quot; (127 см) плазма, Full-HD[/ru]</p>\r\n', 1, '<p>\r\n	[ru]Ультрасовременная панель <b>PANASONIC VIERA TH-R50PY800 </b>высокой четкости Full-HD с прогрессивной разверткой предлагает безупречную чёткость движения и естественную цветопередачу. Новое разрешение Full-HD в два раза выше стандарта HD, что гарантирует получение глубоких впечатлений от просмотра.<br />\r\n	<br />\r\n	&nbsp; Плазменный телевизор <b>PANASONIC VIERA TH-R50PY800</b> предлагает современные интерактивные возможности. Теперь стало легко просматривать информацию из интернета: видеоклипы, фотографии, новости, прогноз погоды, биржевые сводки на экране без дополнительного оборудования и лишних настроек.<br />\r\n	&nbsp;</p>\r\n<ul>\r\n	<li>\r\n		&nbsp; 5120 эквивалентных уровней градации позволяют воспроизводить тончайшие оттенки цвета. В результате Вы имеете возможность созерцать резкое, достоверное изображение в полном объёме. Жизнь диких животных, впечатляющие явления природы, реалистичный шум Ниагарского водопада&nbsp; мир становится ближе благодаря безупречному качеству VIERA.</li>\r\n	<li>\r\n		&nbsp; Динамическая контрастность 1,000,000:1 великолепно отображает быстро меняющиеся сцены и переносит в самый эпицентр событий, обеспечивая потрясающую глубину эмоциональных впечатлений.[/ru]</li>\r\n</ul>\r\n', 0, NULL, NULL, 'images/tiny/PANASO_NIC_VIERA_TH-R50PY800.jpg', 'PANASO NIC VIERA TH-R50PY800', 'images/small/PANASO_NIC_VIERA_TH-R50PY800.jpg', 'PANASONIC VIERA TH-R50PY800 ', 'images/big/PANASO_NIC_VIERA_TH-R50PY800.jpg', 'PANASONIC VIERA TH-R50PY800 ', 'images/super/PANASO_NIC_VIERA_TH-R50PY800.jpg', NULL, NULL, NULL, NULL, NULL, 0, 85000.00, 0, 0.00, 0, 0, 0.00, 0, 0.00, 0, NULL, 0, NULL, NULL, NULL, NULL, NULL, NULL, NULL, NULL, NULL, 0, 0, 0, 0, 0, 0, NULL, NULL, NULL, NULL, NULL, 1, NULL, 0, 0.00, 0, 0.00, 0, NULL, 0, NULL, NULL, NULL, NULL, NULL, 0, NULL, NULL, NULL, NULL, NULL, NULL, NULL, NULL, NULL, NULL, NULL, NULL, NULL, 0, NULL, NULL, NULL, NULL, 1, 1, 1, 1, 6, 6, 0, NULL, 82, NULL, NULL, NULL, 'PANASONIC VIERA TH-R50PY800 ', 'PANASONIC VIERA TH-R50PY800 ', 'PANASONIC VIERA TH-R50PY800 ', 'PANASONIC VIERA TH-R50PY800 ', 0, NULL, NULL, NULL, NULL, NULL, NULL, 0, NULL, NULL, 0, NULL, NULL, NULL, 0, 1, 1, '2011-06-30 22:45:57', '2012-10-25 22:04:00'),
(55, '', 'PANASONIC VIERA TX-LR42U20', 'panasonic-viera-tx-lr42u20', 2, 7, NULL, '2010-11-26 00:00:00', '', 10, NULL, 0, NULL, NULL, 0, 0, 0, 0, '<p>\r\n	[ru]</p>\r\n<ul style="padding-left: 10px;">\r\n	<li>\r\n		42" (106 см) ЖК-панель с IPS-матрицей</li>\r\n	<li>\r\n		Динамическая контрастность 20 000:1</li>\r\n	<li>\r\n		Угол обзора 178°</li>\r\n	<li>\r\n		Вход для ПК</li>\r\n	<li>\r\n		Игровой режим[/ru]</li>\r\n</ul>\r\n', '<p>\r\n	[ru]VIERA TX-LR42U20 - 42" (106 см) ЖК-телевизор высокой четкости Full-HD[/ru]</p>\r\n\r\n		', 1, '<p>\r\n	[ru]ЖК-телевизор IPS Alpha Panasonic <b>TX-LR42U20</b> с разрешением экрана 1920 х 1080p<b> </b><br>\r\n	<br>\r\n	<b>Изображение</b></p>\r\n<ul>\r\n	<li>\r\n		&nbsp; Панель IPS Alpha с углом обзора 178°</li>\r\n	<li>\r\n		&nbsp; Динамическая контрастность 20 000:1</li>\r\n	<li>\r\n		&nbsp; Функция 24p Playback</li>\r\n</ul>\r\n<p>\r\n	<b>Сетевые возможности </b></p>\r\n<p>\r\n	&nbsp;</p>\r\n<ul>\r\n	<li>\r\n		&nbsp; Функция VIERA Image Viewer (фото/ видео)</li>\r\n	<li>\r\n		&nbsp; Функция VIERA Link</li>\r\n	<li>\r\n		&nbsp; Интерфейс VIERA Tools</li>\r\n	<li>\r\n		&nbsp; Игровой режим Game</li>\r\n	<li>\r\n		&nbsp; Вход для ПК</li>\r\n</ul>\r\n<p>\r\n	<b>Экологичность</b></p>\r\n<p>\r\n	&nbsp;</p>\r\n<p>\r\n	&nbsp;</p>\r\n<ul>\r\n	<li>\r\n		&nbsp;Режим Эко</li>\r\n</ul>\r\n<p>\r\n	<b>Другие особенности</b></p>\r\n<p>\r\n	&nbsp;</p>\r\n<p>\r\n	&nbsp;</p>\r\n<ul>\r\n	<li>\r\n		Технология V-Audio Surround [/ru]</li>\r\n</ul>\r\n<p>\r\n	&nbsp;</p>\r\n', 0, NULL, NULL, 'images/tiny/PANASONIC_VIERA_TX-LR42U20.jpg', 'PANASONIC VIERA TX-LR42U20 ', 'images/small/PANASONIC_VIERA_TX-LR42U20.jpg', 'PANASONIC VIERA TX-LR42U20 ', 'images/big/PANASONIC_VIERA_TX-LR42U20.jpg', 'PANASONIC VIERA TX-LR42U20 ', 'images/super/PANASONIC_VIERA_TX-LR42U20.jpg', NULL, NULL, NULL, NULL, NULL, 0, 27990.00, 0, 0.00, 0, 0, 0.00, 0, 0.00, 0, NULL, 0, NULL, NULL, NULL, NULL, NULL, NULL, NULL, NULL, NULL, 0, 0, 0, 0, 0, 0, NULL, NULL, NULL, NULL, NULL, 1, NULL, 0, 0.00, 0, 0.00, 0, NULL, 0, NULL, NULL, NULL, NULL, NULL, 0, NULL, NULL, NULL, NULL, NULL, NULL, NULL, NULL, NULL, NULL, NULL, NULL, NULL, 0, NULL, NULL, NULL, NULL, 1, 1, 1, 1, 6, 6, 0, NULL, 117, NULL, NULL, NULL, 'PANASONIC VIERA TX-LR42U20', 'PANASONIC VIERA TX-LR42U20', 'PANASONIC VIERA TX-LR42U20', 'PANASONIC VIERA TX-LR42U20', 0, NULL, NULL, NULL, NULL, NULL, NULL, 0, NULL, NULL, 0, NULL, NULL, NULL, 0, 1, 1, '2011-06-30 22:45:57', '2012-12-01 14:03:09'),
(63, '1589653SZ', 'PANASONIC HDC-SDT750 ', 'panasonic-hdc-sdt750', 4, 6, NULL, '2010-11-26 00:00:00', '', 10, NULL, 0, NULL, NULL, 0, 0, 0, 0, '<p>\r\n	[ru]</p>\r\n<ul style="padding-left: 10px;">\r\n	<li>\r\n		Full HD видеосъемка 1920 х 1080р</li>\r\n	<li>\r\n		Объектив Leica F1,5</li>\r\n	<li>\r\n		Сенсорный дисплей</li>\r\n	<li>\r\n		3MOS сенсор</li>\r\n	<li>\r\n		Реалистичная цветопередача[/ru]</li>\r\n</ul>\r\n', '<p>\r\n	[ru]HDC-SDT750 - 3D видеокамера Panasonic с качеством записи Full-HD</p>\r\n', 1, '<p>\r\n	[ru]<span style="font-weight: bold;">HDC-SDT750 - 3D видеокамера Panasonic с качеством записи Full HD</span></p>\r\n<ul>\r\n	<li>\r\n		&nbsp; Запись с разре�?ением Full HD</li>\r\n	<li>\r\n		&nbsp; Система 3mos сенсоров</li>\r\n	<li>\r\n		&nbsp; Оптический стабилизатор изображения Advansed O.I.S.</li>\r\n	<li>\r\n		&nbsp; 5,1-канальная система окружающего звука и функция ZOOM MIC</li>\r\n	<li>\r\n		&nbsp; Кольцо ручной регулировки</li>\r\n	<li>\r\n		&nbsp; Быстрый старт</li>\r\n	<li>\r\n		&nbsp; Одновременная запись фото и видео</li>\r\n	<li>\r\n		&nbsp; Мировое время</li>\r\n	<li>\r\n		&nbsp; Функция PRE-REC</li>\r\n	<li>\r\n		&nbsp; Объектив Leica F1,5</li>\r\n	<li>\r\n		&nbsp; Сенсорный дисплей</li>\r\n	<li>\r\n		&nbsp; Реалистичная цветопередача[/ru]</li>\r\n</ul>\r\n<p>\r\n	&nbsp;</p>\r\n', 0, NULL, NULL, 'images/tiny/PANASONIC_HDC-SDT750.gif', '3D Видеокамера PANASONIC HDC-SDT750 ', 'images/small/PANASONIC_HDC-SDT750.gif', '3D Видеокамера PANASONIC HDC-SDT750 ', 'images/big/PANASONIC_HDC-SDT750.gif', '3D Видеокамера PANASONIC HDC-SDT750 ', 'images/super/PANASONIC_HDC-SDT750.gif', NULL, NULL, NULL, NULL, NULL, 0, 52500.00, 0, 0.00, 0, 0, 0.00, 0, 0.00, 0, NULL, 0, NULL, NULL, NULL, NULL, NULL, NULL, NULL, NULL, NULL, 0, 0, 0, 0, 0, 0, NULL, NULL, NULL, NULL, NULL, 1, NULL, 0, 0.00, 0, 0.00, 0, NULL, 0, NULL, NULL, NULL, NULL, NULL, 0, NULL, NULL, NULL, NULL, NULL, NULL, NULL, NULL, NULL, NULL, NULL, NULL, NULL, 0, NULL, NULL, NULL, NULL, 1, 1, 1, 1, 6, 6, 0, NULL, 62, NULL, NULL, NULL, '3D Видеокамера PANASONIC HDC-SDT750', '3D Видеокамера PANASONIC HDC-SDT750 ', '3D Видеокамера PANASONIC HDC-SDT750 ', '3D Видеокамера PANASONIC HDC-SDT750 ', 0, NULL, NULL, NULL, NULL, NULL, NULL, 0, NULL, NULL, 0, NULL, NULL, NULL, 0, 1, 1, '2011-06-30 22:40:00', '2012-10-25 22:03:32'),
(62, '1589463SZ', 'Видеокамера PANASONIC HDC-SD600', 'videokamera-panasonic-hdc-sd600', 3, 6, NULL, NULL, '', 10, NULL, 0, NULL, NULL, 0, 0, 0, 0, '<p>\r\n	[ru]</p>\r\n<ul>\r\n	<li>\r\n		Запись видео на SD Карту памяти</li>\r\n	<li>\r\n		Система 3 MOS сенсоров</li>\r\n	<li>\r\n		12x Оптический зум</li>\r\n	<li>\r\n		Сенсорный ЖК-монитор</li>\r\n	<li>\r\n		Объектив Leica Dicom[/ru]</li>\r\n</ul>\r\n', '<p>\r\n	[ru]HDC-SD600EEK - видеокамера Panasonic Full-HD[/ru]</p>\r\n', 1, '<p>\r\n	[ru]Видеокамера высокой четкости HDC-SD600</p>\r\n<ul>\r\n	<li>\r\n		&nbsp; Новый 3MOS Сенсор и оптика Leica Dicomar (F1.5 2.8)</li>\r\n	<li>\r\n		&nbsp; Запись 1080P (с прогрессивной разверткой)</li>\r\n	<li>\r\n		&nbsp; 35мм Широкоугольный объектив с 12x интеллектуальным зумом</li>\r\n	<li>\r\n		&nbsp; Технология интеллектуального разрешения</li>\r\n	<li>\r\n		&nbsp; Оптический стабилизатор Power O.I.S.</li>\r\n	<li>\r\n		&nbsp; 12x оптический зум</li>\r\n	<li>\r\n		&nbsp; Микрофон с подавлением шума ветра</li>\r\n	<li>\r\n		&nbsp; Распознавание лиц</li>\r\n	<li>\r\n		&nbsp; Распознавание улыбки</li>\r\n	<li>\r\n		&nbsp; 1-сек быстрое включение</li>\r\n	<li>\r\n		&nbsp; Широкоформатный сенсорный 2.7&nbsp; ЖК экран</li>\r\n	<li>\r\n		&nbsp; Функция предварительной записи[/ru]</li>\r\n</ul>\r\n', 0, NULL, NULL, 'images/tiny/PANASONIC_HDC-SD600.jpg', 'Видеокамера PANASONIC HDC-SD600', 'images/small/PANASONIC_HDC-SD600.jpg', 'Видеокамера PANASONIC HDC-SD600', 'images/big/PANASONIC_HDC-SD600.jpg', 'Видеокамера PANASONIC HDC-SD600', 'images/super/PANASONIC_HDC-SD600.jpg', NULL, NULL, NULL, NULL, NULL, 0, 38000.00, 0, 0.00, 0, 0, 0.00, 0, 0.00, 0, NULL, 0, NULL, NULL, NULL, NULL, NULL, NULL, NULL, NULL, NULL, 0, 0, 0, 0, 0, 0, NULL, NULL, NULL, NULL, NULL, 1, NULL, 0, 0.00, 0, 0.00, 0, NULL, 0, NULL, NULL, NULL, NULL, NULL, 0, NULL, NULL, NULL, NULL, NULL, NULL, NULL, NULL, NULL, NULL, NULL, NULL, NULL, 0, NULL, NULL, NULL, NULL, 1, 1, 1, 1, 6, 6, 0, NULL, 59, NULL, NULL, NULL, 'Видеокамера PANASONIC HDC-SD600', 'Видеокамера PANASONIC HDC-SD600', 'Видеокамера PANASONIC HDC-SD600', 'Видеокамера PANASONIC HDC-SD600', 0, NULL, NULL, NULL, NULL, NULL, NULL, 0, NULL, NULL, 0, NULL, NULL, NULL, 0, 1, 1, '2011-06-30 22:40:00', '2012-10-25 22:03:24'),
(54, '', 'Цифровая видеокамера Mini DV D001', 'tsifrovaya-videokamera-mini-dv-d001', 2, 6, NULL, NULL, '', NULL, NULL, 0, NULL, NULL, 0, 0, 0, 0, '<ul>\r\n	<li>\r\n		фотокамера 2.0 мегапикселя -- JPG;</li>\r\n	<li>\r\n		возможность съемки при слабой освещенности (до 1 Lux);</li>\r\n	<li>\r\n		встроенная Li-батарея;</li>\r\n	<li>\r\n		поддержка карт памяти до 16Gb;</li>\r\n</ul>\r\n', '<p>\r\n	[ru]Портативная видеокамера Mini DV D001 запись в формате AVI 640x480, 30 fps.[/ru].</p>\r\n', 1, '<p>\r\n	[ru]Портативная цифровая видеокамера <span style="font-weight: bold;">Mini DV D001</span> совмещает в себе видеокамеру и диктофон. Mini DV D001 возможно использовать в качестве авторегистратора. <span style="font-weight: bold;">Видеокамера Mini DV D001</span> имеет легкий пластмассовый корпус, легко и надежно крепится на одежду и может применяться в экстремальных видах спорта.&nbsp; Устройство записывает в формате AVI 640x480, 30 fps.,&nbsp; и поддерживает карты памяти Micro SD объемом до 8 Гб. Функцию активации записи по голосу. Встроенный литий-ионный аккумулятор обеспечивает 2 часа непрерывной записи видео. <span style="font-weight: bold;">Цифровая видеокамера Mini DV D001</span> поставляется с картой памяти 2Gb в комплекте.[/ru]</p>\r\n', 0, NULL, NULL, 'images/tiny/mini_dv_camera_D001_2.jpg', 'Цифровая видеокамера Mini DV D001', 'images/small/mini_dv_camera_D001_2.jpg', 'Цифровая видеокамера Mini DV D001', 'images/big/mini_dv_camera_D001_2.jpg', 'Цифровая видеокамера Mini DV D001', 'images/super/mini_dv_camera_D001_2.jpg', NULL, NULL, NULL, NULL, NULL, 0, 2300.00, 0, 0.00, 0, 0, 0.00, 0, 0.00, 0, NULL, 0, NULL, NULL, NULL, NULL, NULL, NULL, NULL, NULL, NULL, 0, 0, 0, 0, 0, 0, NULL, NULL, NULL, NULL, NULL, 1, NULL, 0, 0.00, 0, 0.00, 0, NULL, 0, NULL, NULL, NULL, NULL, NULL, 0, NULL, NULL, NULL, NULL, NULL, NULL, NULL, NULL, NULL, NULL, NULL, NULL, NULL, 0, NULL, NULL, NULL, NULL, 1, 1, 1, 1, 6, 6, 0, NULL, 51, NULL, NULL, NULL, 'Цифровая видеокамера Mini DV D001', 'Цифровая видеокамера Mini DV D001', 'Цифровая видеокамера Mini DV D001', 'Цифровая видеокамера Mini DV D001', 0, NULL, NULL, NULL, NULL, NULL, NULL, 0, NULL, NULL, 0, NULL, NULL, NULL, 0, 1, 1, '2011-06-30 22:40:00', '2012-10-25 22:03:16'),
(21, 'SW56895234', 'Видеокамера Sony HDR-CX12', 'videokamera-sony-hdr-cx12', 1, 6, NULL, NULL, '', 3, NULL, 0, NULL, NULL, 0, 0, 0, 0, '<p>\r\n	[ru]Тип: Flash AVCHD, цифровая<br />\r\n	Поддержка видео Full HD: есть<br />\r\n	Максимальное разрешение: 1920x1080px<br />\r\n	Фейдеры: черный, белый<br />\r\n	Вес: 370 г[/ru]</p>\r\n', '<p>\r\n	[ru]Sony HDR-CX12E - видеокамера с функцией распознавания улыбки&nbsp; Smile Shutter.[/ru]<br />\r\n	[en]The ultra-sleek, palm-sized HDR-CX12 Handycam&reg; camcorder is the world&#39;s first camcorder with Face Detection and Smile Shutter technology. Face Detection automatically adjusts focus, exposure and color for the most natural results.[/en]</p>\r\n', 1, '<p>\r\n	[ru]Sony HDR-CX12E - первая в мире видеокамера с функцией Smile Shutter. Видеокамера распознает улыбку в кадре и автоматически делает высококачественные четкие снимки. Для этого даже не нужно прерывать видеосъемку: камера делает фотографии прямо во время видеозаписи. Модель снабжена целым рядом продвинутых технологий улучшения изображения. [/ru][en]The ultra-sleek, palm-sized HDR-CX12 Handycam&reg; camcorder is the world&#39;s first camcorder with Face Detection and Smile Shutter technology. Face Detection automatically adjusts focus, exposure and color for the most natural results. With Smile Shutter, the HDR-CX12 can detect smiles and automatically capture still images, even while recording 1920 x 1080 Full HD video. You will also enjoy 10.2 megapixel still image recording to ensure your memories are preserved in stunning detail. Additionally, the CX12&#39;s small size and light weight make it an ideal travel companion, perfect for recording that special moment, wherever you are. Video and still images are stored directly to Memory Stick PRO Duo media (4GB supplied) for easy transfer to your computer or other compatible devices.<br />\r\n	<br />\r\n	<b>1920x1080 Recording</b><br />\r\n	Record stunning, incredibly detailed video footage in the clarity of 1920 x 1080 Full High Definition8 resolution.<br />\r\n	<br />\r\n	<b>10.2 megapixel still image capture</b><br />\r\n	Carry only one compact camera for both video and still. Capture up to 10.2 megapixel still image for high resolution digital photos.<br />\r\n	<br />\r\n	<b>Memory Stick PRO Duo Media1</b><br />\r\n	Capture still images directly onto Memory Stick PRO Duo media1 (4GB4 included) for easy transfer to PCs for emailing, printing, or sharing with other compatible Memory Stick&reg; devices (sold separately).<br />\r\n	<br />\r\n	<b>Smile Shutter technology</b><br />\r\n	Smile Shutter technology lets the camcorder automatically take still photos when your subject smiles, even while shooting High Definition video. You can also set the Smile Shutter sensitivity and choose child, adult, or auto priority.<br />\r\n	<br />\r\n	<b>Face Detection for Video Footage and Digital Still Photos</b><br />\r\n	Made possible by the BIONZ image processing engine, Face Detection technology recognizes up to 8 faces anywhere in the frame and automatically controls focus, exposure, and color to help capture smiling faces brightly and clearly. Face Detection also helps make skin tones look natural without affecting other colors in the image.<br />\r\n	<br />\r\n	<b>5 Megapixel ClearVid&nbsp; CMOS Sensor (with Exmor derived technology) and BION Image Processor</b><br />\r\n	Sony&trade; newly designed CMOS image sensor delivers bright, vivid, and spectacularly detailed 5 megapixel (effective) video footage, as well as 10.2 megapixel still images -- all with prolonged battery life. Exmor&nbsp; technology captures images with high resolution and high sensitivity. In addition, the advanced Sony BION image processor improves camera response time and screens out noise so the signal from each pixel is as pure as possible.[/en]</p>\r\n', 0, NULL, NULL, 'images/tiny/HDRCX12.jpg', 'HDRCX12', 'images/small/HDRCX12.jpg', 'HDRCX12', 'images/big/HDRCX12.jpg', 'HDRCX12', 'images/super/HDRCX12.jpg', NULL, NULL, NULL, NULL, NULL, 0, 28000.00, 0, 0.00, 0, 0, 0.00, 0, 0.00, 0, NULL, 0, 0.0000, 0.0000, 0.0000, NULL, NULL, NULL, NULL, NULL, NULL, 0, 0, 0, 0, 0, 0, NULL, NULL, NULL, NULL, NULL, 1, NULL, 0, 0.00, 0, 0.00, 0, NULL, 0, NULL, NULL, NULL, NULL, NULL, 0, NULL, NULL, NULL, NULL, NULL, NULL, NULL, NULL, NULL, NULL, NULL, NULL, NULL, 0, NULL, NULL, NULL, NULL, 1, 1, 1, 1, 6, 6, 0, NULL, 81, NULL, NULL, NULL, 'Видеокамера Sony HD Handycam Camcorder HDR-CX12', 'Видеокамера Sony HD Handycam Camcorder HDR-CX12', 'Видеокамера Sony HD Handycam Camcorder HDR-CX12', 'Видеокамера Sony HD Handycam Camcorder HDR-CX12', 0, NULL, NULL, NULL, NULL, NULL, NULL, 0, NULL, NULL, 0, NULL, NULL, NULL, 0, 1, 1, '2011-06-30 22:40:00', '2012-10-25 22:03:09'),
(15, '1257489YU', 'Видеокамера Canon VIXIA HF10', 'videokamera-canon-vixia-hf10', 1, 6, NULL, NULL, '', 5, '125489YU', 0, NULL, NULL, 0, 0, 0, 0, '<p>\r\n	[ru]Использование флэш-памяти в модели HF дает ряд преимуществ по сравнению с видеокамерами, основанными на других носителях, таких как жесткие диски. Обеспечивает длительное время съемки и при этом более компактна, чем видеокамеры с использованием DVD-дисков.[/ru]</p>\r\n', '<p>\r\n	[ru]Видеокамера Canon VIXIA HF10 с разрешением 1920x1080px Full HD [/ru]<br />\r\n	[en]From Canon&#39;s long history of optical excellence, advanced image processing, superb performance and technological innovation in photographic and broadcast television cameras comes the latest in high definition camcorders.[/en]</p>\r\n', 1, '<p>\r\n	[ru]Видеокамера <span style="font-weight: bold;">Сanon HF10</span> может выполнять запись непосредственно на карты памяти SD или SDHC, но за счет использования системы Dual Flash Memory модель <span style="font-weight: bold;">HF10</span> в стандартной комплектации также обеспечивает впечатляющие дополнительные 16 ГБ внутренней памяти. Например, при использовании внутренней флэш-памяти и дополнительной карты SDHC на 16 ГБ общей емкости памяти хватает на более чем 12 часов записи в стандарте HD[/ru]<br />\r\n	[en]From Canon&#39;s long history of optical excellence, advanced image processing, superb performance and technological innovation in photographic and broadcast television cameras comes the latest in high definition camcorders. Now, with the light, compact Canon VIXIA HF10, you can have stunning AVCHD (Advanced Video Codec High Definition) format recording with the ease and numerous benefits of Flash Memory. It&#39;s used in some of the world&#39;s most innovative electronic products such as laptop computers, MP3 players, PDAs and cell phones. Canon offers the best in Flash Memory with Dual Flash Memory- record to both the camcorder&#39;s 16 GB internal memory and a removable SDHC card, extending your available recording space and offering added flexibility in file transfer and playback. Add to that the VIXIA HF10&#39;s Canon Exclusive features such as our own 3.3 Megapixel Full HD CMOS sensor and advanced DIGIC DV II Image Processor, SuperRange Optical Image Stabilization, Instant Auto Focus, our 2.7&quot; Widescreen Multi-Angle Vivid LCD and the Genuine Canon 12x HD video zoom lens and you have a Flash Memory camcorder that&#39;s hard to beat and unmistakably Canon.[/en]</p>\r\n', 0, NULL, NULL, 'images/tiny/VIXIAHF10.jpg', 'Сanon HF10', 'images/small/VIXIAHF10.jpg', 'Сanon HF10', 'images/big/VIXIAHF10.jpg', 'Сanon HF10', 'images/super/VIXIAHF10.jpg', NULL, NULL, NULL, NULL, NULL, 0, 30000.00, 0, 0.00, 0, 0, 0.00, 0, 0.00, 0, NULL, 0, 0.0000, 0.0000, 0.0000, NULL, NULL, NULL, NULL, NULL, 8, 1, 0, 0, 0, 0, 0, NULL, NULL, 1, NULL, NULL, 1, NULL, 0, 0.00, 0, 0.00, 0, NULL, 0, NULL, NULL, NULL, NULL, NULL, 0, NULL, NULL, NULL, NULL, NULL, NULL, NULL, NULL, NULL, NULL, NULL, NULL, NULL, 0, NULL, NULL, NULL, NULL, 1, 1, 1, 1, 6, 6, 0, NULL, 87, NULL, NULL, NULL, 'Видеокамера Canon VIXIA HF10', 'Видеокамера Canon VIXIA HF10', 'Видеокамера Canon VIXIA HF10', 'Видеокамера Canon VIXIA HF10', 0, NULL, NULL, NULL, NULL, NULL, NULL, 0, NULL, NULL, 0, NULL, NULL, NULL, 0, 1, 1, '2011-06-30 22:40:00', '2012-10-25 22:03:02'),
(19, '', 'COOLPIX S600', 'coolpix-s600', 1, 6, NULL, NULL, '', 8, NULL, 0, NULL, NULL, 0, 0, 0, 0, '<p>\r\n	[ru]Матрица: 1/2.33&quot;<br />\r\n	Кол-во мегапикселей: 10.34; JPEG<br />\r\n	Размер снимка: 3648x2736px<br />\r\n	Видео: 640x480 px 30 к/сек<br />\r\n	Светосила: f/2.7 - f/5.8[/ru]</p>\r\n', '<p>\r\n	[en]10.0 effective megapixels for HR images.[/en][ru]Матрица: 1/2.33&quot; 10.34 Mpx, JPEG[/ru]</p>\r\n', 1, '<p>\r\n	[ru]Матрица: 1/2.33&quot;; Кол-во мегапикселей: 10.34; JPEG;&nbsp; Размер снимка (пикс): 3648x2736; Разрешение видео: 640x480 px, 30 кадр/сек; Светосила: f/2.7 - f/5.8; Оптическое увеличение: 4; Стабилизация; Фокусное расстояние экв. 35 мм; Диагональ экрана (&quot;): 2.7;&nbsp; Автоспуск[/ru][en]</p>\r\n<ul>\r\n	<li>\r\n		10.0 effective megapixels for high-resolution images</li>\r\n	<li>\r\n		Optical 4x Zoom-NIKKOR lens</li>\r\n	<li>\r\n		High performance optical lens shift VR image stabilization</li>\r\n	<li>\r\n		High sensitivity up to ISO 3200, High-Sensitivity mode</li>\r\n	<li>\r\n		2.7-inch high-resolution LCD monitor with anti-reflection coating</li>\r\n	<li>\r\n		Active Child mode for automatic tracking and focusing on a subject</li>\r\n	<li>\r\n		Pastel mode for soft, impressionistic images</li>\r\n	<li>\r\n		Three Unique Nikon Image Innovations for high performance вЂ&ldquo; Face-priority AF, In-Camera Red-Eye Fix and D-Lighting[/en]</li>\r\n</ul>\r\n', 0, NULL, NULL, 'images/tiny/COOLPIXS600.jpg', NULL, 'images/small/COOLPIXS600.jpg', NULL, 'images/big/COOLPIXS600.jpg', NULL, 'images/super/COOLPIXS600.jpg', NULL, NULL, NULL, NULL, NULL, 0, 9600.00, 0, 0.00, 0, 0, 0.00, 0, 0.00, 0, NULL, 0, 0.0000, 0.0000, 0.0000, NULL, NULL, NULL, NULL, NULL, NULL, 0, 0, 0, 0, 0, 0, NULL, NULL, NULL, NULL, NULL, 1, NULL, 0, 0.00, 0, 0.00, 0, NULL, 0, NULL, NULL, NULL, NULL, NULL, 0, NULL, NULL, NULL, NULL, NULL, NULL, NULL, NULL, NULL, NULL, NULL, NULL, NULL, 0, NULL, NULL, NULL, NULL, 1, 1, 1, 1, 6, 6, 0, NULL, 173, NULL, NULL, NULL, 'Цифровой фотоаппарат Nikon Coolpix S600', 'Цифровой фотоаппарат Nikon Coolpix S600', 'Цифровой фотоаппарат Nikon Coolpix S600', 'Цифровой фотоаппарат Nikon Coolpix S600', 0, NULL, NULL, NULL, NULL, NULL, NULL, 0, NULL, NULL, 0, NULL, NULL, NULL, 0, 1, 1, '2011-06-30 22:33:10', '2012-10-25 22:02:48'),
(18, '', 'Nikon D80', 'nikon-d80', 1, 6, NULL, NULL, '', 8, NULL, 0, NULL, NULL, 0, 0, 0, 0, '<p>\r\n	[ru]12 мегапикселей<br />\r\n	Максимальное разрешение (px): 4288x2848<br />\r\n	Размеры сенсора: 23.6x15.8 мм<br />\r\n	Тип сенсора: CMOS<br />\r\n	Диагональ дисплея: 3.0&quot;<br />\r\n	Разрешение: 900 000 пикселей[/ru]</p>\r\n', '<p>\r\n	[ru]<span style="font-weight: bold;">Nikon D80</span> зеркальная фотокамера. Новая матрица.[/ru][en]10.2 effective megapixel Nikon DX Format CCD image sensor.[/en]</p>\r\n', 1, '<p>\r\n	[ru]<span style="font-weight: bold;">Nikon D80</span> зеркальная фотокамера для продвинутых любителей, способных оценить преимущества самостоятельной настройки камеры перед автоматом. Опытный пользователь, чьи знания в достаточной мере глубоки, гарантировано оценит совершенство конструкции, прекрасный набор технических характеристик и высокую функциональность модели.[/ru][en]</p>\r\n<ul>\r\n	<li>\r\n		10.2 effective megapixel Nikon DX Format CCD image sensor</li>\r\n	<li>\r\n		High-speed continuous shooting: 3 frames per second (fps) in bursts of up to 100 consecutive JPEG (FINE M-size or smaller) or 6 RAW (NEF) images</li>\r\n	<li>\r\n		Advanced high-precision, high-performance imaging processing engine with color-independent pre-conditioning[/en]</li>\r\n</ul>\r\n', 0, NULL, NULL, 'images/tiny/D80.jpg', NULL, 'images/small/D80.jpg', NULL, 'images/big/D80.jpg', NULL, 'images/super/D80.jpg', NULL, NULL, NULL, NULL, NULL, 0, 62000.00, 0, 0.00, 0, 0, 0.00, 0, 0.00, 0, NULL, 0, 0.0000, 0.0000, 0.0000, NULL, NULL, NULL, NULL, NULL, NULL, 0, 0, 0, 0, 0, 0, NULL, NULL, NULL, NULL, NULL, 1, NULL, 0, 0.00, 0, 0.00, 0, NULL, 0, NULL, NULL, NULL, NULL, NULL, 0, NULL, NULL, NULL, NULL, NULL, NULL, NULL, NULL, NULL, NULL, NULL, NULL, NULL, 0, NULL, NULL, NULL, NULL, 1, 1, 1, 1, 6, 6, 0, NULL, 183, 0, 0, 0.0000, 'Nikon D80', 'Nikon D80', 'Nikon D80', 'Nikon D80', 0, NULL, NULL, NULL, NULL, NULL, NULL, 0, NULL, NULL, 0, NULL, NULL, NULL, 0, 1, 1, '2011-06-30 22:33:10', '2012-10-25 22:02:40'),
(14, '1589683SZ', 'PowerShot SD790 IS', 'powershot-sd790-is', 1, 6, NULL, NULL, '', 5, 'VMZ5259683', 0, NULL, NULL, 0, 0, 0, 0, '<p>\r\n	[ru]AiAF TTL Технология распознавания лиц), 1-точечная автофокусировка (с фиксированным центром или на выбранное лицо)[/ru]</p>\r\n', '<p>\r\n	[ru]AiAF TTL Технология распознавания лиц[/ru][en]Chiseled edges with a subtle gleam give this PowerShot SD790 IS Digital ELPH distinctive sculptural appeal. Just as attractive are its high-end specifications, including 10 megapixels of resolution plus Face Detection and Motion Detection Technology.[/en]</p>\r\n', 1, '<p>\r\n	[en]Chiseled edges with a subtle gleam give this PowerShot SD790 IS Digital ELPH distinctive sculptural appeal. Just as attractive are its high-end specifications, including 10 megapixels of resolution plus Face Detection and Motion Detection Technology that delivers the ultimate in crisp, clear, amazingly detailed images. Prepare to be transfixed by the view from the camera&#39;s 3.0-inch PureColor LCD II screen. With rich, accurate color and superb clarity, the screen is easy to view at wide angles too - perfect for gathering a group around to see your images. [/en][ru]<span style="font-weight: bold;">Canon PowerShot SD790 IS Digital ELPH </span>имеет богатый набор интеллектуальных и простых в использовании функций, дающих фантастические фотоснимки при съемке случайных ситуаций или важных семейных событий. Интегрированные технологии Canon, такие как Motion Detection Technology, Optical Image Stabilization, Genuine Canon Face Detection Technology и процессор DIGIC III собственной разработки Canon.[/ru]</p>\r\n', 0, NULL, NULL, 'images/tiny/PowerShotSD790IS.jpg', NULL, 'images/small/PowerShotSD790IS.jpg', NULL, 'images/big/PowerShotSD790IS.jpg', NULL, 'images/super/PowerShotSD790IS.jpg', NULL, NULL, NULL, NULL, NULL, 0, 10500.00, 0, 0.00, 0, 0, 0.00, 0, 0.00, 0, NULL, 0, 0.0000, 0.0000, 0.0000, 0.2600, NULL, NULL, NULL, NULL, 17, 1, 0, 0, 0, 0, 0, NULL, NULL, 2, NULL, NULL, 1, NULL, 0, 0.00, 0, 0.00, 0, NULL, 0, NULL, NULL, NULL, NULL, NULL, 0, NULL, NULL, NULL, NULL, NULL, NULL, NULL, NULL, NULL, NULL, NULL, NULL, NULL, 0, NULL, NULL, NULL, NULL, 1, 1, 1, 1, 6, 6, 0, NULL, 111, NULL, NULL, NULL, 'Canon PowerShot SD790 IS Digital ELPH ', 'Canon PowerShot SD790 IS Digital ELPH ', 'Canon PowerShot SD790 IS Digital ELPH ', 'Canon PowerShot SD790 IS Digital ELPH ', 0, NULL, NULL, NULL, NULL, NULL, NULL, 0, NULL, NULL, 0, NULL, NULL, NULL, 0, 1, 1, '2011-06-30 22:33:10', '2012-10-25 22:02:25'),
(13, '456625PS', 'PowerShot TX1', 'powershot-tx1', 1, 6, NULL, NULL, '', 5, NULL, 0, NULL, NULL, 0, 0, 0, 0, '<p>\r\n	[ru]- очень хорошее качество фото<br />\r\n	- большой зум-объектив в компактном стильном металлическом корпусе<br />\r\n	- откидной вращающийся дисплей, хорошо читаемый при слабом освещени[/ru]</p>\r\n', '<p>\r\n	[ru]Технология распознавания лиц в кадре в режиме видео.[/ru]</p>\r\n', 1, '<p>\r\n	[ru]<span style="font-weight: bold;">Canon PowerShot TX1 </span>оснащена 7,1-мегапиксельной 1/2,5-дюймовой ПЗС-матрицей, 10-кратным зум-объективом с полноценной оптической системой стабилизации изображения и поворотным (но довольно скромным) ЖК-дисплеем с диагональю 1,8 дюйма. Главное достоинство камеры - возможность записывать видеоролики разрешением 1280х720 пикселей при частоте 30 кадров в секунду. В <span style="font-weight: bold;">Canon PowerShot TX1</span> применена усовершенствованная технология распознавания лиц в кадре, работающая и в режиме записи видеороликов.[/ru]</p>\r\n', 0, NULL, NULL, 'images/tiny/PowerShotTX1.jpg', NULL, 'images/small/PowerShotTX1.jpg', NULL, 'images/big/PowerShotTX1.jpg', NULL, 'images/super/PowerShotTX1.jpg', NULL, NULL, NULL, NULL, NULL, 0, 32000.00, 0, 0.00, 0, 0, 0.00, 0, 0.00, 0, NULL, 0, 0.0000, 0.0000, 0.0000, NULL, NULL, NULL, NULL, NULL, 61, 1, 0, 0, 0, 0, 0, NULL, NULL, NULL, NULL, NULL, 1, NULL, 0, 0.00, 0, 0.00, 0, NULL, 0, NULL, NULL, NULL, NULL, NULL, 0, NULL, NULL, NULL, NULL, NULL, NULL, NULL, NULL, NULL, NULL, NULL, NULL, NULL, 0, NULL, NULL, NULL, NULL, 1, 1, 1, 1, 6, 6, 0, NULL, 84, NULL, NULL, NULL, 'Canon PowerShot TX1', 'Canon PowerShot TX1', 'Canon PowerShot TX1', 'Canon PowerShot TX1', 0, NULL, NULL, NULL, NULL, NULL, NULL, 0, NULL, NULL, 0, NULL, NULL, NULL, 0, 1, 1, '2011-06-30 22:33:10', '2012-10-25 22:02:17'),
(9, '', 'Настольный компьютер Dell Studio Hybrid', 'nastolnyiy-kompyuter-dell-studio-hybrid', 1, 5, NULL, NULL, '', 4, NULL, 0, NULL, NULL, 0, 0, 0, 0, '<p>\r\n	<span style="font-weight: bold;">Процессор:</span> Intel Core 2 Duo T8100 (2.1 GHz)<br>\r\n	<span style="font-weight: bold;">RAM: </span>2 GB DDR2 SDRAM<br style="font-weight: bold;">\r\n	<span style="font-weight: bold;">Жесткий диск:</span> 250 GB Standard</p>\r\n', '<p>\r\n	Процессор: Intel Core 2 Duo T8100 (2.1 GHz)&nbsp; RAM:<span style="font-weight: bold;"> </span>2 GB DDR2 SDRAM</p>\r\n\r\n		\r\n		\r\n		', 1, '<p>\r\n	<font style="font-weight: bold;" size="2">Мощные функции</font><br>\r\n	Небольшой, тонкий и мощный. Компьютер<span style="font-weight: bold;"> Dell Studio Hybrid</span> отличается высокой производительностью, эффективностью и необходимыми ресурсами для резервного копирования.<br>\r\n	<br>\r\n	<b>Просмотр телепрограмм на ПК</b><br>\r\n	При использовании дополнительного цифрового или аналогового ТВ-тюнера можно просматривать, приостанавливать просмотр и записывать телевизионные трансляции.<br>\r\n	<br>\r\n	<b>Оптический дисковод со щелевой загрузкой</b><br>\r\n	Просто вставьте компакт-диск или диск DVD в оптический дисковод для записи файлов, музыки и фильмов на диск. Установите дополнительный проигрыватель дисков Blu-ray Disc<sup><small>TM</small></sup>&nbsp; и смотрите фильмы в формате высокой четкости.<br>\r\n	<br>\r\n	<b>Работа без ограничений</b> (дополнительно)<br>\r\n	На вашем рабочем месте всегда будет порядок, благодаря беспроводной мыши и клавиатуре, которые можно перемещать без ограничений. Можно даже выбрать сеть WiFi(R) для получения возможности установки компьютера дома в любом месте.<br>\r\n	<br>\r\n	<br>\r\n	&nbsp;</p>\r\n', 0, NULL, NULL, 'images/tiny/StudioHybrid.jpg', NULL, 'images/small/StudioHybrid.jpg', NULL, 'images/big/StudioHybrid.jpg', NULL, 'images/super/StudioHybrid.jpg', NULL, NULL, NULL, NULL, 28000.00, 0, 29700.00, 0, 0.00, 0, 0, 0.00, 0, 0.00, 0, NULL, 0, 0.0000, 0.0000, 0.0000, NULL, NULL, NULL, NULL, NULL, NULL, 0, 0, 0, 0, 0, 0, NULL, NULL, NULL, NULL, NULL, 1, NULL, 0, 0.00, 0, 0.00, 0, NULL, 0, NULL, NULL, NULL, NULL, NULL, 0, NULL, NULL, NULL, NULL, NULL, NULL, NULL, NULL, NULL, NULL, NULL, NULL, NULL, 0, NULL, NULL, NULL, NULL, 1, 1, 1, 1, 6, 6, 0, NULL, 199, NULL, NULL, NULL, NULL, 'Настольный компьютер Dell Studio Hybrid', 'Настольный компьютер Dell Studio Hybrid', 'Настольный компьютер Dell Studio Hybrid', 0, NULL, NULL, NULL, NULL, NULL, NULL, 0, NULL, NULL, 0, NULL, NULL, NULL, 0, 1, 1, '2011-06-30 22:30:38', '2012-12-09 15:35:04'),
(12, '158963SZ', 'Canon EOS 5D', 'canon-eos-5d', 1, 6, NULL, NULL, '', 5, NULL, 0, NULL, NULL, 0, 0, 0, 0, '<p>\r\n	[ru]Новое разрешение цифровых фотографий 4368х2912 позволяет печатать их сразу в формате «на разворот» журнала. CMOS - датчик оснащен матрицей в 12, 8 мегапикселей. Подобная система шумопонижения используется в профессиональной камере EOS-1Ds Mark II. Устранение шумов, способствует получению более естественных фотографий. Диапазон чувствительности ISO увеличен от 50 до 1600.[/ru]</p>\r\n', '<p>\r\n	[ru]CMOS - датчик оснащен матрицей в 12, 8 mpx.[/ru]</p>\r\n\r\n		\r\n		\r\n		', 1, '<p>\r\n	[ru]<span style="font-weight: bold;">Фотоаппарат Canon EOS 5D</span><br>\r\n	Полноформатный зеркальный профессиональный цифровой фотоаппарат <span style="font-weight: bold;">Canon EOS 5D</span>&nbsp; имеет разрешение в 12,8 мегапикселей. Корпус этой модели сделан из магниевого сплава, что обеспечивает камере надежность практически в любых погодных условиях. Вес модели всего 810 г. Скорость непрерывной съемки 3 кадра в секунду. В буфер обмена при такой съемки помещается до 60 фотографий формата JPEG. Камера готова к работе за две доли секунды.[/ru]</p>\r\n', 0, NULL, NULL, 'images/tiny/EOS5D.jpg', NULL, 'images/small/EOS5D.jpg', NULL, 'images/big/EOS5D.jpg', NULL, 'images/super/EOS5D.jpg', NULL, NULL, NULL, NULL, NULL, 0, 58200.00, 0, 0.00, 0, 0, 0.00, 0, 0.00, 0, NULL, 0, 0.0000, 0.0000, 0.0000, NULL, NULL, NULL, NULL, NULL, 22, 1, 0, 0, 0, 0, 0, NULL, NULL, 2, NULL, NULL, 1, NULL, 0, 0.00, 0, 0.00, 0, NULL, 0, NULL, NULL, NULL, NULL, NULL, 0, NULL, NULL, NULL, NULL, NULL, NULL, NULL, NULL, NULL, NULL, NULL, NULL, NULL, 0, NULL, NULL, NULL, NULL, 1, 1, 1, 1, 6, 6, 0, NULL, 198, NULL, NULL, NULL, 'Фотоаппарат Canon EOS 5D', '[ru]Фотоаппарат Canon EOS 5D[/ru]', '[ru]Фотоаппарат Canon EOS 5D[/ru]', '[ru]Фотоаппарат Canon EOS 5D[/ru]', 0, NULL, NULL, NULL, NULL, NULL, NULL, 0, NULL, NULL, 0, NULL, NULL, NULL, 0, 1, 1, '2011-06-30 22:33:10', '2012-12-09 16:19:16'),
(8, '45662556', 'Настольный компьютер Dell XPS One', 'nastolnyiy-kompyuter-dell-xps-one', 1, 5, NULL, NULL, '', 4, 'VMZ259684', 0, NULL, NULL, 0, 0, 0, 0, '<p>\r\n	<span style="font-weight: bold;">Процессор</span>: Intel Core 2 Duo E6550 (2.33 GHz)<br />\r\n	<span style="font-weight: bold;">RAM: </span>2 GB DDR2 SDRAM<br />\r\n	<span style="font-weight: bold;">Жесткий диск:</span> 500 GB Standard</p>\r\n', '<p>\r\n	&nbsp;</p>\r\n<p>\r\n	<span class="para"><span class="para">ATI 4350 или графическая плата ATI HD 5770 с объемом памяти 1 Гбайт (GDDR5) </span></span></p>\r\n<p>\r\n	&nbsp;</p>\r\n', 1, '<p>\r\n	<span class="para"><span class="para"><img align="left" alt="studio-xps-0-design2" border="0" height="226" hspace="0" src="/images/products/editor/studio-xps-0-design2.jpg" vspace="0" width="224" /></span></span><span class="para"><span class="para">Новый компьютер <span style="font-weight: bold;">Studio XPS</span><sup style="font-weight: bold;"><small>TM</small></sup><span style="font-weight: bold;"> One</span> превратит ваш экран в уникальный мир развлечений.&nbsp; Этот </span></span><span class="para"><span class="para">элегантный и изысканный настольный компьютер включает новые процессоры Intel<sup> &reg;</sup>&nbsp; Core<sup><small>TM</small></sup>&nbsp; i5 и i7, поддержку трехмерных изображений, мощную графическую систему, новую звуковую систему THX<sup>&reg;</sup>&nbsp; TruStudio PC<sup><small>TM</small></sup>&nbsp; для прослушивания музыки и просмотра фильмов в улучшенном качестве. </span></span></p>\r\n', 0, NULL, NULL, 'images/tiny/XPSOne.jpg', NULL, 'images/small/XPSOne.jpg', NULL, 'images/big/XPSOne.jpg', NULL, 'images/super/XPSOne.jpg', NULL, NULL, NULL, NULL, NULL, 0, 31100.00, 0, 0.00, 0, 0, 0.00, 0, 0.00, 0, NULL, 0, 0.0000, 0.0000, 0.0000, NULL, NULL, NULL, NULL, NULL, NULL, 0, 0, 0, 0, 0, 0, NULL, NULL, NULL, NULL, NULL, 1, NULL, 0, 0.00, 0, 0.00, 0, NULL, 0, NULL, NULL, NULL, NULL, NULL, 0, NULL, NULL, NULL, NULL, NULL, NULL, NULL, NULL, NULL, NULL, NULL, NULL, NULL, 0, NULL, NULL, NULL, NULL, 1, 1, 1, 1, 6, 6, 0, NULL, 113, NULL, NULL, NULL, 'Настольный компьютер Dell XPS One', 'Настольный компьютер Dell XPS One', 'Настольный компьютер Dell XPS One', 'Настольный компьютер Dell XPS One', 0, NULL, NULL, NULL, NULL, NULL, NULL, 0, NULL, NULL, 0, NULL, NULL, NULL, 0, 1, 1, '2011-06-30 22:30:38', '2012-10-25 22:01:43');
INSERT INTO `va_items` (`item_id`, `item_code`, `item_name`, `friendly_url`, `item_order`, `item_type_id`, `google_base_type_id`, `issue_date`, `language_code`, `manufacturer_id`, `manufacturer_code`, `supplier_id`, `author_id`, `template_name`, `hide_add_list`, `hide_add_table`, `hide_add_grid`, `hide_add_details`, `features`, `short_description`, `full_desc_type`, `full_description`, `is_special_offer`, `special_offer`, `notes`, `tiny_image`, `tiny_image_alt`, `small_image`, `small_image_alt`, `big_image`, `big_image_alt`, `super_image`, `preview_url`, `preview_width`, `preview_height`, `specification`, `buying_price`, `buying_price_id`, `price`, `price_id`, `trade_price`, `trade_price_id`, `is_price_edit`, `properties_price`, `properties_price_id`, `trade_properties_price`, `trade_properties_price_id`, `tax_id`, `tax_free`, `width`, `height`, `length`, `weight`, `packages_number`, `min_quantity`, `max_quantity`, `quantity_increment`, `stock_level`, `use_stock_level`, `hide_out_of_stock`, `disable_out_of_stock`, `is_shipping_free`, `is_separate_shipping`, `is_shipping_required`, `shipping_in_stock`, `shipping_out_stock`, `shipping_rule_id`, `shipping_cost`, `shipping_trade_cost`, `shipping_modules_default`, `shipping_modules_ids`, `is_sales`, `sales_price`, `sales_price_id`, `trade_sales`, `trade_sales_id`, `discount_percent`, `is_points_price`, `points_price`, `reward_type`, `reward_amount`, `credit_reward_type`, `credit_reward_amount`, `is_recurring`, `recurring_price`, `recurring_period`, `recurring_interval`, `recurring_payments_total`, `recurring_start_date`, `recurring_end_date`, `affiliate_commission_type`, `affiliate_commission_amount`, `merchant_fee_type`, `merchant_fee_amount`, `downloadable`, `download_period`, `download_path`, `download_show_terms`, `download_terms_text`, `generate_serial`, `serial_period`, `activations_number`, `is_showing`, `is_approved`, `is_keywords`, `sites_all`, `access_level`, `guest_access_level`, `is_compared`, `buy_link`, `total_views`, `votes`, `points`, `rating`, `a_title`, `meta_title`, `meta_keywords`, `meta_description`, `mail_notify`, `mail_to`, `mail_from`, `mail_cc`, `mail_bcc`, `mail_reply_to`, `mail_return_path`, `mail_type`, `mail_subject`, `mail_body`, `sms_notify`, `sms_recipient`, `sms_originator`, `sms_message`, `user_id`, `admin_id_added_by`, `admin_id_modified_by`, `date_added`, `date_modified`) VALUES
(11, '', 'Ноутбук Dell XPS M1730 WW Edition', 'noutbuk-dell-xps-m1730-ww-edition', 1, 5, NULL, NULL, '', 4, 'VMZ259683', 0, NULL, NULL, 0, 0, 0, 0, '<p>\r\n	Процессор: Intel Core 2 Duo (2.4 GHz)<br />\r\n	RAM: 4 GB DDR2 SDRAM<br />\r\n	Вес: 10.6 lbs</p>\r\n', '<p>\r\n	Процессор: Intel Core 2 Duo (2.4 GHz); RAM: 4 GB DDR2 SDRAM; Вес: 10.6 lbs</p>\r\n', 1, '<p>\r\n	Экран с диагональю 15&#39;&#39; (с разрешением 1280x800px, WXGA) снабженный LED подсветкой&nbsp; может поворачиваться на любой удобный угол. Ноутбук <strong>Ноутбук Dell XPS M1730 WW Edition </strong>работает на&nbsp; процессоре Intel Core 2 Duo U с пониженным энергопотреблением. Оперативная память до 3 Гб. Графический акселератор ATI Radeon Xpress. Модули беспроводной связи Bluetooth и Wi-Fi.</p>\r\n', 0, NULL, NULL, 'images/tiny/XPSM1730.jpg', NULL, 'images/small/XPSM1730.jpg', NULL, 'images/big/XPSM1730.jpg', NULL, 'images/super/XPSM1730.jpg', NULL, NULL, NULL, NULL, NULL, 0, 23000.00, 0, 0.00, 0, 0, 0.00, 0, 0.00, 0, NULL, 0, 0.0000, 0.0000, 0.0000, NULL, NULL, NULL, NULL, NULL, NULL, 0, 0, 0, 0, 0, 0, NULL, NULL, NULL, NULL, NULL, 1, NULL, 0, 0.00, 0, 0.00, 0, NULL, 0, NULL, NULL, NULL, NULL, NULL, 0, NULL, NULL, NULL, NULL, NULL, NULL, NULL, NULL, NULL, NULL, NULL, NULL, NULL, 0, NULL, NULL, NULL, NULL, 1, 1, 1, 1, 6, 6, 0, NULL, 116, NULL, NULL, NULL, NULL, 'Dell Latitude XT Laptop Computer (Intel Core 2 U2100 1.06GHz, DDR2 SDRAM 2GB, 40 GB HDD) ', 'Dell Latitude XT Laptop Computer (Intel Core 2 U2100 1.06GHz, DDR2 SDRAM 2GB, 40 GB HDD) ', 'Dell Latitude XT Laptop Computer (Intel Core 2 U2100 1.06GHz, DDR2 SDRAM 2GB, 40 GB HDD) ', 0, NULL, NULL, NULL, NULL, NULL, NULL, 0, NULL, NULL, 0, NULL, NULL, NULL, 0, 1, 1, '2011-06-30 22:21:24', '2012-10-25 22:01:20'),
(10, 'sd99999', 'Ноутбук Dell Latitude XT ', 'noutbuk-dell-latitude-xt', 1, 5, NULL, NULL, '', 4, 'del5698', 0, NULL, NULL, 0, 0, 0, 0, '<p>\r\n	[ru]Процессор: Intel Core 2 Solo<br>\r\n	1.06 GHz<br>\r\n	RAM: 2.0 GB DDR2 SDRAM<br>\r\n	Вес: 2.5 кг.[/ru]</p>\r\n', '<p>\r\n	[ru]Экран с диагональю 12'''' 1280x800px LED подсветка.[/ru]</p>\r\n\r\n		', 1, '<p>\r\n	[ru]<strong>Dell Latitude XT</strong><br>\r\n	Экран с диагональю 12'''' (с разрешением 1280x800px, WXGA) снабженный LED подсветкой&nbsp; может поворачиваться на любой удобный угол. Ноутбук <strong>Dell Latitude XT </strong>работает на&nbsp; процессоре Intel Core 2 Duo U с пониженным энергопотреблением. Оперативная память до 3 Gb. Графический акселератор ATI Radeon Xpress. Модули беспроводной связи Bluetooth и Wi-Fi.[/ru]</p>\r\n', 0, NULL, NULL, 'images/tiny/LatitudeXT.jpg', NULL, 'images/small/LatitudeXT.jpg', NULL, 'images/big/LatitudeXT.jpg', NULL, 'images/super/LatitudeXT.jpg', NULL, NULL, NULL, NULL, NULL, 0, 45600.00, 0, 0.00, 0, 0, 0.00, 0, 0.00, 0, NULL, 0, 0.0000, 0.0000, 0.0000, NULL, NULL, NULL, NULL, NULL, NULL, 0, 0, 0, 0, 0, 0, NULL, NULL, NULL, NULL, NULL, 1, NULL, 0, 0.00, 0, 0.00, 0, NULL, 0, NULL, NULL, NULL, NULL, NULL, 0, NULL, NULL, NULL, NULL, NULL, NULL, NULL, NULL, NULL, NULL, NULL, NULL, NULL, 0, NULL, NULL, NULL, NULL, 1, 1, 1, 1, 6, 6, 0, NULL, 195, NULL, NULL, NULL, NULL, 'Ноутбук Dell Latitude XT ', 'Ноутбук Dell Latitude XT ', 'Ноутбук Dell Latitude XT ', 0, NULL, NULL, NULL, NULL, NULL, NULL, 0, NULL, NULL, 0, NULL, NULL, NULL, 0, 1, 1, '2011-06-30 22:21:24', '2012-12-01 13:58:01'),
(4, '', 'Ноутбук VAIO Z Series PC VGN-Z590UAB', 'noutbuk-vaio-z-series-pc-vgn-z590uab', 1, 5, NULL, '2010-11-23 00:00:00', '', 3, 'VMZ259683', 0, NULL, NULL, 0, 0, 0, 0, '<p>\r\n	Экран 16.4&quot;, 1600 x 900 / Intel Core i3-330M (2.13 ГГц)<br />\r\n	&nbsp;/ 4 ГБ / HDD 320 ГБ / NVIDIA GeForce 310M 512 МБ / Wi-Fi&nbsp;<br />\r\n	Bluetooth / Веб-камера / DVD+-RW&nbsp;<br />\r\n	Windows 7 Home Premium / вес 3.1 кг</p>\r\n', '<p>\r\n	Экран 16.4&quot;, 1600 x 900 / Intel Core i3-330M (2.13 ГГц) / 4 ГБ / HDD 320 ГБ / NVIDIA GeForce 310M 512 МБ / Wi-Fi / Bluetooth / Веб-камера / DVD+-RW / Windows 7 Home Premium / вес 3.1 кг</p>\r\n', 1, '<p>\r\n	<span style="font-weight: bold;">Ноутбук VAIO Z Series PC VGN-Z590UAB</span><br />\r\n	<br />\r\n	Процессор Intel &reg; Core&nbsp; 2 Duo P9500&nbsp; (2.53GHz) на ядре Intel&reg; Centrino&reg; 2.&nbsp; Ноутбук VAIO Z Series PC VGN-Z590UAB поставляется с предустановленной операционной системой Genuine Microsoft &reg; Windows Vista &reg; Ultimate with Service Pack 1. Ноутбук VAIO Z Series PC VGN-Z590UAB бескомпромисная элегантность во всем.</p>\r\n', 0, NULL, NULL, 'images/tiny/VGNZ590UAB.jpg', NULL, 'images/small/VGNZ590UAB.jpg', NULL, 'images/big/VGNZ590UAB.jpg', NULL, 'images/super/VGNZ590UAB.jpg', NULL, NULL, NULL, NULL, NULL, 0, 25600.00, 0, 0.00, 0, 0, 0.00, 0, 0.00, 0, NULL, 0, 0.0000, 0.0000, 0.0000, NULL, NULL, NULL, NULL, NULL, NULL, 0, 0, 0, 0, 0, 0, NULL, NULL, NULL, NULL, NULL, 1, NULL, 0, 24500.00, 0, 0.00, 0, NULL, 0, NULL, NULL, NULL, NULL, NULL, 0, NULL, NULL, NULL, NULL, NULL, NULL, NULL, NULL, NULL, NULL, NULL, NULL, NULL, 0, NULL, NULL, NULL, NULL, 1, 1, 1, 1, 6, 6, 0, NULL, 137, NULL, NULL, NULL, NULL, 'Ноутбук VAIO Z Series Notebook PC VGN-Z590UAB', 'Ноутбук VAIO Z Series Notebook PC VGN-Z590UAB', 'Ноутбук VAIO Z Series Notebook PC VGN-Z590UAB', 0, NULL, NULL, NULL, NULL, NULL, NULL, 0, NULL, NULL, 0, NULL, NULL, NULL, 0, 1, 1, '2011-06-30 22:21:24', '2012-10-25 22:01:03'),
(6, '', 'Настольный компьютер VGC-LV150J', 'nastolnyiy-kompyuter-vgc-lv150j', 1, 5, NULL, '2010-11-23 00:00:00', '', 3, 'REF456748', 0, NULL, NULL, 0, 0, 0, 0, '<p>\r\n	<span style="font-weight: bold; color: black;">Дисплей:</span> 24&quot; XBRITE-HiColor&nbsp; LCD<br />\r\n	<span style="font-weight: bold; color: gray;"><span style="color: black;">RAM:</span> </span>4GB pre-installed RAM<br />\r\n	<span style="font-weight: bold; color: black;">Жесткий диск:</span><span style="color: black;"> </span>500GB HDD storage, Blu-ray Disc&nbsp; playback<br />\r\n	<span style="font-weight: bold; background-color: gray; color: black;"><span style="background-color: white;">Графический адаптер:</span></span> NVIDIA Graphics 256MB dedicated VRAM</p>\r\n', '<p>\r\n	Intel &reg; Core 2 Duo E7200(2.53GHz) с 3MB кэша L2 и 4GB системной памяти.</p>\r\n', 1, '<p>\r\n	<b>Настольный компьютер VAIO VGC-LV150J</b><br />\r\n	<br />\r\n	Процессор Intel &reg; Core&nbsp; 2 Duo E7200(2.53GHz) с 3MB кэша L2 и 4GB системной памяти. Настольный компьютер VAIO &reg; LV HD PC / TV поставляется с предустановленной операционной системой Microsoft &reg; Windows Vista &reg; Home Premium 64-bit.<br />\r\n	<br />\r\n	&nbsp;</p>\r\n', 0, NULL, NULL, 'images/tiny/VGCLV150J.jpg', NULL, 'images/small/VGCLV150J.jpg', NULL, 'images/big/VGCLV150J.jpg', NULL, 'images/super/VGCLV150J.jpg', NULL, NULL, NULL, NULL, NULL, 0, 32500.00, 0, 0.00, 0, 0, 0.00, 0, 0.00, 0, NULL, 0, 0.0000, 0.0000, 0.0000, 5.7000, NULL, NULL, NULL, NULL, 110, 1, 0, 0, 0, 0, 0, 2, NULL, 2, NULL, NULL, 1, NULL, 0, 0.00, 0, 0.00, 0, NULL, 0, NULL, NULL, NULL, NULL, NULL, 0, NULL, NULL, NULL, NULL, NULL, NULL, NULL, NULL, NULL, NULL, NULL, NULL, NULL, 0, NULL, NULL, NULL, NULL, 1, 1, 1, 1, 6, 6, 0, NULL, 138, NULL, NULL, NULL, 'Настольный компьютер VAIO VGC-LV150J', 'Настольный компьютер VAIO VGC-LV150J', 'Настольный компьютер VAIO VGC-LV150J', 'Настольный компьютер VAIO VGC-LV150J', 0, NULL, NULL, NULL, NULL, NULL, NULL, 0, NULL, NULL, 0, NULL, NULL, NULL, 0, 1, 1, '2011-06-30 22:30:38', '2012-10-25 22:01:33'),
(3, '158963', 'Ноутбук VAIO VGN-FW145E/W', 'noutbuk-vaio-vgn-fw145e-w', 1, 5, NULL, NULL, '', 3, 'V458333SD', 0, NULL, NULL, 0, 0, 0, 0, '<p>\r\n	<text><img align="middle" alt="" border="0" height="90" hspace="0" src="/images/products/editor/tag-novelty-large.png" vspace="0" width="135" /></text><br />\r\n	<span style="font-weight: bold;">Процессор:</span> Intel Core 2 Duo P8400<br />\r\n	<span style="font-weight: bold;">RAM:</span>&nbsp; 3 ГБ DDR2 PC-6400<br />\r\n	<span style="font-weight: bold;">Батарея:</span> 4400 мАч.<br />\r\n	&nbsp;</p>\r\n', '<p>\r\n	Intel &reg; Core 2 Duo P8400 processor (2.26GHz) with Intel &reg; Centrino &reg; 2 processor technology&nbsp; the latest chipset from Intel &reg;.</p>\r\n', 1, '<p>\r\n	<b>Powerful PC Performance</b><br />\r\n	Intel &reg; Core 2 Duo P8400 processor (2.26GHz) with Intel &reg; Centrino &reg; 2 processor technology&nbsp; the latest chipset from Intel &reg;. The VAIO &reg; FW notebook comes pre-installed with Genuine Microsoft&reg; Windows Vista&reg; Home Premium with Service Pack 1. Built-in Wireless-N technology offers a boost in wireless connection speed and range.<br />\r\n	&nbsp;</p>\r\n', 0, NULL, NULL, 'images/tiny/VGNFW145EW.jpg', NULL, 'images/small/VGNFW145EW.jpg', NULL, 'images/big/VGNFW145EW.jpg', NULL, 'images/super/VGNFW145EW.jpg', NULL, NULL, NULL, NULL, NULL, 0, 29000.00, 0, 0.00, 0, 0, 0.00, 0, 0.00, 0, NULL, 0, 0.0000, 0.0000, 0.0000, 2.7000, 100.0000, NULL, NULL, NULL, 100, 1, 0, 0, 0, 0, 0, NULL, NULL, NULL, NULL, NULL, 1, NULL, 0, 0.00, 0, 0.00, 0, NULL, 0, NULL, NULL, NULL, NULL, NULL, 0, NULL, NULL, NULL, NULL, NULL, NULL, NULL, NULL, NULL, NULL, NULL, NULL, NULL, 0, NULL, NULL, NULL, NULL, 1, 1, 1, 1, 6, 6, 0, NULL, 195, NULL, NULL, NULL, NULL, 'Ноутбук VAIOВ® FW Series Notebook PC VGN-FW145E/W', 'Ноутбук VAIOВ® FW Series Notebook PC VGN-FW145E/W', 'Ноутбук VAIOВ® FW Series Notebook PC VGN-FW145E/W', 0, NULL, NULL, NULL, NULL, NULL, NULL, 0, NULL, NULL, 0, NULL, NULL, NULL, 0, 1, 1, '2011-06-30 22:21:24', '2012-11-01 16:54:41'),
(1, '4566259', 'Ноутбук VAIO TZ Series VGN-TZ398U/XC', 'noutbuk-vaio-tz-series-vgn-tz398u-xc', 1, 5, NULL, '2010-11-18 00:00:00', '', 3, 'vc589698', 0, NULL, NULL, 0, 0, 0, 0, '<p>\r\n	[ru]<span style="font-weight: bold;">Дисплей:</span> 11.1" LCD XBRITE-HiColor<br>\r\n	<span style="font-weight: bold;">RAM: </span>2GB<br>\r\n	<span style="font-weight: bold;">Жесткий диск: </span>Hybrid 64GB solid state drive and 320GB hard drive<br>\r\n	<span style="font-weight: bold;">Wi-FI:</span> Sprint ® Mobile Broadband Wireless WAN, Bluetooth ®[/ru]</p>\r\n', '<p>\r\n	[en]It''s hard to imagine just how compact and sleek the 2.7-pound, 11.1" VAIO ® TZ truly is.[/en]<br>\r\n	[ru]Быстрый и мощный портативный компьютер от Sony.[/ru]</p>\r\n\r\n		\r\n		\r\n		\r\n		\r\n		\r\n		\r\n		\r\n		\r\n		\r\n		\r\n		', 1, '<p>\r\n	[ru]<b>Ноутбуки VAIO TZ Series - максимальная производительность </b><br>\r\n	Быстрый и мощный портативный компьютер от Sony. Корпус премиального глянцевого черного цвета, модуль 3G + WiMax Combo, сверхмощный процессор Intel ® Core ® i7, Quad SSD на 256 ГБ и привод Blu-Ray. Чехол и батарея в комплекте.[/ru]<br>\r\n	<br>\r\n	&nbsp;</p>\r\n', 1, '<p>\r\n	[ru]Быстрый и мощный портативный компьютер от Sony. Корпус премиального глянцевого черного цвета, модуль 3G + WiMax Combo, процессор Intel ® Core ® i7[/ru][en]11.1" LCD XBRITE-HiColor display, 2GB RAM, hybrid 64GB solid state drive and 320GB hard drive, Sprint ® Mobile Broadband Wireless WAN, BluetoothВ®, external optical drive, Premium Carbon Fiber casing[/en]</p>\r\n', NULL, 'images/tiny/VGNTZ398UX.jpg', 'Ноутбук VAIO TZ Series VGN-TZ398U/XC', 'images/small/VGNTZ398UX.jpg', 'Ноутбук VAIO TZ Series VGN-TZ398U/XC', 'images/big/VGNTZ398UX.jpg', 'Ноутбук VAIO TZ Series VGN-TZ398U/XC', 'images/super/VGNTZ398UX.jpg', NULL, NULL, NULL, NULL, 16000.00, 0, 17600.00, 0, 0.00, 0, 0, 0.00, 0, 0.00, 0, NULL, 0, 0.0000, 0.0000, 0.0000, 2.5000, 236.0000, 2, NULL, NULL, 492, 1, 0, 0, 0, 0, 0, NULL, NULL, NULL, NULL, NULL, 1, NULL, 0, 16000.00, 0, 0.00, 0, NULL, 0, NULL, NULL, NULL, NULL, NULL, 0, NULL, NULL, NULL, NULL, NULL, NULL, NULL, NULL, NULL, NULL, NULL, NULL, NULL, 0, NULL, NULL, NULL, NULL, 1, 1, 1, 1, 6, 6, 0, NULL, 569, 3, 12, 4.0000, 'Купить Ноутбук VAIO TZ Series Notebook PC VGN-TZ398U/XC', 'Ноутбук VAIO TZ Series Notebook PC VGN-TZ398U/XC', 'VAIO TZ Series,Notebook,PC VGN-TZ398U/XC,ноутбук', 'Ноутбук VAIO TZ Series Notebook PC VGN-TZ398U/XC', 0, NULL, NULL, NULL, NULL, NULL, NULL, 0, NULL, NULL, 0, NULL, NULL, NULL, 0, 1, 1, '2011-06-30 22:21:24', '2012-12-09 15:35:30');

CREATE TABLE `va_items_accessories` (
  `item_id` int(11) NOT NULL DEFAULT '0',
  `accessory_id` int(11) NOT NULL DEFAULT '0',
  `accessory_order` int(11) NOT NULL DEFAULT '1',
  PRIMARY KEY (`item_id`,`accessory_id`)
) ENGINE=MyISAM DEFAULT CHARSET=utf8;

INSERT INTO `va_items_accessories` (`item_id`, `accessory_id`, `accessory_order`) VALUES
(9, 33, 2),
(9, 32, 1),
(8, 36, 2),
(8, 32, 1),
(6, 33, 2),
(6, 32, 1),
(11, 45, 2),
(11, 33, 1),
(10, 45, 2),
(10, 32, 1),
(4, 45, 2),
(4, 32, 1),
(3, 45, 2),
(3, 33, 1),
(1, 32, 2),
(1, 45, 1);

CREATE TABLE `va_items_categories` (
  `item_id` int(11) NOT NULL DEFAULT '0',
  `category_id` int(11) NOT NULL DEFAULT '0',
  `item_order` int(11) DEFAULT '1',
  PRIMARY KEY (`item_id`,`category_id`)
) ENGINE=MyISAM DEFAULT CHARSET=utf8;

INSERT INTO `va_items_categories` (`item_id`, `category_id`, `item_order`) VALUES
(61, 52, 1),
(53, 52, 1),
(45, 52, 1),
(45, 0, 1),
(44, 52, 1),
(44, 0, 1),
(36, 58, 1),
(35, 58, 1),
(35, 0, 1),
(34, 58, 1),
(33, 58, 1),
(32, 58, 1),
(32, 0, 1),
(67, 57, 1),
(66, 57, 1),
(65, 57, 1),
(59, 57, 1),
(58, 57, 1),
(57, 57, 1),
(56, 57, 1),
(55, 57, 1),
(63, 56, 1),
(62, 56, 1),
(54, 56, 1),
(21, 56, 1),
(15, 56, 1),
(19, 55, 1),
(18, 55, 1),
(18, 0, 1),
(14, 55, 1),
(14, 0, 1),
(13, 55, 1),
(12, 55, 1),
(12, 0, 1),
(9, 54, 1),
(9, 0, 1),
(8, 54, 1),
(6, 54, 1),
(11, 53, 1),
(10, 53, 1),
(10, 0, 1),
(4, 53, 1),
(3, 53, 1),
(1, 53, 1);

CREATE TABLE `va_items_downloads` (
  `download_id` int(11) NOT NULL AUTO_INCREMENT,
  `order_id` int(11) NOT NULL DEFAULT '0',
  `user_id` int(11) NOT NULL DEFAULT '0',
  `order_item_id` int(11) NOT NULL DEFAULT '0',
  `item_id` int(11) NOT NULL DEFAULT '0',
  `download_notes` varchar(255) DEFAULT NULL,
  `download_path` varchar(255) DEFAULT NULL,
  `activated` tinyint(4) DEFAULT NULL,
  `max_downloads` int(11) DEFAULT NULL,
  `download_added` datetime NOT NULL,
  `download_expiry` datetime DEFAULT NULL,
  `download_limit` int(11) DEFAULT NULL,
  PRIMARY KEY (`download_id`),
  KEY `order_id` (`order_id`),
  KEY `user_id` (`user_id`),
  KEY `order_item_id` (`order_item_id`),
  KEY `item_id` (`item_id`)
) ENGINE=MyISAM DEFAULT CHARSET=utf8 AUTO_INCREMENT=1 ;


CREATE TABLE `va_items_downloads_statistic` (
  `download_id` int(11) NOT NULL DEFAULT '0',
  `order_item_id` int(11) NOT NULL DEFAULT '0',
  `remote_address` varchar(32) NOT NULL,
  `downloaded_date` datetime NOT NULL,
  KEY `download_id` (`download_id`),
  KEY `order_item_id` (`order_item_id`),
  KEY `remote_address` (`remote_address`),
  KEY `downloaded_date` (`downloaded_date`)
) ENGINE=MyISAM DEFAULT CHARSET=utf8;


CREATE TABLE `va_items_files` (
  `file_id` int(11) NOT NULL AUTO_INCREMENT,
  `item_id` int(11) DEFAULT '0',
  `item_type_id` int(11) DEFAULT '0',
  `download_type` tinyint(4) DEFAULT '1',
  `download_title` varchar(255) DEFAULT NULL,
  `download_path` varchar(255) DEFAULT NULL,
  `download_period` tinyint(4) DEFAULT NULL,
  `download_interval` int(11) DEFAULT NULL,
  `download_limit` int(11) DEFAULT NULL,
  `preview_type` tinyint(4) DEFAULT '0',
  `preview_title` varchar(255) DEFAULT NULL,
  `preview_path` varchar(255) DEFAULT NULL,
  `preview_image` varchar(255) DEFAULT NULL,
  `preview_position` tinyint(4) DEFAULT '0',
  PRIMARY KEY (`file_id`),
  KEY `item_id` (`item_id`),
  KEY `item_type_id` (`item_type_id`)
) ENGINE=MyISAM DEFAULT CHARSET=utf8 AUTO_INCREMENT=1 ;


CREATE TABLE `va_items_forum_topics` (
  `item_id` int(11) NOT NULL DEFAULT '0',
  `thread_id` int(11) NOT NULL DEFAULT '0',
  `item_order` int(11) DEFAULT '1',
  `thread_order` int(11) DEFAULT '1',
  PRIMARY KEY (`item_id`,`thread_id`)
) ENGINE=MyISAM DEFAULT CHARSET=utf8;


CREATE TABLE `va_items_images` (
  `image_id` int(11) NOT NULL AUTO_INCREMENT,
  `item_id` int(11) NOT NULL DEFAULT '0',
  `image_position` tinyint(4) DEFAULT '1',
  `image_small` varchar(255) NOT NULL,
  `small_width` int(11) DEFAULT NULL,
  `small_height` int(11) DEFAULT NULL,
  `image_large` varchar(255) DEFAULT NULL,
  `image_title` varchar(255) DEFAULT NULL,
  `image_super` varchar(255) DEFAULT NULL,
  `image_description` text,
  PRIMARY KEY (`image_id`),
  KEY `item_id` (`item_id`)
) ENGINE=MyISAM  DEFAULT CHARSET=utf8 AUTO_INCREMENT=29 ;

INSERT INTO `va_items_images` (`image_id`, `item_id`, `image_position`, `image_small`, `small_width`, `small_height`, `image_large`, `image_title`, `image_super`, `image_description`) VALUES
(1, 1, 2, 'images/small/VGNTZ398UX_0.jpg', NULL, NULL, 'images/big/VGNTZ398UX.jpg', 'Ноутбук VAIO TZ Series VGN-TZ398U/XC', 'images/super/VGNTZ398UX.jpg', NULL),
(2, 1, 2, 'images/small/VGNTZ398UX_1.jpg', NULL, NULL, 'images/big/VGNTZ398UX_1.jpg', 'Ноутбук VAIO TZ Series VGN-TZ398U/XC', 'images/super/VGNTZ398UX_1.jpg', NULL),
(3, 1, 2, 'images/small/VGNTZ398UX_2.jpg', NULL, NULL, 'images/big/VGNTZ398UX_2.jpg', 'Ноутбук VAIO TZ Series VGN-TZ398U/XC', 'images/super/VGNTZ398UX_2.jpg', NULL),
(4, 1, 2, 'images/small/VGNTZ398UX_3.jpg', NULL, NULL, 'images/big/VGNTZ398UX_3.jpg', 'Ноутбук VAIO TZ Series VGN-TZ398U/XC', 'images/super/VGNTZ398UX_3.jpg', NULL),
(5, 3, 2, 'images/small/VGNFW145EW_0.jpg', NULL, NULL, 'images/big/VGNFW145EW.jpg', 'VGNFW145EW', 'images/super/VGNFW145EW.jpg', NULL),
(6, 3, 2, 'images/small/VGNFW145EW_1.jpg', NULL, NULL, 'images/big/VGNFW145EW_1.jpg', 'VGNFW145EW', 'images/super/VGNFW145EW_1.jpg', NULL),
(7, 3, 2, 'images/small/VGNFW145EW_2.jpg', NULL, NULL, 'images/big/VGNFW145EW_2.jpg', 'VGNFW145EW', 'images/super/VGNFW145EW_2.jpg', NULL),
(8, 3, 2, 'images/small/VGNFW145EW_3.jpg', NULL, NULL, 'images/big/VGNFW145EW_3.jpg', 'VGNFW145EW', 'images/super/VGNFW145EW_3.jpg', NULL),
(9, 4, 2, 'images/small/VGNZ590UAB_0.jpg', NULL, NULL, 'images/big/VGNZ590UAB.jpg', 'VGNZ590UAB', 'images/super/VGNZ590UAB.jpg', NULL),
(10, 4, 2, 'images/small/VGNZ590UAB_1.jpg', NULL, NULL, 'images/big/VGNZ590UAB_1.jpg', 'VGNZ590UAB', 'images/super/VGNZ590UAB_1.jpg', NULL),
(11, 4, 2, 'images/small/VGNZ590UAB_2.jpg', NULL, NULL, 'images/big/VGNZ590UAB_2.jpg', 'VGNZ590UAB', 'images/super/VGNZ590UAB_2.jpg', NULL),
(12, 4, 2, 'images/small/VGNZ590UAB_3.jpg', NULL, NULL, 'images/big/VGNZ590UAB_3.jpg', 'VGNZ590UAB', 'images/super/VGNZ590UAB_3.jpg', NULL),
(13, 10, 2, 'images/small/LatitudeXT_0.jpg', NULL, NULL, 'images/big/LatitudeXT.jpg', 'LatitudeXT', 'images/super/LatitudeXT.jpg', NULL),
(14, 10, 2, 'images/small/LatitudeXT_1.jpg', NULL, NULL, 'images/big/LatitudeXT_1.jpg', 'LatitudeXT', 'images/super/LatitudeXT_1.jpg', NULL),
(15, 11, 2, 'images/small/XPSM1730_0.jpg', NULL, NULL, 'images/big/XPSM1730.jpg', 'Ноутбук Dell XPS M1730 WW Edition', 'images/super/XPSM1730.jpg', NULL),
(16, 11, 2, 'images/small/XPSM1730_1.jpg', NULL, NULL, 'images/big/XPSM1730_1.jpg', 'Ноутбук Dell XPS M1730 WW Edition', 'images/super/XPSM1730_1.jpg', NULL),
(17, 6, 2, 'images/small/VGCLV150J_0.jpg', NULL, NULL, 'images/big/VGCLV150J.jpg', 'Настольный компьютер VGC-LV150J', 'images/super/VGCLV150J.jpg', NULL),
(18, 6, 2, 'images/small/VGCLV150J_1.jpg', NULL, NULL, 'images/big/VGCLV150J_1.jpg', 'Настольный компьютер VGC-LV150J', 'images/big/VGCLV150J_1.jpg', NULL),
(19, 6, 2, 'images/small/VGCLV150J_2.jpg', NULL, NULL, 'images/big/VGCLV150J_2.jpg', 'Настольный компьютер VGC-LV150J', 'images/super/VGCLV150J_2.jpg', NULL),
(20, 6, 2, 'images/small/VGCLV150J_3.jpg', NULL, NULL, 'images/big/VGCLV150J_3.jpg', 'Настольный компьютер VGC-LV150J', 'images/super/VGCLV150J_3.jpg', NULL),
(21, 8, 2, 'images/small/XPSOne_0.jpg', NULL, NULL, 'images/big/XPSOne.jpg', 'Настольный компьютер Dell XPS One', 'images/super/XPSOne.jpg', NULL),
(22, 8, 2, 'images/small/XPSOne_1.jpg', NULL, NULL, 'images/big/XPSOne_1.jpg', 'Настольный компьютер Dell XPS One', 'images/super/XPSOne_1.jpg', NULL),
(23, 8, 2, 'images/small/XPSOne_2.jpg', NULL, NULL, 'images/big/XPSOne_2.jpg', 'Настольный компьютер Dell XPS One', 'images/super/XPSOne_2.jpg', NULL),
(24, 8, 2, 'images/small/XPSOne_3.jpg', NULL, NULL, 'images/big/XPSOne_3.jpg', 'Настольный компьютер Dell XPS One', 'images/super/XPSOne_3.jpg', NULL),
(25, 9, 2, 'images/small/StudioHybrid_0.jpg', NULL, NULL, 'images/big/StudioHybrid.jpg', 'Компьютер Dell StudioHybrid', 'images/super/StudioHybrid.jpg', NULL),
(26, 9, 2, 'images/small/StudioHybrid_1.jpg', NULL, NULL, 'images/big/StudioHybrid_1.jpg', 'Компьютер Dell StudioHybrid', 'images/big/StudioHybrid_1.jpg', NULL),
(27, 9, 2, 'images/small/StudioHybrid_2.jpg', NULL, NULL, 'images/big/StudioHybrid_2.jpg', 'Компьютер Dell StudioHybrid', 'images/super/StudioHybrid_2.jpg', NULL),
(28, 9, 2, 'images/small/StudioHybrid_3.jpg', NULL, NULL, 'images/big/StudioHybrid_3.jpg', 'Компьютер Dell StudioHybrid', 'images/super/StudioHybrid_3.jpg', NULL);

CREATE TABLE `va_items_prices` (
  `price_id` int(11) NOT NULL AUTO_INCREMENT,
  `item_id` int(11) DEFAULT '0',
  `is_active` int(11) DEFAULT '0',
  `min_quantity` int(11) DEFAULT '1',
  `max_quantity` int(11) DEFAULT '1',
  `price` double(16,2) DEFAULT '0.00',
  `user_type_id` int(11) DEFAULT '0',
  `site_id` int(11) DEFAULT '0',
  `discount_action` int(11) DEFAULT '0',
  `properties_discount` double(16,2) DEFAULT '0.00',
  PRIMARY KEY (`price_id`),
  KEY `item_id` (`item_id`),
  KEY `user_type_id` (`user_type_id`),
  KEY `site_id` (`site_id`)
) ENGINE=MyISAM  DEFAULT CHARSET=utf8 AUTO_INCREMENT=11 ;

INSERT INTO `va_items_prices` (`price_id`, `item_id`, `is_active`, `min_quantity`, `max_quantity`, `price`, `user_type_id`, `site_id`, `discount_action`, `properties_discount`) VALUES
(1, 1, 0, 1, 10, 3999.99, 0, 0, 2, NULL),
(2, 1, 0, 11, 100, 3799.99, 0, 0, 2, NULL),
(3, 3, 0, 1, 10, 1199.99, 0, 0, 2, NULL),
(4, 3, 0, 11, 100, 999.99, 0, 0, 2, NULL),
(5, 4, 0, 1, 10, 3999.99, 0, 0, 2, NULL),
(6, 4, 0, 11, 100, 3799.99, 0, 0, 2, NULL),
(7, 10, 0, 1, 10, 1939.99, 0, 0, 2, NULL),
(8, 10, 0, 11, 100, 1739.99, 0, 0, 2, NULL),
(9, 11, 0, 1, 10, 2499.99, 0, 0, 2, NULL),
(10, 11, 0, 11, 100, 2299.99, 0, 0, 2, NULL);

CREATE TABLE `va_items_properties` (
  `property_id` int(11) NOT NULL AUTO_INCREMENT,
  `property_type_id` int(11) DEFAULT '1',
  `parent_property_id` int(11) DEFAULT NULL,
  `parent_value_id` int(11) DEFAULT NULL,
  `show_for_user` tinyint(4) DEFAULT '1',
  `usage_type` tinyint(4) DEFAULT '1',
  `item_type_id` int(11) DEFAULT '0',
  `item_id` int(11) NOT NULL DEFAULT '0',
  `sub_item_id` int(11) DEFAULT '0',
  `additional_price` double(16,2) DEFAULT NULL,
  `trade_additional_price` double(16,2) DEFAULT NULL,
  `quantity` int(11) DEFAULT NULL,
  `quantity_action` tinyint(4) DEFAULT '1',
  `property_order` int(11) NOT NULL DEFAULT '1',
  `property_step` int(11) DEFAULT '1',
  `property_name` varchar(255) NOT NULL,
  `property_code` varchar(32) DEFAULT NULL,
  `property_description` text,
  `property_style` text,
  `property_price_type` tinyint(4) DEFAULT NULL,
  `free_price_type` tinyint(4) DEFAULT NULL,
  `free_price_amount` double(16,2) DEFAULT NULL,
  `max_limit_type` tinyint(4) DEFAULT NULL,
  `max_limit_length` int(11) DEFAULT NULL,
  `use_on_list` tinyint(4) DEFAULT '1',
  `use_on_table` tinyint(4) DEFAULT '1',
  `use_on_grid` tinyint(4) DEFAULT '0',
  `use_on_details` tinyint(4) DEFAULT '1',
  `use_on_checkout` tinyint(4) DEFAULT '0',
  `use_on_second` tinyint(4) DEFAULT '0',
  `control_type` varchar(16) NOT NULL,
  `control_style` varchar(255) DEFAULT NULL,
  `control_code` text,
  `onchange_code` text,
  `onclick_code` text,
  `required` tinyint(4) DEFAULT '0',
  `start_html` text,
  `middle_html` text,
  `before_control_html` text,
  `after_control_html` text,
  `end_html` text,
  `sites_all` tinyint(4) DEFAULT '1',
  PRIMARY KEY (`property_id`),
  KEY `property_type_id` (`property_type_id`),
  KEY `item_type_id` (`item_type_id`),
  KEY `item_id` (`item_id`),
  KEY `sub_item_id` (`sub_item_id`),
  KEY `property_code` (`property_code`),
  KEY `sites_all` (`sites_all`)
) ENGINE=MyISAM  DEFAULT CHARSET=utf8 AUTO_INCREMENT=9 ;

INSERT INTO `va_items_properties` (`property_id`, `property_type_id`, `parent_property_id`, `parent_value_id`, `show_for_user`, `usage_type`, `item_type_id`, `item_id`, `sub_item_id`, `additional_price`, `trade_additional_price`, `quantity`, `quantity_action`, `property_order`, `property_step`, `property_name`, `property_code`, `property_description`, `property_style`, `property_price_type`, `free_price_type`, `free_price_amount`, `max_limit_type`, `max_limit_length`, `use_on_list`, `use_on_table`, `use_on_grid`, `use_on_details`, `use_on_checkout`, `use_on_second`, `control_type`, `control_style`, `control_code`, `onchange_code`, `onclick_code`, `required`, `start_html`, `middle_html`, `before_control_html`, `after_control_html`, `end_html`, `sites_all`) VALUES
(6, 3, NULL, NULL, 1, 1, 5, 0, 0, NULL, NULL, NULL, NULL, 1, NULL, 'Аксессуары', NULL, NULL, NULL, NULL, NULL, NULL, NULL, NULL, 0, 0, 0, 1, 0, 0, 'CHECKBOXLIST', NULL, NULL, NULL, NULL, 0, '<div style="font-weight: bold; margin: 2px 2px 6px 6px;">', '</div>', '<div style="margin: 0px 2px 6px 2px;">', '</div>', NULL, 1),
(7, 3, NULL, NULL, 1, 1, 8, 0, 0, NULL, NULL, NULL, NULL, 2, NULL, 'Аксессуары', NULL, NULL, NULL, NULL, NULL, NULL, NULL, NULL, 0, 0, 0, 1, 0, 0, 'CHECKBOXLIST', NULL, NULL, NULL, NULL, 0, '<div style="font-weight: bold; margin: 2px 2px 6px 6px;">', '</div>', '<div style="margin: 0px 2px 6px 2px;">', '</div>', NULL, NULL),
(8, 1, NULL, NULL, 1, 1, 0, 1, 0, NULL, NULL, NULL, 1, 1, 1, 'Цвет', NULL, NULL, NULL, 0, 0, NULL, 0, NULL, 1, 1, 1, 1, 0, 0, 'LISTBOX', NULL, NULL, NULL, NULL, 0, NULL, NULL, NULL, NULL, NULL, 1);

CREATE TABLE `va_items_properties_assigned` (
  `item_id` int(11) NOT NULL DEFAULT '0',
  `property_id` int(11) NOT NULL DEFAULT '0',
  `property_description` text,
  PRIMARY KEY (`item_id`,`property_id`)
) ENGINE=MyISAM DEFAULT CHARSET=utf8;

INSERT INTO `va_items_properties_assigned` (`item_id`, `property_id`, `property_description`) VALUES
(1, 0, NULL),
(3, 0, NULL),
(4, 0, NULL),
(5, 0, NULL),
(6, 0, NULL),
(7, 0, NULL),
(8, 0, NULL),
(9, 0, NULL),
(10, 0, NULL),
(11, 0, NULL),
(12, 0, NULL),
(13, 0, NULL),
(14, 0, NULL),
(15, 0, NULL),
(16, 0, NULL),
(17, 0, NULL),
(18, 0, NULL),
(19, 0, NULL),
(20, 0, NULL),
(21, 0, NULL),
(22, 0, NULL),
(23, 0, NULL),
(24, 0, NULL),
(25, 0, NULL),
(26, 0, NULL),
(27, 0, NULL),
(28, 0, NULL),
(29, 0, NULL),
(30, 0, NULL),
(31, 0, NULL),
(32, 0, NULL),
(33, 0, NULL),
(34, 0, NULL),
(35, 0, NULL),
(36, 0, NULL),
(37, 0, NULL),
(38, 0, NULL),
(39, 0, NULL),
(40, 0, NULL),
(41, 0, NULL),
(42, 0, NULL),
(43, 0, NULL),
(44, 0, NULL),
(45, 0, NULL),
(46, 0, NULL),
(47, 0, NULL),
(48, 0, NULL),
(49, 0, NULL),
(50, 0, NULL),
(52, 0, NULL),
(62, 0, NULL),
(63, 0, NULL),
(55, 0, NULL),
(56, 0, NULL),
(57, 0, NULL),
(58, 0, NULL),
(59, 0, NULL),
(65, 0, NULL),
(66, 0, NULL),
(67, 0, NULL),
(61, 0, NULL),
(54, 0, NULL),
(53, 0, NULL);

CREATE TABLE `va_items_properties_sites` (
  `property_id` int(11) NOT NULL DEFAULT '0',
  `site_id` int(11) NOT NULL DEFAULT '0',
  PRIMARY KEY (`property_id`,`site_id`)
) ENGINE=MyISAM DEFAULT CHARSET=utf8;


CREATE TABLE `va_items_properties_values` (
  `item_property_id` int(11) NOT NULL AUTO_INCREMENT,
  `property_id` int(11) NOT NULL DEFAULT '0',
  `sub_item_id` int(11) DEFAULT '0',
  `property_value` varchar(255) NOT NULL,
  `value_order` int(11) DEFAULT '1',
  `item_code` varchar(64) DEFAULT NULL,
  `manufacturer_code` varchar(64) DEFAULT NULL,
  `download_period` int(11) DEFAULT NULL,
  `download_path` varchar(255) DEFAULT NULL,
  `download_files_ids` text,
  `buying_price` double(16,2) DEFAULT NULL,
  `additional_price` double(16,2) DEFAULT NULL,
  `trade_additional_price` double(16,2) DEFAULT NULL,
  `quantity` int(11) DEFAULT NULL,
  `percentage_price` double(16,2) DEFAULT NULL,
  `additional_weight` double(16,4) DEFAULT NULL,
  `use_stock_level` tinyint(4) DEFAULT '0',
  `stock_level` int(11) DEFAULT NULL,
  `hide_out_of_stock` tinyint(4) DEFAULT '0',
  `hide_value` tinyint(4) NOT NULL DEFAULT '0',
  `is_default_value` tinyint(4) DEFAULT '0',
  PRIMARY KEY (`item_property_id`),
  KEY `property_id` (`property_id`),
  KEY `sub_item_id` (`sub_item_id`),
  KEY `hide_value` (`hide_value`)
) ENGINE=MyISAM  DEFAULT CHARSET=utf8 AUTO_INCREMENT=18 ;

INSERT INTO `va_items_properties_values` (`item_property_id`, `property_id`, `sub_item_id`, `property_value`, `value_order`, `item_code`, `manufacturer_code`, `download_period`, `download_path`, `download_files_ids`, `buying_price`, `additional_price`, `trade_additional_price`, `quantity`, `percentage_price`, `additional_weight`, `use_stock_level`, `stock_level`, `hide_out_of_stock`, `hide_value`, `is_default_value`) VALUES
(6, 6, 44, 'diNovo Media Desktop Laser', 1, NULL, NULL, NULL, NULL, NULL, NULL, NULL, NULL, NULL, NULL, NULL, 0, NULL, 0, 0, 0),
(7, 6, 45, 'QuickCam Pro for Notebooks', 1, NULL, NULL, NULL, NULL, NULL, NULL, NULL, NULL, NULL, NULL, NULL, 0, NULL, 0, 0, 0),
(8, 6, 46, 'Digital Precision PC Gaming Headset', 1, NULL, NULL, NULL, NULL, NULL, NULL, NULL, NULL, NULL, NULL, NULL, 0, NULL, 0, 0, 0),
(9, 6, 47, 'AudioHub', 1, NULL, NULL, NULL, NULL, NULL, NULL, NULL, NULL, NULL, NULL, NULL, 0, NULL, 0, 0, 0),
(10, 7, 38, 'HA-SX500', 1, NULL, NULL, NULL, NULL, NULL, NULL, NULL, NULL, NULL, NULL, NULL, 0, NULL, 0, 0, 0),
(11, 7, 39, 'Noise Canceling Headphones MDR-NC6', 1, NULL, NULL, NULL, NULL, NULL, NULL, NULL, NULL, NULL, NULL, NULL, 0, NULL, 0, 0, 0),
(12, 7, 40, 'Active Style Headphones MDR-AS50G', 1, NULL, NULL, NULL, NULL, NULL, NULL, NULL, NULL, NULL, NULL, NULL, 0, NULL, 0, 0, 0),
(13, 7, 41, 'S2 Sports™ Street Style Headphones MDR-G57G', 1, NULL, NULL, NULL, NULL, NULL, NULL, NULL, NULL, NULL, NULL, NULL, 0, NULL, 0, 0, 0),
(16, 8, 0, 'белый', 1, NULL, NULL, NULL, NULL, NULL, NULL, NULL, NULL, NULL, NULL, NULL, 0, NULL, 0, 0, 0),
(17, 8, 0, 'серый', 1, NULL, NULL, NULL, NULL, NULL, NULL, NULL, NULL, NULL, NULL, NULL, 0, NULL, 0, 0, 0);

CREATE TABLE `va_items_related` (
  `item_id` int(11) NOT NULL DEFAULT '0',
  `related_id` int(11) NOT NULL DEFAULT '0',
  `related_order` int(11) NOT NULL DEFAULT '1',
  KEY `item_id` (`item_id`),
  KEY `related_id` (`related_id`)
) ENGINE=MyISAM DEFAULT CHARSET=utf8;

INSERT INTO `va_items_related` (`item_id`, `related_id`, `related_order`) VALUES
(6, 44, 1),
(11, 53, 1),
(10, 53, 1),
(4, 53, 1),
(3, 53, 1),
(6, 32, 2),
(8, 44, 1),
(9, 44, 1),
(45, 11, 1),
(1, 53, 1),
(3, 44, 2),
(4, 61, 2),
(10, 44, 2),
(11, 61, 2),
(8, 61, 2),
(9, 61, 2),
(12, 61, 1),
(12, 45, 2),
(13, 45, 1),
(13, 61, 2),
(14, 44, 1),
(14, 61, 2),
(18, 35, 1),
(18, 10, 2),
(19, 10, 1),
(19, 32, 2),
(15, 12, 1),
(15, 61, 2),
(21, 61, 1),
(21, 53, 2),
(54, 53, 1),
(54, 61, 2),
(62, 53, 1),
(62, 44, 2),
(63, 32, 1),
(63, 9, 2),
(55, 61, 1),
(55, 44, 2),
(56, 6, 1),
(56, 32, 2),
(57, 61, 1),
(57, 44, 2),
(58, 12, 1),
(58, 35, 2),
(59, 61, 1),
(59, 14, 2),
(65, 1, 1),
(65, 12, 2),
(66, 35, 1),
(66, 1, 2),
(67, 61, 1),
(67, 18, 2),
(32, 61, 1),
(32, 44, 2),
(33, 12, 1),
(33, 10, 2),
(34, 61, 1),
(34, 44, 2),
(35, 61, 1),
(35, 1, 2),
(36, 61, 1),
(36, 45, 2),
(44, 1, 1),
(44, 10, 2),
(53, 4, 1),
(53, 3, 2),
(61, 4, 1),
(61, 11, 2);

CREATE TABLE `va_items_serials` (
  `serial_id` int(11) NOT NULL AUTO_INCREMENT,
  `item_id` int(11) DEFAULT '0',
  `serial_number` varchar(128) DEFAULT NULL,
  `used` tinyint(4) DEFAULT '0',
  PRIMARY KEY (`serial_id`),
  KEY `item_id` (`item_id`)
) ENGINE=MyISAM DEFAULT CHARSET=utf8 AUTO_INCREMENT=1 ;


CREATE TABLE `va_items_sites` (
  `item_id` int(11) NOT NULL DEFAULT '0',
  `site_id` int(11) NOT NULL DEFAULT '0',
  PRIMARY KEY (`item_id`,`site_id`)
) ENGINE=MyISAM DEFAULT CHARSET=utf8;

INSERT INTO `va_items_sites` (`item_id`, `site_id`) VALUES
(1, 1),
(3, 1),
(4, 1),
(6, 1),
(8, 1),
(9, 1),
(10, 1),
(11, 1),
(12, 1),
(13, 1),
(14, 1),
(15, 1),
(18, 1),
(19, 1),
(21, 1),
(32, 1),
(33, 1),
(34, 1),
(35, 1),
(36, 1),
(44, 1),
(45, 1),
(53, 1),
(54, 1),
(55, 1),
(56, 1),
(57, 1),
(58, 1),
(59, 1),
(61, 1),
(62, 1),
(63, 1),
(65, 1),
(66, 1),
(67, 1);

CREATE TABLE `va_items_subscriptions` (
  `item_id` int(11) NOT NULL DEFAULT '0',
  `subscription_id` int(11) NOT NULL DEFAULT '0',
  `access_level` tinyint(4) DEFAULT '0',
  PRIMARY KEY (`item_id`,`subscription_id`)
) ENGINE=MyISAM DEFAULT CHARSET=utf8;


CREATE TABLE `va_items_user_types` (
  `item_id` int(11) NOT NULL DEFAULT '0',
  `user_type_id` int(11) NOT NULL DEFAULT '0',
  `access_level` tinyint(4) DEFAULT '0',
  PRIMARY KEY (`item_id`,`user_type_id`)
) ENGINE=MyISAM DEFAULT CHARSET=utf8;


CREATE TABLE `va_items_values_assigned` (
  `item_id` int(11) NOT NULL DEFAULT '0',
  `property_value_id` int(11) NOT NULL DEFAULT '0',
  `is_default_value` tinyint(4) DEFAULT NULL,
  PRIMARY KEY (`item_id`,`property_value_id`)
) ENGINE=MyISAM DEFAULT CHARSET=utf8;

INSERT INTO `va_items_values_assigned` (`item_id`, `property_value_id`, `is_default_value`) VALUES
(1, 0, 1),
(3, 0, 1),
(4, 0, 1),
(5, 0, 1),
(6, 0, 1),
(7, 0, 1),
(8, 0, 1),
(9, 0, 1),
(10, 0, 1),
(11, 0, 1),
(12, 0, 1),
(13, 0, 1),
(14, 0, 1),
(15, 0, 1),
(16, 0, 1),
(17, 0, 1),
(18, 0, 1),
(19, 0, 1),
(20, 0, 1),
(21, 0, 1),
(22, 0, 1),
(23, 0, 1),
(24, 0, 1),
(25, 0, 1),
(26, 0, 1),
(27, 0, 1),
(28, 0, 1),
(29, 0, 1),
(30, 0, 1),
(31, 0, 1),
(32, 0, 1),
(33, 0, 1),
(34, 0, 1),
(35, 0, 1),
(36, 0, 1),
(37, 0, 1),
(38, 0, 1),
(39, 0, 1),
(40, 0, 1),
(41, 0, 1),
(42, 0, 1),
(43, 0, 1),
(44, 0, 1),
(45, 0, 1),
(46, 0, 1),
(47, 0, 1),
(48, 0, 1),
(49, 0, 1),
(50, 0, 1),
(52, 0, 1),
(62, 0, 1),
(63, 0, 1),
(55, 0, 1),
(56, 0, 1),
(57, 0, 1),
(58, 0, 1),
(59, 0, 1),
(65, 0, 1),
(66, 0, 1),
(67, 0, 1),
(61, 0, 1),
(54, 0, 1),
(53, 0, 1);

CREATE TABLE `va_item_types` (
  `item_type_id` int(11) NOT NULL AUTO_INCREMENT,
  `google_base_type_id` int(11) DEFAULT '0',
  `item_type_name` varchar(50) DEFAULT NULL,
  `is_gift_voucher` tinyint(4) DEFAULT '0',
  `is_bundle` tinyint(4) DEFAULT '0',
  `is_user` tinyint(4) DEFAULT '0',
  `reward_type` int(11) DEFAULT NULL,
  `reward_amount` double(16,4) DEFAULT NULL,
  `credit_reward_type` tinyint(4) DEFAULT NULL,
  `credit_reward_amount` double(16,2) DEFAULT NULL,
  `affiliate_commission_type` int(11) DEFAULT NULL,
  `affiliate_commission_amount` double(16,2) DEFAULT NULL,
  `merchant_fee_type` int(11) DEFAULT NULL,
  `merchant_fee_amount` double(16,2) DEFAULT NULL,
  PRIMARY KEY (`item_type_id`),
  KEY `google_base_type_id` (`google_base_type_id`)
) ENGINE=MyISAM  DEFAULT CHARSET=utf8 AUTO_INCREMENT=10 ;

INSERT INTO `va_item_types` (`item_type_id`, `google_base_type_id`, `item_type_name`, `is_gift_voucher`, `is_bundle`, `is_user`, `reward_type`, `reward_amount`, `credit_reward_type`, `credit_reward_amount`, `affiliate_commission_type`, `affiliate_commission_amount`, `merchant_fee_type`, `merchant_fee_amount`) VALUES
(1, -1, '[en]Product[/en][ru]Товар[/ru]', 0, 0, 1, NULL, NULL, NULL, NULL, NULL, NULL, NULL, NULL),
(2, -1, '[en]Accessory[/en][ru]Аксессуар[/ru]', 0, 0, 1, NULL, NULL, NULL, NULL, NULL, NULL, NULL, NULL),
(3, -1, 'Подарочный ваучер', 1, 0, 0, NULL, NULL, NULL, NULL, NULL, NULL, NULL, NULL),
(4, -1, '[en]Bundle[/en][ru]Набор[/ru]', 0, 1, 0, NULL, NULL, NULL, NULL, NULL, NULL, NULL, NULL),
(5, -1, '[en]Computers[/en][ru]Компьютер[/ru]', 0, 0, 1, NULL, NULL, NULL, NULL, NULL, NULL, NULL, NULL),
(6, -1, '[en]Cameras[/en][ru]Видеокамера[/ru]', 0, 0, 1, NULL, NULL, NULL, NULL, NULL, NULL, NULL, NULL),
(7, -1, 'Телевизор', 0, 0, 0, NULL, NULL, NULL, NULL, NULL, NULL, NULL, NULL),
(8, -1, 'Аудиоплеер', 0, 0, 1, NULL, NULL, NULL, NULL, NULL, NULL, NULL, NULL),
(9, -1, 'Цифровой товар', 0, 0, 0, NULL, NULL, NULL, NULL, NULL, NULL, NULL, NULL);

CREATE TABLE `va_keywords` (
  `keyword_id` int(11) NOT NULL AUTO_INCREMENT,
  `keyword_name` varchar(255) DEFAULT NULL,
  PRIMARY KEY (`keyword_id`)
) ENGINE=MyISAM  DEFAULT CHARSET=utf8 AUTO_INCREMENT=12142 ;

INSERT INTO `va_keywords` (`keyword_id`, `keyword_name`) VALUES
(1, ''),
(2, ''),
(3, ''),
(4, 'vgpe'),
(5, ''),
(6, 'mandarina'),
(7, 'duck'),
(8, 'vaio'),
(9, ''),
(10, ''),
(11, ''),
(12, '16.4'),
(13, ''),
(14, '('),
(15, ''),
(16, ''),
(17, ''),
(18, ''),
(19, ''),
(20, '16.4''),'),
(21, ''),
(22, ''),
(23, '+'),
(24, ''),
(25, ''),
(26, ''),
(27, ''),
(28, 'fw'),
(29, ''),
(30, ''),
(31, ''),
(32, ''),
(33, ''),
(34, ''),
(35, ''),
(36, ''),
(37, ''),
(38, 'panasonic'),
(39, 'ty-cc10w'),
(40, '[ru]ty-cc10w'),
(41, '-'),
(42, 'skype'),
(43, ''),
(44, ''),
(45, ''),
(46, '[ru]'),
(47, ''),
(48, ''),
(49, ''),
(50, ''),
(51, ''),
(52, ''),
(53, ''),
(54, ''),
(55, ''),
(56, ''),
(57, ''),
(58, ''),
(59, '\r\n'),
(60, ''),
(61, 'usb-'),
(62, ''),
(63, ''),
(64, ''),
(65, ''),
(66, ''),
(67, ''),
(68, '1280&#215;720'),
(69, ''),
(70, ''),
(71, '4'),
(72, ''),
(73, ''),
(74, ''),
(75, ''),
(76, 'usb'),
(77, '2.0'),
(78, ''),
(79, ''),
(80, ''),
(81, ''),
(82, ''),
(83, ''),
(84, ''),
(85, ''),
(86, ''),
(87, ''),
(88, ''),
(89, ''),
(90, ''),
(91, ''),
(92, ''),
(93, 'dinovo'),
(94, ''),
(95, ''),
(96, ''),
(97, '3-5'),
(98, ''),
(99, 'ps/2.'),
(100, ''),
(101, ''),
(102, ''),
(103, ''),
(104, ''),
(105, ''),
(106, ''),
(107, ''),
(108, ''),
(109, 'numeric'),
(110, 'pad,'),
(111, ''),
(112, ''),
(113, ''),
(114, ''),
(115, ''),
(116, ''),
(117, ''),
(118, ''),
(119, ''),
(120, ''),
(121, ''),
(122, ''),
(123, ''),
(124, ''),
(125, ''),
(126, ''),
(127, ''),
(128, ''),
(129, ''),
(130, ''),
(131, ''),
(132, ''),
(133, ''),
(134, ''),
(135, ''),
(136, ''),
(137, ''),
(138, 'ps/2'),
(139, ''),
(140, ''),
(141, ''),
(142, ''),
(143, ''),
(144, ''),
(145, 'quickcam'),
(146, 'pro'),
(147, ''),
(148, ''),
(149, ''),
(150, ''),
(151, 'logitech'),
(152, 'video'),
(153, 'effects'),
(154, ''),
(155, 'rightlight'),
(156, ''),
(157, ''),
(158, 'carl'),
(159, 'zeiss'),
(160, ''),
(161, ''),
(162, '\r\n'),
(163, 'zeiss'),
(164, ''),
(165, ''),
(166, ''),
(167, ''),
(168, ''),
(169, ''),
(170, ''),
(171, ''),
(172, ''),
(173, ''),
(174, ''),
(175, ''),
(176, ''),
(177, ''),
(178, ''),
(179, 'rightlight'),
(180, ''),
(181, ''),
(182, ''),
(183, '\r\n'),
(184, ''),
(185, ''),
(186, ''),
(187, ''),
(188, ''),
(189, ''),
(190, ''),
(191, '\r\n'),
(192, ''),
(193, ''),
(194, ''),
(195, ''),
(196, 'zeiss'),
(197, ''),
(198, ''),
(199, ''),
(200, '2mp'),
(201, ''),
(202, 'rightlight'),
(203, ''),
(204, ''),
(205, '24'),
(206, ''),
(207, '(true'),
(208, 'color)\r\n'),
(209, ''),
(210, ''),
(211, ''),
(212, '1600'),
(213, 'x'),
(214, '1200'),
(215, ''),
(216, ''),
(217, ''),
(218, '30'),
(219, ''),
(220, ''),
(221, ''),
(222, ''),
(223, ''),
(224, '8'),
(225, 'mp'),
(226, ''),
(227, ''),
(228, ''),
(229, ''),
(230, ''),
(231, ''),
(232, 'mp3-'),
(233, 'sony'),
(234, 'nwz-s755'),
(235, '[ru]'),
(236, ''),
(237, ''),
(238, ''),
(239, ''),
(240, ''),
(241, ''),
(242, '[en]now'),
(243, 'you'),
(244, 'have'),
(245, 'the'),
(246, 'option'),
(247, 'of'),
(248, 'listening'),
(249, 'to'),
(250, 'pristine'),
(251, 'audio'),
(252, 'without'),
(253, 'wires.'),
(254, 'featuring'),
(255, 'bluetooth'),
(256, 'connectivity,'),
(257, 'this'),
(258, 'walkman'),
(259, 'mp3'),
(260, 'player'),
(261, 'offers'),
(262, 'wireless'),
(263, 'freedom'),
(264, 'when'),
(265, 'paired'),
(266, 'bluetooth-enabled'),
(267, 'headphones.'),
(268, 'and'),
(269, 'if'),
(270, 'want'),
(271, 'watch'),
(272, 'video,'),
(273, 'a'),
(274, 'high-resolution'),
(275, '2.4"'),
(276, 'qvga'),
(277, 'lcd'),
(278, 'beautifully'),
(279, 'presents'),
(280, 'them'),
(281, 'in'),
(282, 'portrait'),
(283, 'or'),
(284, 'landscape'),
(285, 'mode.'),
(286, 'mp3-'),
(287, ''),
(288, ''),
(289, ''),
(290, ''),
(291, ''),
(292, ''),
(293, ''),
(294, ''),
(295, ''),
(296, ''),
(297, ''),
(298, ''),
(299, ''),
(300, ''),
(301, ''),
(302, ''),
(303, 'bluetooth'),
(304, 'walkman'),
(305, 'sleek,'),
(306, 'slim-line'),
(307, 'also'),
(308, 'supports'),
(309, 'multiple'),
(310, 'file'),
(311, 'types'),
(312, 'so'),
(313, 'you''re'),
(314, 'not'),
(315, 'locked'),
(316, 'into'),
(317, 'one'),
(318, 'format.'),
(319, 'small'),
(320, 'enough'),
(321, 'slip'),
(322, 'your'),
(323, 'pocket,'),
(324, '8gb'),
(325, 'built-in'),
(326, 'memory'),
(327, 'can'),
(328, 'store'),
(329, 'up'),
(330, '1,900'),
(331, 'songs,'),
(332, '31'),
(333, 'hours'),
(334, 'hundreds'),
(335, 'photographs,'),
(336, 'offering'),
(337, 'widest'),
(338, 'variety'),
(339, 'multimedia'),
(340, 'entertainment'),
(341, 'wherever'),
(342, 'go.'),
(343, '[ru]'),
(344, ''),
(345, '(240'),
(346, '320'),
(347, ''),
(348, ''),
(349, ''),
(350, ''),
(351, ''),
(352, ''),
(353, '[en]black,'),
(354, '(measured'),
(355, 'diagonally),'),
(356, 'bluetooth'),
(357, 'connectivity'),
(358, 'mp3-'),
(359, 'mp3-'),
(360, 'mp3-'),
(361, 'mp3-'),
(362, 'nwz-e454'),
(363, '[ru]clear'),
(364, 'audio,'),
(365, 'virtual'),
(366, 'phones'),
(367, 'technology,'),
(368, 'fm-'),
(369, '[en]make'),
(370, 'statement'),
(371, 'with'),
(372, 'slim'),
(373, 'fashionable'),
(374, 'walkman'),
(375, 'player.'),
(376, 'view'),
(377, 'pictures'),
(378, 'favorite'),
(379, 'videos'),
(380, 'vivid'),
(381, 'detail'),
(382, 'on'),
(383, '2.0"'),
(384, 'high-brightness,'),
(385, 'color'),
(386, 'diagonally).'),
(387, ''),
(388, ''),
(389, ''),
(390, ''),
(391, ''),
(392, ''),
(393, ''),
(394, ''),
(395, 'walkman'),
(396, ''),
(397, 'e'),
(398, ''),
(399, ''),
(400, ''),
(401, ''),
(402, ''),
(403, ''),
(404, '\r\n'),
(405, ''),
(406, ''),
(407, ''),
(408, ''),
(409, ''),
(410, ''),
(411, ''),
(412, 'sensme'),
(413, ''),
(414, ''),
(415, ''),
(416, ''),
(417, ''),
(418, ''),
(419, '\r\n'),
(420, ''),
(421, ''),
(422, ''),
(423, ''),
(424, ''),
(425, ''),
(426, ''),
(427, ''),
(428, ''),
(429, ''),
(430, 'fm-'),
(431, ''),
(432, ''),
(433, ''),
(434, ''),
(435, ''),
(436, ''),
(437, ''),
(438, 'clear'),
(439, ''),
(440, ''),
(441, ''),
(442, ''),
(443, 'phones'),
(444, 'technology'),
(445, ''),
(446, ''),
(447, ''),
(448, '\r\n'),
(449, ''),
(450, ''),
(451, ''),
(452, ''),
(453, ''),
(454, ''),
(455, ''),
(456, '\r\n'),
(457, ''),
(458, ''),
(459, ''),
(460, ''),
(461, ''),
(462, ''),
(463, ''),
(464, ''),
(465, '\r\n'),
(466, '2,0"'),
(467, ''),
(468, ''),
(469, ''),
(470, ''),
(471, '\r\n'),
(472, ''),
(473, 'wmv(drm),'),
(474, 'avc(h.264)'),
(475, ''),
(476, 'mpeg-4,'),
(477, ''),
(478, '\r\n'),
(479, ''),
(480, '(h.264/mpeg-4/divx'),
(481, ''),
(482, 'windows'),
(483, '7,'),
(484, ''),
(485, ''),
(486, '\r\n'),
(487, ''),
(488, 'mp3,'),
(489, 'aac,'),
(490, 'wma'),
(491, '(drm)'),
(492, 'l-pcm'),
(493, ''),
(494, ''),
(495, ''),
(496, '\r\n'),
(497, '50'),
(498, ''),
(499, ''),
(500, ''),
(501, ''),
(502, ''),
(503, ''),
(504, '\r\n'),
(505, ''),
(506, '10'),
(507, ''),
(508, ''),
(509, ''),
(510, ''),
(511, ''),
(512, ''),
(513, ''),
(514, ''),
(515, ''),
(516, ''),
(517, ''),
(518, ''),
(519, ''),
(520, ''),
(521, ''),
(522, ''),
(523, ''),
(524, 'stereo,'),
(525, 'bass'),
(526, ''),
(527, 'dsee'),
(528, ''),
(529, ''),
(530, ''),
(531, ''),
(532, ''),
(533, ''),
(534, ''),
(535, ''),
(536, ''),
(537, ''),
(538, ''),
(539, ''),
(540, ''),
(541, ''),
(542, 'fm-'),
(543, ''),
(544, ''),
(545, ''),
(546, ''),
(547, ''),
(548, ''),
(549, ''),
(550, ''),
(551, ''),
(552, ''),
(553, ''),
(554, ''),
(555, ''),
(556, ''),
(557, ''),
(558, ''),
(559, '\r\n'),
(560, ''),
(561, ''),
(562, ''),
(563, ''),
(564, ''),
(565, ''),
(566, ''),
(567, ''),
(568, ''),
(569, ''),
(570, '\r\n'),
(571, ''),
(572, ''),
(573, ''),
(574, ''),
(575, 'nwz-e454fred'),
(576, 'walkman'),
(577, 'long'),
(578, 'battery'),
(579, 'life'),
(580, 'give'),
(581, '45'),
(582, 'continuous'),
(583, 'music'),
(584, 'uninterrupted'),
(585, 'while'),
(586, 'support'),
(587, 'codecs'),
(588, 'formats.'),
(589, 'even'),
(590, 'listen'),
(591, 'fm'),
(592, 'programming'),
(593, 'thanks'),
(594, 'tuner.'),
(595, 'loading'),
(596, 'music,'),
(597, 'is'),
(598, 'snap,'),
(599, 'simply'),
(600, 'drag'),
(601, 'drop'),
(602, 'computer.'),
(603, 'available'),
(604, 'red,'),
(605, 'pink'),
(606, 'black.\r\n\r\nlong'),
(607, 'life\r\nequipped'),
(608, 'long-lasting'),
(609, 'that'),
(610, 'enables'),
(611, 'needing'),
(612, 'recharge.\r\n\r\ncompact'),
(613, 'design'),
(614, '\r\nmakes'),
(615, 'carrying'),
(616, 'go'),
(617, 'breeze.\r\n\r\n2"'),
(618, 'high-brightness'),
(619, 'screen'),
(620, 'diagonally)\r\ncolor'),
(621, 'provides'),
(622, 'rich'),
(623, 'viewing'),
(624, 'experience'),
(625, '[ru]'),
(626, ''),
(627, ''),
(628, ''),
(629, ''),
(630, ''),
(631, ''),
(632, '\r\n'),
(633, 'walkman'),
(634, ''),
(635, ''),
(636, ''),
(637, ''),
(638, ''),
(639, ''),
(640, ''),
(641, '\r\n'),
(642, ''),
(643, '[en]red,'),
(644, 'for'),
(645, 'formats,'),
(646, 'tuner,'),
(647, 'diagonally)'),
(648, 'mp3-'),
(649, 'mp3-'),
(650, 'mp3-'),
(651, 'mp3-'),
(652, 'nwz-a845'),
(653, '[ru]'),
(654, ''),
(655, 'mp3-'),
(656, 'walkman'),
(657, ''),
(658, ''),
(659, ''),
(660, 'oled-'),
(661, '[en]enjoy'),
(662, 'from'),
(663, 'virtually'),
(664, 'anywhere'),
(665, 'walkman'),
(666, 'boasting'),
(667, 'an'),
(668, 'impressive'),
(669, 'life,'),
(670, '40'),
(671, 'podcasts'),
(672, 'stations'),
(673, 'single'),
(674, 'charge.'),
(675, 'mp3-'),
(676, 'walkman'),
(677, ''),
(678, ''),
(679, '16'),
(680, ''),
(681, ''),
(682, ''),
(683, ''),
(684, ''),
(685, ''),
(686, ''),
(687, ''),
(688, '('),
(689, ''),
(690, '7,2'),
(691, ''),
(692, ''),
(693, ''),
(694, ''),
(695, ''),
(696, ''),
(697, ''),
(698, ''),
(699, ''),
(700, '\r\n'),
(701, ''),
(702, ''),
(703, ''),
(704, '('),
(705, ''),
(706, ''),
(707, ''),
(708, '17'),
(709, '/'),
(710, '\r\n98%)'),
(711, ''),
(712, ''),
(713, ''),
(714, ''),
(715, ''),
(716, ''),
(717, ''),
(718, '\r\n'),
(719, ''),
(720, ''),
(721, ''),
(722, ''),
(723, ''),
(724, ''),
(725, ''),
(726, ''),
(727, ''),
(728, '\r\n'),
(729, ''),
(730, ''),
(731, ''),
(732, ''),
(733, ''),
(734, ''),
(735, ''),
(736, ''),
(737, ''),
(738, ''),
(739, '\r\n'),
(740, ''),
(741, ''),
(742, ''),
(743, ''),
(744, ''),
(745, ''),
(746, ''),
(747, ''),
(748, '\r\n'),
(749, 's-master'),
(750, ''),
(751, ''),
(752, ''),
(753, ''),
(754, ''),
(755, ''),
(756, ''),
(757, '\r\n'),
(758, ''),
(759, ''),
(760, ''),
(761, ''),
(762, ''),
(763, ''),
(764, ''),
(765, ''),
(766, ''),
(767, ''),
(768, ''),
(769, ''),
(770, ''),
(771, ''),
(772, ''),
(773, ''),
(774, ''),
(775, ''),
(776, ''),
(777, ''),
(778, ''),
(779, ''),
(780, ''),
(781, ''),
(782, ''),
(783, ''),
(784, ''),
(785, 'oled-'),
(786, '7,1'),
(787, ''),
(788, '2,8"'),
(789, '('),
(790, ''),
(791, '\r\n'),
(792, ''),
(793, ''),
(794, ''),
(795, ''),
(796, ''),
(797, ''),
(798, ''),
(799, '\r\n'),
(800, ''),
(801, ''),
(802, ''),
(803, ''),
(804, ''),
(805, ''),
(806, '(wqvga'),
(807, '400x240'),
(808, '\r\n'),
(809, ''),
(810, 'oled'),
(811, ''),
(812, '100%'),
(813, ''),
(814, '('),
(815, '\r\n'),
(816, ''),
(817, 'ntsc),'),
(818, ''),
(819, '10000:1'),
(820, ''),
(821, ''),
(822, ''),
(823, ''),
(824, ''),
(825, '('),
(826, '\r\n180'),
(827, ''),
(828, ''),
(829, ''),
(830, ''),
(831, '(0,1'),
(832, ''),
(833, ''),
(834, '\r\n'),
(835, ''),
(836, ''),
(837, ''),
(838, ''),
(839, 'walkman'),
(840, 'enhance'),
(841, 'integrated'),
(842, 'noise'),
(843, 'cancellation'),
(844, 'five'),
(845, 'technologies.'),
(846, 'ideal'),
(847, 'gym,'),
(848, 'travel'),
(849, 'daily'),
(850, 'commute,'),
(851, 'comes'),
(852, 'canceling'),
(853, 'ex'),
(854, 'headphones'),
(855, 'which'),
(856, 'reduce'),
(857, 'ambient'),
(858, 'sound'),
(859, 'deliver'),
(860, 'superior'),
(861, 'audio.'),
(862, 'additionally,'),
(863, 'innovative'),
(864, 'feature'),
(865, 'called'),
(866, 'sensme'),
(867, 'uses'),
(868, 'beats-per-minute'),
(869, 'algorithm'),
(870, 'analyze'),
(871, 'portions'),
(872, 'automatically'),
(873, 'create'),
(874, 'channels.\r\n\r\nexceptional'),
(875, 'quality\r\nwith'),
(876, 'technologies:'),
(877, 'houses'),
(878, 'technologies,'),
(879, 'allowing'),
(880, 'enjoy'),
(881, 'all'),
(882, 'exceptional'),
(883, 'crisp'),
(884, 'sound.\r\n\r\nintegrated'),
(885, 'system\r\nthe'),
(886, 'features'),
(887, 'cancels'),
(888, '75'),
(889, 'percent'),
(890, 'noise2.'),
(891, 'in-box'),
(892, 'adaptor'),
(893, 'turn'),
(894, 'walkman'),
(895, 'combination'),
(896, 'other'),
(897, 'devices.'),
(898, 'example,'),
(899, 'connect'),
(900, 'included'),
(901, 'adapter'),
(902, 'walkman'),
(903, 'av'),
(904, 'system'),
(905, 'airplane'),
(906, 'via'),
(907, 'jack,'),
(908, 'ready'),
(909, 'benefit'),
(910, 'watching'),
(911, 'in-flight'),
(912, 'movie.'),
(913, '\r\n\r\n'),
(914, ''),
(915, ''),
(916, ''),
(917, ''),
(918, ''),
(919, ''),
(920, ''),
(921, ''),
(922, ''),
(923, ''),
(924, ''),
(925, ''),
(926, ''),
(927, ''),
(928, ''),
(929, ''),
(930, ''),
(931, ''),
(932, ''),
(933, ''),
(934, 'mp3-'),
(935, 'mp3-'),
(936, 'mp3-'),
(937, 'flash'),
(938, 'sa2645/02'),
(939, '[ru]'),
(940, ''),
(941, ''),
(942, 'fm-'),
(943, ''),
(944, '[en]show'),
(945, 'off'),
(946, 'philips'),
(947, 'gogear'),
(948, 'digital'),
(949, 'sa2645,'),
(950, 'stylish'),
(951, 'interchangeable'),
(952, 'cover!'),
(953, 'easily'),
(954, 'take'),
(955, 'tunes'),
(956, 'direct'),
(957, '20'),
(958, 'playtime'),
(959, 'just'),
(960, 'aaa'),
(961, 'battery.'),
(962, '[ru]'),
(963, ''),
(964, ''),
(965, ''),
(966, ''),
(967, ''),
(968, ''),
(969, ''),
(970, ''),
(971, '\r\n'),
(972, ''),
(973, ''),
(974, ''),
(975, ''),
(976, ''),
(977, ''),
(978, '\r\n'),
(979, ''),
(980, ''),
(981, ''),
(982, ''),
(983, ''),
(984, ''),
(985, ''),
(986, ''),
(987, ''),
(988, ''),
(989, ''),
(990, 'fm-'),
(991, 'battery.\r\n\r\nyour'),
(992, 'data'),
(993, 'go,'),
(994, 'everyday'),
(995, 'playback\r\n'),
(996, 'make'),
(997, 'voice'),
(998, 'recordings\r\n'),
(999, 'fast'),
(1000, 'downloads'),
(1001, 'pc'),
(1002, '2.0*\r\n'),
(1003, 'preset'),
(1004, 'radio'),
(1005, 'more'),
(1006, 'music\r\n'),
(1007, 'plug'),
(1008, 'play'),
(1009, 'storage\r\n'),
(1010, '\r\nready'),
(1011, 'wear,'),
(1012, '20-hour'),
(1013, 'playback'),
(1014, 'battery\r\n'),
(1015, 'wearable'),
(1016, 'ultimate'),
(1017, 'portability'),
(1018, ''),
(1019, ''),
(1020, '	'),
(1021, ''),
(1022, ''),
(1023, ''),
(1024, ''),
(1025, '&nbsp;	lcd'),
(1026, ''),
(1027, '128x48px'),
(1028, 'sa6085/02'),
(1029, 'audio/video'),
(1030, 'player/'),
(1031, 'radio/'),
(1032, 'recorder/'),
(1033, '2,2'),
(1034, 'inch'),
(1035, '65k'),
(1036, 'colour'),
(1037, 'lcd/'),
(1038, '15h'),
(1039, ''),
(1040, ''),
(1041, ''),
(1042, ''),
(1043, ','),
(1044, ''),
(1045, ''),
(1046, ''),
(1047, ''),
(1048, ''),
(1049, ''),
(1050, ''),
(1051, '\r\n2,2-'),
(1052, ''),
(1053, ''),
(1054, ''),
(1055, ''),
(1056, ''),
(1057, ''),
(1058, ''),
(1059, '\r\n'),
(1060, ''),
(1061, ''),
(1062, ''),
(1063, ''),
(1064, ''),
(1065, ''),
(1066, ''),
(1067, ''),
(1068, ''),
(1069, ''),
(1070, ''),
(1071, ''),
(1072, ''),
(1073, ''),
(1074, ''),
(1075, ''),
(1076, ''),
(1077, ''),
(1078, 'wmv'),
(1079, 'superscroll'),
(1080, ''),
(1081, ''),
(1082, ''),
(1083, 'media'),
(1084, ''),
(1085, ''),
(1086, ''),
(1087, ''),
(1088, ''),
(1089, '[en]experience'),
(1090, 'anytime,'),
(1091, 'anyplace'),
(1092, 'favourite'),
(1093, 'move\r\n'),
(1094, 'plus'),
(1095, 'radio\r\n'),
(1096, 'move\r\n\r\nenjoy'),
(1097, 'straight'),
(1098, 'away'),
(1099, '2.2'),
(1100, 'great'),
(1101, 'experience\r\n'),
(1102, 'superscroll'),
(1103, 'finds'),
(1104, 'what'),
(1105, 'fast,'),
(1106, 'simple'),
(1107, 'way\r\n'),
(1108, 'goes'),
(1109, 'where'),
(1110, '[ru]'),
(1111, ''),
(1112, '																														8'),
(1113, ''),
(1114, '\r\n		'),
(1115, '\r\n		fm'),
(1116, ''),
(1117, '\r\n					'),
(1118, ''),
(1119, '\r\n		'),
(1120, '\r\n		'),
(1121, 'viera'),
(1122, 'tx-lr32x20'),
(1123, '[ru]viera'),
(1124, '32"'),
(1125, '(80'),
(1126, ''),
(1127, ''),
(1128, ''),
(1129, ''),
(1130, 'hd'),
(1131, '[ru]'),
(1132, 'ips'),
(1133, 'alpha'),
(1134, ''),
(1135, ''),
(1136, ''),
(1137, '1366'),
(1138, ''),
(1139, '768'),
(1140, ''),
(1141, ''),
(1142, ''),
(1143, ''),
(1144, ''),
(1145, ''),
(1146, '178'),
(1147, ''),
(1148, ''),
(1149, ''),
(1150, '000:1'),
(1151, ''),
(1152, ''),
(1153, '24p'),
(1154, ''),
(1155, ''),
(1156, ''),
(1157, ''),
(1158, 'image'),
(1159, 'viewer'),
(1160, '('),
(1161, ''),
(1162, ''),
(1163, 'link'),
(1164, ''),
(1165, ''),
(1166, 'tools'),
(1167, ''),
(1168, ''),
(1169, ''),
(1170, 'game'),
(1171, ''),
(1172, ''),
(1173, ''),
(1174, ''),
(1175, ''),
(1176, ''),
(1177, ''),
(1178, ''),
(1179, ''),
(1180, ''),
(1181, ''),
(1182, ''),
(1183, 'v-audio'),
(1184, 'surround'),
(1185, ''),
(1186, ''),
(1187, ''),
(1188, 'ips-'),
(1189, ''),
(1190, ''),
(1191, ''),
(1192, ''),
(1193, '178'),
(1194, ''),
(1195, ''),
(1196, ''),
(1197, ''),
(1198, ''),
(1199, 'bravia'),
(1200, 'kdl-40hx800'),
(1201, '[ru]'),
(1202, '40'),
(1203, '(102'),
(1204, ''),
(1205, 'full'),
(1206, 'hd,'),
(1207, '3d'),
(1208, ''),
(1209, 'wifi'),
(1210, '[ru]'),
(1211, '40'),
(1212, ''),
(1213, ''),
(1214, 'ready,'),
(1215, ''),
(1216, ''),
(1217, 'dynamic'),
(1218, 'edge'),
(1219, 'led'),
(1220, ''),
(1221, 'motionflow'),
(1222, '200hz'),
(1223, ''),
(1224, ''),
(1225, ''),
(1226, ''),
(1227, ''),
(1228, ''),
(1229, ''),
(1230, ''),
(1231, ''),
(1232, ''),
(1233, ''),
(1234, ''),
(1235, '\r\n'),
(1236, '"'),
(1237, ''),
(1238, 'gigacontrast'),
(1239, ''),
(1240, ''),
(1241, ''),
(1242, ''),
(1243, ''),
(1244, ''),
(1245, ''),
(1246, ''),
(1247, ''),
(1248, ''),
(1249, ''),
(1250, 'deep'),
(1251, 'black'),
(1252, 'panel:'),
(1253, '\r\n'),
(1254, ''),
(1255, ''),
(1256, ''),
(1257, ''),
(1258, ''),
(1259, ''),
(1260, ''),
(1261, '\r\n'),
(1262, ''),
(1263, ''),
(1264, ''),
(1265, ''),
(1266, ''),
(1267, ''),
(1268, ''),
(1269, ''),
(1270, ''),
(1271, ''),
(1272, '\r\n'),
(1273, ''),
(1274, ''),
(1275, ''),
(1276, ''),
(1277, ''),
(1278, ''),
(1279, ''),
(1280, ''),
(1281, 'motionflow\r\n'),
(1282, ''),
(1283, 'blur'),
(1284, 'reduction:'),
(1285, ''),
(1286, ''),
(1287, ''),
(1288, ''),
(1289, '\r\n'),
(1290, ''),
(1291, ''),
(1292, ''),
(1293, ''),
(1294, ''),
(1295, ''),
(1296, ''),
(1297, '\r\n'),
(1298, ''),
(1299, ''),
(1300, ''),
(1301, ''),
(1302, ''),
(1303, ''),
(1304, ''),
(1305, ''),
(1306, ''),
(1307, '\r\n'),
(1308, ''),
(1309, 'ready:'),
(1310, ''),
(1311, ''),
(1312, ''),
(1313, ''),
(1314, '\r\n'),
(1315, ''),
(1316, ''),
(1317, ''),
(1318, ''),
(1319, ''),
(1320, ''),
(1321, '3d-'),
(1322, ''),
(1323, ''),
(1324, ''),
(1325, ''),
(1326, ''),
(1327, ''),
(1328, 'high'),
(1329, 'definition'),
(1330, '3d.'),
(1331, ''),
(1332, '\r\n'),
(1333, '3d-'),
(1334, ''),
(1335, ''),
(1336, ''),
(1337, ''),
(1338, ''),
(1339, ''),
(1340, ''),
(1341, ''),
(1342, ''),
(1343, ''),
(1344, ''),
(1345, ''),
(1346, ''),
(1347, '3d'),
(1348, 'bravia\r\n'),
(1349, 'internet'),
(1350, 'video:'),
(1351, ''),
(1352, ''),
(1353, ''),
(1354, ''),
(1355, ''),
(1356, ''),
(1357, ''),
(1358, ''),
(1359, '\r\n'),
(1360, ''),
(1361, ''),
(1362, ''),
(1363, ''),
(1364, ''),
(1365, '\r\n'),
(1366, ''),
(1367, ''),
(1368, ''),
(1369, ''),
(1370, ''),
(1371, ''),
(1372, '\r\n'),
(1373, '('),
(1374, ''),
(1375, ''),
(1376, ''),
(1377, ''),
(1378, 'wi-fi'),
(1379, '\r\n'),
(1380, ''),
(1381, ''),
(1382, ''),
(1383, 'usb-'),
(1384, ''),
(1385, ''),
(1386, ''),
(1387, ''),
(1388, '\r\n'),
(1389, ''),
(1390, ''),
(1391, ''),
(1392, ''),
(1393, ''),
(1394, ''),
(1395, '[ru]'),
(1396, ''),
(1397, 'panel'),
(1398, 'wi-fi'),
(1399, 'klv-26nx400/b'),
(1400, '[ru]'),
(1401, '26"'),
(1402, '(66'),
(1403, ''),
(1404, ''),
(1405, ''),
(1406, 'monolithic'),
(1407, '[ru]'),
(1408, ''),
(1409, ''),
(1410, ''),
(1411, ''),
(1412, ''),
(1413, ''),
(1414, ''),
(1415, 'live'),
(1416, 'colour'),
(1417, ''),
(1418, ''),
(1419, ''),
(1420, ''),
(1421, ''),
(1422, ''),
(1423, ''),
(1424, ''),
(1425, '\r\n'),
(1426, ''),
(1427, ''),
(1428, ''),
(1429, ''),
(1430, ''),
(1431, ''),
(1432, ''),
(1433, ''),
(1434, '\r\n'),
(1435, ''),
(1436, 'true'),
(1437, 'cinema'),
(1438, ''),
(1439, ''),
(1440, ''),
(1441, ''),
(1442, ''),
(1443, ''),
(1444, ''),
(1445, ''),
(1446, ''),
(1447, ''),
(1448, ''),
(1449, ''),
(1450, ''),
(1451, ''),
(1452, ''),
(1453, ''),
(1454, '\r\n'),
(1455, ''),
(1456, ''),
(1457, ''),
(1458, ''),
(1459, ''),
(1460, ''),
(1461, 'picture'),
(1462, 'frame:\r\n'),
(1463, ''),
(1464, ''),
(1465, ''),
(1466, ''),
(1467, ''),
(1468, ''),
(1469, ''),
(1470, '\r\n'),
(1471, ''),
(1472, ''),
(1473, ''),
(1474, ''),
(1475, ''),
(1476, ''),
(1477, ''),
(1478, '\r\n'),
(1479, ''),
(1480, ''),
(1481, ''),
(1482, ''),
(1483, ''),
(1484, ''),
(1485, ''),
(1486, ''),
(1487, ''),
(1488, 'eco\r\n'),
(1489, 'settings'),
(1490, ':'),
(1491, ''),
(1492, ''),
(1493, ''),
(1494, ''),
(1495, ''),
(1496, ''),
(1497, ''),
(1498, ''),
(1499, ''),
(1500, '\r\n'),
(1501, ''),
(1502, ''),
(1503, ''),
(1504, ''),
(1505, ''),
(1506, ''),
(1507, ''),
(1508, '\r\n'),
(1509, ''),
(1510, ''),
(1511, ''),
(1512, ''),
(1513, 'voice:'),
(1514, ''),
(1515, '\r\n'),
(1516, ''),
(1517, ''),
(1518, ''),
(1519, ''),
(1520, ''),
(1521, ''),
(1522, '\r\n'),
(1523, ''),
(1524, ''),
(1525, ''),
(1526, ''),
(1527, ''),
(1528, ''),
(1529, ''),
(1530, ''),
(1531, ''),
(1532, ''),
(1533, '&nbsp;'),
(1534, 'engine'),
(1535, '2:'),
(1536, ''),
(1537, ''),
(1538, ''),
(1539, ''),
(1540, ''),
(1541, ''),
(1542, ''),
(1543, ''),
(1544, 'sensor'),
(1545, ''),
(1546, ''),
(1547, ''),
(1548, ''),
(1549, ''),
(1550, ''),
(1551, '\r\n'),
(1552, ''),
(1553, ''),
(1554, ''),
(1555, ''),
(1556, ''),
(1557, ''),
(1558, ''),
(1559, '\r\n'),
(1560, ''),
(1561, ''),
(1562, ''),
(1563, ''),
(1564, 'tx-pr42gt20'),
(1565, '42"'),
(1566, '(106'),
(1567, ''),
(1568, ''),
(1569, 'full-hd'),
(1570, 'neopdp'),
(1571, '[ru]'),
(1572, ''),
(1573, ''),
(1574, ''),
(1575, ''),
(1576, '1920'),
(1577, ''),
(1578, '1080p'),
(1579, ''),
(1580, ''),
(1581, ''),
(1582, ''),
(1583, ''),
(1584, '5'),
(1585, '000'),
(1586, '000:1*'),
(1587, ''),
(1588, '1080'),
(1589, ''),
(1590, ''),
(1591, ''),
(1592, ''),
(1593, ''),
(1594, ''),
(1595, ''),
(1596, ''),
(1597, '600hz'),
(1598, 'sub-field'),
(1599, 'drive***'),
(1600, ''),
(1601, ''),
(1602, ''),
(1603, ''),
(1604, 'thx'),
(1605, ''),
(1606, ''),
(1607, '('),
(1608, ''),
(1609, ''),
(1610, ''),
(1611, ''),
(1612, 'smooth'),
(1613, 'film'),
(1614, ''),
(1615, ''),
(1616, 'super'),
(1617, 'resolution'),
(1618, ''),
(1619, ''),
(1620, ''),
(1621, '2d'),
(1622, ''),
(1623, ''),
(1624, ''),
(1625, ''),
(1626, ''),
(1627, 'isfccc'),
(1628, ''),
(1629, ''),
(1630, ''),
(1631, 'cast'),
(1632, ''),
(1633, ''),
(1634, ''),
(1635, ''),
(1636, 'dlna'),
(1637, ''),
(1638, ''),
(1639, '('),
(1640, ''),
(1641, ''),
(1642, ''),
(1643, ''),
(1644, ''),
(1645, ''),
(1646, ''),
(1647, ''),
(1648, ''),
(1649, ''),
(1650, ''),
(1651, ''),
(1652, ''),
(1653, 'usb*****'),
(1654, ''),
(1655, ''),
(1656, ''),
(1657, ''),
(1658, ''),
(1659, ''),
(1660, ''),
(1661, ''),
(1662, ''),
(1663, ''),
(1664, ''),
(1665, ''),
(1666, ''),
(1667, ''),
(1668, ''),
(1669, ''),
(1670, ''),
(1671, ''),
(1672, ''),
(1673, ''),
(1674, ''),
(1675, ''),
(1676, ''),
(1677, ''),
(1678, '100'),
(1679, ''),
(1680, ''),
(1681, ''),
(1682, ''),
(1683, ''),
(1684, ''),
(1685, ''),
(1686, ''),
(1687, ''),
(1688, ''),
(1689, ''),
(1690, '13'),
(1691, ''),
(1692, 'c'),
(1693, ''),
(1694, ''),
(1695, ''),
(1696, ''),
(1697, ''),
(1698, ''),
(1699, ''),
(1700, ''),
(1701, ''),
(1702, ''),
(1703, ''),
(1704, ''),
(1705, ''),
(1706, ''),
(1707, ''),
(1708, ''),
(1709, 'tx-lr32s25'),
(1710, ''),
(1711, ''),
(1712, ''),
(1713, ''),
(1714, '[ru]'),
(1715, ''),
(1716, ''),
(1717, ''),
(1718, ''),
(1719, ''),
(1720, ''),
(1721, ''),
(1722, ''),
(1723, ''),
(1724, ''),
(1725, '178'),
(1726, ''),
(1727, ''),
(1728, ''),
(1729, ''),
(1730, ''),
(1731, 'hz'),
(1732, 'motion'),
(1733, ''),
(1734, ''),
(1735, 'focus'),
(1736, ''),
(1737, ''),
(1738, ''),
(1739, ''),
(1740, ''),
(1741, ''),
(1742, ''),
(1743, ''),
(1744, ''),
(1745, ''),
(1746, ''),
(1747, '('),
(1748, ''),
(1749, ''),
(1750, ''),
(1751, ''),
(1752, ''),
(1753, ''),
(1754, ''),
(1755, ''),
(1756, ''),
(1757, ''),
(1758, ''),
(1759, ''),
(1760, ''),
(1761, 'usb*'),
(1762, ''),
(1763, ''),
(1764, ''),
(1765, ''),
(1766, ''),
(1767, ''),
(1768, ''),
(1769, ''),
(1770, ''),
(1771, ''),
(1772, ''),
(1773, ''),
(1774, ''),
(1775, ''),
(1776, ''),
(1777, ''),
(1778, ''),
(1779, ''),
(1780, ''),
(1781, 'ips-'),
(1782, ''),
(1783, ''),
(1784, ''),
(1785, ''),
(1786, '178'),
(1787, ''),
(1788, ''),
(1789, ''),
(1790, ''),
(1791, ''),
(1792, 'tx-lr32u20'),
(1793, '[ru]iera'),
(1794, ''),
(1795, ''),
(1796, ''),
(1797, ''),
(1798, '[ru]'),
(1799, 'alpha&nbsp;'),
(1800, ''),
(1801, ''),
(1802, ''),
(1803, ''),
(1804, ''),
(1805, ''),
(1806, ''),
(1807, ''),
(1808, ''),
(1809, ''),
(1810, '178'),
(1811, ''),
(1812, ''),
(1813, ''),
(1814, ''),
(1815, ''),
(1816, ''),
(1817, ''),
(1818, ''),
(1819, ''),
(1820, '('),
(1821, ''),
(1822, ''),
(1823, ''),
(1824, ''),
(1825, ''),
(1826, ''),
(1827, ''),
(1828, ''),
(1829, ''),
(1830, ''),
(1831, ''),
(1832, ''),
(1833, ''),
(1834, ''),
(1835, ''),
(1836, ''),
(1837, ''),
(1838, ''),
(1839, ''),
(1840, ''),
(1841, ''),
(1842, ''),
(1843, 'ips-'),
(1844, ''),
(1845, ''),
(1846, ''),
(1847, ''),
(1848, '178'),
(1849, ''),
(1850, ''),
(1851, ''),
(1852, ''),
(1853, ''),
(1854, 'th-r50py800'),
(1855, '[ru]panasonic'),
(1856, '50"'),
(1857, '(127'),
(1858, ''),
(1859, ''),
(1860, '[ru]'),
(1861, ''),
(1862, ''),
(1863, '\r\n'),
(1864, ''),
(1865, ''),
(1866, ''),
(1867, ''),
(1868, ''),
(1869, '\r\n'),
(1870, ''),
(1871, ''),
(1872, ''),
(1873, ''),
(1874, ''),
(1875, ''),
(1876, 'full-hd\r\n'),
(1877, ''),
(1878, ''),
(1879, ''),
(1880, ''),
(1881, ''),
(1882, ''),
(1883, ''),
(1884, ''),
(1885, ''),
(1886, '\r\n'),
(1887, ''),
(1888, ''),
(1889, ''),
(1890, ''),
(1891, ''),
(1892, '\r\n'),
(1893, ''),
(1894, ''),
(1895, ''),
(1896, ''),
(1897, ''),
(1898, ''),
(1899, '\r\n'),
(1900, ''),
(1901, ''),
(1902, ''),
(1903, ''),
(1904, ''),
(1905, ''),
(1906, '\r\n'),
(1907, ''),
(1908, ''),
(1909, ''),
(1910, ''),
(1911, ''),
(1912, ''),
(1913, ''),
(1914, ''),
(1915, '\r\n'),
(1916, ''),
(1917, ''),
(1918, ''),
(1919, ''),
(1920, ''),
(1921, ''),
(1922, ''),
(1923, '\r\n'),
(1924, ''),
(1925, ''),
(1926, ''),
(1927, ''),
(1928, ''),
(1929, ''),
(1930, ''),
(1931, ''),
(1932, '\r\n'),
(1933, ''),
(1934, ''),
(1935, ''),
(1936, ''),
(1937, ''),
(1938, ''),
(1939, ''),
(1940, ''),
(1941, '\r\n'),
(1942, ''),
(1943, ''),
(1944, ''),
(1945, ''),
(1946, ''),
(1947, ''),
(1948, ''),
(1949, '\r\n'),
(1950, ''),
(1951, ''),
(1952, ''),
(1953, ''),
(1954, ''),
(1955, 'viera.'),
(1956, ''),
(1957, ''),
(1958, '1,000,000:1'),
(1959, ''),
(1960, ''),
(1961, ''),
(1962, ''),
(1963, ''),
(1964, ''),
(1965, ''),
(1966, ''),
(1967, ''),
(1968, ''),
(1969, ''),
(1970, ''),
(1971, '\r\n'),
(1972, ''),
(1973, ''),
(1974, ''),
(1975, ''),
(1976, ''),
(1977, ''),
(1978, '11'),
(1979, ''),
(1980, ''),
(1981, ''),
(1982, ''),
(1983, ''),
(1984, ''),
(1985, ''),
(1986, ''),
(1987, ''),
(1988, ''),
(1989, 'hdmi'),
(1990, ''),
(1991, ''),
(1992, ''),
(1993, ''),
(1994, ''),
(1995, ''),
(1996, ''),
(1997, ''),
(1998, ''),
(1999, ''),
(2000, ''),
(2001, ''),
(2002, ''),
(2003, 'sd'),
(2004, 'tx-lr42u20'),
(2005, ''),
(2006, ''),
(2007, ''),
(2008, ''),
(2009, '[ru]'),
(2010, ''),
(2011, ''),
(2012, ''),
(2013, ''),
(2014, ''),
(2015, ''),
(2016, ''),
(2017, ''),
(2018, ''),
(2019, ''),
(2020, '178'),
(2021, ''),
(2022, ''),
(2023, ''),
(2024, ''),
(2025, ''),
(2026, ''),
(2027, ''),
(2028, ''),
(2029, ''),
(2030, '('),
(2031, ''),
(2032, ''),
(2033, ''),
(2034, ''),
(2035, ''),
(2036, ''),
(2037, ''),
(2038, ''),
(2039, ''),
(2040, ''),
(2041, ''),
(2042, ''),
(2043, ''),
(2044, ''),
(2045, ''),
(2046, ''),
(2047, ''),
(2048, ''),
(2049, ''),
(2050, ''),
(2051, ''),
(2052, ''),
(2053, 'ips-'),
(2054, ''),
(2055, ''),
(2056, ''),
(2057, ''),
(2058, '178'),
(2059, ''),
(2060, ''),
(2061, ''),
(2062, ''),
(2063, ''),
(2064, 'hdc-sdt750'),
(2065, '[ru]hdc-sdt750'),
(2066, ''),
(2067, ''),
(2068, ''),
(2069, ''),
(2070, ''),
(2071, ''),
(2072, ''),
(2073, ''),
(2074, ''),
(2075, ''),
(2076, ''),
(2077, ''),
(2078, ''),
(2079, ''),
(2080, '3mos'),
(2081, ''),
(2082, ''),
(2083, ''),
(2084, ''),
(2085, ''),
(2086, 'advansed'),
(2087, 'o.i.s.'),
(2088, ''),
(2089, '5,1-'),
(2090, ''),
(2091, ''),
(2092, ''),
(2093, ''),
(2094, ''),
(2095, 'zoom'),
(2096, 'mic'),
(2097, ''),
(2098, ''),
(2099, ''),
(2100, ''),
(2101, ''),
(2102, ''),
(2103, ''),
(2104, ''),
(2105, ''),
(2106, ''),
(2107, ''),
(2108, ''),
(2109, ''),
(2110, ''),
(2111, ''),
(2112, ''),
(2113, ''),
(2114, ''),
(2115, 'pre-rec'),
(2116, ''),
(2117, ''),
(2118, 'leica'),
(2119, 'f1,5'),
(2120, ''),
(2121, ''),
(2122, ''),
(2123, ''),
(2124, ''),
(2125, ''),
(2126, ''),
(2127, ''),
(2128, '1080'),
(2129, ''),
(2130, ''),
(2131, ''),
(2132, ''),
(2133, ''),
(2134, ''),
(2135, ''),
(2136, ''),
(2137, ''),
(2138, ''),
(2139, 'hdc-sd600'),
(2140, '[ru]hdc-sd600eek'),
(2141, ''),
(2142, '\r\n				\r\n			\r\n			\r\n				'),
(2143, '[ru]'),
(2144, ''),
(2145, ''),
(2146, ''),
(2147, ''),
(2148, ''),
(2149, ''),
(2150, ''),
(2151, 'dicomar'),
(2152, '(f1.5'),
(2153, ''),
(2154, '2.8)'),
(2155, ''),
(2156, ''),
(2157, '('),
(2158, ''),
(2159, ''),
(2160, ''),
(2161, '35'),
(2162, ''),
(2163, ''),
(2164, ''),
(2165, '12x'),
(2166, ''),
(2167, ''),
(2168, ''),
(2169, ''),
(2170, ''),
(2171, ''),
(2172, ''),
(2173, ''),
(2174, ''),
(2175, 'power'),
(2176, 'o.i.s.\r\n'),
(2177, ''),
(2178, ''),
(2179, ''),
(2180, ''),
(2181, ''),
(2182, ''),
(2183, ''),
(2184, ''),
(2185, ''),
(2186, ''),
(2187, ''),
(2188, ''),
(2189, ''),
(2190, ''),
(2191, ''),
(2192, ''),
(2193, '1-'),
(2194, ''),
(2195, ''),
(2196, ''),
(2197, ''),
(2198, ''),
(2199, '2.7'),
(2200, ''),
(2201, ''),
(2202, ''),
(2203, ''),
(2204, ''),
(2205, ''),
(2206, ''),
(2207, ''),
(2208, ''),
(2209, ''),
(2210, ''),
(2211, ''),
(2212, '3'),
(2213, 'mos'),
(2214, ''),
(2215, ''),
(2216, ''),
(2217, ''),
(2218, ''),
(2219, ''),
(2220, 'dicom'),
(2221, ''),
(2222, ''),
(2223, ''),
(2224, ''),
(2225, ''),
(2226, 'mini'),
(2227, 'dv'),
(2228, 'd001'),
(2229, '[ru]'),
(2230, ''),
(2231, ''),
(2232, ''),
(2233, ''),
(2234, 'avi'),
(2235, '640x480,'),
(2236, 'fps.'),
(2237, '.'),
(2238, '[ru]'),
(2239, ''),
(2240, ''),
(2241, ''),
(2242, ''),
(2243, ''),
(2244, ''),
(2245, ''),
(2246, ''),
(2247, ''),
(2248, ''),
(2249, ''),
(2250, ''),
(2251, ''),
(2252, ''),
(2253, ''),
(2254, ''),
(2255, ''),
(2256, ''),
(2257, ''),
(2258, ''),
(2259, ''),
(2260, ''),
(2261, ''),
(2262, ''),
(2263, ''),
(2264, ''),
(2265, ''),
(2266, ''),
(2267, ''),
(2268, ''),
(2269, ''),
(2270, ''),
(2271, '\r\n'),
(2272, ''),
(2273, ''),
(2274, 'fps.,&nbsp;'),
(2275, ''),
(2276, ''),
(2277, ''),
(2278, ''),
(2279, '\r\nmicro'),
(2280, ''),
(2281, ''),
(2282, ''),
(2283, ''),
(2284, ''),
(2285, ''),
(2286, ''),
(2287, ''),
(2288, ''),
(2289, ''),
(2290, ''),
(2291, ''),
(2292, '2'),
(2293, ''),
(2294, ''),
(2295, ''),
(2296, ''),
(2297, ''),
(2298, ''),
(2299, ''),
(2300, ''),
(2301, ''),
(2302, ''),
(2303, '2gb'),
(2304, ''),
(2305, ''),
(2306, ''),
(2307, ''),
(2308, '--'),
(2309, 'jpg;'),
(2310, '&nbsp;'),
(2311, ''),
(2312, ''),
(2313, ''),
(2314, ''),
(2315, '('),
(2316, '1'),
(2317, 'lux);'),
(2318, ''),
(2319, 'li-'),
(2320, ''),
(2321, ''),
(2322, ''),
(2323, ''),
(2324, '16gb;'),
(2325, ''),
(2326, ''),
(2327, ''),
(2328, ''),
(2329, ''),
(2330, ''),
(2331, ''),
(2332, 'hdr-cx12'),
(2333, '[ru]sony'),
(2334, 'hdr-cx12e'),
(2335, ''),
(2336, ''),
(2337, ''),
(2338, ''),
(2339, ''),
(2340, 'smile'),
(2341, 'shutter.'),
(2342, '[en]the'),
(2343, 'ultra-sleek,'),
(2344, 'palm-sized'),
(2345, 'handycam'),
(2346, 'camcorder'),
(2347, 'world''s'),
(2348, 'first'),
(2349, 'face'),
(2350, 'detection'),
(2351, 'shutter'),
(2352, 'technology.'),
(2353, 'adjusts'),
(2354, 'focus,'),
(2355, 'exposure'),
(2356, 'most'),
(2357, 'natural'),
(2358, 'results.'),
(2359, ''),
(2360, ''),
(2361, ''),
(2362, ''),
(2363, ''),
(2364, ''),
(2365, '\r\n'),
(2366, ''),
(2367, ''),
(2368, ''),
(2369, ''),
(2370, ''),
(2371, ''),
(2372, ''),
(2373, '\r\n'),
(2374, ''),
(2375, ''),
(2376, ''),
(2377, ''),
(2378, ''),
(2379, ''),
(2380, ''),
(2381, ''),
(2382, '\r\n'),
(2383, ''),
(2384, ''),
(2385, ''),
(2386, ''),
(2387, ''),
(2388, ''),
(2389, ''),
(2390, ''),
(2391, ''),
(2392, ''),
(2393, ''),
(2394, ''),
(2395, ''),
(2396, ''),
(2397, ''),
(2398, 'handycam'),
(2399, 'shutter'),
(2400, 'shutter,'),
(2401, 'detect'),
(2402, 'smiles'),
(2403, 'capture'),
(2404, 'still'),
(2405, 'images,'),
(2406, 'recording'),
(2407, 'video.'),
(2408, 'will'),
(2409, '10.2'),
(2410, 'megapixel'),
(2411, 'ensure'),
(2412, 'memories'),
(2413, 'are'),
(2414, 'preserved'),
(2415, 'stunning'),
(2416, 'detail.'),
(2417, 'cx12''s'),
(2418, 'size'),
(2419, 'light'),
(2420, 'weight'),
(2421, 'it'),
(2422, 'companion,'),
(2423, 'perfect'),
(2424, 'special'),
(2425, 'moment,'),
(2426, 'are.'),
(2427, 'images'),
(2428, 'stored'),
(2429, 'directly'),
(2430, 'stick'),
(2431, 'duo'),
(2432, '(4gb'),
(2433, 'supplied)'),
(2434, 'easy'),
(2435, 'transfer'),
(2436, 'computer'),
(2437, 'compatible'),
(2438, 'devices.\r\n'),
(2439, '1920x1080'),
(2440, '\r\nrecord'),
(2441, 'stunning,'),
(2442, 'incredibly'),
(2443, 'detailed'),
(2444, 'footage'),
(2445, 'clarity'),
(2446, 'definition8'),
(2447, 'resolution.\r\n'),
(2448, '\r\ncarry'),
(2449, 'only'),
(2450, 'compact'),
(2451, 'camera'),
(2452, 'both'),
(2453, 'still.'),
(2454, 'photos.\r\n'),
(2455, 'duo'),
(2456, 'media1'),
(2457, '\r\ncapture'),
(2458, 'onto'),
(2459, 'duo'),
(2460, '(4gb4'),
(2461, 'included)'),
(2462, 'pcs'),
(2463, 'emailing,'),
(2464, 'printing,'),
(2465, 'sharing'),
(2466, 'stick'),
(2467, 'devices'),
(2468, '(sold'),
(2469, 'separately).\r\n'),
(2470, 'shutter'),
(2471, '\r\nsmile'),
(2472, 'shutter'),
(2473, 'lets'),
(2474, 'photos'),
(2475, 'subject'),
(2476, 'smiles,'),
(2477, 'shooting'),
(2478, 'set'),
(2479, 'sensitivity'),
(2480, 'choose'),
(2481, 'child,'),
(2482, 'adult,'),
(2483, 'auto'),
(2484, 'priority.\r\n'),
(2485, '\r\nmade'),
(2486, 'possible'),
(2487, 'by'),
(2488, 'bionz'),
(2489, 'processing'),
(2490, 'engine,'),
(2491, 'recognizes'),
(2492, 'faces'),
(2493, 'frame'),
(2494, 'controls'),
(2495, 'exposure,'),
(2496, 'help'),
(2497, 'smiling'),
(2498, 'brightly'),
(2499, 'clearly.'),
(2500, 'helps'),
(2501, 'skin'),
(2502, 'tones'),
(2503, 'look'),
(2504, 'affecting'),
(2505, 'colors'),
(2506, 'image.\r\n'),
(2507, 'clearvid'),
(2508, 'cmos'),
(2509, '(with'),
(2510, 'exmor'),
(2511, 'technology)'),
(2512, 'bionz'),
(2513, 'processor'),
(2514, '\r\nsony'),
(2515, 'newly'),
(2516, 'designed'),
(2517, 'delivers'),
(2518, 'bright,'),
(2519, 'vivid,'),
(2520, 'spectacularly'),
(2521, '(effective)'),
(2522, 'footage,'),
(2523, 'as'),
(2524, 'well'),
(2525, 'prolonged'),
(2526, 'life.'),
(2527, 'exmor'),
(2528, 'captures'),
(2529, 'sensitivity.'),
(2530, 'addition,'),
(2531, 'advanced'),
(2532, 'bionz'),
(2533, 'improves'),
(2534, 'response'),
(2535, 'time'),
(2536, 'screens'),
(2537, 'out'),
(2538, 'signal'),
(2539, 'each'),
(2540, 'pixel'),
(2541, 'pure'),
(2542, 'possible.'),
(2543, '[ru]'),
(2544, 'avchd,'),
(2545, ''),
(2546, ''),
(2547, ''),
(2548, 'hd:\r\n'),
(2549, ''),
(2550, ''),
(2551, ''),
(2552, '1920x1080px'),
(2553, ''),
(2554, ''),
(2555, ''),
(2556, ''),
(2557, '370'),
(2558, ''),
(2559, ''),
(2560, ''),
(2561, ''),
(2562, ''),
(2563, 'canon'),
(2564, 'vixia'),
(2565, 'hf10'),
(2566, '[ru]'),
(2567, ''),
(2568, ''),
(2569, '\r\nfull'),
(2570, '[en]from'),
(2571, 'canon''s'),
(2572, 'history'),
(2573, 'optical'),
(2574, 'excellence,'),
(2575, 'processing,'),
(2576, 'superb'),
(2577, 'performance'),
(2578, 'technological'),
(2579, 'innovation'),
(2580, 'photographic'),
(2581, 'broadcast'),
(2582, 'television'),
(2583, 'cameras'),
(2584, 'latest'),
(2585, 'camcorders.'),
(2586, '[ru]'),
(2587, ''),
(2588, ''),
(2589, ''),
(2590, ''),
(2591, ''),
(2592, ''),
(2593, ''),
(2594, ''),
(2595, '\r\n'),
(2596, 'sdhc,'),
(2597, ''),
(2598, ''),
(2599, ''),
(2600, ''),
(2601, ''),
(2602, 'dual'),
(2603, ''),
(2604, ''),
(2605, ''),
(2606, ''),
(2607, ''),
(2608, ''),
(2609, ''),
(2610, '\r\n'),
(2611, ''),
(2612, ''),
(2613, ''),
(2614, ''),
(2615, ''),
(2616, ''),
(2617, '\r\n'),
(2618, ''),
(2619, ''),
(2620, ''),
(2621, ''),
(2622, 'sdhc'),
(2623, ''),
(2624, ''),
(2625, ''),
(2626, '\r\n'),
(2627, ''),
(2628, ''),
(2629, ''),
(2630, ''),
(2631, ''),
(2632, '12'),
(2633, ''),
(2634, ''),
(2635, ''),
(2636, ''),
(2637, 'camcorders.\r\n\r\nnow,'),
(2638, 'light,'),
(2639, 'hf10,'),
(2640, 'avchd'),
(2641, '(advanced'),
(2642, 'codec'),
(2643, 'definition)'),
(2644, 'format'),
(2645, 'ease'),
(2646, 'numerous'),
(2647, 'benefits'),
(2648, 'memory.'),
(2649, 'it''s'),
(2650, 'used'),
(2651, 'some'),
(2652, 'electronic'),
(2653, 'products'),
(2654, 'such'),
(2655, 'laptop'),
(2656, 'computers,'),
(2657, 'players,'),
(2658, 'pdas'),
(2659, 'cell'),
(2660, 'phones.'),
(2661, 'best'),
(2662, 'memory-'),
(2663, 'record'),
(2664, 'camcorder''s'),
(2665, 'gb'),
(2666, 'internal'),
(2667, 'removable'),
(2668, 'card,'),
(2669, 'extending'),
(2670, 'space'),
(2671, 'added'),
(2672, 'flexibility'),
(2673, 'playback.\r\n\r\nadd'),
(2674, 'hf10''s'),
(2675, 'exclusive'),
(2676, 'our'),
(2677, 'own'),
(2678, '3.3'),
(2679, 'digic'),
(2680, 'ii'),
(2681, 'processor,'),
(2682, 'superrange'),
(2683, 'stabilization,'),
(2684, 'instant'),
(2685, '2.7"'),
(2686, 'widescreen'),
(2687, 'multi-angle'),
(2688, 'genuine'),
(2689, 'lens'),
(2690, 'that''s'),
(2691, 'hard'),
(2692, 'beat'),
(2693, 'unmistakably'),
(2694, 'canon.'),
(2695, '[ru]'),
(2696, ''),
(2697, ''),
(2698, ''),
(2699, 'hf'),
(2700, ''),
(2701, ''),
(2702, ''),
(2703, ''),
(2704, ''),
(2705, ''),
(2706, ''),
(2707, ''),
(2708, ''),
(2709, ''),
(2710, ''),
(2711, ''),
(2712, ''),
(2713, ''),
(2714, '\r\n'),
(2715, ''),
(2716, ''),
(2717, ''),
(2718, ''),
(2719, ''),
(2720, ''),
(2721, ''),
(2722, ''),
(2723, '\r\n'),
(2724, ''),
(2725, ''),
(2726, ''),
(2727, ''),
(2728, 'dvd-'),
(2729, ''),
(2730, ''),
(2731, ''),
(2732, 'coolpix'),
(2733, 's600'),
(2734, '[en]world'),
(2735, 'smallest'),
(2736, 'body.'),
(2737, 'world'),
(2738, 'fastest'),
(2739, 'start-up'),
(2740, 'time.'),
(2741, '10.0'),
(2742, 'effective'),
(2743, 'megapixels'),
(2744, 'hr'),
(2745, 'images.'),
(2746, '[ru]'),
(2747, '1/2.33"'),
(2748, '10.34'),
(2749, 'mpx,'),
(2750, 'jpeg'),
(2751, '[ru]'),
(2752, '1/2.33";'),
(2753, ''),
(2754, ''),
(2755, '10.34;'),
(2756, 'jpeg;'),
(2757, ''),
(2758, ''),
(2759, '\r\n('),
(2760, '3648x2736;'),
(2761, ''),
(2762, ''),
(2763, '640x480'),
(2764, 'px,'),
(2765, ''),
(2766, '\r\n'),
(2767, 'f/2.7'),
(2768, 'f/5.8;'),
(2769, ''),
(2770, ''),
(2771, '4;'),
(2772, ''),
(2773, '\r\n'),
(2774, ''),
(2775, ''),
(2776, ''),
(2777, '28'),
(2778, ''),
(2779, ''),
(2780, '("):'),
(2781, '2.7;&nbsp;'),
(2782, ''),
(2783, '[en]'),
(2784, 'world'),
(2785, 'body'),
(2786, 'world'),
(2787, '4x'),
(2788, 'zoom-nikkor'),
(2789, 'shift'),
(2790, 'vr'),
(2791, 'stabilization'),
(2792, 'iso'),
(2793, '3200,'),
(2794, 'high-sensitivity'),
(2795, 'mode'),
(2796, '2.7-inch'),
(2797, 'monitor'),
(2798, 'anti-reflection'),
(2799, 'coating'),
(2800, 'active'),
(2801, 'child'),
(2802, 'automatic'),
(2803, 'tracking'),
(2804, 'focusing'),
(2805, 'pastel'),
(2806, 'soft,'),
(2807, 'impressionistic'),
(2808, 'three'),
(2809, 'unique'),
(2810, 'nikon'),
(2811, 'innovations'),
(2812, ''),
(2813, 'face-priority'),
(2814, 'af,'),
(2815, 'in-camera'),
(2816, 'red-eye'),
(2817, 'fix'),
(2818, 'd-lighting'),
(2819, '[ru]'),
(2820, ''),
(2821, ''),
(2822, ''),
(2823, ''),
(2824, '3648x2736px'),
(2825, ''),
(2826, 'px'),
(2827, ''),
(2828, '\r\n'),
(2829, 'f/5.8'),
(2830, ''),
(2831, ''),
(2832, ''),
(2833, ''),
(2834, ''),
(2835, ''),
(2836, 'd80'),
(2837, ''),
(2838, ''),
(2839, ''),
(2840, ''),
(2841, ''),
(2842, '[en]10.2'),
(2843, 'dx'),
(2844, 'ccd'),
(2845, 'sensor.'),
(2846, ''),
(2847, ''),
(2848, ''),
(2849, ''),
(2850, ''),
(2851, ''),
(2852, ''),
(2853, ''),
(2854, '\r\n'),
(2855, ''),
(2856, ''),
(2857, ''),
(2858, ''),
(2859, ''),
(2860, ''),
(2861, ''),
(2862, ''),
(2863, ''),
(2864, ''),
(2865, '\r\n'),
(2866, ''),
(2867, ''),
(2868, ''),
(2869, ''),
(2870, ''),
(2871, ''),
(2872, ''),
(2873, ''),
(2874, ''),
(2875, ''),
(2876, ''),
(2877, ''),
(2878, ''),
(2879, ''),
(2880, 'high-speed'),
(2881, 'shooting:'),
(2882, 'frames'),
(2883, 'per'),
(2884, 'second'),
(2885, '(fps)'),
(2886, 'bursts'),
(2887, 'consecutive'),
(2888, '(fine'),
(2889, 'm-size'),
(2890, 'smaller)'),
(2891, '6'),
(2892, 'raw'),
(2893, '(nef)'),
(2894, 'high-precision,'),
(2895, 'high-performance'),
(2896, 'imaging'),
(2897, 'color-independent'),
(2898, 'pre-conditioning'),
(2899, '[ru]12'),
(2900, ''),
(2901, ''),
(2902, ''),
(2903, '(px):'),
(2904, '4288x2848'),
(2905, ''),
(2906, ''),
(2907, '23.6x15.8'),
(2908, ''),
(2909, ''),
(2910, ''),
(2911, ''),
(2912, ''),
(2913, '3.0"'),
(2914, ''),
(2915, '900'),
(2916, ''),
(2917, 'powershot'),
(2918, 'sd790'),
(2919, '[ru]aiaf'),
(2920, 'ttl'),
(2921, ''),
(2922, '\r\n'),
(2923, ''),
(2924, '[en]chiseled'),
(2925, 'edges'),
(2926, 'subtle'),
(2927, 'gleam'),
(2928, 'elph'),
(2929, 'distinctive'),
(2930, 'sculptural'),
(2931, 'appeal.'),
(2932, 'attractive'),
(2933, 'its'),
(2934, 'high-end'),
(2935, 'specifications,'),
(2936, 'including'),
(2937, 'crisp,'),
(2938, 'clear,'),
(2939, 'amazingly'),
(2940, 'prepare'),
(2941, 'be'),
(2942, 'transfixed'),
(2943, 'camera''s'),
(2944, '3.0-inch'),
(2945, 'purecolor'),
(2946, 'screen.'),
(2947, 'rich,'),
(2948, 'accurate'),
(2949, 'clarity,'),
(2950, 'at'),
(2951, 'wide'),
(2952, 'angles'),
(2953, 'too'),
(2954, 'gathering'),
(2955, 'group'),
(2956, 'around'),
(2957, 'see'),
(2958, ''),
(2959, ''),
(2960, ''),
(2961, '\r\n'),
(2962, ''),
(2963, ''),
(2964, ''),
(2965, ''),
(2966, ''),
(2967, ''),
(2968, '\r\n'),
(2969, ''),
(2970, ''),
(2971, ''),
(2972, ''),
(2973, ''),
(2974, ''),
(2975, ''),
(2976, '\r\n'),
(2977, ''),
(2978, ''),
(2979, ''),
(2980, 'canon,'),
(2981, ''),
(2982, ''),
(2983, '\r\ndetection'),
(2984, ''),
(2985, ''),
(2986, 'iii'),
(2987, ''),
(2988, ''),
(2989, ''),
(2990, '\r\n'),
(2991, ''),
(2992, '1-'),
(2993, ''),
(2994, '('),
(2995, ''),
(2996, ''),
(2997, '\r\n'),
(2998, ''),
(2999, ''),
(3000, ''),
(3001, 'tx1'),
(3002, '[ru]'),
(3003, ''),
(3004, ''),
(3005, ''),
(3006, ''),
(3007, ''),
(3008, ''),
(3009, ''),
(3010, ''),
(3011, '7,1-'),
(3012, '1/2,5-'),
(3013, '\r\n'),
(3014, '10-'),
(3015, ''),
(3016, ''),
(3017, ''),
(3018, ''),
(3019, '\r\n'),
(3020, ''),
(3021, ''),
(3022, ''),
(3023, ''),
(3024, '('),
(3025, ''),
(3026, ''),
(3027, '\r\n'),
(3028, ''),
(3029, ''),
(3030, '1,8'),
(3031, ''),
(3032, ''),
(3033, ''),
(3034, ''),
(3035, ''),
(3036, ''),
(3037, ''),
(3038, ''),
(3039, '1280'),
(3040, ''),
(3041, ''),
(3042, ''),
(3043, ''),
(3044, ''),
(3045, ''),
(3046, ''),
(3047, ''),
(3048, ''),
(3049, ''),
(3050, ''),
(3051, ''),
(3052, ''),
(3053, ''),
(3054, ''),
(3055, ''),
(3056, ''),
(3057, ''),
(3058, ''),
(3059, ''),
(3060, '[ru]-'),
(3061, ''),
(3062, ''),
(3063, ''),
(3064, ''),
(3065, ''),
(3066, ''),
(3067, ''),
(3068, ''),
(3069, ''),
(3070, ''),
(3071, ''),
(3072, ''),
(3073, ''),
(3074, ''),
(3075, ''),
(3076, ''),
(3077, ''),
(3078, ''),
(3079, ''),
(3080, ''),
(3081, ''),
(3082, 'dell'),
(3083, 'studio'),
(3084, 'hybrid'),
(3085, ''),
(3086, 'intel'),
(3087, 'core'),
(3088, 't8100'),
(3089, '(2.1'),
(3090, 'ghz)&nbsp;'),
(3091, 'ram:'),
(3092, 'ddr2'),
(3093, 'sdram'),
(3094, ''),
(3095, ''),
(3096, ''),
(3097, ''),
(3098, ''),
(3099, ''),
(3100, ''),
(3101, ''),
(3102, ''),
(3103, '\r\n'),
(3104, ''),
(3105, ''),
(3106, ''),
(3107, ''),
(3108, ''),
(3109, '\r\n'),
(3110, ''),
(3111, ''),
(3112, ''),
(3113, ''),
(3114, ''),
(3115, ''),
(3116, ''),
(3117, ''),
(3118, ''),
(3119, ''),
(3120, ''),
(3121, ''),
(3122, ''),
(3123, ''),
(3124, ''),
(3125, ''),
(3126, ''),
(3127, ''),
(3128, ''),
(3129, '\r\n'),
(3130, ''),
(3131, ''),
(3132, ''),
(3133, ''),
(3134, ''),
(3135, ''),
(3136, ''),
(3137, ''),
(3138, ''),
(3139, ''),
(3140, 'dvd'),
(3141, ''),
(3142, ''),
(3143, ''),
(3144, ''),
(3145, ''),
(3146, '\r\n'),
(3147, ''),
(3148, ''),
(3149, ''),
(3150, ''),
(3151, ''),
(3152, ''),
(3153, ''),
(3154, '\r\n'),
(3155, ''),
(3156, 'blu-ray'),
(3157, 'disc'),
(3158, 'tm'),
(3159, ''),
(3160, ''),
(3161, ''),
(3162, ''),
(3163, ''),
(3164, ''),
(3165, ''),
(3166, ''),
(3167, ''),
(3168, ''),
(3169, '('),
(3170, ''),
(3171, '\r\n'),
(3172, ''),
(3173, ''),
(3174, ''),
(3175, ''),
(3176, ''),
(3177, ''),
(3178, ''),
(3179, ''),
(3180, ''),
(3181, '\r\n'),
(3182, ''),
(3183, ''),
(3184, ''),
(3185, ''),
(3186, ''),
(3187, ''),
(3188, ''),
(3189, ''),
(3190, ''),
(3191, 'wifi(r)'),
(3192, ''),
(3193, ''),
(3194, ''),
(3195, ''),
(3196, ''),
(3197, ''),
(3198, ''),
(3199, '\r\n'),
(3200, ''),
(3201, ''),
(3202, 'ghz)'),
(3203, ''),
(3204, ''),
(3205, '250'),
(3206, 'standard'),
(3207, ''),
(3208, ''),
(3209, ''),
(3210, ''),
(3211, ''),
(3212, ''),
(3213, 'eos'),
(3214, '5d'),
(3215, '[ru]cmos'),
(3216, ''),
(3217, ''),
(3218, ''),
(3219, ''),
(3220, '12,'),
(3221, 'mpx.'),
(3222, ''),
(3223, ''),
(3224, ''),
(3225, ''),
(3226, ''),
(3227, ''),
(3228, '\r\neos'),
(3229, ''),
(3230, ''),
(3231, ''),
(3232, '12,8'),
(3233, ''),
(3234, ''),
(3235, ''),
(3236, '\r\n'),
(3237, ''),
(3238, ''),
(3239, ''),
(3240, ''),
(3241, ''),
(3242, ''),
(3243, ''),
(3244, ''),
(3245, '\r\n'),
(3246, ''),
(3247, ''),
(3248, ''),
(3249, ''),
(3250, ''),
(3251, ''),
(3252, ''),
(3253, '810'),
(3254, ''),
(3255, ''),
(3256, '\r\n'),
(3257, ''),
(3258, ''),
(3259, ''),
(3260, ''),
(3261, ''),
(3262, ''),
(3263, ''),
(3264, ''),
(3265, ''),
(3266, ''),
(3267, '\r\n'),
(3268, ''),
(3269, '60'),
(3270, ''),
(3271, ''),
(3272, 'jpeg.'),
(3273, ''),
(3274, ''),
(3275, ''),
(3276, ''),
(3277, ''),
(3278, ''),
(3279, '\r\n'),
(3280, ''),
(3281, '[ru]'),
(3282, ''),
(3283, ''),
(3284, ''),
(3285, '4368'),
(3286, ''),
(3287, ''),
(3288, ''),
(3289, ''),
(3290, ''),
(3291, ''),
(3292, ''),
(3293, ''),
(3294, ''),
(3295, ''),
(3296, ''),
(3297, ''),
(3298, ''),
(3299, ''),
(3300, ''),
(3301, ''),
(3302, '\r\n'),
(3303, ''),
(3304, ''),
(3305, ''),
(3306, ''),
(3307, 'eos-1ds'),
(3308, 'mark'),
(3309, 'ii.'),
(3310, '\r\n'),
(3311, ''),
(3312, ''),
(3313, ''),
(3314, ''),
(3315, ''),
(3316, ''),
(3317, ''),
(3318, ''),
(3319, ''),
(3320, ''),
(3321, ''),
(3322, '1600.'),
(3323, '[ru]'),
(3324, '[ru]'),
(3325, '[ru]'),
(3326, ''),
(3327, ''),
(3328, 'xps'),
(3329, 'ati'),
(3330, '4350'),
(3331, ''),
(3332, ''),
(3333, ''),
(3334, '5770'),
(3335, ''),
(3336, ''),
(3337, ''),
(3338, ''),
(3339, '\r\n(gddr5)'),
(3340, ''),
(3341, ''),
(3342, ''),
(3343, ''),
(3344, ''),
(3345, ''),
(3346, ''),
(3347, ''),
(3348, ''),
(3349, ''),
(3350, ''),
(3351, ''),
(3352, ''),
(3353, ''),
(3354, ''),
(3355, ''),
(3356, ''),
(3357, ''),
(3358, ''),
(3359, 'i5'),
(3360, ''),
(3361, 'i7,'),
(3362, ''),
(3363, ''),
(3364, ''),
(3365, ''),
(3366, ''),
(3367, ''),
(3368, ''),
(3369, ''),
(3370, ''),
(3371, ''),
(3372, 'trustudio'),
(3373, ''),
(3374, ''),
(3375, ''),
(3376, ''),
(3377, ''),
(3378, ''),
(3379, ''),
(3380, ''),
(3381, ''),
(3382, ''),
(3383, ''),
(3384, ''),
(3385, ''),
(3386, ''),
(3387, ''),
(3388, ''),
(3389, 'e6550'),
(3390, '(2.33'),
(3391, ''),
(3392, ''),
(3393, '500'),
(3394, ''),
(3395, ''),
(3396, ''),
(3397, ''),
(3398, ''),
(3399, ''),
(3400, ''),
(3401, 'm1730'),
(3402, 'ww'),
(3403, 'edition'),
(3404, ''),
(3405, '(2.4'),
(3406, 'ghz);'),
(3407, 'sdram;'),
(3408, ''),
(3409, '10.6'),
(3410, 'lbs'),
(3411, ''),
(3412, ''),
(3413, ''),
(3414, '15'),
(3415, '('),
(3416, ''),
(3417, '1280x800px,'),
(3418, 'wxga)'),
(3419, ''),
(3420, '\r\nled'),
(3421, ''),
(3422, ''),
(3423, ''),
(3424, ''),
(3425, ''),
(3426, ''),
(3427, ''),
(3428, '\r\n'),
(3429, ''),
(3430, ''),
(3431, ''),
(3432, ''),
(3433, '2\r\n'),
(3434, 'u'),
(3435, ''),
(3436, ''),
(3437, ''),
(3438, ''),
(3439, ''),
(3440, ''),
(3441, ''),
(3442, ''),
(3443, ''),
(3444, '\r\nradeon'),
(3445, 'xpress.'),
(3446, ''),
(3447, ''),
(3448, ''),
(3449, ''),
(3450, 'wi-fi.'),
(3451, ''),
(3452, ''),
(3453, 'latitude'),
(3454, 'xt'),
(3455, '(intel'),
(3456, 'u2100'),
(3457, '1.06ghz,'),
(3458, '2gb,'),
(3459, 'hdd)'),
(3460, ''),
(3461, '[ru]'),
(3462, ''),
(3463, ''),
(3464, '1280x800px'),
(3465, ''),
(3466, ''),
(3467, ''),
(3468, ''),
(3469, '('),
(3470, ''),
(3471, ''),
(3472, ''),
(3473, ''),
(3474, ''),
(3475, ''),
(3476, ''),
(3477, ''),
(3478, ''),
(3479, '\r\n'),
(3480, ''),
(3481, ''),
(3482, ''),
(3483, ''),
(3484, ''),
(3485, ''),
(3486, ''),
(3487, ''),
(3488, ''),
(3489, 'gb.'),
(3490, ''),
(3491, ''),
(3492, ''),
(3493, ''),
(3494, ''),
(3495, ''),
(3496, '[ru]'),
(3497, 'solo'),
(3498, '1.06'),
(3499, 'ghz'),
(3500, ''),
(3501, '2.5'),
(3502, ''),
(3503, ''),
(3504, ''),
(3505, ''),
(3506, ''),
(3507, 'z'),
(3508, 'series'),
(3509, 'vgn-z590uab'),
(3510, ''),
(3511, '16.4",'),
(3512, 'i3-330m'),
(3513, '(2.13'),
(3514, ''),
(3515, ''),
(3516, 'hdd'),
(3517, '320\r\n'),
(3518, ''),
(3519, 'nvidia'),
(3520, 'geforce'),
(3521, '310m'),
(3522, '512'),
(3523, ''),
(3524, ''),
(3525, '\r\ndvd+-rw'),
(3526, '7'),
(3527, 'home'),
(3528, 'premium'),
(3529, ''),
(3530, '3.1'),
(3531, ''),
(3532, ''),
(3533, '\r\n'),
(3534, 'intel'),
(3535, 'core'),
(3536, 'p9500&nbsp;'),
(3537, '(2.53ghz)'),
(3538, ''),
(3539, ''),
(3540, 'intel'),
(3541, 'centrino'),
(3542, '2.&nbsp;'),
(3543, ''),
(3544, ''),
(3545, ''),
(3546, ''),
(3547, ''),
(3548, ''),
(3549, 'microsoft'),
(3550, 'vista'),
(3551, 'service'),
(3552, 'pack'),
(3553, '1.'),
(3554, ''),
(3555, ''),
(3556, ''),
(3557, ''),
(3558, ''),
(3559, ''),
(3560, ''),
(3561, '&nbsp;/'),
(3562, ''),
(3563, ''),
(3564, ''),
(3565, 'wi-fi&nbsp;'),
(3566, ''),
(3567, '\r\ndvd+-rw&nbsp;'),
(3568, ''),
(3569, ''),
(3570, ''),
(3571, 'notebook'),
(3572, ''),
(3573, ''),
(3574, ''),
(3575, ''),
(3576, 'vgc-lv150j'),
(3577, 'intel'),
(3578, 'core'),
(3579, 'e7200(2.53ghz)'),
(3580, ''),
(3581, '3mb'),
(3582, ''),
(3583, 'l2'),
(3584, ''),
(3585, '4gb'),
(3586, '\r\n'),
(3587, ''),
(3588, ''),
(3589, ''),
(3590, '\r\n'),
(3591, 'intel'),
(3592, 'core'),
(3593, ''),
(3594, ''),
(3595, ''),
(3596, ''),
(3597, ''),
(3598, ''),
(3599, ''),
(3600, 'vaio'),
(3601, 'lv'),
(3602, 'tv'),
(3603, ''),
(3604, ''),
(3605, ''),
(3606, ''),
(3607, ''),
(3608, 'microsoft'),
(3609, 'vista'),
(3610, '64-bit.'),
(3611, ''),
(3612, '24"'),
(3613, 'xbrite-hicolor'),
(3614, 'pre-installed'),
(3615, 'ram'),
(3616, ''),
(3617, ''),
(3618, '500gb'),
(3619, 'storage,'),
(3620, 'disc'),
(3621, ''),
(3622, ''),
(3623, 'graphics'),
(3624, '256mb'),
(3625, 'dedicated'),
(3626, 'vram'),
(3627, ''),
(3628, ''),
(3629, ''),
(3630, ''),
(3631, ''),
(3632, ''),
(3633, ''),
(3634, 'vgn-fw145e/w'),
(3635, 'intel'),
(3636, 'core'),
(3637, 'p8400'),
(3638, '(2.26ghz)'),
(3639, 'intel'),
(3640, 'centrino'),
(3641, ''),
(3642, 'chipset'),
(3643, 'intel'),
(3644, 'powerful'),
(3645, '\r\nintel'),
(3646, 'core'),
(3647, 'intel'),
(3648, 'centrino'),
(3649, ''),
(3650, 'intel'),
(3651, 'vaio'),
(3652, 'microsoft'),
(3653, 'vista'),
(3654, 'wireless-n'),
(3655, 'boost'),
(3656, 'connection'),
(3657, 'speed'),
(3658, 'range.\r\n'),
(3659, ''),
(3660, ''),
(3661, 'pc-6400'),
(3662, ''),
(3663, '4400'),
(3664, ''),
(3665, ''),
(3666, 'vaio'),
(3667, ''),
(3668, 'vaio'),
(3669, ''),
(3670, 'vaio'),
(3671, ''),
(3672, 'tz'),
(3673, 'vgn-tz398u/xc'),
(3674, '[en]it''s'),
(3675, 'imagine'),
(3676, 'how'),
(3677, 'sleek'),
(3678, '2.7-pound,'),
(3679, '11.1"'),
(3680, 'vaio'),
(3681, 'truly'),
(3682, 'is.'),
(3683, '[ru]'),
(3684, ''),
(3685, ''),
(3686, ''),
(3687, ''),
(3688, ''),
(3689, 'sony.'),
(3690, ''),
(3691, ''),
(3692, ''),
(3693, ''),
(3694, ''),
(3695, ''),
(3696, ''),
(3697, ''),
(3698, ''),
(3699, ''),
(3700, '\r\n'),
(3701, ''),
(3702, ''),
(3703, ''),
(3704, ''),
(3705, '3g'),
(3706, 'wimax'),
(3707, 'combo,'),
(3708, '\r\n'),
(3709, ''),
(3710, 'intel'),
(3711, 'core'),
(3712, 'quad'),
(3713, 'ssd'),
(3714, ''),
(3715, '256'),
(3716, ''),
(3717, ''),
(3718, ''),
(3719, '\r\nblu-ray.'),
(3720, ''),
(3721, ''),
(3722, ''),
(3723, ''),
(3724, ''),
(3725, ''),
(3726, 'xbrite-hicolor'),
(3727, ''),
(3728, ''),
(3729, '64gb'),
(3730, 'solid'),
(3731, 'state'),
(3732, 'drive'),
(3733, '320gb'),
(3734, 'wi-fi:'),
(3735, 'sprint'),
(3736, 'mobile'),
(3737, 'broadband'),
(3738, 'wan,'),
(3739, 'bluetooth'),
(3740, ''),
(3741, ''),
(3742, 'series,notebook,pc'),
(3743, 'vgn-tz398u/xc,'),
(3744, ''),
(3745, ''),
(3746, '[ru]'),
(3747, ''),
(3748, ''),
(3749, ''),
(3750, ''),
(3751, ''),
(3752, ''),
(3753, ''),
(3754, ''),
(3755, ''),
(3756, ''),
(3757, ''),
(3758, ''),
(3759, ''),
(3760, ''),
(3761, ''),
(3762, '\r\n'),
(3763, ''),
(3764, ''),
(3765, ''),
(3766, ''),
(3767, '\r\n'),
(3768, ''),
(3769, ''),
(3770, ''),
(3771, ''),
(3772, ''),
(3773, ''),
(3774, ''),
(3775, ''),
(3776, ''),
(3777, ''),
(3778, ''),
(3779, ''),
(3780, ''),
(3781, ''),
(3782, ''),
(3783, ''),
(3784, ''),
(3785, ''),
(3786, ''),
(3787, 'vgn-tz398u/xc,'),
(3788, ''),
(3789, ''),
(3790, ''),
(3791, ''),
(3792, 'technology&nbsp;'),
(3793, ''),
(3794, ''),
(3795, ''),
(3796, ''),
(3797, ''),
(3798, ''),
(3799, 'microsoft'),
(3800, 'vista'),
(3801, ''),
(3802, ''),
(3803, ''),
(3804, ''),
(3805, ''),
(3806, 'vaio'),
(3807, ''),
(3808, 'vaio'),
(3809, ''),
(3810, 'vaio'),
(3811, ''),
(3812, ''),
(3813, ''),
(3814, ''),
(3815, ''),
(3816, ''),
(3817, ''),
(3818, ''),
(3819, ''),
(3820, ''),
(3821, '\r\n'),
(3822, ''),
(3823, 'core&nbsp;'),
(3824, ''),
(3825, ''),
(3826, 'intel'),
(3827, 'centrino'),
(3828, ''),
(3829, ''),
(3830, ''),
(3831, ''),
(3832, ''),
(3833, ''),
(3834, ''),
(3835, ''),
(3836, ''),
(3837, ''),
(3838, ''),
(3839, ''),
(3840, ''),
(3841, ''),
(3842, ''),
(3843, ''),
(3844, ''),
(3845, ''),
(3846, ''),
(3847, ''),
(3848, ''),
(3849, ''),
(3850, ''),
(3851, ''),
(3852, ''),
(3853, ''),
(3854, ''),
(3855, ''),
(3856, ''),
(3857, ''),
(3858, '\r\n'),
(3859, ''),
(3860, ''),
(3861, ''),
(3862, '\r\n'),
(3863, ''),
(3864, ''),
(3865, ''),
(3866, ''),
(3867, ''),
(3868, ''),
(3869, ''),
(3870, ''),
(3871, ''),
(3872, ''),
(3873, ''),
(3874, ''),
(3875, ''),
(3876, ''),
(3877, ''),
(3878, ''),
(3879, ''),
(3880, 'xbrite-hicolor&nbsp;'),
(3881, ''),
(3882, ''),
(3883, 'disc&nbsp;'),
(3884, ''),
(3885, ''),
(3886, ''),
(3887, ''),
(3888, ''),
(3889, ''),
(3890, ''),
(3891, ''),
(3892, ''),
(3893, ''),
(3894, ''),
(3895, ''),
(3896, ''),
(3897, ''),
(3898, ''),
(3899, ''),
(3900, ''),
(3901, ''),
(3902, ''),
(3903, ''),
(3904, ''),
(3905, ''),
(3906, ''),
(3907, ''),
(3908, ''),
(3909, ''),
(3910, ''),
(3911, ''),
(3912, ''),
(3913, ''),
(3914, ''),
(3915, ''),
(3916, ''),
(3917, ''),
(3918, ''),
(3919, ''),
(3920, ''),
(3921, ''),
(3922, ''),
(3923, ''),
(3924, ''),
(3925, ''),
(3926, ''),
(3927, ''),
(3928, ''),
(3929, ''),
(3930, ''),
(3931, ''),
(3932, ''),
(3933, ''),
(3934, ''),
(3935, ''),
(3936, ''),
(3937, ''),
(3938, ''),
(3939, ''),
(3940, ''),
(3941, ''),
(3942, ''),
(3943, ''),
(3944, ''),
(3945, ''),
(3946, ''),
(3947, ''),
(3948, ''),
(3949, ''),
(3950, ''),
(3951, ''),
(3952, ''),
(3953, ''),
(3954, ''),
(3955, ''),
(3956, ''),
(3957, ''),
(3958, ''),
(3959, ''),
(3960, ''),
(3961, ''),
(3962, ''),
(3963, ''),
(3964, ''),
(3965, ''),
(3966, ''),
(3967, ''),
(3968, ''),
(3969, ''),
(3970, ''),
(3971, '\r\n'),
(3972, ''),
(3973, ''),
(3974, ''),
(3975, ''),
(3976, ''),
(3977, ''),
(3978, ''),
(3979, ''),
(3980, '\r\n'),
(3981, ''),
(3982, ''),
(3983, ''),
(3984, ''),
(3985, ''),
(3986, ''),
(3987, ''),
(3988, ''),
(3989, ''),
(3990, '\r\n'),
(3991, ''),
(3992, ''),
(3993, ''),
(3994, ''),
(3995, ''),
(3996, ''),
(3997, ''),
(3998, ''),
(3999, ''),
(4000, ''),
(4001, '\r\n'),
(4002, ''),
(4003, ''),
(4004, ''),
(4005, ''),
(4006, ''),
(4007, ''),
(4008, ''),
(4009, ''),
(4010, ''),
(4011, '\r\n'),
(4012, ''),
(4013, '[ru]'),
(4014, ''),
(4015, ''),
(4016, ''),
(4017, '4368'),
(4018, ''),
(4019, ''),
(4020, ''),
(4021, ''),
(4022, ''),
(4023, ''),
(4024, ''),
(4025, ''),
(4026, ''),
(4027, ''),
(4028, ''),
(4029, ''),
(4030, ''),
(4031, ''),
(4032, ''),
(4033, ''),
(4034, '\r\n'),
(4035, ''),
(4036, ''),
(4037, ''),
(4038, ''),
(4039, '\r\n'),
(4040, ''),
(4041, ''),
(4042, ''),
(4043, ''),
(4044, ''),
(4045, ''),
(4046, ''),
(4047, ''),
(4048, ''),
(4049, ''),
(4050, ''),
(4051, '[ru]'),
(4052, '[ru]'),
(4053, '[ru]'),
(4054, ''),
(4055, ''),
(4056, ''),
(4057, ''),
(4058, ''),
(4059, ''),
(4060, ''),
(4061, ''),
(4062, ''),
(4063, ''),
(4064, ''),
(4065, ''),
(4066, ''),
(4067, ''),
(4068, ''),
(4069, ''),
(4070, '\r\n'),
(4071, ''),
(4072, ''),
(4073, ''),
(4074, ''),
(4075, ''),
(4076, ''),
(4077, ''),
(4078, ''),
(4079, '\r\n'),
(4080, ''),
(4081, ''),
(4082, ''),
(4083, ''),
(4084, ''),
(4085, ''),
(4086, ''),
(4087, ''),
(4088, ''),
(4089, '\r\n'),
(4090, ''),
(4091, ''),
(4092, ''),
(4093, ''),
(4094, ''),
(4095, ''),
(4096, ''),
(4097, ''),
(4098, ''),
(4099, ''),
(4100, '\r\n'),
(4101, ''),
(4102, ''),
(4103, ''),
(4104, ''),
(4105, ''),
(4106, ''),
(4107, ''),
(4108, ''),
(4109, ''),
(4110, '\r\n'),
(4111, ''),
(4112, '[ru]'),
(4113, ''),
(4114, ''),
(4115, ''),
(4116, '4368'),
(4117, ''),
(4118, ''),
(4119, ''),
(4120, ''),
(4121, ''),
(4122, ''),
(4123, ''),
(4124, ''),
(4125, ''),
(4126, ''),
(4127, ''),
(4128, ''),
(4129, ''),
(4130, ''),
(4131, ''),
(4132, ''),
(4133, '\r\n'),
(4134, ''),
(4135, ''),
(4136, ''),
(4137, ''),
(4138, '\r\n'),
(4139, ''),
(4140, ''),
(4141, ''),
(4142, ''),
(4143, ''),
(4144, ''),
(4145, ''),
(4146, ''),
(4147, ''),
(4148, ''),
(4149, ''),
(4150, '[ru]'),
(4151, '[ru]'),
(4152, '[ru]'),
(4153, ''),
(4154, ''),
(4155, ''),
(4156, ''),
(4157, ''),
(4158, ''),
(4159, ''),
(4160, ''),
(4161, ''),
(4162, ''),
(4163, ''),
(4164, ''),
(4165, ''),
(4166, ''),
(4167, ''),
(4168, ''),
(4169, '\r\n'),
(4170, ''),
(4171, ''),
(4172, ''),
(4173, ''),
(4174, ''),
(4175, ''),
(4176, ''),
(4177, ''),
(4178, '\r\n'),
(4179, ''),
(4180, ''),
(4181, ''),
(4182, ''),
(4183, ''),
(4184, ''),
(4185, ''),
(4186, ''),
(4187, ''),
(4188, '\r\n'),
(4189, ''),
(4190, ''),
(4191, ''),
(4192, ''),
(4193, ''),
(4194, ''),
(4195, ''),
(4196, ''),
(4197, ''),
(4198, ''),
(4199, '\r\n'),
(4200, ''),
(4201, ''),
(4202, ''),
(4203, ''),
(4204, ''),
(4205, ''),
(4206, ''),
(4207, ''),
(4208, ''),
(4209, '\r\n'),
(4210, ''),
(4211, '[ru]'),
(4212, ''),
(4213, ''),
(4214, ''),
(4215, '4368'),
(4216, ''),
(4217, ''),
(4218, ''),
(4219, '');
INSERT INTO `va_keywords` (`keyword_id`, `keyword_name`) VALUES
(4220, ''),
(4221, ''),
(4222, ''),
(4223, ''),
(4224, ''),
(4225, ''),
(4226, ''),
(4227, ''),
(4228, ''),
(4229, ''),
(4230, ''),
(4231, ''),
(4232, '\r\n'),
(4233, ''),
(4234, ''),
(4235, ''),
(4236, ''),
(4237, '\r\n'),
(4238, ''),
(4239, ''),
(4240, ''),
(4241, ''),
(4242, ''),
(4243, ''),
(4244, ''),
(4245, ''),
(4246, ''),
(4247, ''),
(4248, ''),
(4249, '[ru]'),
(4250, '[ru]'),
(4251, '[ru]'),
(4252, ''),
(4253, ''),
(4254, ''),
(4255, ''),
(4256, ''),
(4257, ''),
(4258, ''),
(4259, ''),
(4260, ''),
(4261, ''),
(4262, ''),
(4263, '\r\n'),
(4264, ''),
(4265, ''),
(4266, ''),
(4267, ''),
(4268, ''),
(4269, ''),
(4270, ''),
(4271, ''),
(4272, ''),
(4273, ''),
(4274, '\r\n'),
(4275, ''),
(4276, ''),
(4277, ''),
(4278, ''),
(4279, ''),
(4280, ''),
(4281, ''),
(4282, ''),
(4283, ''),
(4284, ''),
(4285, ''),
(4286, ''),
(4287, ''),
(4288, ''),
(4289, ''),
(4290, ''),
(4291, ''),
(4292, ''),
(4293, ''),
(4294, ''),
(4295, ''),
(4296, ''),
(4297, ''),
(4298, ''),
(4299, ''),
(4300, ''),
(4301, ''),
(4302, ''),
(4303, '[ru]'),
(4304, ''),
(4305, ''),
(4306, '&nbsp;\r\n'),
(4307, ''),
(4308, ''),
(4309, ''),
(4310, ''),
(4311, ''),
(4312, '('),
(4313, ''),
(4314, ''),
(4315, '35'),
(4316, ''),
(4317, ''),
(4318, ''),
(4319, ''),
(4320, ''),
(4321, ''),
(4322, ''),
(4323, ''),
(4324, ''),
(4325, ''),
(4326, ''),
(4327, ''),
(4328, ''),
(4329, ''),
(4330, ''),
(4331, ''),
(4332, ''),
(4333, ''),
(4334, ''),
(4335, ''),
(4336, ''),
(4337, '1-'),
(4338, ''),
(4339, ''),
(4340, ''),
(4341, ''),
(4342, '2.7&nbsp;'),
(4343, ''),
(4344, ''),
(4345, ''),
(4346, ''),
(4347, ''),
(4348, ''),
(4349, ''),
(4350, ''),
(4351, ''),
(4352, ''),
(4353, ''),
(4354, ''),
(4355, ''),
(4356, ''),
(4357, ''),
(4358, ''),
(4359, ''),
(4360, ''),
(4361, ''),
(4362, ''),
(4363, ''),
(4364, ''),
(4365, '[ru]'),
(4366, ''),
(4367, ''),
(4368, ''),
(4369, ''),
(4370, ''),
(4371, ''),
(4372, ''),
(4373, '('),
(4374, ''),
(4375, ''),
(4376, '35'),
(4377, ''),
(4378, ''),
(4379, ''),
(4380, ''),
(4381, ''),
(4382, ''),
(4383, ''),
(4384, ''),
(4385, ''),
(4386, ''),
(4387, ''),
(4388, ''),
(4389, ''),
(4390, ''),
(4391, ''),
(4392, ''),
(4393, ''),
(4394, ''),
(4395, ''),
(4396, ''),
(4397, ''),
(4398, '1-'),
(4399, ''),
(4400, ''),
(4401, ''),
(4402, ''),
(4403, ''),
(4404, ''),
(4405, ''),
(4406, ''),
(4407, ''),
(4408, ''),
(4409, ''),
(4410, ''),
(4411, ''),
(4412, ''),
(4413, ''),
(4414, ''),
(4415, ''),
(4416, ''),
(4417, ''),
(4418, ''),
(4419, ''),
(4420, ''),
(4421, ''),
(4422, ''),
(4423, ''),
(4424, ''),
(4425, ''),
(4426, ''),
(4427, ''),
(4428, ''),
(4429, ''),
(4430, ''),
(4431, ''),
(4432, ''),
(4433, ''),
(4434, ''),
(4435, ''),
(4436, ''),
(4437, ''),
(4438, ''),
(4439, '5,1-'),
(4440, ''),
(4441, ''),
(4442, ''),
(4443, ''),
(4444, ''),
(4445, ''),
(4446, ''),
(4447, ''),
(4448, ''),
(4449, ''),
(4450, ''),
(4451, ''),
(4452, ''),
(4453, ''),
(4454, ''),
(4455, ''),
(4456, ''),
(4457, ''),
(4458, ''),
(4459, ''),
(4460, ''),
(4461, ''),
(4462, ''),
(4463, ''),
(4464, ''),
(4465, '1080'),
(4466, ''),
(4467, ''),
(4468, ''),
(4469, ''),
(4470, ''),
(4471, ''),
(4472, ''),
(4473, ''),
(4474, ''),
(4475, ''),
(4476, ''),
(4477, ''),
(4478, ''),
(4479, '[ru]'),
(4480, ''),
(4481, ''),
(4482, ''),
(4483, ''),
(4484, ''),
(4485, ''),
(4486, ''),
(4487, ''),
(4488, ''),
(4489, '178'),
(4490, ''),
(4491, ''),
(4492, ''),
(4493, ''),
(4494, ''),
(4495, ''),
(4496, '('),
(4497, ''),
(4498, ''),
(4499, ''),
(4500, ''),
(4501, ''),
(4502, ''),
(4503, ''),
(4504, ''),
(4505, ''),
(4506, ''),
(4507, ''),
(4508, ''),
(4509, ''),
(4510, ''),
(4511, ''),
(4512, ''),
(4513, ''),
(4514, 'ips-'),
(4515, ''),
(4516, ''),
(4517, ''),
(4518, ''),
(4519, '178'),
(4520, ''),
(4521, ''),
(4522, ''),
(4523, ''),
(4524, ''),
(4525, ''),
(4526, ''),
(4527, ''),
(4528, ''),
(4529, '[ru]'),
(4530, ''),
(4531, ''),
(4532, ''),
(4533, ''),
(4534, ''),
(4535, ''),
(4536, ''),
(4537, ''),
(4538, ''),
(4539, '178'),
(4540, ''),
(4541, ''),
(4542, ''),
(4543, ''),
(4544, ''),
(4545, ''),
(4546, '('),
(4547, ''),
(4548, ''),
(4549, ''),
(4550, ''),
(4551, ''),
(4552, ''),
(4553, ''),
(4554, ''),
(4555, ''),
(4556, ''),
(4557, ''),
(4558, ''),
(4559, ''),
(4560, ''),
(4561, ''),
(4562, ''),
(4563, ''),
(4564, 'ips-'),
(4565, ''),
(4566, ''),
(4567, ''),
(4568, ''),
(4569, '178'),
(4570, ''),
(4571, ''),
(4572, ''),
(4573, ''),
(4574, ''),
(4575, ''),
(4576, ''),
(4577, '[ru]'),
(4578, ''),
(4579, ''),
(4580, '\r\n'),
(4581, ''),
(4582, ''),
(4583, ''),
(4584, ''),
(4585, ''),
(4586, '\r\n'),
(4587, ''),
(4588, ''),
(4589, ''),
(4590, ''),
(4591, ''),
(4592, ''),
(4593, ''),
(4594, ''),
(4595, ''),
(4596, ''),
(4597, ''),
(4598, ''),
(4599, ''),
(4600, ''),
(4601, ''),
(4602, '\r\n'),
(4603, ''),
(4604, ''),
(4605, ''),
(4606, ''),
(4607, ''),
(4608, '\r\n'),
(4609, ''),
(4610, ''),
(4611, ''),
(4612, ''),
(4613, ''),
(4614, ''),
(4615, '\r\n'),
(4616, ''),
(4617, ''),
(4618, ''),
(4619, ''),
(4620, ''),
(4621, ''),
(4622, '\r\n'),
(4623, ''),
(4624, ''),
(4625, ''),
(4626, ''),
(4627, ''),
(4628, ''),
(4629, ''),
(4630, ''),
(4631, '\r\n'),
(4632, ''),
(4633, '5120'),
(4634, ''),
(4635, ''),
(4636, ''),
(4637, ''),
(4638, ''),
(4639, '\r\n'),
(4640, ''),
(4641, ''),
(4642, ''),
(4643, ''),
(4644, ''),
(4645, ''),
(4646, ''),
(4647, ''),
(4648, '\r\n'),
(4649, ''),
(4650, ''),
(4651, ''),
(4652, ''),
(4653, ''),
(4654, ''),
(4655, ''),
(4656, ''),
(4657, '\r\n'),
(4658, ''),
(4659, ''),
(4660, ''),
(4661, ''),
(4662, ''),
(4663, ''),
(4664, ''),
(4665, '\r\n'),
(4666, ''),
(4667, ''),
(4668, ''),
(4669, ''),
(4670, ''),
(4671, ''),
(4672, ''),
(4673, ''),
(4674, ''),
(4675, ''),
(4676, ''),
(4677, ''),
(4678, ''),
(4679, ''),
(4680, ''),
(4681, ''),
(4682, ''),
(4683, ''),
(4684, ''),
(4685, '\r\n'),
(4686, ''),
(4687, ''),
(4688, ''),
(4689, ''),
(4690, ''),
(4691, ''),
(4692, ''),
(4693, ''),
(4694, ''),
(4695, ''),
(4696, ''),
(4697, ''),
(4698, ''),
(4699, ''),
(4700, ''),
(4701, ''),
(4702, ''),
(4703, ''),
(4704, ''),
(4705, ''),
(4706, ''),
(4707, ''),
(4708, ''),
(4709, ''),
(4710, ''),
(4711, ''),
(4712, ''),
(4713, ''),
(4714, ''),
(4715, ''),
(4716, ''),
(4717, '[ru]'),
(4718, ''),
(4719, ''),
(4720, '\r\n'),
(4721, ''),
(4722, ''),
(4723, ''),
(4724, ''),
(4725, ''),
(4726, '\r\n'),
(4727, ''),
(4728, ''),
(4729, ''),
(4730, ''),
(4731, ''),
(4732, ''),
(4733, ''),
(4734, ''),
(4735, ''),
(4736, ''),
(4737, ''),
(4738, ''),
(4739, ''),
(4740, ''),
(4741, ''),
(4742, '\r\n'),
(4743, ''),
(4744, ''),
(4745, ''),
(4746, ''),
(4747, ''),
(4748, '\r\n'),
(4749, ''),
(4750, ''),
(4751, ''),
(4752, ''),
(4753, ''),
(4754, ''),
(4755, '\r\n'),
(4756, ''),
(4757, ''),
(4758, ''),
(4759, ''),
(4760, ''),
(4761, ''),
(4762, '\r\n'),
(4763, ''),
(4764, ''),
(4765, ''),
(4766, ''),
(4767, ''),
(4768, ''),
(4769, ''),
(4770, ''),
(4771, '\r\n'),
(4772, ''),
(4773, ''),
(4774, ''),
(4775, ''),
(4776, ''),
(4777, ''),
(4778, '\r\n'),
(4779, ''),
(4780, ''),
(4781, ''),
(4782, ''),
(4783, ''),
(4784, ''),
(4785, ''),
(4786, ''),
(4787, '\r\n'),
(4788, ''),
(4789, ''),
(4790, ''),
(4791, ''),
(4792, ''),
(4793, ''),
(4794, ''),
(4795, ''),
(4796, '\r\n'),
(4797, ''),
(4798, ''),
(4799, ''),
(4800, ''),
(4801, ''),
(4802, ''),
(4803, '\r\n'),
(4804, ''),
(4805, ''),
(4806, ''),
(4807, ''),
(4808, ''),
(4809, ''),
(4810, ''),
(4811, ''),
(4812, ''),
(4813, ''),
(4814, ''),
(4815, ''),
(4816, ''),
(4817, ''),
(4818, ''),
(4819, ''),
(4820, ''),
(4821, ''),
(4822, ''),
(4823, '\r\n'),
(4824, ''),
(4825, ''),
(4826, ''),
(4827, ''),
(4828, ''),
(4829, ''),
(4830, ''),
(4831, ''),
(4832, ''),
(4833, ''),
(4834, ''),
(4835, ''),
(4836, ''),
(4837, ''),
(4838, ''),
(4839, ''),
(4840, ''),
(4841, ''),
(4842, ''),
(4843, ''),
(4844, ''),
(4845, ''),
(4846, ''),
(4847, ''),
(4848, ''),
(4849, ''),
(4850, ''),
(4851, ''),
(4852, ''),
(4853, ''),
(4854, ''),
(4855, ''),
(4856, ''),
(4857, '[ru]'),
(4858, ''),
(4859, ''),
(4860, ''),
(4861, ''),
(4862, ''),
(4863, ''),
(4864, ''),
(4865, ''),
(4866, ''),
(4867, '178'),
(4868, ''),
(4869, ''),
(4870, ''),
(4871, ''),
(4872, ''),
(4873, ''),
(4874, '('),
(4875, ''),
(4876, ''),
(4877, ''),
(4878, ''),
(4879, ''),
(4880, ''),
(4881, ''),
(4882, ''),
(4883, ''),
(4884, ''),
(4885, ''),
(4886, ''),
(4887, ''),
(4888, ''),
(4889, ''),
(4890, ''),
(4891, ''),
(4892, 'ips-'),
(4893, ''),
(4894, ''),
(4895, ''),
(4896, ''),
(4897, '178'),
(4898, ''),
(4899, ''),
(4900, ''),
(4901, ''),
(4902, ''),
(4903, ''),
(4904, ''),
(4905, '[ru]'),
(4906, ''),
(4907, ''),
(4908, ''),
(4909, ''),
(4910, ''),
(4911, ''),
(4912, '3d&nbsp;'),
(4913, ''),
(4914, ''),
(4915, ''),
(4916, ''),
(4917, ''),
(4918, ''),
(4919, ''),
(4920, ''),
(4921, ''),
(4922, ''),
(4923, ''),
(4924, ''),
(4925, ''),
(4926, ''),
(4927, ''),
(4928, ''),
(4929, '('),
(4930, ''),
(4931, ''),
(4932, ''),
(4933, ''),
(4934, ''),
(4935, ''),
(4936, ''),
(4937, ''),
(4938, ''),
(4939, ''),
(4940, ''),
(4941, ''),
(4942, ''),
(4943, ''),
(4944, ''),
(4945, ''),
(4946, '('),
(4947, ''),
(4948, ''),
(4949, ''),
(4950, ''),
(4951, ''),
(4952, ''),
(4953, ''),
(4954, ''),
(4955, ''),
(4956, ''),
(4957, ''),
(4958, ''),
(4959, ''),
(4960, ''),
(4961, ''),
(4962, ''),
(4963, ''),
(4964, ''),
(4965, ''),
(4966, ''),
(4967, ''),
(4968, ''),
(4969, ''),
(4970, ''),
(4971, ''),
(4972, ''),
(4973, ''),
(4974, ''),
(4975, ''),
(4976, ''),
(4977, ''),
(4978, ''),
(4979, ''),
(4980, ''),
(4981, ''),
(4982, ''),
(4983, ''),
(4984, ''),
(4985, ''),
(4986, ''),
(4987, ''),
(4988, ''),
(4989, ''),
(4990, ''),
(4991, ''),
(4992, ''),
(4993, ''),
(4994, ''),
(4995, ''),
(4996, ''),
(4997, ''),
(4998, ''),
(4999, ''),
(5000, ''),
(5001, ''),
(5002, ''),
(5003, ''),
(5004, '[ru]'),
(5005, ''),
(5006, ''),
(5007, ''),
(5008, ''),
(5009, ''),
(5010, ''),
(5011, ''),
(5012, ''),
(5013, ''),
(5014, '178'),
(5015, ''),
(5016, ''),
(5017, ''),
(5018, ''),
(5019, ''),
(5020, ''),
(5021, ''),
(5022, ''),
(5023, ''),
(5024, ''),
(5025, ''),
(5026, '('),
(5027, ''),
(5028, ''),
(5029, ''),
(5030, ''),
(5031, ''),
(5032, ''),
(5033, ''),
(5034, ''),
(5035, ''),
(5036, ''),
(5037, ''),
(5038, ''),
(5039, ''),
(5040, ''),
(5041, ''),
(5042, ''),
(5043, ''),
(5044, ''),
(5045, ''),
(5046, ''),
(5047, ''),
(5048, ''),
(5049, ''),
(5050, ''),
(5051, ''),
(5052, 'ips-'),
(5053, ''),
(5054, ''),
(5055, ''),
(5056, ''),
(5057, '178'),
(5058, ''),
(5059, ''),
(5060, ''),
(5061, ''),
(5062, ''),
(5063, '[ru]'),
(5064, ''),
(5065, ''),
(5066, ''),
(5067, '[ru]'),
(5068, ''),
(5069, ''),
(5070, ''),
(5071, ''),
(5072, ''),
(5073, ''),
(5074, ''),
(5075, ''),
(5076, ''),
(5077, ''),
(5078, ''),
(5079, ''),
(5080, ''),
(5081, ''),
(5082, ''),
(5083, '\r\n'),
(5084, ''),
(5085, ''),
(5086, ''),
(5087, ''),
(5088, ''),
(5089, ''),
(5090, ''),
(5091, ''),
(5092, '\r\n'),
(5093, ''),
(5094, ''),
(5095, ''),
(5096, ''),
(5097, ''),
(5098, ''),
(5099, ''),
(5100, ''),
(5101, ''),
(5102, ''),
(5103, ''),
(5104, ''),
(5105, ''),
(5106, ''),
(5107, ''),
(5108, ''),
(5109, '\r\n'),
(5110, ''),
(5111, ''),
(5112, ''),
(5113, ''),
(5114, ''),
(5115, ''),
(5116, ''),
(5117, ''),
(5118, ''),
(5119, ''),
(5120, ''),
(5121, ''),
(5122, ''),
(5123, '\r\n'),
(5124, ''),
(5125, ''),
(5126, ''),
(5127, ''),
(5128, ''),
(5129, ''),
(5130, ''),
(5131, '\r\n'),
(5132, ''),
(5133, ''),
(5134, ''),
(5135, ''),
(5136, ''),
(5137, ''),
(5138, ''),
(5139, ''),
(5140, ''),
(5141, ''),
(5142, ''),
(5143, ''),
(5144, ''),
(5145, ''),
(5146, ''),
(5147, ''),
(5148, ''),
(5149, ''),
(5150, '\r\n'),
(5151, ''),
(5152, ''),
(5153, ''),
(5154, ''),
(5155, ''),
(5156, ''),
(5157, ''),
(5158, '\r\n'),
(5159, ''),
(5160, ''),
(5161, ''),
(5162, ''),
(5163, ''),
(5164, '\r\n'),
(5165, ''),
(5166, ''),
(5167, ''),
(5168, ''),
(5169, ''),
(5170, ''),
(5171, '\r\n'),
(5172, ''),
(5173, ''),
(5174, ''),
(5175, ''),
(5176, ''),
(5177, ''),
(5178, ''),
(5179, ''),
(5180, ''),
(5181, ''),
(5182, ''),
(5183, ''),
(5184, ''),
(5185, ''),
(5186, ''),
(5187, ''),
(5188, ''),
(5189, ''),
(5190, 'sensor&nbsp;'),
(5191, ''),
(5192, ''),
(5193, ''),
(5194, ''),
(5195, ''),
(5196, '\r\n'),
(5197, ''),
(5198, ''),
(5199, ''),
(5200, ''),
(5201, ''),
(5202, ''),
(5203, ''),
(5204, '\r\n'),
(5205, ''),
(5206, ''),
(5207, ''),
(5208, ''),
(5209, '[ru]'),
(5210, '40&nbsp;'),
(5211, ''),
(5212, ''),
(5213, '[ru]'),
(5214, ''),
(5215, ''),
(5216, ''),
(5217, ''),
(5218, ''),
(5219, ''),
(5220, ''),
(5221, 'led&nbsp;'),
(5222, ''),
(5223, ''),
(5224, ''),
(5225, ''),
(5226, ''),
(5227, ''),
(5228, ''),
(5229, ''),
(5230, ''),
(5231, '\r\n'),
(5232, '"'),
(5233, ''),
(5234, ''),
(5235, ''),
(5236, ''),
(5237, ''),
(5238, ''),
(5239, ''),
(5240, ''),
(5241, ''),
(5242, ''),
(5243, ''),
(5244, ''),
(5245, '\r\n'),
(5246, ''),
(5247, ''),
(5248, ''),
(5249, ''),
(5250, ''),
(5251, ''),
(5252, ''),
(5253, '\r\n'),
(5254, ''),
(5255, ''),
(5256, ''),
(5257, ''),
(5258, ''),
(5259, ''),
(5260, ''),
(5261, ''),
(5262, ''),
(5263, ''),
(5264, '\r\n'),
(5265, ''),
(5266, ''),
(5267, ''),
(5268, ''),
(5269, ''),
(5270, ''),
(5271, ''),
(5272, ''),
(5273, ''),
(5274, ''),
(5275, ''),
(5276, ''),
(5277, ''),
(5278, '\r\n'),
(5279, ''),
(5280, ''),
(5281, ''),
(5282, ''),
(5283, ''),
(5284, ''),
(5285, ''),
(5286, '\r\n'),
(5287, ''),
(5288, ''),
(5289, ''),
(5290, ''),
(5291, ''),
(5292, ''),
(5293, ''),
(5294, ''),
(5295, ''),
(5296, '\r\n'),
(5297, ''),
(5298, ''),
(5299, ''),
(5300, ''),
(5301, ''),
(5302, '\r\n'),
(5303, ''),
(5304, ''),
(5305, ''),
(5306, ''),
(5307, ''),
(5308, ''),
(5309, '3d-'),
(5310, ''),
(5311, ''),
(5312, ''),
(5313, ''),
(5314, ''),
(5315, ''),
(5316, ''),
(5317, '\r\n'),
(5318, '3d-'),
(5319, ''),
(5320, ''),
(5321, ''),
(5322, ''),
(5323, ''),
(5324, ''),
(5325, ''),
(5326, ''),
(5327, ''),
(5328, ''),
(5329, ''),
(5330, ''),
(5331, ''),
(5332, ''),
(5333, ''),
(5334, ''),
(5335, ''),
(5336, ''),
(5337, ''),
(5338, ''),
(5339, ''),
(5340, '\r\n'),
(5341, ''),
(5342, ''),
(5343, ''),
(5344, ''),
(5345, ''),
(5346, '\r\n'),
(5347, ''),
(5348, ''),
(5349, ''),
(5350, ''),
(5351, ''),
(5352, ''),
(5353, '\r\n'),
(5354, '('),
(5355, ''),
(5356, ''),
(5357, ''),
(5358, ''),
(5359, ''),
(5360, '\r\n'),
(5361, ''),
(5362, ''),
(5363, ''),
(5364, 'usb-'),
(5365, ''),
(5366, ''),
(5367, ''),
(5368, ''),
(5369, '\r\n'),
(5370, ''),
(5371, ''),
(5372, ''),
(5373, ''),
(5374, ''),
(5375, '[ru]'),
(5376, ''),
(5377, ''),
(5378, ''),
(5379, ''),
(5380, ''),
(5381, ''),
(5382, '[ru]'),
(5383, ''),
(5384, ''),
(5385, ''),
(5386, ''),
(5387, ''),
(5388, ''),
(5389, ''),
(5390, ''),
(5391, ''),
(5392, '178'),
(5393, ''),
(5394, ''),
(5395, ''),
(5396, ''),
(5397, ''),
(5398, ''),
(5399, '('),
(5400, ''),
(5401, ''),
(5402, ''),
(5403, ''),
(5404, ''),
(5405, ''),
(5406, ''),
(5407, ''),
(5408, ''),
(5409, ''),
(5410, ''),
(5411, ''),
(5412, ''),
(5413, ''),
(5414, ''),
(5415, ''),
(5416, 'ips-'),
(5417, ''),
(5418, ''),
(5419, ''),
(5420, ''),
(5421, '178'),
(5422, ''),
(5423, ''),
(5424, ''),
(5425, ''),
(5426, ''),
(5427, ''),
(5428, ''),
(5429, ''),
(5430, ''),
(5431, ''),
(5432, ''),
(5433, ''),
(5434, ''),
(5435, ''),
(5436, ''),
(5437, ''),
(5438, '\r\n2,2-'),
(5439, ''),
(5440, ''),
(5441, ''),
(5442, ''),
(5443, ''),
(5444, ''),
(5445, ''),
(5446, '\r\n'),
(5447, ''),
(5448, ''),
(5449, ''),
(5450, ''),
(5451, ''),
(5452, ''),
(5453, ''),
(5454, ''),
(5455, ''),
(5456, ''),
(5457, ''),
(5458, ''),
(5459, ''),
(5460, ''),
(5461, ''),
(5462, ''),
(5463, ''),
(5464, ''),
(5465, 'superscroll&nbsp;'),
(5466, ''),
(5467, ''),
(5468, ''),
(5469, ''),
(5470, ''),
(5471, ''),
(5472, ''),
(5473, ''),
(5474, 'superscroll'),
(5475, '[ru]'),
(5476, ''),
(5477, ''),
(5478, '\r\n		'),
(5479, ''),
(5480, ''),
(5481, '\r\n		'),
(5482, '\r\n		'),
(5483, ''),
(5484, ''),
(5485, ''),
(5486, ''),
(5487, ''),
(5488, ''),
(5489, ''),
(5490, ''),
(5491, ''),
(5492, ''),
(5493, ''),
(5494, '\r\n2,2-'),
(5495, ''),
(5496, ''),
(5497, ''),
(5498, ''),
(5499, ''),
(5500, ''),
(5501, ''),
(5502, '\r\n'),
(5503, ''),
(5504, ''),
(5505, ''),
(5506, ''),
(5507, ''),
(5508, ''),
(5509, ''),
(5510, ''),
(5511, ''),
(5512, ''),
(5513, ''),
(5514, ''),
(5515, ''),
(5516, ''),
(5517, ''),
(5518, ''),
(5519, ''),
(5520, ''),
(5521, ''),
(5522, ''),
(5523, ''),
(5524, ''),
(5525, ''),
(5526, ''),
(5527, ''),
(5528, ''),
(5529, '[ru]'),
(5530, ''),
(5531, ''),
(5532, '\r\n		'),
(5533, ''),
(5534, ''),
(5535, '\r\n		'),
(5536, '\r\n		'),
(5537, 'mp3-'),
(5538, '[ru]'),
(5539, ''),
(5540, 'mp3-'),
(5541, ''),
(5542, ''),
(5543, ''),
(5544, ''),
(5545, 'oled-'),
(5546, ''),
(5547, 'mp3-'),
(5548, ''),
(5549, ''),
(5550, ''),
(5551, ''),
(5552, ''),
(5553, ''),
(5554, ''),
(5555, ''),
(5556, ''),
(5557, ''),
(5558, ''),
(5559, '('),
(5560, ''),
(5561, ''),
(5562, ''),
(5563, ''),
(5564, ''),
(5565, ''),
(5566, ''),
(5567, ''),
(5568, ''),
(5569, ''),
(5570, '\r\n'),
(5571, ''),
(5572, ''),
(5573, ''),
(5574, '('),
(5575, ''),
(5576, ''),
(5577, ''),
(5578, '17'),
(5579, ''),
(5580, ''),
(5581, ''),
(5582, ''),
(5583, ''),
(5584, ''),
(5585, ''),
(5586, '\r\n'),
(5587, ''),
(5588, ''),
(5589, ''),
(5590, ''),
(5591, ''),
(5592, ''),
(5593, ''),
(5594, ''),
(5595, ''),
(5596, '\r\n'),
(5597, ''),
(5598, ''),
(5599, ''),
(5600, ''),
(5601, ''),
(5602, ''),
(5603, ''),
(5604, ''),
(5605, ''),
(5606, ''),
(5607, '\r\n'),
(5608, ''),
(5609, ''),
(5610, ''),
(5611, ''),
(5612, ''),
(5613, ''),
(5614, ''),
(5615, ''),
(5616, '\r\n'),
(5617, ''),
(5618, ''),
(5619, ''),
(5620, ''),
(5621, ''),
(5622, ''),
(5623, ''),
(5624, '\r\n'),
(5625, ''),
(5626, ''),
(5627, ''),
(5628, ''),
(5629, ''),
(5630, ''),
(5631, ''),
(5632, ''),
(5633, ''),
(5634, ''),
(5635, ''),
(5636, ''),
(5637, ''),
(5638, ''),
(5639, ''),
(5640, ''),
(5641, ''),
(5642, ''),
(5643, ''),
(5644, ''),
(5645, ''),
(5646, ''),
(5647, ''),
(5648, ''),
(5649, ''),
(5650, ''),
(5651, ''),
(5652, 'oled-'),
(5653, ''),
(5654, '('),
(5655, ''),
(5656, '\r\n'),
(5657, ''),
(5658, ''),
(5659, ''),
(5660, ''),
(5661, ''),
(5662, ''),
(5663, ''),
(5664, '\r\n'),
(5665, ''),
(5666, ''),
(5667, ''),
(5668, ''),
(5669, ''),
(5670, ''),
(5671, '\r\n'),
(5672, ''),
(5673, ''),
(5674, ''),
(5675, '('),
(5676, '\r\n'),
(5677, ''),
(5678, ''),
(5679, ''),
(5680, ''),
(5681, ''),
(5682, ''),
(5683, ''),
(5684, '('),
(5685, '\r\n180'),
(5686, ''),
(5687, ''),
(5688, ''),
(5689, ''),
(5690, ''),
(5691, ''),
(5692, '\r\n'),
(5693, ''),
(5694, ''),
(5695, ''),
(5696, ''),
(5697, ''),
(5698, 'sensme'),
(5699, ''),
(5700, ''),
(5701, ''),
(5702, ''),
(5703, ''),
(5704, ''),
(5705, ''),
(5706, ''),
(5707, ''),
(5708, ''),
(5709, ''),
(5710, ''),
(5711, ''),
(5712, ''),
(5713, ''),
(5714, ''),
(5715, ''),
(5716, ''),
(5717, ''),
(5718, ''),
(5719, ''),
(5720, ''),
(5721, 'mp3-'),
(5722, 'mp3-'),
(5723, 'mp3-'),
(5724, 'mp3-'),
(5725, 'fm-'),
(5726, ''),
(5727, ''),
(5728, ''),
(5729, ''),
(5730, ''),
(5731, ''),
(5732, ''),
(5733, ''),
(5734, ''),
(5735, 'walkman'),
(5736, ''),
(5737, ''),
(5738, ''),
(5739, ''),
(5740, ''),
(5741, ''),
(5742, ''),
(5743, '\r\n'),
(5744, ''),
(5745, ''),
(5746, ''),
(5747, ''),
(5748, ''),
(5749, ''),
(5750, ''),
(5751, 'sensm'),
(5752, ''),
(5753, ''),
(5754, ''),
(5755, ''),
(5756, ''),
(5757, ''),
(5758, '\r\n'),
(5759, ''),
(5760, ''),
(5761, ''),
(5762, ''),
(5763, ''),
(5764, ''),
(5765, ''),
(5766, ''),
(5767, ''),
(5768, ''),
(5769, 'fm-'),
(5770, ''),
(5771, ''),
(5772, ''),
(5773, ''),
(5774, ''),
(5775, ''),
(5776, ''),
(5777, ''),
(5778, ''),
(5779, ''),
(5780, ''),
(5781, ''),
(5782, ''),
(5783, ''),
(5784, '\r\n'),
(5785, ''),
(5786, ''),
(5787, ''),
(5788, ''),
(5789, ''),
(5790, ''),
(5791, ''),
(5792, '\r\n'),
(5793, ''),
(5794, ''),
(5795, ''),
(5796, ''),
(5797, ''),
(5798, ''),
(5799, ''),
(5800, ''),
(5801, '\r\n'),
(5802, ''),
(5803, ''),
(5804, ''),
(5805, ''),
(5806, '\r\n'),
(5807, ''),
(5808, ''),
(5809, ''),
(5810, '\r\n'),
(5811, ''),
(5812, '(h.264/mpeg-4/divx'),
(5813, ''),
(5814, 'windows'),
(5815, ''),
(5816, ''),
(5817, '\r\n'),
(5818, ''),
(5819, ''),
(5820, ''),
(5821, ''),
(5822, '\r\n'),
(5823, ''),
(5824, ''),
(5825, ''),
(5826, ''),
(5827, ''),
(5828, ''),
(5829, '\r\n'),
(5830, ''),
(5831, ''),
(5832, ''),
(5833, ''),
(5834, ''),
(5835, ''),
(5836, ''),
(5837, ''),
(5838, ''),
(5839, ''),
(5840, ''),
(5841, ''),
(5842, ''),
(5843, ''),
(5844, ''),
(5845, ''),
(5846, ''),
(5847, ''),
(5848, ''),
(5849, ''),
(5850, ''),
(5851, ''),
(5852, ''),
(5853, ''),
(5854, ''),
(5855, ''),
(5856, ''),
(5857, ''),
(5858, ''),
(5859, ''),
(5860, ''),
(5861, ''),
(5862, 'fm-'),
(5863, ''),
(5864, ''),
(5865, ''),
(5866, ''),
(5867, ''),
(5868, ''),
(5869, ''),
(5870, ''),
(5871, ''),
(5872, ''),
(5873, ''),
(5874, ''),
(5875, ''),
(5876, ''),
(5877, ''),
(5878, ''),
(5879, '\r\n'),
(5880, ''),
(5881, ''),
(5882, ''),
(5883, ''),
(5884, ''),
(5885, ''),
(5886, ''),
(5887, ''),
(5888, ''),
(5889, ''),
(5890, '\r\n'),
(5891, ''),
(5892, ''),
(5893, ''),
(5894, ''),
(5895, 'walkman'),
(5896, '[ru]'),
(5897, ''),
(5898, ''),
(5899, ''),
(5900, ''),
(5901, ''),
(5902, ''),
(5903, '\r\n'),
(5904, 'walkman'),
(5905, ''),
(5906, ''),
(5907, ''),
(5908, ''),
(5909, ''),
(5910, ''),
(5911, ''),
(5912, '\r\n'),
(5913, ''),
(5914, 'mp3-'),
(5915, 'mp3-'),
(5916, 'mp3-'),
(5917, 'mp3-'),
(5918, '[ru]'),
(5919, ''),
(5920, ''),
(5921, ''),
(5922, ''),
(5923, ''),
(5924, ''),
(5925, 'bluetooth'),
(5926, 'walkman'),
(5927, 'mp3-'),
(5928, ''),
(5929, ''),
(5930, ''),
(5931, ''),
(5932, ''),
(5933, ''),
(5934, ''),
(5935, ''),
(5936, ''),
(5937, ''),
(5938, ''),
(5939, ''),
(5940, ''),
(5941, ''),
(5942, ''),
(5943, ''),
(5944, 'bluetooth'),
(5945, 'walkman'),
(5946, '[ru]'),
(5947, ''),
(5948, ''),
(5949, ''),
(5950, ''),
(5951, ''),
(5952, ''),
(5953, ''),
(5954, 'wm-port:'),
(5955, ''),
(5956, ''),
(5957, ''),
(5958, 'bluetooth'),
(5959, 'mp3-'),
(5960, 'mp3-'),
(5961, 'mp3-'),
(5962, ''),
(5963, ''),
(5964, ''),
(5965, ''),
(5966, 'logitech'),
(5967, 'effects.'),
(5968, ''),
(5969, ''),
(5970, ''),
(5971, 'zeiss'),
(5972, ''),
(5973, ''),
(5974, '\r\n'),
(5975, 'zeiss'),
(5976, ''),
(5977, ''),
(5978, ''),
(5979, ''),
(5980, ''),
(5981, ''),
(5982, ''),
(5983, ''),
(5984, ''),
(5985, ''),
(5986, ''),
(5987, ''),
(5988, ''),
(5989, ''),
(5990, ''),
(5991, 'rightlight.'),
(5992, ''),
(5993, ''),
(5994, ''),
(5995, '\r\n'),
(5996, ''),
(5997, ''),
(5998, ''),
(5999, ''),
(6000, ''),
(6001, ''),
(6002, ''),
(6003, '\r\n'),
(6004, ''),
(6005, ''),
(6006, ''),
(6007, ''),
(6008, 'zeiss'),
(6009, ''),
(6010, ''),
(6011, ''),
(6012, ''),
(6013, 'rightlight\r\n'),
(6014, ''),
(6015, ''),
(6016, ''),
(6017, ''),
(6018, ''),
(6019, ''),
(6020, ''),
(6021, ''),
(6022, ''),
(6023, ''),
(6024, ''),
(6025, ''),
(6026, ''),
(6027, ''),
(6028, ''),
(6029, ''),
(6030, ''),
(6031, ''),
(6032, ''),
(6033, ''),
(6034, ''),
(6035, ''),
(6036, ''),
(6037, ''),
(6038, ''),
(6039, ''),
(6040, ''),
(6041, ''),
(6042, ''),
(6043, ''),
(6044, ''),
(6045, ''),
(6046, ''),
(6047, ''),
(6048, ''),
(6049, 'usb-'),
(6050, ''),
(6051, ''),
(6052, ''),
(6053, ''),
(6054, '1280'),
(6055, ''),
(6056, ''),
(6057, ''),
(6058, ''),
(6059, ''),
(6060, ''),
(6061, ''),
(6062, ''),
(6063, ''),
(6064, ''),
(6065, ''),
(6066, ''),
(6067, ''),
(6068, ''),
(6069, ''),
(6070, '1280'),
(6071, ''),
(6072, ''),
(6073, ''),
(6074, ''),
(6075, ''),
(6076, ''),
(6077, ''),
(6078, ''),
(6079, ''),
(6080, ''),
(6081, ''),
(6082, ''),
(6083, ''),
(6084, ''),
(6085, ''),
(6086, ''),
(6087, ''),
(6088, ''),
(6089, ''),
(6090, '('),
(6091, ''),
(6092, ''),
(6093, ''),
(6094, ''),
(6095, ''),
(6096, ''),
(6097, ''),
(6098, ''),
(6099, ''),
(6100, ''),
(6101, ''),
(6102, ''),
(6103, ''),
(6104, ''),
(6105, ''),
(6106, ''),
(6107, ''),
(6108, ''),
(6109, ''),
(6110, ''),
(6111, ''),
(6112, ''),
(6113, ''),
(6114, ''),
(6115, ''),
(6116, ''),
(6117, ''),
(6118, ''),
(6119, ''),
(6120, ''),
(6121, ''),
(6122, ''),
(6123, ''),
(6124, ''),
(6125, ''),
(6126, 'usb-'),
(6127, ''),
(6128, ''),
(6129, ''),
(6130, ''),
(6131, '1280'),
(6132, ''),
(6133, ''),
(6134, ''),
(6135, ''),
(6136, ''),
(6137, ''),
(6138, ''),
(6139, ''),
(6140, ''),
(6141, ''),
(6142, ''),
(6143, ''),
(6144, ''),
(6145, ''),
(6146, ''),
(6147, '1280'),
(6148, ''),
(6149, ''),
(6150, ''),
(6151, ''),
(6152, ''),
(6153, ''),
(6154, ''),
(6155, ''),
(6156, ''),
(6157, ''),
(6158, ''),
(6159, ''),
(6160, ''),
(6161, ''),
(6162, ''),
(6163, ''),
(6164, ''),
(6165, ''),
(6166, ''),
(6167, ''),
(6168, ''),
(6169, ''),
(6170, ''),
(6171, ''),
(6172, ''),
(6173, ''),
(6174, ''),
(6175, ''),
(6176, ''),
(6177, ''),
(6178, ''),
(6179, ''),
(6180, ''),
(6181, ''),
(6182, ''),
(6183, ''),
(6184, ''),
(6185, ''),
(6186, ''),
(6187, ''),
(6188, ''),
(6189, ''),
(6190, ''),
(6191, ''),
(6192, ''),
(6193, ''),
(6194, ''),
(6195, ''),
(6196, ''),
(6197, ''),
(6198, ''),
(6199, ''),
(6200, ''),
(6201, ''),
(6202, ''),
(6203, ''),
(6204, ''),
(6205, ''),
(6206, ''),
(6207, ''),
(6208, ''),
(6209, ''),
(6210, ''),
(6211, 'logitech'),
(6212, ''),
(6213, ''),
(6214, ''),
(6215, 'zeiss'),
(6216, ''),
(6217, ''),
(6218, '\r\n'),
(6219, 'zeiss'),
(6220, ''),
(6221, ''),
(6222, ''),
(6223, ''),
(6224, ''),
(6225, ''),
(6226, ''),
(6227, ''),
(6228, ''),
(6229, ''),
(6230, ''),
(6231, ''),
(6232, ''),
(6233, ''),
(6234, ''),
(6235, ''),
(6236, ''),
(6237, ''),
(6238, '\r\n'),
(6239, ''),
(6240, ''),
(6241, ''),
(6242, ''),
(6243, ''),
(6244, ''),
(6245, ''),
(6246, '\r\n'),
(6247, ''),
(6248, ''),
(6249, ''),
(6250, ''),
(6251, 'zeiss'),
(6252, ''),
(6253, ''),
(6254, ''),
(6255, ''),
(6256, ''),
(6257, ''),
(6258, ''),
(6259, ''),
(6260, ''),
(6261, ''),
(6262, ''),
(6263, ''),
(6264, ''),
(6265, ''),
(6266, ''),
(6267, ''),
(6268, ''),
(6269, ''),
(6270, ''),
(6271, ''),
(6272, ''),
(6273, ''),
(6274, ''),
(6275, ''),
(6276, 'mp3-'),
(6277, '[ru]'),
(6278, ''),
(6279, ''),
(6280, ''),
(6281, ''),
(6282, ''),
(6283, ''),
(6284, 'bluetooth'),
(6285, 'walkman'),
(6286, 'mp3-'),
(6287, ''),
(6288, ''),
(6289, ''),
(6290, ''),
(6291, ''),
(6292, ''),
(6293, ''),
(6294, ''),
(6295, ''),
(6296, ''),
(6297, ''),
(6298, ''),
(6299, ''),
(6300, ''),
(6301, ''),
(6302, ''),
(6303, 'bluetooth'),
(6304, 'walkman'),
(6305, '[ru]'),
(6306, ''),
(6307, ''),
(6308, ''),
(6309, ''),
(6310, ''),
(6311, ''),
(6312, ''),
(6313, ''),
(6314, ''),
(6315, ''),
(6316, 'bluetooth'),
(6317, 'mp3-'),
(6318, 'mp3-'),
(6319, 'mp3-'),
(6320, 'mp3-'),
(6321, 'fm-'),
(6322, ''),
(6323, ''),
(6324, ''),
(6325, ''),
(6326, ''),
(6327, ''),
(6328, ''),
(6329, ''),
(6330, ''),
(6331, 'walkman'),
(6332, ''),
(6333, ''),
(6334, ''),
(6335, ''),
(6336, ''),
(6337, ''),
(6338, ''),
(6339, '\r\n'),
(6340, ''),
(6341, ''),
(6342, ''),
(6343, ''),
(6344, ''),
(6345, ''),
(6346, ''),
(6347, ''),
(6348, ''),
(6349, ''),
(6350, ''),
(6351, ''),
(6352, ''),
(6353, '\r\n'),
(6354, ''),
(6355, ''),
(6356, ''),
(6357, ''),
(6358, ''),
(6359, ''),
(6360, ''),
(6361, ''),
(6362, ''),
(6363, ''),
(6364, 'fm-'),
(6365, ''),
(6366, ''),
(6367, ''),
(6368, ''),
(6369, ''),
(6370, ''),
(6371, ''),
(6372, ''),
(6373, ''),
(6374, ''),
(6375, ''),
(6376, ''),
(6377, ''),
(6378, ''),
(6379, '\r\n'),
(6380, ''),
(6381, ''),
(6382, ''),
(6383, ''),
(6384, ''),
(6385, ''),
(6386, ''),
(6387, '\r\n'),
(6388, ''),
(6389, ''),
(6390, ''),
(6391, ''),
(6392, ''),
(6393, ''),
(6394, ''),
(6395, ''),
(6396, '\r\n'),
(6397, ''),
(6398, ''),
(6399, ''),
(6400, ''),
(6401, '\r\n'),
(6402, ''),
(6403, ''),
(6404, ''),
(6405, '\r\n'),
(6406, ''),
(6407, '(h.264/mpeg-4/divx'),
(6408, ''),
(6409, 'windows'),
(6410, ''),
(6411, ''),
(6412, '\r\n'),
(6413, ''),
(6414, ''),
(6415, ''),
(6416, ''),
(6417, '\r\n'),
(6418, ''),
(6419, ''),
(6420, ''),
(6421, ''),
(6422, ''),
(6423, ''),
(6424, '\r\n'),
(6425, ''),
(6426, ''),
(6427, ''),
(6428, ''),
(6429, ''),
(6430, ''),
(6431, ''),
(6432, ''),
(6433, ''),
(6434, ''),
(6435, ''),
(6436, ''),
(6437, ''),
(6438, ''),
(6439, ''),
(6440, ''),
(6441, ''),
(6442, ''),
(6443, ''),
(6444, ''),
(6445, ''),
(6446, ''),
(6447, ''),
(6448, ''),
(6449, ''),
(6450, ''),
(6451, ''),
(6452, ''),
(6453, ''),
(6454, ''),
(6455, ''),
(6456, ''),
(6457, 'fm-'),
(6458, ''),
(6459, ''),
(6460, ''),
(6461, ''),
(6462, ''),
(6463, ''),
(6464, ''),
(6465, ''),
(6466, ''),
(6467, ''),
(6468, ''),
(6469, ''),
(6470, ''),
(6471, ''),
(6472, ''),
(6473, ''),
(6474, '\r\n'),
(6475, ''),
(6476, ''),
(6477, ''),
(6478, ''),
(6479, ''),
(6480, ''),
(6481, ''),
(6482, ''),
(6483, ''),
(6484, ''),
(6485, '\r\n'),
(6486, ''),
(6487, ''),
(6488, ''),
(6489, ''),
(6490, 'walkman'),
(6491, '[ru]'),
(6492, ''),
(6493, ''),
(6494, ''),
(6495, ''),
(6496, ''),
(6497, ''),
(6498, '\r\n'),
(6499, 'walkman'),
(6500, ''),
(6501, ''),
(6502, ''),
(6503, ''),
(6504, ''),
(6505, ''),
(6506, ''),
(6507, '\r\n'),
(6508, ''),
(6509, 'mp3-'),
(6510, 'mp3-'),
(6511, 'mp3-'),
(6512, 'mp3-'),
(6513, '[ru]'),
(6514, ''),
(6515, 'mp3-'),
(6516, ''),
(6517, ''),
(6518, ''),
(6519, ''),
(6520, 'oled-'),
(6521, ''),
(6522, 'mp3-'),
(6523, ''),
(6524, ''),
(6525, ''),
(6526, ''),
(6527, ''),
(6528, ''),
(6529, ''),
(6530, ''),
(6531, ''),
(6532, ''),
(6533, ''),
(6534, '('),
(6535, ''),
(6536, ''),
(6537, ''),
(6538, ''),
(6539, ''),
(6540, ''),
(6541, ''),
(6542, ''),
(6543, ''),
(6544, ''),
(6545, '\r\n'),
(6546, ''),
(6547, ''),
(6548, ''),
(6549, '('),
(6550, ''),
(6551, ''),
(6552, ''),
(6553, '17'),
(6554, ''),
(6555, ''),
(6556, ''),
(6557, ''),
(6558, ''),
(6559, ''),
(6560, ''),
(6561, '\r\n'),
(6562, ''),
(6563, ''),
(6564, ''),
(6565, ''),
(6566, ''),
(6567, ''),
(6568, ''),
(6569, ''),
(6570, ''),
(6571, '\r\n'),
(6572, ''),
(6573, ''),
(6574, ''),
(6575, ''),
(6576, ''),
(6577, ''),
(6578, ''),
(6579, ''),
(6580, ''),
(6581, ''),
(6582, '\r\n'),
(6583, ''),
(6584, ''),
(6585, ''),
(6586, ''),
(6587, ''),
(6588, ''),
(6589, ''),
(6590, ''),
(6591, '\r\n'),
(6592, ''),
(6593, ''),
(6594, ''),
(6595, ''),
(6596, ''),
(6597, ''),
(6598, ''),
(6599, '\r\n'),
(6600, ''),
(6601, ''),
(6602, ''),
(6603, ''),
(6604, ''),
(6605, ''),
(6606, ''),
(6607, ''),
(6608, ''),
(6609, ''),
(6610, ''),
(6611, ''),
(6612, ''),
(6613, ''),
(6614, ''),
(6615, ''),
(6616, ''),
(6617, ''),
(6618, ''),
(6619, ''),
(6620, ''),
(6621, ''),
(6622, ''),
(6623, ''),
(6624, ''),
(6625, ''),
(6626, ''),
(6627, 'oled-'),
(6628, ''),
(6629, '('),
(6630, ''),
(6631, '\r\n'),
(6632, ''),
(6633, ''),
(6634, ''),
(6635, ''),
(6636, ''),
(6637, ''),
(6638, ''),
(6639, '\r\n'),
(6640, ''),
(6641, ''),
(6642, ''),
(6643, ''),
(6644, ''),
(6645, ''),
(6646, '\r\n'),
(6647, ''),
(6648, ''),
(6649, ''),
(6650, '('),
(6651, '\r\n'),
(6652, ''),
(6653, ''),
(6654, ''),
(6655, ''),
(6656, ''),
(6657, ''),
(6658, ''),
(6659, '('),
(6660, '\r\n180'),
(6661, ''),
(6662, ''),
(6663, ''),
(6664, ''),
(6665, ''),
(6666, ''),
(6667, '\r\n'),
(6668, ''),
(6669, ''),
(6670, ''),
(6671, ''),
(6672, ''),
(6673, 'sensme'),
(6674, ''),
(6675, ''),
(6676, ''),
(6677, ''),
(6678, ''),
(6679, ''),
(6680, ''),
(6681, ''),
(6682, ''),
(6683, ''),
(6684, ''),
(6685, ''),
(6686, ''),
(6687, ''),
(6688, ''),
(6689, ''),
(6690, ''),
(6691, ''),
(6692, ''),
(6693, ''),
(6694, ''),
(6695, ''),
(6696, 'mp3-'),
(6697, 'mp3-'),
(6698, 'mp3-'),
(6699, '[ru]'),
(6700, ''),
(6701, ''),
(6702, 'fm-'),
(6703, ''),
(6704, '[ru]'),
(6705, ''),
(6706, ''),
(6707, ''),
(6708, ''),
(6709, ''),
(6710, ''),
(6711, ''),
(6712, ''),
(6713, '\r\n'),
(6714, ''),
(6715, ''),
(6716, ''),
(6717, ''),
(6718, ''),
(6719, ''),
(6720, '\r\n'),
(6721, ''),
(6722, ''),
(6723, ''),
(6724, ''),
(6725, ''),
(6726, ''),
(6727, ''),
(6728, ''),
(6729, ''),
(6730, ''),
(6731, ''),
(6732, 'fm-'),
(6733, ''),
(6734, ''),
(6735, ''),
(6736, ''),
(6737, ''),
(6738, ''),
(6739, ''),
(6740, ''),
(6741, ''),
(6742, ''),
(6743, ''),
(6744, ''),
(6745, ''),
(6746, ''),
(6747, ''),
(6748, ''),
(6749, ''),
(6750, ''),
(6751, '\r\n2,2-'),
(6752, ''),
(6753, ''),
(6754, ''),
(6755, ''),
(6756, ''),
(6757, ''),
(6758, ''),
(6759, '\r\n'),
(6760, ''),
(6761, ''),
(6762, ''),
(6763, ''),
(6764, ''),
(6765, ''),
(6766, ''),
(6767, ''),
(6768, ''),
(6769, ''),
(6770, ''),
(6771, ''),
(6772, ''),
(6773, ''),
(6774, ''),
(6775, ''),
(6776, ''),
(6777, ''),
(6778, ''),
(6779, ''),
(6780, ''),
(6781, ''),
(6782, ''),
(6783, ''),
(6784, ''),
(6785, ''),
(6786, '[ru]'),
(6787, ''),
(6788, ''),
(6789, '\r\n		'),
(6790, ''),
(6791, ''),
(6792, '\r\n		'),
(6793, '\r\n		'),
(6794, ''),
(6795, ''),
(6796, ''),
(6797, ''),
(6798, '[ru]'),
(6799, ''),
(6800, ''),
(6801, ''),
(6802, ''),
(6803, ''),
(6804, ''),
(6805, ''),
(6806, ''),
(6807, ''),
(6808, '178'),
(6809, ''),
(6810, ''),
(6811, ''),
(6812, ''),
(6813, ''),
(6814, ''),
(6815, '('),
(6816, ''),
(6817, ''),
(6818, ''),
(6819, ''),
(6820, ''),
(6821, ''),
(6822, ''),
(6823, ''),
(6824, ''),
(6825, ''),
(6826, ''),
(6827, ''),
(6828, ''),
(6829, ''),
(6830, ''),
(6831, ''),
(6832, 'ips-'),
(6833, ''),
(6834, ''),
(6835, ''),
(6836, ''),
(6837, '178'),
(6838, ''),
(6839, ''),
(6840, ''),
(6841, ''),
(6842, ''),
(6843, '[ru]'),
(6844, ''),
(6845, ''),
(6846, '[ru]'),
(6847, ''),
(6848, ''),
(6849, ''),
(6850, ''),
(6851, ''),
(6852, ''),
(6853, ''),
(6854, ''),
(6855, ''),
(6856, ''),
(6857, ''),
(6858, ''),
(6859, ''),
(6860, ''),
(6861, ''),
(6862, ''),
(6863, '\r\n'),
(6864, '"'),
(6865, ''),
(6866, ''),
(6867, ''),
(6868, ''),
(6869, ''),
(6870, ''),
(6871, ''),
(6872, ''),
(6873, ''),
(6874, ''),
(6875, ''),
(6876, ''),
(6877, '\r\n'),
(6878, ''),
(6879, ''),
(6880, ''),
(6881, ''),
(6882, ''),
(6883, ''),
(6884, ''),
(6885, '\r\n'),
(6886, ''),
(6887, ''),
(6888, ''),
(6889, ''),
(6890, ''),
(6891, ''),
(6892, ''),
(6893, ''),
(6894, ''),
(6895, ''),
(6896, '\r\n'),
(6897, ''),
(6898, ''),
(6899, ''),
(6900, ''),
(6901, ''),
(6902, ''),
(6903, ''),
(6904, ''),
(6905, ''),
(6906, ''),
(6907, ''),
(6908, ''),
(6909, ''),
(6910, '\r\n'),
(6911, ''),
(6912, ''),
(6913, ''),
(6914, ''),
(6915, ''),
(6916, ''),
(6917, ''),
(6918, '\r\n'),
(6919, ''),
(6920, ''),
(6921, ''),
(6922, ''),
(6923, ''),
(6924, ''),
(6925, ''),
(6926, ''),
(6927, ''),
(6928, '\r\n'),
(6929, ''),
(6930, ''),
(6931, ''),
(6932, ''),
(6933, ''),
(6934, '\r\n'),
(6935, ''),
(6936, ''),
(6937, ''),
(6938, ''),
(6939, ''),
(6940, ''),
(6941, '3d-'),
(6942, ''),
(6943, ''),
(6944, ''),
(6945, ''),
(6946, ''),
(6947, ''),
(6948, ''),
(6949, '\r\n'),
(6950, '3d-'),
(6951, ''),
(6952, ''),
(6953, ''),
(6954, ''),
(6955, ''),
(6956, ''),
(6957, ''),
(6958, ''),
(6959, ''),
(6960, ''),
(6961, ''),
(6962, ''),
(6963, ''),
(6964, ''),
(6965, ''),
(6966, ''),
(6967, ''),
(6968, ''),
(6969, ''),
(6970, ''),
(6971, ''),
(6972, '\r\n'),
(6973, ''),
(6974, ''),
(6975, ''),
(6976, ''),
(6977, ''),
(6978, '\r\n'),
(6979, ''),
(6980, ''),
(6981, ''),
(6982, ''),
(6983, ''),
(6984, ''),
(6985, '\r\n'),
(6986, '('),
(6987, ''),
(6988, ''),
(6989, ''),
(6990, ''),
(6991, ''),
(6992, '\r\n'),
(6993, ''),
(6994, ''),
(6995, ''),
(6996, 'usb-'),
(6997, ''),
(6998, ''),
(6999, ''),
(7000, ''),
(7001, '\r\n'),
(7002, ''),
(7003, ''),
(7004, ''),
(7005, ''),
(7006, ''),
(7007, '[ru]'),
(7008, ''),
(7009, ''),
(7010, '[ru]'),
(7011, ''),
(7012, ''),
(7013, ''),
(7014, '[ru]'),
(7015, ''),
(7016, ''),
(7017, ''),
(7018, ''),
(7019, ''),
(7020, ''),
(7021, ''),
(7022, ''),
(7023, ''),
(7024, ''),
(7025, ''),
(7026, ''),
(7027, ''),
(7028, ''),
(7029, ''),
(7030, '\r\n'),
(7031, ''),
(7032, ''),
(7033, ''),
(7034, ''),
(7035, ''),
(7036, ''),
(7037, ''),
(7038, ''),
(7039, '\r\n'),
(7040, ''),
(7041, ''),
(7042, ''),
(7043, ''),
(7044, ''),
(7045, ''),
(7046, ''),
(7047, ''),
(7048, ''),
(7049, ''),
(7050, ''),
(7051, ''),
(7052, ''),
(7053, ''),
(7054, ''),
(7055, ''),
(7056, '\r\n'),
(7057, ''),
(7058, ''),
(7059, ''),
(7060, ''),
(7061, ''),
(7062, ''),
(7063, ''),
(7064, ''),
(7065, ''),
(7066, ''),
(7067, ''),
(7068, ''),
(7069, ''),
(7070, '\r\n'),
(7071, ''),
(7072, ''),
(7073, ''),
(7074, ''),
(7075, ''),
(7076, ''),
(7077, ''),
(7078, '\r\n'),
(7079, ''),
(7080, ''),
(7081, ''),
(7082, ''),
(7083, ''),
(7084, ''),
(7085, ''),
(7086, ''),
(7087, ''),
(7088, ''),
(7089, ''),
(7090, ''),
(7091, ''),
(7092, ''),
(7093, ''),
(7094, ''),
(7095, ''),
(7096, ''),
(7097, '\r\n'),
(7098, ''),
(7099, ''),
(7100, ''),
(7101, ''),
(7102, ''),
(7103, ''),
(7104, ''),
(7105, '\r\n'),
(7106, ''),
(7107, ''),
(7108, ''),
(7109, ''),
(7110, ''),
(7111, '\r\n'),
(7112, ''),
(7113, ''),
(7114, ''),
(7115, ''),
(7116, ''),
(7117, ''),
(7118, '\r\n'),
(7119, ''),
(7120, ''),
(7121, ''),
(7122, ''),
(7123, ''),
(7124, ''),
(7125, ''),
(7126, ''),
(7127, ''),
(7128, ''),
(7129, ''),
(7130, ''),
(7131, ''),
(7132, ''),
(7133, ''),
(7134, ''),
(7135, ''),
(7136, ''),
(7137, ''),
(7138, ''),
(7139, ''),
(7140, ''),
(7141, ''),
(7142, '\r\n'),
(7143, ''),
(7144, ''),
(7145, ''),
(7146, ''),
(7147, ''),
(7148, ''),
(7149, ''),
(7150, '\r\n'),
(7151, ''),
(7152, ''),
(7153, ''),
(7154, ''),
(7155, ''),
(7156, ''),
(7157, '[ru]'),
(7158, ''),
(7159, ''),
(7160, ''),
(7161, ''),
(7162, ''),
(7163, ''),
(7164, ''),
(7165, ''),
(7166, ''),
(7167, ''),
(7168, ''),
(7169, ''),
(7170, ''),
(7171, ''),
(7172, ''),
(7173, ''),
(7174, ''),
(7175, ''),
(7176, ''),
(7177, ''),
(7178, ''),
(7179, ''),
(7180, '('),
(7181, ''),
(7182, ''),
(7183, ''),
(7184, ''),
(7185, ''),
(7186, ''),
(7187, ''),
(7188, ''),
(7189, ''),
(7190, ''),
(7191, ''),
(7192, ''),
(7193, ''),
(7194, ''),
(7195, ''),
(7196, ''),
(7197, '('),
(7198, ''),
(7199, ''),
(7200, ''),
(7201, ''),
(7202, ''),
(7203, ''),
(7204, ''),
(7205, ''),
(7206, ''),
(7207, ''),
(7208, ''),
(7209, ''),
(7210, ''),
(7211, ''),
(7212, ''),
(7213, ''),
(7214, ''),
(7215, ''),
(7216, ''),
(7217, ''),
(7218, ''),
(7219, ''),
(7220, ''),
(7221, ''),
(7222, ''),
(7223, ''),
(7224, ''),
(7225, ''),
(7226, ''),
(7227, ''),
(7228, ''),
(7229, ''),
(7230, ''),
(7231, ''),
(7232, ''),
(7233, ''),
(7234, ''),
(7235, ''),
(7236, ''),
(7237, ''),
(7238, ''),
(7239, ''),
(7240, ''),
(7241, ''),
(7242, ''),
(7243, ''),
(7244, ''),
(7245, ''),
(7246, ''),
(7247, ''),
(7248, ''),
(7249, ''),
(7250, ''),
(7251, ''),
(7252, ''),
(7253, ''),
(7254, ''),
(7255, '[ru]'),
(7256, ''),
(7257, ''),
(7258, ''),
(7259, ''),
(7260, ''),
(7261, ''),
(7262, ''),
(7263, ''),
(7264, ''),
(7265, '178'),
(7266, ''),
(7267, ''),
(7268, ''),
(7269, ''),
(7270, ''),
(7271, ''),
(7272, ''),
(7273, ''),
(7274, ''),
(7275, ''),
(7276, ''),
(7277, '('),
(7278, ''),
(7279, ''),
(7280, ''),
(7281, ''),
(7282, ''),
(7283, ''),
(7284, ''),
(7285, ''),
(7286, ''),
(7287, ''),
(7288, ''),
(7289, ''),
(7290, ''),
(7291, ''),
(7292, ''),
(7293, ''),
(7294, ''),
(7295, ''),
(7296, ''),
(7297, ''),
(7298, ''),
(7299, ''),
(7300, ''),
(7301, ''),
(7302, ''),
(7303, 'ips-'),
(7304, ''),
(7305, ''),
(7306, ''),
(7307, ''),
(7308, '178'),
(7309, ''),
(7310, ''),
(7311, ''),
(7312, ''),
(7313, ''),
(7314, ''),
(7315, ''),
(7316, ''),
(7317, ''),
(7318, '[ru]'),
(7319, ''),
(7320, ''),
(7321, ''),
(7322, ''),
(7323, ''),
(7324, ''),
(7325, ''),
(7326, ''),
(7327, ''),
(7328, '178'),
(7329, ''),
(7330, ''),
(7331, ''),
(7332, ''),
(7333, ''),
(7334, ''),
(7335, '('),
(7336, ''),
(7337, ''),
(7338, ''),
(7339, ''),
(7340, ''),
(7341, ''),
(7342, ''),
(7343, ''),
(7344, ''),
(7345, ''),
(7346, ''),
(7347, ''),
(7348, ''),
(7349, ''),
(7350, ''),
(7351, ''),
(7352, ''),
(7353, 'ips-'),
(7354, ''),
(7355, ''),
(7356, ''),
(7357, ''),
(7358, '178'),
(7359, ''),
(7360, ''),
(7361, ''),
(7362, ''),
(7363, ''),
(7364, ''),
(7365, ''),
(7366, '[ru]'),
(7367, ''),
(7368, ''),
(7369, '\r\n'),
(7370, ''),
(7371, ''),
(7372, ''),
(7373, ''),
(7374, ''),
(7375, '\r\n'),
(7376, ''),
(7377, ''),
(7378, ''),
(7379, ''),
(7380, ''),
(7381, ''),
(7382, ''),
(7383, ''),
(7384, ''),
(7385, ''),
(7386, ''),
(7387, ''),
(7388, ''),
(7389, ''),
(7390, ''),
(7391, '\r\n'),
(7392, ''),
(7393, ''),
(7394, ''),
(7395, ''),
(7396, ''),
(7397, '\r\n'),
(7398, ''),
(7399, ''),
(7400, ''),
(7401, ''),
(7402, ''),
(7403, ''),
(7404, '\r\n'),
(7405, ''),
(7406, ''),
(7407, ''),
(7408, ''),
(7409, ''),
(7410, ''),
(7411, '\r\n'),
(7412, ''),
(7413, ''),
(7414, ''),
(7415, ''),
(7416, ''),
(7417, ''),
(7418, ''),
(7419, ''),
(7420, '\r\n'),
(7421, ''),
(7422, ''),
(7423, ''),
(7424, ''),
(7425, ''),
(7426, ''),
(7427, '\r\n'),
(7428, ''),
(7429, ''),
(7430, ''),
(7431, ''),
(7432, ''),
(7433, ''),
(7434, ''),
(7435, ''),
(7436, '\r\n'),
(7437, ''),
(7438, ''),
(7439, ''),
(7440, ''),
(7441, ''),
(7442, ''),
(7443, ''),
(7444, ''),
(7445, '\r\n'),
(7446, ''),
(7447, ''),
(7448, ''),
(7449, ''),
(7450, ''),
(7451, ''),
(7452, '\r\n'),
(7453, ''),
(7454, ''),
(7455, ''),
(7456, ''),
(7457, ''),
(7458, ''),
(7459, ''),
(7460, ''),
(7461, ''),
(7462, ''),
(7463, ''),
(7464, ''),
(7465, ''),
(7466, ''),
(7467, ''),
(7468, ''),
(7469, ''),
(7470, ''),
(7471, ''),
(7472, '\r\n'),
(7473, ''),
(7474, ''),
(7475, ''),
(7476, ''),
(7477, ''),
(7478, ''),
(7479, ''),
(7480, ''),
(7481, ''),
(7482, ''),
(7483, ''),
(7484, ''),
(7485, ''),
(7486, ''),
(7487, ''),
(7488, ''),
(7489, ''),
(7490, ''),
(7491, ''),
(7492, ''),
(7493, ''),
(7494, ''),
(7495, ''),
(7496, ''),
(7497, ''),
(7498, ''),
(7499, ''),
(7500, ''),
(7501, ''),
(7502, ''),
(7503, ''),
(7504, ''),
(7505, ''),
(7506, '[ru]'),
(7507, ''),
(7508, ''),
(7509, ''),
(7510, ''),
(7511, ''),
(7512, ''),
(7513, ''),
(7514, ''),
(7515, ''),
(7516, '178'),
(7517, ''),
(7518, ''),
(7519, ''),
(7520, ''),
(7521, ''),
(7522, ''),
(7523, '('),
(7524, ''),
(7525, ''),
(7526, ''),
(7527, ''),
(7528, ''),
(7529, ''),
(7530, ''),
(7531, ''),
(7532, ''),
(7533, ''),
(7534, ''),
(7535, ''),
(7536, ''),
(7537, ''),
(7538, ''),
(7539, ''),
(7540, ''),
(7541, 'ips-'),
(7542, ''),
(7543, ''),
(7544, ''),
(7545, ''),
(7546, '178'),
(7547, ''),
(7548, ''),
(7549, ''),
(7550, ''),
(7551, ''),
(7552, ''),
(7553, ''),
(7554, ''),
(7555, ''),
(7556, ''),
(7557, ''),
(7558, ''),
(7559, ''),
(7560, ''),
(7561, ''),
(7562, ''),
(7563, ''),
(7564, ''),
(7565, ''),
(7566, ''),
(7567, ''),
(7568, '5,1-'),
(7569, ''),
(7570, ''),
(7571, ''),
(7572, ''),
(7573, ''),
(7574, ''),
(7575, ''),
(7576, ''),
(7577, ''),
(7578, ''),
(7579, ''),
(7580, ''),
(7581, ''),
(7582, ''),
(7583, ''),
(7584, ''),
(7585, ''),
(7586, ''),
(7587, ''),
(7588, ''),
(7589, ''),
(7590, ''),
(7591, ''),
(7592, ''),
(7593, ''),
(7594, '1080'),
(7595, ''),
(7596, ''),
(7597, ''),
(7598, ''),
(7599, ''),
(7600, ''),
(7601, ''),
(7602, ''),
(7603, ''),
(7604, ''),
(7605, ''),
(7606, '[ru]'),
(7607, ''),
(7608, ''),
(7609, ''),
(7610, ''),
(7611, ''),
(7612, ''),
(7613, ''),
(7614, '('),
(7615, ''),
(7616, ''),
(7617, '35'),
(7618, ''),
(7619, ''),
(7620, ''),
(7621, ''),
(7622, ''),
(7623, ''),
(7624, ''),
(7625, ''),
(7626, ''),
(7627, ''),
(7628, ''),
(7629, ''),
(7630, ''),
(7631, ''),
(7632, ''),
(7633, ''),
(7634, ''),
(7635, ''),
(7636, ''),
(7637, ''),
(7638, ''),
(7639, '1-'),
(7640, ''),
(7641, ''),
(7642, ''),
(7643, ''),
(7644, ''),
(7645, ''),
(7646, ''),
(7647, ''),
(7648, ''),
(7649, ''),
(7650, ''),
(7651, ''),
(7652, ''),
(7653, ''),
(7654, ''),
(7655, ''),
(7656, ''),
(7657, ''),
(7658, ''),
(7659, ''),
(7660, ''),
(7661, ''),
(7662, ''),
(7663, ''),
(7664, ''),
(7665, ''),
(7666, '[ru]'),
(7667, ''),
(7668, ''),
(7669, ''),
(7670, ''),
(7671, '[ru]'),
(7672, ''),
(7673, ''),
(7674, ''),
(7675, ''),
(7676, ''),
(7677, ''),
(7678, ''),
(7679, ''),
(7680, ''),
(7681, ''),
(7682, ''),
(7683, ''),
(7684, ''),
(7685, ''),
(7686, ''),
(7687, ''),
(7688, ''),
(7689, ''),
(7690, ''),
(7691, ''),
(7692, ''),
(7693, ''),
(7694, ''),
(7695, ''),
(7696, ''),
(7697, ''),
(7698, ''),
(7699, ''),
(7700, ''),
(7701, ''),
(7702, ''),
(7703, ''),
(7704, '\r\n'),
(7705, ''),
(7706, ''),
(7707, ''),
(7708, ''),
(7709, ''),
(7710, ''),
(7711, ''),
(7712, ''),
(7713, ''),
(7714, ''),
(7715, ''),
(7716, ''),
(7717, ''),
(7718, ''),
(7719, ''),
(7720, ''),
(7721, ''),
(7722, ''),
(7723, ''),
(7724, ''),
(7725, ''),
(7726, ''),
(7727, ''),
(7728, ''),
(7729, ''),
(7730, ''),
(7731, ''),
(7732, ''),
(7733, ''),
(7734, ''),
(7735, ''),
(7736, ''),
(7737, '&nbsp;'),
(7738, ''),
(7739, ''),
(7740, ''),
(7741, ''),
(7742, '('),
(7743, ''),
(7744, 'li-'),
(7745, ''),
(7746, ''),
(7747, ''),
(7748, ''),
(7749, ''),
(7750, ''),
(7751, ''),
(7752, ''),
(7753, ''),
(7754, ''),
(7755, ''),
(7756, ''),
(7757, ''),
(7758, ''),
(7759, ''),
(7760, ''),
(7761, 'handycam'),
(7762, 'shutter'),
(7763, ''),
(7764, ''),
(7765, ''),
(7766, ''),
(7767, ''),
(7768, ''),
(7769, '\r\n'),
(7770, ''),
(7771, ''),
(7772, ''),
(7773, ''),
(7774, ''),
(7775, ''),
(7776, ''),
(7777, '\r\n'),
(7778, ''),
(7779, ''),
(7780, ''),
(7781, ''),
(7782, ''),
(7783, ''),
(7784, ''),
(7785, ''),
(7786, '\r\n'),
(7787, ''),
(7788, ''),
(7789, ''),
(7790, ''),
(7791, ''),
(7792, ''),
(7793, ''),
(7794, ''),
(7795, ''),
(7796, ''),
(7797, ''),
(7798, ''),
(7799, ''),
(7800, ''),
(7801, ''),
(7802, 'handycam'),
(7803, 'shutter'),
(7804, 'duo'),
(7805, 'duo'),
(7806, 'duo'),
(7807, 'stick'),
(7808, 'shutter'),
(7809, 'shutter'),
(7810, 'bionz'),
(7811, 'clearvid'),
(7812, 'exmor'),
(7813, 'bionz'),
(7814, '\r\nsony'),
(7815, 'exmor'),
(7816, 'bionz'),
(7817, '[ru]'),
(7818, ''),
(7819, ''),
(7820, ''),
(7821, ''),
(7822, ''),
(7823, ''),
(7824, ''),
(7825, ''),
(7826, ''),
(7827, ''),
(7828, ''),
(7829, ''),
(7830, ''),
(7831, ''),
(7832, ''),
(7833, '[ru]'),
(7834, ''),
(7835, ''),
(7836, '[ru]'),
(7837, ''),
(7838, ''),
(7839, ''),
(7840, ''),
(7841, ''),
(7842, ''),
(7843, ''),
(7844, ''),
(7845, '\r\n'),
(7846, ''),
(7847, ''),
(7848, ''),
(7849, ''),
(7850, ''),
(7851, ''),
(7852, ''),
(7853, ''),
(7854, ''),
(7855, ''),
(7856, ''),
(7857, ''),
(7858, '\r\n'),
(7859, ''),
(7860, ''),
(7861, ''),
(7862, ''),
(7863, ''),
(7864, ''),
(7865, '\r\n'),
(7866, ''),
(7867, ''),
(7868, ''),
(7869, ''),
(7870, ''),
(7871, ''),
(7872, ''),
(7873, '\r\n'),
(7874, ''),
(7875, ''),
(7876, ''),
(7877, ''),
(7878, ''),
(7879, ''),
(7880, ''),
(7881, ''),
(7882, ''),
(7883, '[ru]'),
(7884, ''),
(7885, ''),
(7886, ''),
(7887, ''),
(7888, ''),
(7889, ''),
(7890, ''),
(7891, ''),
(7892, ''),
(7893, ''),
(7894, ''),
(7895, ''),
(7896, ''),
(7897, ''),
(7898, ''),
(7899, ''),
(7900, ''),
(7901, '\r\n'),
(7902, ''),
(7903, ''),
(7904, ''),
(7905, ''),
(7906, ''),
(7907, ''),
(7908, ''),
(7909, ''),
(7910, '\r\n'),
(7911, ''),
(7912, ''),
(7913, ''),
(7914, ''),
(7915, 'dvd-'),
(7916, ''),
(7917, ''),
(7918, ''),
(7919, '[en]world'),
(7920, 'world'),
(7921, '[ru]'),
(7922, '[ru]'),
(7923, ''),
(7924, ''),
(7925, ''),
(7926, ''),
(7927, '\r\n('),
(7928, ''),
(7929, ''),
(7930, ''),
(7931, '\r\n'),
(7932, ''),
(7933, ''),
(7934, ''),
(7935, '\r\n'),
(7936, ''),
(7937, ''),
(7938, ''),
(7939, '28'),
(7940, ''),
(7941, ''),
(7942, ''),
(7943, 'world'),
(7944, 'world'),
(7945, ''),
(7946, '[ru]'),
(7947, ''),
(7948, ''),
(7949, ''),
(7950, ''),
(7951, ''),
(7952, ''),
(7953, '\r\n'),
(7954, ''),
(7955, ''),
(7956, ''),
(7957, ''),
(7958, ''),
(7959, ''),
(7960, ''),
(7961, ''),
(7962, ''),
(7963, ''),
(7964, ''),
(7965, ''),
(7966, ''),
(7967, ''),
(7968, ''),
(7969, ''),
(7970, ''),
(7971, '\r\n'),
(7972, ''),
(7973, ''),
(7974, ''),
(7975, ''),
(7976, ''),
(7977, ''),
(7978, ''),
(7979, ''),
(7980, ''),
(7981, ''),
(7982, '\r\n'),
(7983, ''),
(7984, ''),
(7985, ''),
(7986, ''),
(7987, ''),
(7988, ''),
(7989, ''),
(7990, ''),
(7991, ''),
(7992, ''),
(7993, ''),
(7994, ''),
(7995, ''),
(7996, ''),
(7997, ''),
(7998, ''),
(7999, ''),
(8000, ''),
(8001, ''),
(8002, ''),
(8003, ''),
(8004, ''),
(8005, ''),
(8006, ''),
(8007, ''),
(8008, ''),
(8009, ''),
(8010, '\r\n'),
(8011, ''),
(8012, ''),
(8013, ''),
(8014, ''),
(8015, '\r\n'),
(8016, ''),
(8017, ''),
(8018, ''),
(8019, ''),
(8020, ''),
(8021, ''),
(8022, '\r\n'),
(8023, ''),
(8024, ''),
(8025, ''),
(8026, ''),
(8027, ''),
(8028, ''),
(8029, ''),
(8030, '\r\n'),
(8031, ''),
(8032, ''),
(8033, ''),
(8034, ''),
(8035, ''),
(8036, ''),
(8037, ''),
(8038, ''),
(8039, ''),
(8040, ''),
(8041, '\r\n'),
(8042, ''),
(8043, '1-'),
(8044, ''),
(8045, '('),
(8046, ''),
(8047, ''),
(8048, '\r\n'),
(8049, ''),
(8050, ''),
(8051, ''),
(8052, '[ru]'),
(8053, ''),
(8054, ''),
(8055, ''),
(8056, ''),
(8057, ''),
(8058, ''),
(8059, ''),
(8060, ''),
(8061, '7,1-'),
(8062, '1/2,5-'),
(8063, '\r\n'),
(8064, '10-'),
(8065, ''),
(8066, ''),
(8067, ''),
(8068, ''),
(8069, '\r\n'),
(8070, ''),
(8071, ''),
(8072, ''),
(8073, ''),
(8074, '('),
(8075, ''),
(8076, ''),
(8077, '\r\n'),
(8078, ''),
(8079, ''),
(8080, ''),
(8081, ''),
(8082, ''),
(8083, ''),
(8084, ''),
(8085, ''),
(8086, ''),
(8087, ''),
(8088, '1280'),
(8089, ''),
(8090, ''),
(8091, ''),
(8092, ''),
(8093, ''),
(8094, ''),
(8095, ''),
(8096, ''),
(8097, ''),
(8098, ''),
(8099, ''),
(8100, ''),
(8101, ''),
(8102, ''),
(8103, ''),
(8104, ''),
(8105, ''),
(8106, ''),
(8107, ''),
(8108, ''),
(8109, ''),
(8110, ''),
(8111, ''),
(8112, ''),
(8113, ''),
(8114, ''),
(8115, ''),
(8116, ''),
(8117, ''),
(8118, ''),
(8119, ''),
(8120, ''),
(8121, ''),
(8122, ''),
(8123, ''),
(8124, ''),
(8125, ''),
(8126, ''),
(8127, ''),
(8128, ''),
(8129, ''),
(8130, ''),
(8131, ''),
(8132, ''),
(8133, ''),
(8134, ''),
(8135, ''),
(8136, ''),
(8137, ''),
(8138, ''),
(8139, ''),
(8140, '\r\n'),
(8141, ''),
(8142, ''),
(8143, ''),
(8144, ''),
(8145, ''),
(8146, '\r\n'),
(8147, ''),
(8148, ''),
(8149, ''),
(8150, ''),
(8151, ''),
(8152, ''),
(8153, ''),
(8154, ''),
(8155, ''),
(8156, ''),
(8157, ''),
(8158, ''),
(8159, ''),
(8160, ''),
(8161, ''),
(8162, ''),
(8163, ''),
(8164, ''),
(8165, ''),
(8166, '\r\n'),
(8167, ''),
(8168, ''),
(8169, ''),
(8170, ''),
(8171, ''),
(8172, ''),
(8173, ''),
(8174, ''),
(8175, ''),
(8176, ''),
(8177, ''),
(8178, ''),
(8179, ''),
(8180, ''),
(8181, ''),
(8182, '\r\n'),
(8183, ''),
(8184, ''),
(8185, ''),
(8186, ''),
(8187, ''),
(8188, ''),
(8189, ''),
(8190, '\r\n'),
(8191, ''),
(8192, ''),
(8193, ''),
(8194, ''),
(8195, ''),
(8196, ''),
(8197, ''),
(8198, ''),
(8199, ''),
(8200, ''),
(8201, ''),
(8202, '('),
(8203, ''),
(8204, '\r\n'),
(8205, ''),
(8206, ''),
(8207, ''),
(8208, ''),
(8209, ''),
(8210, ''),
(8211, ''),
(8212, ''),
(8213, ''),
(8214, '\r\n'),
(8215, ''),
(8216, ''),
(8217, ''),
(8218, ''),
(8219, ''),
(8220, ''),
(8221, ''),
(8222, ''),
(8223, ''),
(8224, ''),
(8225, ''),
(8226, ''),
(8227, ''),
(8228, ''),
(8229, ''),
(8230, ''),
(8231, '\r\n'),
(8232, ''),
(8233, ''),
(8234, ''),
(8235, ''),
(8236, ''),
(8237, ''),
(8238, ''),
(8239, ''),
(8240, ''),
(8241, ''),
(8242, ''),
(8243, ''),
(8244, ''),
(8245, ''),
(8246, ''),
(8247, ''),
(8248, ''),
(8249, ''),
(8250, ''),
(8251, ''),
(8252, ''),
(8253, ''),
(8254, ''),
(8255, ''),
(8256, ''),
(8257, ''),
(8258, '\r\n'),
(8259, ''),
(8260, ''),
(8261, ''),
(8262, ''),
(8263, ''),
(8264, ''),
(8265, ''),
(8266, ''),
(8267, '\r\n'),
(8268, ''),
(8269, ''),
(8270, ''),
(8271, ''),
(8272, ''),
(8273, ''),
(8274, ''),
(8275, ''),
(8276, ''),
(8277, '\r\n'),
(8278, ''),
(8279, ''),
(8280, ''),
(8281, ''),
(8282, ''),
(8283, ''),
(8284, ''),
(8285, ''),
(8286, ''),
(8287, ''),
(8288, '\r\n'),
(8289, ''),
(8290, ''),
(8291, ''),
(8292, ''),
(8293, ''),
(8294, ''),
(8295, ''),
(8296, ''),
(8297, ''),
(8298, '\r\n'),
(8299, ''),
(8300, '[ru]'),
(8301, ''),
(8302, ''),
(8303, ''),
(8304, '4368'),
(8305, ''),
(8306, ''),
(8307, ''),
(8308, ''),
(8309, ''),
(8310, ''),
(8311, ''),
(8312, ''),
(8313, ''),
(8314, ''),
(8315, ''),
(8316, ''),
(8317, ''),
(8318, ''),
(8319, ''),
(8320, ''),
(8321, '\r\n'),
(8322, ''),
(8323, ''),
(8324, ''),
(8325, ''),
(8326, '\r\n'),
(8327, ''),
(8328, ''),
(8329, ''),
(8330, ''),
(8331, ''),
(8332, ''),
(8333, ''),
(8334, ''),
(8335, ''),
(8336, ''),
(8337, ''),
(8338, '[ru]'),
(8339, '[ru]'),
(8340, '[ru]'),
(8341, ''),
(8342, ''),
(8343, ''),
(8344, ''),
(8345, ''),
(8346, ''),
(8347, ''),
(8348, ''),
(8349, ''),
(8350, ''),
(8351, ''),
(8352, ''),
(8353, ''),
(8354, ''),
(8355, ''),
(8356, ''),
(8357, ''),
(8358, ''),
(8359, ''),
(8360, ''),
(8361, ''),
(8362, ''),
(8363, ''),
(8364, ''),
(8365, ''),
(8366, ''),
(8367, ''),
(8368, ''),
(8369, ''),
(8370, ''),
(8371, ''),
(8372, ''),
(8373, ''),
(8374, ''),
(8375, ''),
(8376, ''),
(8377, ''),
(8378, ''),
(8379, ''),
(8380, ''),
(8381, ''),
(8382, ''),
(8383, ''),
(8384, ''),
(8385, ''),
(8386, ''),
(8387, ''),
(8388, ''),
(8389, ''),
(8390, ''),
(8391, ''),
(8392, ''),
(8393, ''),
(8394, ''),
(8395, ''),
(8396, ''),
(8397, ''),
(8398, ''),
(8399, ''),
(8400, ''),
(8401, ''),
(8402, ''),
(8403, ''),
(8404, ''),
(8405, ''),
(8406, ''),
(8407, ''),
(8408, ''),
(8409, ''),
(8410, '('),
(8411, ''),
(8412, ''),
(8413, ''),
(8414, ''),
(8415, ''),
(8416, ''),
(8417, ''),
(8418, ''),
(8419, ''),
(8420, '\r\n'),
(8421, ''),
(8422, ''),
(8423, ''),
(8424, ''),
(8425, ''),
(8426, ''),
(8427, ''),
(8428, ''),
(8429, ''),
(8430, ''),
(8431, ''),
(8432, ''),
(8433, ''),
(8434, ''),
(8435, ''),
(8436, ''),
(8437, ''),
(8438, ''),
(8439, ''),
(8440, ''),
(8441, '[ru]'),
(8442, ''),
(8443, ''),
(8444, ''),
(8445, ''),
(8446, ''),
(8447, ''),
(8448, '('),
(8449, ''),
(8450, ''),
(8451, ''),
(8452, ''),
(8453, ''),
(8454, ''),
(8455, ''),
(8456, ''),
(8457, ''),
(8458, '\r\n'),
(8459, ''),
(8460, ''),
(8461, ''),
(8462, ''),
(8463, ''),
(8464, ''),
(8465, ''),
(8466, ''),
(8467, ''),
(8468, ''),
(8469, ''),
(8470, ''),
(8471, ''),
(8472, ''),
(8473, ''),
(8474, '[ru]'),
(8475, ''),
(8476, ''),
(8477, ''),
(8478, ''),
(8479, ''),
(8480, ''),
(8481, ''),
(8482, ''),
(8483, ''),
(8484, ''),
(8485, ''),
(8486, ''),
(8487, ''),
(8488, ''),
(8489, ''),
(8490, '\r\n'),
(8491, ''),
(8492, ''),
(8493, ''),
(8494, 'intel'),
(8495, 'centrino'),
(8496, ''),
(8497, ''),
(8498, ''),
(8499, ''),
(8500, ''),
(8501, ''),
(8502, ''),
(8503, ''),
(8504, ''),
(8505, ''),
(8506, ''),
(8507, ''),
(8508, ''),
(8509, ''),
(8510, ''),
(8511, ''),
(8512, ''),
(8513, ''),
(8514, ''),
(8515, ''),
(8516, ''),
(8517, ''),
(8518, ''),
(8519, ''),
(8520, ''),
(8521, ''),
(8522, ''),
(8523, ''),
(8524, ''),
(8525, ''),
(8526, '\r\n'),
(8527, ''),
(8528, ''),
(8529, ''),
(8530, '\r\n'),
(8531, ''),
(8532, ''),
(8533, ''),
(8534, ''),
(8535, ''),
(8536, ''),
(8537, ''),
(8538, ''),
(8539, ''),
(8540, ''),
(8541, ''),
(8542, ''),
(8543, ''),
(8544, ''),
(8545, ''),
(8546, ''),
(8547, ''),
(8548, ''),
(8549, ''),
(8550, ''),
(8551, ''),
(8552, ''),
(8553, ''),
(8554, ''),
(8555, ''),
(8556, ''),
(8557, ''),
(8558, ''),
(8559, ''),
(8560, ''),
(8561, ''),
(8562, ''),
(8563, ''),
(8564, ''),
(8565, ''),
(8566, ''),
(8567, ''),
(8568, 'microsoft'),
(8569, 'vista'),
(8570, ''),
(8571, ''),
(8572, ''),
(8573, ''),
(8574, ''),
(8575, 'vaio'),
(8576, ''),
(8577, 'vaio'),
(8578, ''),
(8579, 'vaio'),
(8580, ''),
(8581, ''),
(8582, '[ru]'),
(8583, ''),
(8584, ''),
(8585, ''),
(8586, ''),
(8587, ''),
(8588, ''),
(8589, ''),
(8590, ''),
(8591, ''),
(8592, ''),
(8593, ''),
(8594, ''),
(8595, ''),
(8596, ''),
(8597, ''),
(8598, '\r\n'),
(8599, ''),
(8600, ''),
(8601, ''),
(8602, ''),
(8603, '\r\n'),
(8604, ''),
(8605, ''),
(8606, ''),
(8607, ''),
(8608, ''),
(8609, ''),
(8610, ''),
(8611, ''),
(8612, ''),
(8613, ''),
(8614, ''),
(8615, ''),
(8616, ''),
(8617, ''),
(8618, ''),
(8619, ''),
(8620, ''),
(8621, ''),
(8622, ''),
(8623, 'vgn-tz398u/xc,'),
(8624, ''),
(8625, ''),
(8626, ''),
(8627, ''),
(8628, ''),
(8629, ''),
(8630, ''),
(8631, ''),
(8632, '('),
(8633, ''),
(8634, ''),
(8635, ''),
(8636, ''),
(8637, ''),
(8638, ''),
(8639, ''),
(8640, ''),
(8641, ''),
(8642, ''),
(8643, ''),
(8644, ''),
(8645, ''),
(8646, ''),
(8647, ''),
(8648, ''),
(8649, ''),
(8650, ''),
(8651, ''),
(8652, ''),
(8653, ''),
(8654, ''),
(8655, ''),
(8656, ''),
(8657, ''),
(8658, ''),
(8659, ''),
(8660, ''),
(8661, ''),
(8662, ''),
(8663, ''),
(8664, ''),
(8665, ''),
(8666, ''),
(8667, ''),
(8668, 'usb-'),
(8669, ''),
(8670, ''),
(8671, ''),
(8672, ''),
(8673, '1280?720'),
(8674, ''),
(8675, ''),
(8676, ''),
(8677, ''),
(8678, ''),
(8679, ''),
(8680, ''),
(8681, ''),
(8682, ''),
(8683, ''),
(8684, ''),
(8685, ''),
(8686, ''),
(8687, ''),
(8688, ''),
(8689, ''),
(8690, ''),
(8691, ''),
(8692, ''),
(8693, ''),
(8694, ''),
(8695, ''),
(8696, ''),
(8697, ''),
(8698, ''),
(8699, ''),
(8700, ''),
(8701, ''),
(8702, ''),
(8703, ''),
(8704, ''),
(8705, ''),
(8706, ''),
(8707, ''),
(8708, ''),
(8709, ''),
(8710, ''),
(8711, ''),
(8712, ''),
(8713, ''),
(8714, ''),
(8715, ''),
(8716, ''),
(8717, ''),
(8718, ''),
(8719, ''),
(8720, ''),
(8721, ''),
(8722, ''),
(8723, ''),
(8724, ''),
(8725, ''),
(8726, ''),
(8727, ''),
(8728, ''),
(8729, ''),
(8730, ''),
(8731, ''),
(8732, ''),
(8733, ''),
(8734, ''),
(8735, ''),
(8736, ''),
(8737, ''),
(8738, ''),
(8739, ''),
(8740, ''),
(8741, ''),
(8742, ''),
(8743, ''),
(8744, ''),
(8745, ''),
(8746, ''),
(8747, ''),
(8748, ''),
(8749, ''),
(8750, ''),
(8751, ''),
(8752, 'logitech'),
(8753, ''),
(8754, ''),
(8755, ''),
(8756, 'zeiss'),
(8757, ''),
(8758, ''),
(8759, '\r\n'),
(8760, 'zeiss'),
(8761, ''),
(8762, ''),
(8763, ''),
(8764, ''),
(8765, ''),
(8766, ''),
(8767, ''),
(8768, ''),
(8769, ''),
(8770, ''),
(8771, ''),
(8772, ''),
(8773, ''),
(8774, ''),
(8775, ''),
(8776, ''),
(8777, ''),
(8778, ''),
(8779, '\r\n'),
(8780, ''),
(8781, ''),
(8782, ''),
(8783, ''),
(8784, ''),
(8785, ''),
(8786, ''),
(8787, '\r\n'),
(8788, ''),
(8789, ''),
(8790, ''),
(8791, ''),
(8792, 'zeiss'),
(8793, ''),
(8794, ''),
(8795, ''),
(8796, ''),
(8797, ''),
(8798, ''),
(8799, ''),
(8800, ''),
(8801, ''),
(8802, ''),
(8803, ''),
(8804, ''),
(8805, ''),
(8806, ''),
(8807, ''),
(8808, ''),
(8809, ''),
(8810, ''),
(8811, ''),
(8812, ''),
(8813, ''),
(8814, ''),
(8815, ''),
(8816, ''),
(8817, 'mp3-'),
(8818, '[ru]'),
(8819, ''),
(8820, ''),
(8821, ''),
(8822, ''),
(8823, ''),
(8824, ''),
(8825, 'bluetooth'),
(8826, 'walkman'),
(8827, 'mp3-'),
(8828, ''),
(8829, ''),
(8830, ''),
(8831, ''),
(8832, ''),
(8833, ''),
(8834, ''),
(8835, ''),
(8836, ''),
(8837, ''),
(8838, ''),
(8839, ''),
(8840, ''),
(8841, ''),
(8842, ''),
(8843, ''),
(8844, 'bluetooth'),
(8845, 'walkman'),
(8846, '[ru]'),
(8847, ''),
(8848, ''),
(8849, ''),
(8850, ''),
(8851, ''),
(8852, ''),
(8853, ''),
(8854, ''),
(8855, ''),
(8856, ''),
(8857, 'bluetooth'),
(8858, 'mp3-'),
(8859, 'mp3-'),
(8860, 'mp3-'),
(8861, 'mp3-'),
(8862, 'fm-'),
(8863, ''),
(8864, ''),
(8865, ''),
(8866, ''),
(8867, ''),
(8868, ''),
(8869, ''),
(8870, ''),
(8871, ''),
(8872, 'walkman'),
(8873, ''),
(8874, ''),
(8875, ''),
(8876, ''),
(8877, ''),
(8878, ''),
(8879, ''),
(8880, '\r\n'),
(8881, ''),
(8882, ''),
(8883, ''),
(8884, ''),
(8885, ''),
(8886, ''),
(8887, ''),
(8888, ''),
(8889, ''),
(8890, ''),
(8891, ''),
(8892, ''),
(8893, ''),
(8894, '\r\n'),
(8895, ''),
(8896, ''),
(8897, ''),
(8898, ''),
(8899, ''),
(8900, ''),
(8901, ''),
(8902, ''),
(8903, ''),
(8904, ''),
(8905, 'fm-'),
(8906, ''),
(8907, ''),
(8908, ''),
(8909, ''),
(8910, ''),
(8911, ''),
(8912, ''),
(8913, ''),
(8914, ''),
(8915, ''),
(8916, ''),
(8917, ''),
(8918, ''),
(8919, ''),
(8920, '\r\n'),
(8921, ''),
(8922, ''),
(8923, ''),
(8924, ''),
(8925, ''),
(8926, ''),
(8927, ''),
(8928, '\r\n'),
(8929, ''),
(8930, ''),
(8931, ''),
(8932, ''),
(8933, ''),
(8934, ''),
(8935, ''),
(8936, ''),
(8937, '\r\n'),
(8938, ''),
(8939, ''),
(8940, ''),
(8941, ''),
(8942, '\r\n'),
(8943, ''),
(8944, ''),
(8945, ''),
(8946, '\r\n'),
(8947, ''),
(8948, '(h.264/mpeg-4/divx'),
(8949, ''),
(8950, 'windows'),
(8951, ''),
(8952, ''),
(8953, '\r\n'),
(8954, ''),
(8955, ''),
(8956, ''),
(8957, ''),
(8958, '\r\n'),
(8959, ''),
(8960, ''),
(8961, ''),
(8962, ''),
(8963, ''),
(8964, ''),
(8965, '\r\n'),
(8966, ''),
(8967, ''),
(8968, ''),
(8969, ''),
(8970, ''),
(8971, ''),
(8972, ''),
(8973, ''),
(8974, ''),
(8975, ''),
(8976, ''),
(8977, ''),
(8978, ''),
(8979, ''),
(8980, ''),
(8981, ''),
(8982, ''),
(8983, ''),
(8984, ''),
(8985, '');
INSERT INTO `va_keywords` (`keyword_id`, `keyword_name`) VALUES
(8986, ''),
(8987, ''),
(8988, ''),
(8989, ''),
(8990, ''),
(8991, ''),
(8992, ''),
(8993, ''),
(8994, ''),
(8995, ''),
(8996, ''),
(8997, ''),
(8998, 'fm-'),
(8999, ''),
(9000, ''),
(9001, ''),
(9002, ''),
(9003, ''),
(9004, ''),
(9005, ''),
(9006, ''),
(9007, ''),
(9008, ''),
(9009, ''),
(9010, ''),
(9011, ''),
(9012, ''),
(9013, ''),
(9014, ''),
(9015, '\r\n'),
(9016, ''),
(9017, ''),
(9018, ''),
(9019, ''),
(9020, ''),
(9021, ''),
(9022, ''),
(9023, ''),
(9024, ''),
(9025, ''),
(9026, '\r\n'),
(9027, ''),
(9028, ''),
(9029, ''),
(9030, ''),
(9031, 'walkman'),
(9032, '[ru]'),
(9033, ''),
(9034, ''),
(9035, ''),
(9036, ''),
(9037, ''),
(9038, ''),
(9039, '\r\n'),
(9040, 'walkman'),
(9041, ''),
(9042, ''),
(9043, ''),
(9044, ''),
(9045, ''),
(9046, ''),
(9047, ''),
(9048, '\r\n'),
(9049, ''),
(9050, 'mp3-'),
(9051, 'mp3-'),
(9052, 'mp3-'),
(9053, 'mp3-'),
(9054, '[ru]'),
(9055, ''),
(9056, 'mp3-'),
(9057, ''),
(9058, ''),
(9059, ''),
(9060, ''),
(9061, 'oled-'),
(9062, ''),
(9063, 'mp3-'),
(9064, ''),
(9065, ''),
(9066, ''),
(9067, ''),
(9068, ''),
(9069, ''),
(9070, ''),
(9071, ''),
(9072, ''),
(9073, ''),
(9074, ''),
(9075, '('),
(9076, ''),
(9077, ''),
(9078, ''),
(9079, ''),
(9080, ''),
(9081, ''),
(9082, ''),
(9083, ''),
(9084, ''),
(9085, ''),
(9086, '\r\n'),
(9087, ''),
(9088, ''),
(9089, ''),
(9090, '('),
(9091, ''),
(9092, ''),
(9093, ''),
(9094, '17'),
(9095, ''),
(9096, ''),
(9097, ''),
(9098, ''),
(9099, ''),
(9100, ''),
(9101, ''),
(9102, '\r\n'),
(9103, ''),
(9104, ''),
(9105, ''),
(9106, ''),
(9107, ''),
(9108, ''),
(9109, ''),
(9110, ''),
(9111, ''),
(9112, '\r\n'),
(9113, ''),
(9114, ''),
(9115, ''),
(9116, ''),
(9117, ''),
(9118, ''),
(9119, ''),
(9120, ''),
(9121, ''),
(9122, ''),
(9123, '\r\n'),
(9124, ''),
(9125, ''),
(9126, ''),
(9127, ''),
(9128, ''),
(9129, ''),
(9130, ''),
(9131, ''),
(9132, '\r\n'),
(9133, ''),
(9134, ''),
(9135, ''),
(9136, ''),
(9137, ''),
(9138, ''),
(9139, ''),
(9140, '\r\n'),
(9141, ''),
(9142, ''),
(9143, ''),
(9144, ''),
(9145, ''),
(9146, ''),
(9147, ''),
(9148, ''),
(9149, ''),
(9150, ''),
(9151, ''),
(9152, ''),
(9153, ''),
(9154, ''),
(9155, ''),
(9156, ''),
(9157, ''),
(9158, ''),
(9159, ''),
(9160, ''),
(9161, ''),
(9162, ''),
(9163, ''),
(9164, ''),
(9165, ''),
(9166, ''),
(9167, ''),
(9168, 'oled-'),
(9169, ''),
(9170, '('),
(9171, ''),
(9172, '\r\n'),
(9173, ''),
(9174, ''),
(9175, ''),
(9176, ''),
(9177, ''),
(9178, ''),
(9179, ''),
(9180, '\r\n'),
(9181, ''),
(9182, ''),
(9183, ''),
(9184, ''),
(9185, ''),
(9186, ''),
(9187, '\r\n'),
(9188, ''),
(9189, ''),
(9190, ''),
(9191, '('),
(9192, '\r\n'),
(9193, ''),
(9194, ''),
(9195, ''),
(9196, ''),
(9197, ''),
(9198, ''),
(9199, ''),
(9200, '('),
(9201, '\r\n180'),
(9202, ''),
(9203, ''),
(9204, ''),
(9205, ''),
(9206, ''),
(9207, ''),
(9208, '\r\n'),
(9209, ''),
(9210, ''),
(9211, ''),
(9212, ''),
(9213, ''),
(9214, 'sensme'),
(9215, ''),
(9216, ''),
(9217, ''),
(9218, ''),
(9219, ''),
(9220, ''),
(9221, ''),
(9222, ''),
(9223, ''),
(9224, ''),
(9225, ''),
(9226, ''),
(9227, ''),
(9228, ''),
(9229, ''),
(9230, ''),
(9231, ''),
(9232, ''),
(9233, ''),
(9234, ''),
(9235, ''),
(9236, ''),
(9237, 'mp3-'),
(9238, 'mp3-'),
(9239, 'mp3-'),
(9240, '[ru]'),
(9241, ''),
(9242, ''),
(9243, 'fm-'),
(9244, ''),
(9245, '[ru]'),
(9246, ''),
(9247, ''),
(9248, ''),
(9249, ''),
(9250, ''),
(9251, ''),
(9252, ''),
(9253, ''),
(9254, '\r\n'),
(9255, ''),
(9256, ''),
(9257, ''),
(9258, ''),
(9259, ''),
(9260, ''),
(9261, '\r\n'),
(9262, ''),
(9263, ''),
(9264, ''),
(9265, ''),
(9266, ''),
(9267, ''),
(9268, ''),
(9269, ''),
(9270, ''),
(9271, ''),
(9272, ''),
(9273, 'fm-'),
(9274, ''),
(9275, ''),
(9276, ''),
(9277, ''),
(9278, ''),
(9279, ''),
(9280, ''),
(9281, ''),
(9282, ''),
(9283, ''),
(9284, ''),
(9285, ''),
(9286, ''),
(9287, ''),
(9288, ''),
(9289, ''),
(9290, ''),
(9291, ''),
(9292, '\r\n2,2-'),
(9293, ''),
(9294, ''),
(9295, ''),
(9296, ''),
(9297, ''),
(9298, ''),
(9299, ''),
(9300, '\r\n'),
(9301, ''),
(9302, ''),
(9303, ''),
(9304, ''),
(9305, ''),
(9306, ''),
(9307, ''),
(9308, ''),
(9309, ''),
(9310, ''),
(9311, ''),
(9312, ''),
(9313, ''),
(9314, ''),
(9315, ''),
(9316, ''),
(9317, ''),
(9318, ''),
(9319, ''),
(9320, ''),
(9321, ''),
(9322, ''),
(9323, ''),
(9324, ''),
(9325, ''),
(9326, ''),
(9327, '[ru]'),
(9328, ''),
(9329, ''),
(9330, '\r\n		'),
(9331, ''),
(9332, ''),
(9333, '\r\n		'),
(9334, '\r\n		'),
(9335, ''),
(9336, ''),
(9337, ''),
(9338, ''),
(9339, '[ru]'),
(9340, ''),
(9341, ''),
(9342, ''),
(9343, ''),
(9344, ''),
(9345, ''),
(9346, ''),
(9347, ''),
(9348, ''),
(9349, '178'),
(9350, ''),
(9351, ''),
(9352, ''),
(9353, ''),
(9354, ''),
(9355, ''),
(9356, '('),
(9357, ''),
(9358, ''),
(9359, ''),
(9360, ''),
(9361, ''),
(9362, ''),
(9363, ''),
(9364, ''),
(9365, ''),
(9366, ''),
(9367, ''),
(9368, ''),
(9369, ''),
(9370, ''),
(9371, ''),
(9372, ''),
(9373, 'ips-'),
(9374, ''),
(9375, ''),
(9376, ''),
(9377, ''),
(9378, '178'),
(9379, ''),
(9380, ''),
(9381, ''),
(9382, ''),
(9383, ''),
(9384, '[ru]'),
(9385, ''),
(9386, ''),
(9387, '[ru]'),
(9388, ''),
(9389, ''),
(9390, ''),
(9391, ''),
(9392, ''),
(9393, ''),
(9394, ''),
(9395, ''),
(9396, ''),
(9397, ''),
(9398, ''),
(9399, ''),
(9400, ''),
(9401, ''),
(9402, ''),
(9403, ''),
(9404, '\r\n'),
(9405, '"'),
(9406, ''),
(9407, ''),
(9408, ''),
(9409, ''),
(9410, ''),
(9411, ''),
(9412, ''),
(9413, ''),
(9414, ''),
(9415, ''),
(9416, ''),
(9417, ''),
(9418, '\r\n'),
(9419, ''),
(9420, ''),
(9421, ''),
(9422, ''),
(9423, ''),
(9424, ''),
(9425, ''),
(9426, '\r\n'),
(9427, ''),
(9428, ''),
(9429, ''),
(9430, ''),
(9431, ''),
(9432, ''),
(9433, ''),
(9434, ''),
(9435, ''),
(9436, ''),
(9437, '\r\n'),
(9438, ''),
(9439, ''),
(9440, ''),
(9441, ''),
(9442, ''),
(9443, ''),
(9444, ''),
(9445, ''),
(9446, ''),
(9447, ''),
(9448, ''),
(9449, ''),
(9450, ''),
(9451, '\r\n'),
(9452, ''),
(9453, ''),
(9454, ''),
(9455, ''),
(9456, ''),
(9457, ''),
(9458, ''),
(9459, '\r\n'),
(9460, ''),
(9461, ''),
(9462, ''),
(9463, ''),
(9464, ''),
(9465, ''),
(9466, ''),
(9467, ''),
(9468, ''),
(9469, '\r\n'),
(9470, ''),
(9471, ''),
(9472, ''),
(9473, ''),
(9474, ''),
(9475, '\r\n'),
(9476, ''),
(9477, ''),
(9478, ''),
(9479, ''),
(9480, ''),
(9481, ''),
(9482, '3d-'),
(9483, ''),
(9484, ''),
(9485, ''),
(9486, ''),
(9487, ''),
(9488, ''),
(9489, ''),
(9490, '\r\n'),
(9491, '3d-'),
(9492, ''),
(9493, ''),
(9494, ''),
(9495, ''),
(9496, ''),
(9497, ''),
(9498, ''),
(9499, ''),
(9500, ''),
(9501, ''),
(9502, ''),
(9503, ''),
(9504, ''),
(9505, ''),
(9506, ''),
(9507, ''),
(9508, ''),
(9509, ''),
(9510, ''),
(9511, ''),
(9512, ''),
(9513, '\r\n'),
(9514, ''),
(9515, ''),
(9516, ''),
(9517, ''),
(9518, ''),
(9519, '\r\n'),
(9520, ''),
(9521, ''),
(9522, ''),
(9523, ''),
(9524, ''),
(9525, ''),
(9526, '\r\n'),
(9527, '('),
(9528, ''),
(9529, ''),
(9530, ''),
(9531, ''),
(9532, ''),
(9533, '\r\n'),
(9534, ''),
(9535, ''),
(9536, ''),
(9537, 'usb-'),
(9538, ''),
(9539, ''),
(9540, ''),
(9541, ''),
(9542, '\r\n'),
(9543, ''),
(9544, ''),
(9545, ''),
(9546, ''),
(9547, ''),
(9548, '[ru]'),
(9549, ''),
(9550, ''),
(9551, '[ru]'),
(9552, ''),
(9553, ''),
(9554, ''),
(9555, '[ru]'),
(9556, ''),
(9557, ''),
(9558, ''),
(9559, ''),
(9560, ''),
(9561, ''),
(9562, ''),
(9563, ''),
(9564, ''),
(9565, ''),
(9566, ''),
(9567, ''),
(9568, ''),
(9569, ''),
(9570, ''),
(9571, '\r\n'),
(9572, ''),
(9573, ''),
(9574, ''),
(9575, ''),
(9576, ''),
(9577, ''),
(9578, ''),
(9579, ''),
(9580, '\r\n'),
(9581, ''),
(9582, ''),
(9583, ''),
(9584, ''),
(9585, ''),
(9586, ''),
(9587, ''),
(9588, ''),
(9589, ''),
(9590, ''),
(9591, ''),
(9592, ''),
(9593, ''),
(9594, ''),
(9595, ''),
(9596, ''),
(9597, '\r\n'),
(9598, ''),
(9599, ''),
(9600, ''),
(9601, ''),
(9602, ''),
(9603, ''),
(9604, ''),
(9605, ''),
(9606, ''),
(9607, ''),
(9608, ''),
(9609, ''),
(9610, ''),
(9611, '\r\n'),
(9612, ''),
(9613, ''),
(9614, ''),
(9615, ''),
(9616, ''),
(9617, ''),
(9618, ''),
(9619, '\r\n'),
(9620, ''),
(9621, ''),
(9622, ''),
(9623, ''),
(9624, ''),
(9625, ''),
(9626, ''),
(9627, ''),
(9628, ''),
(9629, ''),
(9630, ''),
(9631, ''),
(9632, ''),
(9633, ''),
(9634, ''),
(9635, ''),
(9636, ''),
(9637, ''),
(9638, '\r\n'),
(9639, ''),
(9640, ''),
(9641, ''),
(9642, ''),
(9643, ''),
(9644, ''),
(9645, ''),
(9646, '\r\n'),
(9647, ''),
(9648, ''),
(9649, ''),
(9650, ''),
(9651, ''),
(9652, '\r\n'),
(9653, ''),
(9654, ''),
(9655, ''),
(9656, ''),
(9657, ''),
(9658, ''),
(9659, '\r\n'),
(9660, ''),
(9661, ''),
(9662, ''),
(9663, ''),
(9664, ''),
(9665, ''),
(9666, ''),
(9667, ''),
(9668, ''),
(9669, ''),
(9670, ''),
(9671, ''),
(9672, ''),
(9673, ''),
(9674, ''),
(9675, ''),
(9676, ''),
(9677, ''),
(9678, ''),
(9679, ''),
(9680, ''),
(9681, ''),
(9682, ''),
(9683, '\r\n'),
(9684, ''),
(9685, ''),
(9686, ''),
(9687, ''),
(9688, ''),
(9689, ''),
(9690, ''),
(9691, '\r\n'),
(9692, ''),
(9693, ''),
(9694, ''),
(9695, ''),
(9696, ''),
(9697, ''),
(9698, '[ru]'),
(9699, ''),
(9700, ''),
(9701, ''),
(9702, ''),
(9703, ''),
(9704, ''),
(9705, ''),
(9706, ''),
(9707, ''),
(9708, ''),
(9709, ''),
(9710, ''),
(9711, ''),
(9712, ''),
(9713, ''),
(9714, ''),
(9715, ''),
(9716, ''),
(9717, ''),
(9718, ''),
(9719, ''),
(9720, ''),
(9721, '('),
(9722, ''),
(9723, ''),
(9724, ''),
(9725, ''),
(9726, ''),
(9727, ''),
(9728, ''),
(9729, ''),
(9730, ''),
(9731, ''),
(9732, ''),
(9733, ''),
(9734, ''),
(9735, ''),
(9736, ''),
(9737, ''),
(9738, '('),
(9739, ''),
(9740, ''),
(9741, ''),
(9742, ''),
(9743, ''),
(9744, ''),
(9745, ''),
(9746, ''),
(9747, ''),
(9748, ''),
(9749, ''),
(9750, ''),
(9751, ''),
(9752, ''),
(9753, ''),
(9754, ''),
(9755, ''),
(9756, ''),
(9757, ''),
(9758, ''),
(9759, ''),
(9760, ''),
(9761, ''),
(9762, ''),
(9763, ''),
(9764, ''),
(9765, ''),
(9766, ''),
(9767, ''),
(9768, ''),
(9769, ''),
(9770, ''),
(9771, ''),
(9772, ''),
(9773, ''),
(9774, ''),
(9775, ''),
(9776, ''),
(9777, ''),
(9778, ''),
(9779, ''),
(9780, ''),
(9781, ''),
(9782, ''),
(9783, ''),
(9784, ''),
(9785, ''),
(9786, ''),
(9787, ''),
(9788, ''),
(9789, ''),
(9790, ''),
(9791, ''),
(9792, ''),
(9793, ''),
(9794, ''),
(9795, ''),
(9796, '[ru]'),
(9797, ''),
(9798, ''),
(9799, ''),
(9800, ''),
(9801, ''),
(9802, ''),
(9803, ''),
(9804, ''),
(9805, ''),
(9806, '178'),
(9807, ''),
(9808, ''),
(9809, ''),
(9810, ''),
(9811, ''),
(9812, ''),
(9813, ''),
(9814, ''),
(9815, ''),
(9816, ''),
(9817, ''),
(9818, '('),
(9819, ''),
(9820, ''),
(9821, ''),
(9822, ''),
(9823, ''),
(9824, ''),
(9825, ''),
(9826, ''),
(9827, ''),
(9828, ''),
(9829, ''),
(9830, ''),
(9831, ''),
(9832, ''),
(9833, ''),
(9834, ''),
(9835, ''),
(9836, ''),
(9837, ''),
(9838, ''),
(9839, ''),
(9840, ''),
(9841, ''),
(9842, ''),
(9843, ''),
(9844, 'ips-'),
(9845, ''),
(9846, ''),
(9847, ''),
(9848, ''),
(9849, '178'),
(9850, ''),
(9851, ''),
(9852, ''),
(9853, ''),
(9854, ''),
(9855, ''),
(9856, ''),
(9857, ''),
(9858, ''),
(9859, '[ru]'),
(9860, ''),
(9861, ''),
(9862, ''),
(9863, ''),
(9864, ''),
(9865, ''),
(9866, ''),
(9867, ''),
(9868, ''),
(9869, '178'),
(9870, ''),
(9871, ''),
(9872, ''),
(9873, ''),
(9874, ''),
(9875, ''),
(9876, '('),
(9877, ''),
(9878, ''),
(9879, ''),
(9880, ''),
(9881, ''),
(9882, ''),
(9883, ''),
(9884, ''),
(9885, ''),
(9886, ''),
(9887, ''),
(9888, ''),
(9889, ''),
(9890, ''),
(9891, ''),
(9892, ''),
(9893, ''),
(9894, 'ips-'),
(9895, ''),
(9896, ''),
(9897, ''),
(9898, ''),
(9899, '178'),
(9900, ''),
(9901, ''),
(9902, ''),
(9903, ''),
(9904, ''),
(9905, ''),
(9906, ''),
(9907, '[ru]'),
(9908, ''),
(9909, ''),
(9910, '\r\n'),
(9911, ''),
(9912, ''),
(9913, ''),
(9914, ''),
(9915, ''),
(9916, '\r\n'),
(9917, ''),
(9918, ''),
(9919, ''),
(9920, ''),
(9921, ''),
(9922, ''),
(9923, ''),
(9924, ''),
(9925, ''),
(9926, ''),
(9927, ''),
(9928, ''),
(9929, ''),
(9930, ''),
(9931, ''),
(9932, '\r\n'),
(9933, ''),
(9934, ''),
(9935, ''),
(9936, ''),
(9937, ''),
(9938, '\r\n'),
(9939, ''),
(9940, ''),
(9941, ''),
(9942, ''),
(9943, ''),
(9944, ''),
(9945, '\r\n'),
(9946, ''),
(9947, ''),
(9948, ''),
(9949, ''),
(9950, ''),
(9951, ''),
(9952, '\r\n'),
(9953, ''),
(9954, ''),
(9955, ''),
(9956, ''),
(9957, ''),
(9958, ''),
(9959, ''),
(9960, ''),
(9961, '\r\n'),
(9962, ''),
(9963, ''),
(9964, ''),
(9965, ''),
(9966, ''),
(9967, ''),
(9968, '\r\n'),
(9969, ''),
(9970, ''),
(9971, ''),
(9972, ''),
(9973, ''),
(9974, ''),
(9975, ''),
(9976, ''),
(9977, '\r\n'),
(9978, ''),
(9979, ''),
(9980, ''),
(9981, ''),
(9982, ''),
(9983, ''),
(9984, ''),
(9985, ''),
(9986, '\r\n'),
(9987, ''),
(9988, ''),
(9989, ''),
(9990, ''),
(9991, ''),
(9992, ''),
(9993, '\r\n'),
(9994, ''),
(9995, ''),
(9996, ''),
(9997, ''),
(9998, ''),
(9999, ''),
(10000, ''),
(10001, ''),
(10002, ''),
(10003, ''),
(10004, ''),
(10005, ''),
(10006, ''),
(10007, ''),
(10008, ''),
(10009, ''),
(10010, ''),
(10011, ''),
(10012, ''),
(10013, '\r\n'),
(10014, ''),
(10015, ''),
(10016, ''),
(10017, ''),
(10018, ''),
(10019, ''),
(10020, ''),
(10021, ''),
(10022, ''),
(10023, ''),
(10024, ''),
(10025, ''),
(10026, ''),
(10027, ''),
(10028, ''),
(10029, ''),
(10030, ''),
(10031, ''),
(10032, ''),
(10033, ''),
(10034, ''),
(10035, ''),
(10036, ''),
(10037, ''),
(10038, ''),
(10039, ''),
(10040, ''),
(10041, ''),
(10042, ''),
(10043, ''),
(10044, ''),
(10045, ''),
(10046, ''),
(10047, '[ru]'),
(10048, ''),
(10049, ''),
(10050, ''),
(10051, ''),
(10052, ''),
(10053, ''),
(10054, ''),
(10055, ''),
(10056, ''),
(10057, '178'),
(10058, ''),
(10059, ''),
(10060, ''),
(10061, ''),
(10062, ''),
(10063, ''),
(10064, '('),
(10065, ''),
(10066, ''),
(10067, ''),
(10068, ''),
(10069, ''),
(10070, ''),
(10071, ''),
(10072, ''),
(10073, ''),
(10074, ''),
(10075, ''),
(10076, ''),
(10077, ''),
(10078, ''),
(10079, ''),
(10080, ''),
(10081, ''),
(10082, 'ips-'),
(10083, ''),
(10084, ''),
(10085, ''),
(10086, ''),
(10087, '178'),
(10088, ''),
(10089, ''),
(10090, ''),
(10091, ''),
(10092, ''),
(10093, ''),
(10094, ''),
(10095, ''),
(10096, ''),
(10097, ''),
(10098, ''),
(10099, ''),
(10100, ''),
(10101, ''),
(10102, ''),
(10103, ''),
(10104, ''),
(10105, ''),
(10106, ''),
(10107, ''),
(10108, ''),
(10109, '5,1-'),
(10110, ''),
(10111, ''),
(10112, ''),
(10113, ''),
(10114, ''),
(10115, ''),
(10116, ''),
(10117, ''),
(10118, ''),
(10119, ''),
(10120, ''),
(10121, ''),
(10122, ''),
(10123, ''),
(10124, ''),
(10125, ''),
(10126, ''),
(10127, ''),
(10128, ''),
(10129, ''),
(10130, ''),
(10131, ''),
(10132, ''),
(10133, ''),
(10134, ''),
(10135, '1080'),
(10136, ''),
(10137, ''),
(10138, ''),
(10139, ''),
(10140, ''),
(10141, ''),
(10142, ''),
(10143, ''),
(10144, ''),
(10145, ''),
(10146, ''),
(10147, '[ru]'),
(10148, ''),
(10149, ''),
(10150, ''),
(10151, ''),
(10152, ''),
(10153, ''),
(10154, ''),
(10155, '('),
(10156, ''),
(10157, ''),
(10158, '35'),
(10159, ''),
(10160, ''),
(10161, ''),
(10162, ''),
(10163, ''),
(10164, ''),
(10165, ''),
(10166, ''),
(10167, ''),
(10168, ''),
(10169, ''),
(10170, ''),
(10171, ''),
(10172, ''),
(10173, ''),
(10174, ''),
(10175, ''),
(10176, ''),
(10177, ''),
(10178, ''),
(10179, ''),
(10180, '1-'),
(10181, ''),
(10182, ''),
(10183, ''),
(10184, ''),
(10185, ''),
(10186, ''),
(10187, ''),
(10188, ''),
(10189, ''),
(10190, ''),
(10191, ''),
(10192, ''),
(10193, ''),
(10194, ''),
(10195, ''),
(10196, ''),
(10197, ''),
(10198, ''),
(10199, ''),
(10200, ''),
(10201, ''),
(10202, ''),
(10203, ''),
(10204, ''),
(10205, ''),
(10206, ''),
(10207, '[ru]'),
(10208, ''),
(10209, ''),
(10210, ''),
(10211, ''),
(10212, '[ru]'),
(10213, ''),
(10214, ''),
(10215, ''),
(10216, ''),
(10217, ''),
(10218, ''),
(10219, ''),
(10220, ''),
(10221, ''),
(10222, ''),
(10223, ''),
(10224, ''),
(10225, ''),
(10226, ''),
(10227, ''),
(10228, ''),
(10229, ''),
(10230, ''),
(10231, ''),
(10232, ''),
(10233, ''),
(10234, ''),
(10235, ''),
(10236, ''),
(10237, ''),
(10238, ''),
(10239, ''),
(10240, ''),
(10241, ''),
(10242, ''),
(10243, ''),
(10244, ''),
(10245, '\r\n'),
(10246, ''),
(10247, ''),
(10248, ''),
(10249, ''),
(10250, ''),
(10251, ''),
(10252, ''),
(10253, ''),
(10254, ''),
(10255, ''),
(10256, ''),
(10257, ''),
(10258, ''),
(10259, ''),
(10260, ''),
(10261, ''),
(10262, ''),
(10263, ''),
(10264, ''),
(10265, ''),
(10266, ''),
(10267, ''),
(10268, ''),
(10269, ''),
(10270, ''),
(10271, ''),
(10272, ''),
(10273, ''),
(10274, ''),
(10275, ''),
(10276, ''),
(10277, ''),
(10278, '&nbsp;'),
(10279, ''),
(10280, ''),
(10281, ''),
(10282, ''),
(10283, '('),
(10284, ''),
(10285, 'li-'),
(10286, ''),
(10287, ''),
(10288, ''),
(10289, ''),
(10290, ''),
(10291, ''),
(10292, ''),
(10293, ''),
(10294, ''),
(10295, ''),
(10296, ''),
(10297, ''),
(10298, ''),
(10299, ''),
(10300, ''),
(10301, ''),
(10302, 'handycam'),
(10303, 'shutter'),
(10304, ''),
(10305, ''),
(10306, ''),
(10307, ''),
(10308, ''),
(10309, ''),
(10310, '\r\n'),
(10311, ''),
(10312, ''),
(10313, ''),
(10314, ''),
(10315, ''),
(10316, ''),
(10317, ''),
(10318, '\r\n'),
(10319, ''),
(10320, ''),
(10321, ''),
(10322, ''),
(10323, ''),
(10324, ''),
(10325, ''),
(10326, ''),
(10327, '\r\n'),
(10328, ''),
(10329, ''),
(10330, ''),
(10331, ''),
(10332, ''),
(10333, ''),
(10334, ''),
(10335, ''),
(10336, ''),
(10337, ''),
(10338, ''),
(10339, ''),
(10340, ''),
(10341, ''),
(10342, ''),
(10343, 'handycam'),
(10344, 'shutter'),
(10345, 'duo'),
(10346, 'duo'),
(10347, 'duo'),
(10348, 'stick'),
(10349, 'shutter'),
(10350, 'shutter'),
(10351, 'bionz'),
(10352, 'clearvid'),
(10353, 'exmor'),
(10354, 'bionz'),
(10355, '\r\nsony'),
(10356, 'exmor'),
(10357, 'bionz'),
(10358, '[ru]'),
(10359, ''),
(10360, ''),
(10361, ''),
(10362, ''),
(10363, ''),
(10364, ''),
(10365, ''),
(10366, ''),
(10367, ''),
(10368, ''),
(10369, ''),
(10370, ''),
(10371, ''),
(10372, ''),
(10373, ''),
(10374, '[ru]'),
(10375, ''),
(10376, ''),
(10377, '[ru]'),
(10378, ''),
(10379, ''),
(10380, ''),
(10381, ''),
(10382, ''),
(10383, ''),
(10384, ''),
(10385, ''),
(10386, '\r\n'),
(10387, ''),
(10388, ''),
(10389, ''),
(10390, ''),
(10391, ''),
(10392, ''),
(10393, ''),
(10394, ''),
(10395, ''),
(10396, ''),
(10397, ''),
(10398, ''),
(10399, '\r\n'),
(10400, ''),
(10401, ''),
(10402, ''),
(10403, ''),
(10404, ''),
(10405, ''),
(10406, '\r\n'),
(10407, ''),
(10408, ''),
(10409, ''),
(10410, ''),
(10411, ''),
(10412, ''),
(10413, ''),
(10414, '\r\n'),
(10415, ''),
(10416, ''),
(10417, ''),
(10418, ''),
(10419, ''),
(10420, ''),
(10421, ''),
(10422, ''),
(10423, ''),
(10424, '[ru]'),
(10425, ''),
(10426, ''),
(10427, ''),
(10428, ''),
(10429, ''),
(10430, ''),
(10431, ''),
(10432, ''),
(10433, ''),
(10434, ''),
(10435, ''),
(10436, ''),
(10437, ''),
(10438, ''),
(10439, ''),
(10440, ''),
(10441, ''),
(10442, '\r\n'),
(10443, ''),
(10444, ''),
(10445, ''),
(10446, ''),
(10447, ''),
(10448, ''),
(10449, ''),
(10450, ''),
(10451, '\r\n'),
(10452, ''),
(10453, ''),
(10454, ''),
(10455, ''),
(10456, 'dvd-'),
(10457, ''),
(10458, ''),
(10459, ''),
(10460, '[en]world'),
(10461, 'world'),
(10462, '[ru]'),
(10463, '[ru]'),
(10464, ''),
(10465, ''),
(10466, ''),
(10467, ''),
(10468, '\r\n('),
(10469, ''),
(10470, ''),
(10471, ''),
(10472, '\r\n'),
(10473, ''),
(10474, ''),
(10475, ''),
(10476, '\r\n'),
(10477, ''),
(10478, ''),
(10479, ''),
(10480, '28'),
(10481, ''),
(10482, ''),
(10483, ''),
(10484, 'world'),
(10485, 'world'),
(10486, ''),
(10487, '[ru]'),
(10488, ''),
(10489, ''),
(10490, ''),
(10491, ''),
(10492, ''),
(10493, ''),
(10494, '\r\n'),
(10495, ''),
(10496, ''),
(10497, ''),
(10498, ''),
(10499, ''),
(10500, ''),
(10501, ''),
(10502, ''),
(10503, ''),
(10504, ''),
(10505, ''),
(10506, ''),
(10507, ''),
(10508, ''),
(10509, ''),
(10510, ''),
(10511, ''),
(10512, '\r\n'),
(10513, ''),
(10514, ''),
(10515, ''),
(10516, ''),
(10517, ''),
(10518, ''),
(10519, ''),
(10520, ''),
(10521, ''),
(10522, ''),
(10523, '\r\n'),
(10524, ''),
(10525, ''),
(10526, ''),
(10527, ''),
(10528, ''),
(10529, ''),
(10530, ''),
(10531, ''),
(10532, ''),
(10533, ''),
(10534, ''),
(10535, ''),
(10536, ''),
(10537, ''),
(10538, ''),
(10539, ''),
(10540, ''),
(10541, ''),
(10542, ''),
(10543, ''),
(10544, ''),
(10545, ''),
(10546, ''),
(10547, ''),
(10548, ''),
(10549, ''),
(10550, ''),
(10551, '\r\n'),
(10552, ''),
(10553, ''),
(10554, ''),
(10555, ''),
(10556, '\r\n'),
(10557, ''),
(10558, ''),
(10559, ''),
(10560, ''),
(10561, ''),
(10562, ''),
(10563, '\r\n'),
(10564, ''),
(10565, ''),
(10566, ''),
(10567, ''),
(10568, ''),
(10569, ''),
(10570, ''),
(10571, '\r\n'),
(10572, ''),
(10573, ''),
(10574, ''),
(10575, ''),
(10576, ''),
(10577, ''),
(10578, ''),
(10579, ''),
(10580, ''),
(10581, ''),
(10582, '\r\n'),
(10583, ''),
(10584, '1-'),
(10585, ''),
(10586, '('),
(10587, ''),
(10588, ''),
(10589, '\r\n'),
(10590, ''),
(10591, ''),
(10592, ''),
(10593, '[ru]'),
(10594, ''),
(10595, ''),
(10596, ''),
(10597, ''),
(10598, ''),
(10599, ''),
(10600, ''),
(10601, ''),
(10602, '7,1-'),
(10603, '1/2,5-'),
(10604, '\r\n'),
(10605, '10-'),
(10606, ''),
(10607, ''),
(10608, ''),
(10609, ''),
(10610, '\r\n'),
(10611, ''),
(10612, ''),
(10613, ''),
(10614, ''),
(10615, '('),
(10616, ''),
(10617, ''),
(10618, '\r\n'),
(10619, ''),
(10620, ''),
(10621, ''),
(10622, ''),
(10623, ''),
(10624, ''),
(10625, ''),
(10626, ''),
(10627, ''),
(10628, ''),
(10629, '1280'),
(10630, ''),
(10631, ''),
(10632, ''),
(10633, ''),
(10634, ''),
(10635, ''),
(10636, ''),
(10637, ''),
(10638, ''),
(10639, ''),
(10640, ''),
(10641, ''),
(10642, ''),
(10643, ''),
(10644, ''),
(10645, ''),
(10646, ''),
(10647, ''),
(10648, ''),
(10649, ''),
(10650, ''),
(10651, ''),
(10652, ''),
(10653, ''),
(10654, ''),
(10655, ''),
(10656, ''),
(10657, ''),
(10658, ''),
(10659, ''),
(10660, ''),
(10661, ''),
(10662, ''),
(10663, ''),
(10664, ''),
(10665, ''),
(10666, ''),
(10667, ''),
(10668, ''),
(10669, ''),
(10670, ''),
(10671, ''),
(10672, ''),
(10673, ''),
(10674, ''),
(10675, ''),
(10676, ''),
(10677, ''),
(10678, ''),
(10679, ''),
(10680, ''),
(10681, '\r\n'),
(10682, ''),
(10683, ''),
(10684, ''),
(10685, ''),
(10686, ''),
(10687, '\r\n'),
(10688, ''),
(10689, ''),
(10690, ''),
(10691, ''),
(10692, ''),
(10693, ''),
(10694, ''),
(10695, ''),
(10696, ''),
(10697, ''),
(10698, ''),
(10699, ''),
(10700, ''),
(10701, ''),
(10702, ''),
(10703, ''),
(10704, ''),
(10705, ''),
(10706, ''),
(10707, '\r\n'),
(10708, ''),
(10709, ''),
(10710, ''),
(10711, ''),
(10712, ''),
(10713, ''),
(10714, ''),
(10715, ''),
(10716, ''),
(10717, ''),
(10718, ''),
(10719, ''),
(10720, ''),
(10721, ''),
(10722, ''),
(10723, '\r\n'),
(10724, ''),
(10725, ''),
(10726, ''),
(10727, ''),
(10728, ''),
(10729, ''),
(10730, ''),
(10731, '\r\n'),
(10732, ''),
(10733, ''),
(10734, ''),
(10735, ''),
(10736, ''),
(10737, ''),
(10738, ''),
(10739, ''),
(10740, ''),
(10741, ''),
(10742, ''),
(10743, '('),
(10744, ''),
(10745, '\r\n'),
(10746, ''),
(10747, ''),
(10748, ''),
(10749, ''),
(10750, ''),
(10751, ''),
(10752, ''),
(10753, ''),
(10754, ''),
(10755, '\r\n'),
(10756, ''),
(10757, ''),
(10758, ''),
(10759, ''),
(10760, ''),
(10761, ''),
(10762, ''),
(10763, ''),
(10764, ''),
(10765, ''),
(10766, ''),
(10767, ''),
(10768, ''),
(10769, ''),
(10770, ''),
(10771, ''),
(10772, '\r\n'),
(10773, ''),
(10774, ''),
(10775, ''),
(10776, ''),
(10777, ''),
(10778, ''),
(10779, ''),
(10780, ''),
(10781, ''),
(10782, ''),
(10783, ''),
(10784, ''),
(10785, ''),
(10786, ''),
(10787, ''),
(10788, ''),
(10789, ''),
(10790, ''),
(10791, ''),
(10792, ''),
(10793, ''),
(10794, ''),
(10795, ''),
(10796, ''),
(10797, ''),
(10798, ''),
(10799, '\r\n'),
(10800, ''),
(10801, ''),
(10802, ''),
(10803, ''),
(10804, ''),
(10805, ''),
(10806, ''),
(10807, ''),
(10808, '\r\n'),
(10809, ''),
(10810, ''),
(10811, ''),
(10812, ''),
(10813, ''),
(10814, ''),
(10815, ''),
(10816, ''),
(10817, ''),
(10818, '\r\n'),
(10819, ''),
(10820, ''),
(10821, ''),
(10822, ''),
(10823, ''),
(10824, ''),
(10825, ''),
(10826, ''),
(10827, ''),
(10828, ''),
(10829, '\r\n'),
(10830, ''),
(10831, ''),
(10832, ''),
(10833, ''),
(10834, ''),
(10835, ''),
(10836, ''),
(10837, ''),
(10838, ''),
(10839, '\r\n'),
(10840, ''),
(10841, '[ru]'),
(10842, ''),
(10843, ''),
(10844, ''),
(10845, '4368'),
(10846, ''),
(10847, ''),
(10848, ''),
(10849, ''),
(10850, ''),
(10851, ''),
(10852, ''),
(10853, ''),
(10854, ''),
(10855, ''),
(10856, ''),
(10857, ''),
(10858, ''),
(10859, ''),
(10860, ''),
(10861, ''),
(10862, '\r\n'),
(10863, ''),
(10864, ''),
(10865, ''),
(10866, ''),
(10867, '\r\n'),
(10868, ''),
(10869, ''),
(10870, ''),
(10871, ''),
(10872, ''),
(10873, ''),
(10874, ''),
(10875, ''),
(10876, ''),
(10877, ''),
(10878, ''),
(10879, '[ru]'),
(10880, '[ru]'),
(10881, '[ru]'),
(10882, ''),
(10883, ''),
(10884, ''),
(10885, ''),
(10886, ''),
(10887, ''),
(10888, ''),
(10889, ''),
(10890, ''),
(10891, ''),
(10892, ''),
(10893, ''),
(10894, ''),
(10895, ''),
(10896, ''),
(10897, ''),
(10898, ''),
(10899, ''),
(10900, ''),
(10901, ''),
(10902, ''),
(10903, ''),
(10904, ''),
(10905, ''),
(10906, ''),
(10907, ''),
(10908, ''),
(10909, ''),
(10910, ''),
(10911, ''),
(10912, ''),
(10913, ''),
(10914, ''),
(10915, ''),
(10916, ''),
(10917, ''),
(10918, ''),
(10919, ''),
(10920, ''),
(10921, ''),
(10922, ''),
(10923, ''),
(10924, ''),
(10925, ''),
(10926, ''),
(10927, ''),
(10928, ''),
(10929, ''),
(10930, ''),
(10931, ''),
(10932, ''),
(10933, ''),
(10934, ''),
(10935, ''),
(10936, ''),
(10937, ''),
(10938, ''),
(10939, ''),
(10940, ''),
(10941, ''),
(10942, ''),
(10943, ''),
(10944, ''),
(10945, ''),
(10946, ''),
(10947, ''),
(10948, ''),
(10949, ''),
(10950, ''),
(10951, '('),
(10952, ''),
(10953, ''),
(10954, ''),
(10955, ''),
(10956, ''),
(10957, ''),
(10958, ''),
(10959, ''),
(10960, ''),
(10961, '\r\n'),
(10962, ''),
(10963, ''),
(10964, ''),
(10965, ''),
(10966, ''),
(10967, ''),
(10968, ''),
(10969, ''),
(10970, ''),
(10971, ''),
(10972, ''),
(10973, ''),
(10974, ''),
(10975, ''),
(10976, ''),
(10977, ''),
(10978, ''),
(10979, ''),
(10980, ''),
(10981, ''),
(10982, '[ru]'),
(10983, ''),
(10984, ''),
(10985, ''),
(10986, ''),
(10987, ''),
(10988, ''),
(10989, '('),
(10990, ''),
(10991, ''),
(10992, ''),
(10993, ''),
(10994, ''),
(10995, ''),
(10996, ''),
(10997, ''),
(10998, ''),
(10999, '\r\n'),
(11000, ''),
(11001, ''),
(11002, ''),
(11003, ''),
(11004, ''),
(11005, ''),
(11006, ''),
(11007, ''),
(11008, ''),
(11009, ''),
(11010, ''),
(11011, ''),
(11012, ''),
(11013, ''),
(11014, ''),
(11015, '[ru]'),
(11016, ''),
(11017, ''),
(11018, ''),
(11019, ''),
(11020, ''),
(11021, ''),
(11022, ''),
(11023, ''),
(11024, ''),
(11025, ''),
(11026, ''),
(11027, ''),
(11028, ''),
(11029, ''),
(11030, ''),
(11031, '\r\n'),
(11032, ''),
(11033, ''),
(11034, ''),
(11035, 'intel'),
(11036, 'centrino'),
(11037, ''),
(11038, ''),
(11039, ''),
(11040, ''),
(11041, ''),
(11042, ''),
(11043, ''),
(11044, ''),
(11045, ''),
(11046, ''),
(11047, ''),
(11048, ''),
(11049, ''),
(11050, ''),
(11051, ''),
(11052, ''),
(11053, ''),
(11054, ''),
(11055, ''),
(11056, ''),
(11057, ''),
(11058, ''),
(11059, ''),
(11060, ''),
(11061, ''),
(11062, ''),
(11063, ''),
(11064, ''),
(11065, ''),
(11066, ''),
(11067, '\r\n'),
(11068, ''),
(11069, ''),
(11070, ''),
(11071, '\r\n'),
(11072, ''),
(11073, ''),
(11074, ''),
(11075, ''),
(11076, ''),
(11077, ''),
(11078, ''),
(11079, ''),
(11080, ''),
(11081, ''),
(11082, ''),
(11083, ''),
(11084, ''),
(11085, ''),
(11086, ''),
(11087, ''),
(11088, ''),
(11089, ''),
(11090, ''),
(11091, ''),
(11092, ''),
(11093, ''),
(11094, ''),
(11095, ''),
(11096, ''),
(11097, ''),
(11098, ''),
(11099, ''),
(11100, ''),
(11101, ''),
(11102, ''),
(11103, ''),
(11104, ''),
(11105, ''),
(11106, ''),
(11107, ''),
(11108, ''),
(11109, 'microsoft'),
(11110, 'vista'),
(11111, ''),
(11112, ''),
(11113, ''),
(11114, ''),
(11115, ''),
(11116, 'vaio'),
(11117, ''),
(11118, 'vaio'),
(11119, ''),
(11120, 'vaio'),
(11121, ''),
(11122, ''),
(11123, '[ru]'),
(11124, ''),
(11125, ''),
(11126, ''),
(11127, ''),
(11128, ''),
(11129, ''),
(11130, ''),
(11131, ''),
(11132, ''),
(11133, ''),
(11134, ''),
(11135, ''),
(11136, ''),
(11137, ''),
(11138, ''),
(11139, '\r\n'),
(11140, ''),
(11141, ''),
(11142, ''),
(11143, ''),
(11144, '\r\n'),
(11145, ''),
(11146, ''),
(11147, ''),
(11148, ''),
(11149, ''),
(11150, ''),
(11151, ''),
(11152, ''),
(11153, ''),
(11154, ''),
(11155, ''),
(11156, ''),
(11157, ''),
(11158, ''),
(11159, ''),
(11160, ''),
(11161, ''),
(11162, ''),
(11163, ''),
(11164, 'vgn-tz398u/xc,'),
(11165, ''),
(11166, ''),
(11167, ''),
(11168, ''),
(11169, ''),
(11170, ''),
(11171, ''),
(11172, ''),
(11173, ''),
(11174, ''),
(11175, ''),
(11176, ''),
(11177, '\r\n'),
(11178, ''),
(11179, ''),
(11180, ''),
(11181, ''),
(11182, ''),
(11183, '\r\n'),
(11184, ''),
(11185, ''),
(11186, ''),
(11187, ''),
(11188, ''),
(11189, ''),
(11190, ''),
(11191, ''),
(11192, ''),
(11193, ''),
(11194, ''),
(11195, ''),
(11196, ''),
(11197, ''),
(11198, ''),
(11199, ''),
(11200, ''),
(11201, ''),
(11202, ''),
(11203, '\r\n'),
(11204, ''),
(11205, ''),
(11206, ''),
(11207, ''),
(11208, ''),
(11209, ''),
(11210, ''),
(11211, ''),
(11212, ''),
(11213, ''),
(11214, ''),
(11215, ''),
(11216, ''),
(11217, ''),
(11218, ''),
(11219, '\r\n'),
(11220, ''),
(11221, ''),
(11222, ''),
(11223, ''),
(11224, ''),
(11225, ''),
(11226, ''),
(11227, '\r\n'),
(11228, ''),
(11229, ''),
(11230, ''),
(11231, ''),
(11232, ''),
(11233, ''),
(11234, ''),
(11235, ''),
(11236, ''),
(11237, ''),
(11238, ''),
(11239, '('),
(11240, ''),
(11241, '\r\n'),
(11242, ''),
(11243, ''),
(11244, ''),
(11245, ''),
(11246, ''),
(11247, ''),
(11248, ''),
(11249, ''),
(11250, ''),
(11251, '\r\n'),
(11252, ''),
(11253, ''),
(11254, ''),
(11255, ''),
(11256, ''),
(11257, ''),
(11258, ''),
(11259, ''),
(11260, ''),
(11261, ''),
(11262, ''),
(11263, ''),
(11264, ''),
(11265, ''),
(11266, ''),
(11267, ''),
(11268, '\r\n'),
(11269, ''),
(11270, ''),
(11271, ''),
(11272, ''),
(11273, ''),
(11274, ''),
(11275, ''),
(11276, ''),
(11277, ''),
(11278, ''),
(11279, ''),
(11280, '[ru]'),
(11281, ''),
(11282, ''),
(11283, ''),
(11284, ''),
(11285, ''),
(11286, ''),
(11287, '('),
(11288, ''),
(11289, ''),
(11290, ''),
(11291, ''),
(11292, ''),
(11293, ''),
(11294, ''),
(11295, ''),
(11296, ''),
(11297, '\r\n'),
(11298, ''),
(11299, ''),
(11300, ''),
(11301, ''),
(11302, ''),
(11303, ''),
(11304, ''),
(11305, ''),
(11306, ''),
(11307, ''),
(11308, ''),
(11309, ''),
(11310, ''),
(11311, ''),
(11312, ''),
(11313, '[ru]'),
(11314, ''),
(11315, ''),
(11316, ''),
(11317, ''),
(11318, ''),
(11319, ''),
(11320, ''),
(11321, '[ru]'),
(11322, ''),
(11323, ''),
(11324, ''),
(11325, ''),
(11326, ''),
(11327, ''),
(11328, ''),
(11329, ''),
(11330, ''),
(11331, ''),
(11332, ''),
(11333, ''),
(11334, ''),
(11335, ''),
(11336, ''),
(11337, '\r\n'),
(11338, ''),
(11339, ''),
(11340, ''),
(11341, ''),
(11342, '\r\n'),
(11343, ''),
(11344, ''),
(11345, ''),
(11346, ''),
(11347, ''),
(11348, ''),
(11349, ''),
(11350, ''),
(11351, ''),
(11352, ''),
(11353, ''),
(11354, ''),
(11355, ''),
(11356, ''),
(11357, ''),
(11358, ''),
(11359, ''),
(11360, ''),
(11361, ''),
(11362, 'vgn-tz398u/xc,'),
(11363, ''),
(11364, ''),
(11365, '[ru]'),
(11366, ''),
(11367, ''),
(11368, ''),
(11369, ''),
(11370, ''),
(11371, ''),
(11372, ''),
(11373, ''),
(11374, ''),
(11375, ''),
(11376, ''),
(11377, ''),
(11378, ''),
(11379, ''),
(11380, ''),
(11381, '\r\n'),
(11382, ''),
(11383, ''),
(11384, ''),
(11385, ''),
(11386, '\r\n'),
(11387, ''),
(11388, ''),
(11389, ''),
(11390, ''),
(11391, ''),
(11392, ''),
(11393, ''),
(11394, ''),
(11395, ''),
(11396, ''),
(11397, ''),
(11398, ''),
(11399, ''),
(11400, ''),
(11401, ''),
(11402, ''),
(11403, ''),
(11404, ''),
(11405, ''),
(11406, 'vgn-tz398u/xc,'),
(11407, ''),
(11408, ''),
(11409, ''),
(11410, ''),
(11411, ''),
(11412, ''),
(11413, ''),
(11414, ''),
(11415, ''),
(11416, ''),
(11417, ''),
(11418, ''),
(11419, '\r\n'),
(11420, ''),
(11421, ''),
(11422, ''),
(11423, ''),
(11424, ''),
(11425, '\r\n'),
(11426, ''),
(11427, ''),
(11428, ''),
(11429, ''),
(11430, ''),
(11431, ''),
(11432, ''),
(11433, ''),
(11434, ''),
(11435, ''),
(11436, ''),
(11437, ''),
(11438, ''),
(11439, ''),
(11440, ''),
(11441, ''),
(11442, ''),
(11443, ''),
(11444, ''),
(11445, '\r\n'),
(11446, ''),
(11447, ''),
(11448, ''),
(11449, ''),
(11450, ''),
(11451, ''),
(11452, ''),
(11453, ''),
(11454, ''),
(11455, ''),
(11456, ''),
(11457, ''),
(11458, ''),
(11459, ''),
(11460, ''),
(11461, '\r\n'),
(11462, ''),
(11463, ''),
(11464, ''),
(11465, ''),
(11466, ''),
(11467, ''),
(11468, ''),
(11469, '\r\n'),
(11470, ''),
(11471, ''),
(11472, ''),
(11473, ''),
(11474, ''),
(11475, ''),
(11476, ''),
(11477, ''),
(11478, ''),
(11479, ''),
(11480, ''),
(11481, '('),
(11482, ''),
(11483, '\r\n'),
(11484, ''),
(11485, ''),
(11486, ''),
(11487, ''),
(11488, ''),
(11489, ''),
(11490, ''),
(11491, ''),
(11492, ''),
(11493, '\r\n'),
(11494, ''),
(11495, ''),
(11496, ''),
(11497, ''),
(11498, ''),
(11499, ''),
(11500, ''),
(11501, ''),
(11502, ''),
(11503, ''),
(11504, ''),
(11505, ''),
(11506, ''),
(11507, ''),
(11508, ''),
(11509, ''),
(11510, '\r\n'),
(11511, ''),
(11512, ''),
(11513, ''),
(11514, ''),
(11515, ''),
(11516, ''),
(11517, ''),
(11518, ''),
(11519, ''),
(11520, ''),
(11521, ''),
(11522, '[ru]'),
(11523, ''),
(11524, ''),
(11525, ''),
(11526, ''),
(11527, ''),
(11528, ''),
(11529, '('),
(11530, ''),
(11531, ''),
(11532, ''),
(11533, ''),
(11534, ''),
(11535, ''),
(11536, ''),
(11537, ''),
(11538, ''),
(11539, '\r\n'),
(11540, ''),
(11541, ''),
(11542, ''),
(11543, ''),
(11544, ''),
(11545, ''),
(11546, ''),
(11547, ''),
(11548, ''),
(11549, ''),
(11550, ''),
(11551, ''),
(11552, ''),
(11553, ''),
(11554, ''),
(11555, '[ru]'),
(11556, ''),
(11557, ''),
(11558, ''),
(11559, ''),
(11560, ''),
(11561, ''),
(11562, ''),
(11563, ''),
(11564, ''),
(11565, ''),
(11566, ''),
(11567, ''),
(11568, ''),
(11569, ''),
(11570, ''),
(11571, ''),
(11572, ''),
(11573, ''),
(11574, ''),
(11575, ''),
(11576, ''),
(11577, '\r\n'),
(11578, ''),
(11579, ''),
(11580, ''),
(11581, ''),
(11582, ''),
(11583, ''),
(11584, ''),
(11585, ''),
(11586, '\r\n'),
(11587, ''),
(11588, ''),
(11589, ''),
(11590, ''),
(11591, ''),
(11592, ''),
(11593, ''),
(11594, ''),
(11595, ''),
(11596, '\r\n'),
(11597, ''),
(11598, ''),
(11599, ''),
(11600, ''),
(11601, ''),
(11602, ''),
(11603, ''),
(11604, ''),
(11605, ''),
(11606, ''),
(11607, '\r\n'),
(11608, ''),
(11609, ''),
(11610, ''),
(11611, ''),
(11612, ''),
(11613, ''),
(11614, ''),
(11615, ''),
(11616, ''),
(11617, '\r\n'),
(11618, ''),
(11619, '[ru]'),
(11620, ''),
(11621, ''),
(11622, ''),
(11623, '4368'),
(11624, ''),
(11625, ''),
(11626, ''),
(11627, ''),
(11628, ''),
(11629, ''),
(11630, ''),
(11631, ''),
(11632, ''),
(11633, ''),
(11634, ''),
(11635, ''),
(11636, ''),
(11637, ''),
(11638, ''),
(11639, ''),
(11640, '\r\n'),
(11641, ''),
(11642, ''),
(11643, ''),
(11644, ''),
(11645, '\r\n'),
(11646, ''),
(11647, ''),
(11648, ''),
(11649, ''),
(11650, ''),
(11651, ''),
(11652, ''),
(11653, ''),
(11654, ''),
(11655, ''),
(11656, ''),
(11657, '[ru]'),
(11658, '[ru]'),
(11659, '[ru]'),
(11660, ''),
(11661, '\r\n'),
(11662, ''),
(11663, ''),
(11664, ''),
(11665, ''),
(11666, '\r\n'),
(11667, ''),
(11668, ''),
(11669, ''),
(11670, ''),
(11671, ''),
(11672, ''),
(11673, '\r\n'),
(11674, ''),
(11675, ''),
(11676, ''),
(11677, ''),
(11678, ''),
(11679, ''),
(11680, ''),
(11681, '\r\n'),
(11682, ''),
(11683, ''),
(11684, ''),
(11685, ''),
(11686, ''),
(11687, ''),
(11688, ''),
(11689, ''),
(11690, ''),
(11691, ''),
(11692, '\r\n'),
(11693, ''),
(11694, '1-'),
(11695, ''),
(11696, '('),
(11697, ''),
(11698, ''),
(11699, '\r\n'),
(11700, ''),
(11701, ''),
(11702, ''),
(11703, ''),
(11704, ''),
(11705, '[ru]'),
(11706, ''),
(11707, ''),
(11708, ''),
(11709, ''),
(11710, ''),
(11711, ''),
(11712, ''),
(11713, ''),
(11714, ''),
(11715, ''),
(11716, ''),
(11717, ''),
(11718, ''),
(11719, ''),
(11720, ''),
(11721, '\r\n'),
(11722, ''),
(11723, ''),
(11724, ''),
(11725, ''),
(11726, '\r\n'),
(11727, ''),
(11728, ''),
(11729, ''),
(11730, ''),
(11731, ''),
(11732, ''),
(11733, ''),
(11734, ''),
(11735, ''),
(11736, ''),
(11737, ''),
(11738, ''),
(11739, ''),
(11740, ''),
(11741, ''),
(11742, ''),
(11743, ''),
(11744, ''),
(11745, ''),
(11746, 'vgn-tz398u/xc,'),
(11747, ''),
(11748, ''),
(11749, ''),
(11750, ''),
(11751, ''),
(11752, ''),
(11753, ''),
(11754, ''),
(11755, ''),
(11756, ''),
(11757, ''),
(11758, ''),
(11759, '\r\n'),
(11760, ''),
(11761, ''),
(11762, ''),
(11763, ''),
(11764, ''),
(11765, '\r\n'),
(11766, ''),
(11767, ''),
(11768, ''),
(11769, ''),
(11770, ''),
(11771, ''),
(11772, ''),
(11773, ''),
(11774, ''),
(11775, ''),
(11776, ''),
(11777, ''),
(11778, ''),
(11779, ''),
(11780, ''),
(11781, ''),
(11782, ''),
(11783, ''),
(11784, ''),
(11785, '\r\n'),
(11786, ''),
(11787, ''),
(11788, ''),
(11789, ''),
(11790, ''),
(11791, ''),
(11792, ''),
(11793, ''),
(11794, ''),
(11795, ''),
(11796, ''),
(11797, ''),
(11798, ''),
(11799, ''),
(11800, ''),
(11801, '\r\n'),
(11802, ''),
(11803, ''),
(11804, ''),
(11805, ''),
(11806, ''),
(11807, ''),
(11808, ''),
(11809, '\r\n'),
(11810, ''),
(11811, ''),
(11812, ''),
(11813, ''),
(11814, ''),
(11815, ''),
(11816, ''),
(11817, ''),
(11818, ''),
(11819, ''),
(11820, ''),
(11821, '('),
(11822, ''),
(11823, '\r\n'),
(11824, ''),
(11825, ''),
(11826, ''),
(11827, ''),
(11828, ''),
(11829, ''),
(11830, ''),
(11831, ''),
(11832, ''),
(11833, '\r\n'),
(11834, ''),
(11835, ''),
(11836, ''),
(11837, ''),
(11838, ''),
(11839, ''),
(11840, ''),
(11841, ''),
(11842, ''),
(11843, ''),
(11844, ''),
(11845, ''),
(11846, ''),
(11847, ''),
(11848, ''),
(11849, ''),
(11850, '\r\n'),
(11851, ''),
(11852, ''),
(11853, ''),
(11854, ''),
(11855, ''),
(11856, ''),
(11857, ''),
(11858, ''),
(11859, ''),
(11860, ''),
(11861, ''),
(11862, '\r\n'),
(11863, ''),
(11864, ''),
(11865, ''),
(11866, ''),
(11867, '\r\n'),
(11868, ''),
(11869, ''),
(11870, ''),
(11871, ''),
(11872, ''),
(11873, ''),
(11874, '\r\n'),
(11875, ''),
(11876, ''),
(11877, ''),
(11878, ''),
(11879, ''),
(11880, ''),
(11881, ''),
(11882, '\r\n'),
(11883, ''),
(11884, ''),
(11885, ''),
(11886, ''),
(11887, ''),
(11888, ''),
(11889, ''),
(11890, ''),
(11891, ''),
(11892, ''),
(11893, '\r\n'),
(11894, ''),
(11895, '1-'),
(11896, ''),
(11897, '('),
(11898, ''),
(11899, ''),
(11900, '\r\n'),
(11901, ''),
(11902, ''),
(11903, ''),
(11904, ''),
(11905, ''),
(11906, ''),
(11907, ''),
(11908, '[ru]'),
(11909, ''),
(11910, ''),
(11911, ''),
(11912, ''),
(11913, ''),
(11914, ''),
(11915, ''),
(11916, ''),
(11917, ''),
(11918, '178'),
(11919, ''),
(11920, ''),
(11921, ''),
(11922, ''),
(11923, ''),
(11924, ''),
(11925, '('),
(11926, ''),
(11927, ''),
(11928, ''),
(11929, ''),
(11930, ''),
(11931, ''),
(11932, ''),
(11933, ''),
(11934, ''),
(11935, ''),
(11936, ''),
(11937, ''),
(11938, ''),
(11939, ''),
(11940, ''),
(11941, ''),
(11942, ''),
(11943, 'ips-'),
(11944, ''),
(11945, ''),
(11946, ''),
(11947, ''),
(11948, '178'),
(11949, ''),
(11950, ''),
(11951, ''),
(11952, ''),
(11953, ''),
(11954, 'РЅРѕСѓС‚Р±СѓРє'),
(11955, 'В®'),
(11956, '[ru]Р±С‹СЃС‚СЂС‹Р№'),
(11957, 'Рё'),
(11958, 'РјРѕС‰РЅС‹Р№'),
(11959, 'РїРѕСЂС‚Р°С‚РёРІРЅС‹Р№'),
(11960, 'РєРѕРјРїСЊСЋС‚РµСЂ'),
(11961, 'РѕС‚'),
(11962, 'РЅРѕСѓС‚Р±СѓРєРё'),
(11963, 'РјР°РєСЃРёРјР°Р»СЊРЅР°СЏ'),
(11964, 'РїСЂРѕРёР·РІРѕРґРёС‚РµР»СЊРЅРѕСЃС‚СЊ'),
(11965, 'Р±С‹СЃС‚СЂС‹Р№'),
(11966, 'РєРѕСЂРїСѓСЃ'),
(11967, '\r\nРїСЂРµРјРёР°Р»СЊРЅРѕРіРѕ'),
(11968, 'РіР»СЏРЅС†РµРІРѕРіРѕ'),
(11969, 'С‡РµСЂРЅРѕРіРѕ'),
(11970, 'С†РІРµС‚Р°,'),
(11971, 'РјРѕРґСѓР»СЊ'),
(11972, '\r\nСЃРІРµСЂС…РјРѕС‰РЅС‹Р№'),
(11973, 'РїСЂРѕС†РµСЃСЃРѕСЂ'),
(11974, 'РЅР°'),
(11975, 'РіР±'),
(11976, 'РїСЂРёРІРѕРґ'),
(11977, 'С‡РµС…РѕР»'),
(11978, 'Р±Р°С‚Р°СЂРµСЏ'),
(11979, 'РІ'),
(11980, 'РєРѕРјРїР»РµРєС‚Рµ.'),
(11981, 'РґРёСЃРїР»РµР№:'),
(11982, 'Р¶РµСЃС‚РєРёР№'),
(11983, 'РґРёСЃРє:'),
(11984, 'vgn-tz398u/xc,РЅРѕСѓС‚Р±СѓРє'),
(11985, 'Сумка'),
(11986, 'для'),
(11987, 'ноутбука'),
(11988, '\r\n	Сумка'),
(11989, 'ноутбуков'),
(11990, 'до'),
(11991, '16.4&#39;'),
(11992, '\r\n	[ru]ty-cc10w'),
(11993, 'камера'),
(11994, 'видеосвязи'),
(11995, 'Цифровая'),
(11996, 'клавиатура'),
(11997, '\r\n	Беспроводная.'),
(11998, 'Радиус'),
(11999, 'действия&nbsp;'),
(12000, 'метров.'),
(12001, '\r\n	Функция'),
(12002, 'видео'),
(12003, 'logitech&reg;'),
(12004, 'Технология'),
(12005, 'mp3-видеоплеер'),
(12006, '\r\n	[ru]Сверхтонкий'),
(12007, 'корпус,'),
(12008, 'мощный'),
(12009, 'звук'),
(12010, 'и'),
(12011, 'сверхъяркий'),
(12012, 'экран'),
(12013, '\r\n	[en]now'),
(12014, 'bluetooth&reg;'),
(12015, 'walkman&reg;'),
(12016, '2.4&quot;'),
(12017, '\r\n	[ru]clear'),
(12018, 'fm-радио'),
(12019, '\r\n	[en]make'),
(12020, '&reg;'),
(12021, '2.0&quot;'),
(12022, '\r\n	[ru]Самый'),
(12023, 'тонкий'),
(12024, 'с'),
(12025, 'поистине'),
(12026, 'широким'),
(12027, 'oled-дисплеем'),
(12028, '\r\n	[en]enjoy'),
(12029, '\r\n	[ru]Миниатюрный'),
(12030, 'Мp3&nbsp;'),
(12031, 'флеш-плеер.'),
(12032, 'fm-тюнер.'),
(12033, 'Диктофон.'),
(12034, '\r\n	[en]show'),
(12035, '\r\n	[ru]'),
(12036, '\r\n	[ru]viera'),
(12037, '32&quot;'),
(12038, 'см)'),
(12039, 'ЖК-телевизор'),
(12040, 'высокой'),
(12041, 'четкости'),
(12042, '\r\n	[ru]ЖК-телевизор'),
(12043, 'см),'),
(12044, '26&quot;'),
(12045, 'в'),
(12046, 'исполнении'),
(12047, '42&quot;'),
(12048, 'плазма,'),
(12049, '\r\n	[ru]panasonic'),
(12050, '50&quot;'),
(12051, '\r\n	[ru]hdc-sdt750'),
(12052, 'видеокамера'),
(12053, 'качеством'),
(12054, 'записи'),
(12055, '\r\n	[ru]hdc-sd600eek'),
(12056, '\r\n	[ru]Портативная'),
(12057, 'запись'),
(12058, 'формате'),
(12059, '\r\n	[ru]sony'),
(12060, 'функцией'),
(12061, 'распознавания'),
(12062, 'улыбки&nbsp;'),
(12063, '\r\n	[en]the'),
(12064, 'handycam&reg;'),
(12065, 'world&#39;s'),
(12066, '\r\n	[ru]Видеокамера'),
(12067, 'разрешением'),
(12068, '\r\n	[en]from'),
(12069, 'canon&#39;s'),
(12070, '\r\n	[en]10.0'),
(12071, '[ru]Матрица:'),
(12072, '1/2.33&quot;'),
(12073, 'зеркальная'),
(12074, 'фотокамера.'),
(12075, 'Новая'),
(12076, 'матрица.'),
(12077, '\r\n	[ru]aiaf'),
(12078, 'лиц'),
(12079, '\r\n	[ru]Технология'),
(12080, 'кадре'),
(12081, 'режиме'),
(12082, 'видео.'),
(12083, 'Настольный'),
(12084, 'компьютер'),
(12085, '\r\n	Процессор:'),
(12086, '\r\n	[ru]cmos'),
(12087, 'датчик'),
(12088, 'оснащен'),
(12089, 'матрицей'),
(12090, '\r\n	&nbsp;'),
(12091, '\r\n	'),
(12092, 'или'),
(12093, 'графическая'),
(12094, 'плата'),
(12095, 'объемом'),
(12096, 'памяти'),
(12097, 'Гбайт'),
(12098, '(gddr5)'),
(12099, 'Ноутбук'),
(12100, 'Вес:'),
(12101, '\r\n	[ru]Экран'),
(12102, 'диагональю'),
(12103, '12&#39;&#39;'),
(12104, 'подсветка.'),
(12105, '\r\n	Экран'),
(12106, '16.4&quot;,'),
(12107, 'ГГц)'),
(12108, 'ГБ'),
(12109, 'МБ'),
(12110, 'Веб-камера'),
(12111, 'dvd+-rw'),
(12112, 'вес'),
(12113, 'кг'),
(12114, '\r\n	intel'),
(12115, 'кэша'),
(12116, 'системной'),
(12117, 'памяти.'),
(12118, '&reg;.'),
(12119, '\r\n	[en]it&#39;s'),
(12120, '11.1&quot;'),
(12121, '\r\n	[ru]Быстрый'),
(12122, 'портативный'),
(12123, 'от'),
(12124, 'Тест'),
(12125, 'Цифровой'),
(12126, 'товар'),
(12127, 'Тестовый'),
(12128, 'Корзина'),
(12129, '\r\n	[en]it''s'),
(12130, '®'),
(12131, '\r\n\r\n		'),
(12132, '\r\n\r\n		\r\n		'),
(12133, '\r\n\r\n		\r\n		\r\n		'),
(12134, '\r\n\r\n		\r\n		\r\n		\r\n		'),
(12135, '\r\n\r\n		\r\n		\r\n		\r\n		\r\n		'),
(12136, '\r\n\r\n		\r\n		\r\n		\r\n		\r\n		\r\n		'),
(12137, '\r\n\r\n		\r\n		\r\n		\r\n		\r\n		\r\n		\r\n		'),
(12138, '\r\n\r\n		\r\n		\r\n		\r\n		\r\n		\r\n		\r\n		\r\n		'),
(12139, '\r\n\r\n		\r\n		\r\n		\r\n		\r\n		\r\n		\r\n		\r\n		\r\n		'),
(12140, '\r\n\r\n		\r\n		\r\n		\r\n		\r\n		\r\n		\r\n		\r\n		\r\n		\r\n		'),
(12141, '\r\n\r\n		\r\n		\r\n		\r\n		\r\n		\r\n		\r\n		\r\n		\r\n		\r\n		\r\n		');

CREATE TABLE `va_keywords_items` (
  `item_id` int(11) DEFAULT '0',
  `keyword_id` int(11) DEFAULT '0',
  `field_id` tinyint(4) DEFAULT '0',
  `keyword_position` smallint(6) DEFAULT '0',
  `keyword_rank` smallint(6) DEFAULT '0',
  KEY `item_id` (`item_id`),
  KEY `keyword_id` (`keyword_id`),
  KEY `field_id` (`field_id`),
  KEY `keyword_position` (`keyword_position`),
  KEY `keyword_rank` (`keyword_rank`)
) ENGINE=MyISAM DEFAULT CHARSET=utf8;

INSERT INTO `va_keywords_items` (`item_id`, `keyword_id`, `field_id`, `keyword_position`, `keyword_rank`) VALUES
(53, 11985, 1, 1, 0),
(53, 11986, 1, 2, 0),
(53, 11987, 1, 3, 0),
(53, 11988, 4, 1, 0),
(53, 6, 4, 2, 0),
(53, 7, 4, 3, 0),
(53, 8, 4, 4, 0),
(53, 11986, 4, 5, 0),
(53, 11989, 4, 6, 0),
(53, 11990, 4, 7, 0),
(53, 11991, 4, 8, 0),
(53, 59, 4, 9, 0),
(61, 38, 1, 1, 0),
(61, 39, 1, 2, 0),
(61, 11992, 4, 1, 0),
(61, 41, 4, 2, 0),
(61, 42, 4, 3, 0),
(61, 11993, 4, 4, 0),
(61, 11986, 4, 5, 0),
(61, 11994, 4, 6, 0),
(61, 59, 4, 7, 0),
(44, 11995, 1, 1, 0),
(44, 11996, 1, 2, 0),
(44, 93, 1, 3, 0),
(44, 11997, 4, 1, 0),
(44, 11998, 4, 2, 0),
(44, 11999, 4, 3, 0),
(44, 97, 4, 4, 0),
(44, 12000, 4, 5, 0),
(44, 99, 4, 6, 0),
(44, 59, 4, 7, 0),
(45, 145, 1, 1, 0),
(45, 146, 1, 2, 0),
(45, 11986, 1, 3, 0),
(45, 11989, 1, 4, 0),
(45, 12001, 4, 1, 0),
(45, 12002, 4, 2, 0),
(45, 12003, 4, 3, 0),
(45, 152, 4, 4, 0),
(45, 5967, 4, 5, 0),
(45, 12004, 4, 6, 0),
(45, 155, 4, 7, 0),
(45, 59, 4, 8, 0),
(36, 12005, 1, 1, 0),
(36, 233, 1, 2, 0),
(36, 234, 1, 3, 0),
(36, 12006, 4, 1, 0),
(36, 12007, 4, 2, 0),
(36, 12008, 4, 3, 0),
(36, 12009, 4, 4, 0),
(36, 12010, 4, 5, 0),
(36, 12011, 4, 6, 0),
(36, 12012, 4, 7, 0),
(36, 12013, 4, 8, 0),
(36, 243, 4, 9, 0),
(36, 244, 4, 10, 0),
(36, 245, 4, 11, 0),
(36, 246, 4, 12, 0),
(36, 247, 4, 13, 0),
(36, 248, 4, 14, 0),
(36, 249, 4, 15, 0),
(36, 250, 4, 16, 0),
(36, 251, 4, 17, 0),
(36, 252, 4, 18, 0),
(36, 253, 4, 19, 0),
(36, 254, 4, 20, 0),
(36, 12014, 4, 21, 0),
(36, 256, 4, 22, 0),
(36, 257, 4, 23, 0),
(36, 233, 4, 24, 0),
(36, 234, 4, 25, 0),
(36, 12015, 4, 26, 0),
(36, 152, 4, 27, 0),
(36, 259, 4, 28, 0),
(36, 260, 4, 29, 0),
(36, 261, 4, 30, 0),
(36, 243, 4, 31, 0),
(36, 262, 4, 32, 0),
(36, 263, 4, 33, 0),
(36, 264, 4, 34, 0),
(36, 265, 4, 35, 0),
(36, 266, 4, 36, 0),
(36, 267, 4, 37, 0),
(36, 268, 4, 38, 0),
(36, 269, 4, 39, 0),
(36, 243, 4, 40, 0),
(36, 270, 4, 41, 0),
(36, 249, 4, 42, 0),
(36, 271, 4, 43, 0),
(36, 272, 4, 44, 0),
(36, 273, 4, 45, 0),
(36, 274, 4, 46, 0),
(36, 12016, 4, 47, 0),
(36, 276, 4, 48, 0),
(36, 277, 4, 49, 0),
(36, 278, 4, 50, 0),
(36, 279, 4, 51, 0),
(36, 280, 4, 52, 0),
(36, 281, 4, 53, 0),
(36, 282, 4, 54, 0),
(36, 283, 4, 55, 0),
(36, 284, 4, 56, 0),
(36, 285, 4, 57, 0),
(36, 59, 4, 58, 0),
(35, 12005, 1, 1, 0),
(35, 233, 1, 2, 0),
(35, 362, 1, 3, 0),
(35, 12017, 4, 1, 0),
(35, 364, 4, 2, 0),
(35, 365, 4, 3, 0),
(35, 366, 4, 4, 0),
(35, 367, 4, 5, 0),
(35, 12018, 4, 6, 0),
(35, 12019, 4, 7, 0),
(35, 273, 4, 8, 0),
(35, 370, 4, 9, 0),
(35, 371, 4, 10, 0),
(35, 245, 4, 11, 0),
(35, 372, 4, 12, 0),
(35, 268, 4, 13, 0),
(35, 373, 4, 14, 0),
(35, 233, 4, 15, 0),
(35, 362, 4, 16, 0),
(35, 324, 4, 17, 0),
(35, 152, 4, 18, 0),
(35, 258, 4, 19, 0),
(35, 12020, 4, 20, 0),
(35, 259, 4, 21, 0),
(35, 375, 4, 22, 0),
(35, 376, 4, 23, 0),
(35, 377, 4, 24, 0),
(35, 283, 4, 25, 0),
(35, 271, 4, 26, 0),
(35, 322, 4, 27, 0),
(35, 378, 4, 28, 0),
(35, 379, 4, 29, 0),
(35, 281, 4, 30, 0),
(35, 380, 4, 31, 0),
(35, 381, 4, 32, 0),
(35, 382, 4, 33, 0),
(35, 245, 4, 34, 0),
(35, 12021, 4, 35, 0),
(35, 276, 4, 36, 0),
(35, 384, 4, 37, 0),
(35, 385, 4, 38, 0),
(35, 277, 4, 39, 0),
(35, 354, 4, 40, 0),
(35, 386, 4, 41, 0),
(35, 59, 4, 42, 0),
(34, 12005, 1, 1, 0),
(34, 233, 1, 2, 0),
(34, 652, 1, 3, 0),
(34, 12022, 4, 1, 0),
(34, 12023, 4, 2, 0),
(34, 12005, 4, 3, 0),
(34, 258, 4, 4, 0),
(34, 12020, 4, 5, 0),
(34, 12024, 4, 6, 0),
(34, 12025, 4, 7, 0),
(34, 12026, 4, 8, 0),
(34, 12027, 4, 9, 0),
(34, 12028, 4, 10, 0),
(34, 322, 4, 11, 0),
(34, 339, 4, 12, 0),
(34, 340, 4, 13, 0),
(34, 662, 4, 14, 0),
(34, 663, 4, 15, 0),
(34, 664, 4, 16, 0),
(34, 371, 4, 17, 0),
(34, 245, 4, 18, 0),
(34, 233, 4, 19, 0),
(34, 652, 4, 20, 0),
(34, 258, 4, 21, 0),
(34, 12020, 4, 22, 0),
(34, 152, 4, 23, 0),
(34, 259, 4, 24, 0),
(34, 375, 4, 25, 0),
(34, 666, 4, 26, 0),
(34, 667, 4, 27, 0),
(34, 668, 4, 28, 0),
(34, 578, 4, 29, 0),
(34, 669, 4, 30, 0),
(34, 243, 4, 31, 0),
(34, 327, 4, 32, 0),
(34, 590, 4, 33, 0),
(34, 329, 4, 34, 0),
(34, 249, 4, 35, 0),
(34, 670, 4, 36, 0),
(34, 333, 4, 37, 0),
(34, 247, 4, 38, 0),
(34, 322, 4, 39, 0),
(34, 378, 4, 40, 0),
(34, 596, 4, 41, 0),
(34, 671, 4, 42, 0),
(34, 268, 4, 43, 0),
(34, 591, 4, 44, 0),
(34, 672, 4, 45, 0),
(34, 283, 4, 46, 0),
(34, 271, 4, 47, 0),
(34, 329, 4, 48, 0),
(34, 249, 4, 49, 0),
(34, 506, 4, 50, 0),
(34, 333, 4, 51, 0),
(34, 247, 4, 52, 0),
(34, 152, 4, 53, 0),
(34, 382, 4, 54, 0),
(34, 273, 4, 55, 0),
(34, 673, 4, 56, 0),
(34, 674, 4, 57, 0),
(34, 59, 4, 58, 0),
(32, 937, 1, 1, 0),
(32, 251, 1, 2, 0),
(32, 260, 1, 3, 0),
(32, 938, 1, 4, 0),
(32, 12029, 4, 1, 0),
(32, 12030, 4, 2, 0),
(32, 12031, 4, 3, 0),
(32, 12032, 4, 4, 0),
(32, 12033, 4, 5, 0),
(32, 12034, 4, 6, 0),
(32, 945, 4, 7, 0),
(32, 322, 4, 8, 0),
(32, 946, 4, 9, 0),
(32, 947, 4, 10, 0),
(32, 948, 4, 11, 0),
(32, 251, 4, 12, 0),
(32, 260, 4, 13, 0),
(32, 949, 4, 14, 0),
(32, 254, 4, 15, 0),
(32, 273, 4, 16, 0),
(32, 950, 4, 17, 0),
(32, 951, 4, 18, 0),
(32, 952, 4, 19, 0),
(32, 953, 4, 20, 0),
(32, 954, 4, 21, 0),
(32, 322, 4, 22, 0),
(32, 378, 4, 23, 0),
(32, 955, 4, 24, 0),
(32, 382, 4, 25, 0),
(32, 245, 4, 26, 0),
(32, 616, 4, 27, 0),
(32, 371, 4, 28, 0),
(32, 956, 4, 29, 0),
(32, 76, 4, 30, 0),
(32, 268, 4, 31, 0),
(32, 880, 4, 32, 0),
(32, 957, 4, 33, 0),
(32, 333, 4, 34, 0),
(32, 247, 4, 35, 0),
(32, 958, 4, 36, 0),
(32, 371, 4, 37, 0),
(32, 959, 4, 38, 0),
(32, 317, 4, 39, 0),
(32, 960, 4, 40, 0),
(32, 961, 4, 41, 0),
(32, 59, 4, 42, 0),
(33, 324, 1, 1, 0),
(33, 937, 1, 2, 0),
(33, 251, 1, 3, 0),
(33, 152, 1, 4, 0),
(33, 260, 1, 5, 0),
(33, 1028, 1, 6, 0),
(33, 12035, 4, 1, 0),
(33, 324, 4, 2, 0),
(33, 1029, 4, 3, 0),
(33, 1030, 4, 4, 0),
(33, 591, 4, 5, 0),
(33, 1031, 4, 6, 0),
(33, 997, 4, 7, 0),
(33, 1032, 4, 8, 0),
(33, 1033, 4, 9, 0),
(33, 1034, 4, 10, 0),
(33, 1035, 4, 11, 0),
(33, 1036, 4, 12, 0),
(33, 1037, 4, 13, 0),
(33, 1038, 4, 14, 0),
(33, 12034, 4, 15, 0),
(33, 945, 4, 16, 0),
(33, 322, 4, 17, 0),
(33, 946, 4, 18, 0),
(33, 947, 4, 19, 0),
(33, 948, 4, 20, 0),
(33, 251, 4, 21, 0),
(33, 260, 4, 22, 0),
(33, 949, 4, 23, 0),
(33, 254, 4, 24, 0),
(33, 273, 4, 25, 0),
(33, 950, 4, 26, 0),
(33, 951, 4, 27, 0),
(33, 952, 4, 28, 0),
(33, 953, 4, 29, 0),
(33, 954, 4, 30, 0),
(33, 322, 4, 31, 0),
(33, 378, 4, 32, 0),
(33, 955, 4, 33, 0),
(33, 382, 4, 34, 0),
(33, 245, 4, 35, 0),
(33, 616, 4, 36, 0),
(33, 371, 4, 37, 0),
(33, 956, 4, 38, 0),
(33, 76, 4, 39, 0),
(33, 268, 4, 40, 0),
(33, 880, 4, 41, 0),
(33, 957, 4, 42, 0),
(33, 333, 4, 43, 0),
(33, 247, 4, 44, 0),
(33, 958, 4, 45, 0),
(33, 371, 4, 46, 0),
(33, 959, 4, 47, 0),
(33, 317, 4, 48, 0),
(33, 960, 4, 49, 0),
(33, 961, 4, 50, 0),
(33, 59, 4, 51, 0),
(67, 38, 1, 1, 0),
(67, 1121, 1, 2, 0),
(67, 1122, 1, 3, 0),
(67, 12036, 4, 1, 0),
(67, 1122, 4, 2, 0),
(67, 41, 4, 3, 0),
(67, 12037, 4, 4, 0),
(67, 1125, 4, 5, 0),
(67, 12038, 4, 6, 0),
(67, 12039, 4, 7, 0),
(67, 12040, 4, 8, 0),
(67, 12041, 4, 9, 0),
(67, 1130, 4, 10, 0),
(67, 59, 4, 11, 0),
(66, 233, 1, 1, 0),
(66, 1199, 1, 2, 0),
(66, 1200, 1, 3, 0),
(66, 12042, 4, 1, 0),
(66, 1199, 4, 2, 0),
(66, 5210, 4, 3, 0),
(66, 1203, 4, 4, 0),
(66, 12043, 4, 5, 0),
(66, 1205, 4, 6, 0),
(66, 1206, 4, 7, 0),
(66, 1207, 4, 8, 0),
(66, 908, 4, 9, 0),
(66, 12010, 4, 10, 0),
(66, 1209, 4, 11, 0),
(66, 908, 4, 12, 0),
(66, 59, 4, 13, 0),
(65, 233, 1, 1, 0),
(65, 1199, 1, 2, 0),
(65, 1399, 1, 3, 0),
(65, 12042, 4, 1, 0),
(65, 1199, 4, 2, 0),
(65, 12044, 4, 3, 0),
(65, 1402, 4, 4, 0),
(65, 12038, 4, 5, 0),
(65, 1130, 4, 6, 0),
(65, 908, 4, 7, 0),
(65, 12045, 4, 8, 0),
(65, 12046, 4, 9, 0),
(65, 1406, 4, 10, 0),
(65, 613, 4, 11, 0),
(65, 59, 4, 12, 0),
(58, 38, 1, 1, 0),
(58, 1121, 1, 2, 0),
(58, 1564, 1, 3, 0),
(58, 12036, 4, 1, 0),
(58, 1564, 4, 2, 0),
(58, 41, 4, 3, 0),
(58, 12047, 4, 4, 0),
(58, 1566, 4, 5, 0),
(58, 12038, 4, 6, 0),
(58, 12048, 4, 7, 0),
(58, 1569, 4, 8, 0),
(58, 1570, 4, 9, 0),
(58, 59, 4, 10, 0),
(59, 38, 1, 1, 0),
(59, 1121, 1, 2, 0),
(59, 1709, 1, 3, 0),
(59, 12036, 4, 1, 0),
(59, 1709, 4, 2, 0),
(59, 41, 4, 3, 0),
(59, 12037, 4, 4, 0),
(59, 1125, 4, 5, 0),
(59, 12038, 4, 6, 0),
(59, 12039, 4, 7, 0),
(59, 12040, 4, 8, 0),
(59, 12041, 4, 9, 0),
(59, 1569, 4, 10, 0),
(59, 59, 4, 11, 0),
(57, 38, 1, 1, 0),
(57, 1121, 1, 2, 0),
(57, 1792, 1, 3, 0),
(57, 12036, 4, 1, 0),
(57, 1792, 4, 2, 0),
(57, 41, 4, 3, 0),
(57, 12037, 4, 4, 0),
(57, 1125, 4, 5, 0),
(57, 12038, 4, 6, 0),
(57, 12039, 4, 7, 0),
(57, 12040, 4, 8, 0),
(57, 12041, 4, 9, 0),
(57, 1569, 4, 10, 0),
(57, 59, 4, 11, 0),
(56, 38, 1, 1, 0),
(56, 1121, 1, 2, 0),
(56, 1854, 1, 3, 0),
(56, 12049, 4, 1, 0),
(56, 1121, 4, 2, 0),
(56, 1854, 4, 3, 0),
(56, 41, 4, 4, 0),
(56, 12050, 4, 5, 0),
(56, 1857, 4, 6, 0),
(56, 12038, 4, 7, 0),
(56, 12048, 4, 8, 0),
(56, 1569, 4, 9, 0),
(56, 59, 4, 10, 0),
(55, 38, 1, 1, 0),
(55, 1121, 1, 2, 0),
(55, 2004, 1, 3, 0),
(55, 12036, 4, 1, 0),
(55, 2004, 4, 2, 0),
(55, 41, 4, 3, 0),
(55, 1565, 4, 4, 0),
(55, 1566, 4, 5, 0),
(55, 12038, 4, 6, 0),
(55, 12039, 4, 7, 0),
(55, 12040, 4, 8, 0),
(55, 12041, 4, 9, 0),
(55, 1569, 4, 10, 0),
(55, 12131, 4, 11, 0),
(63, 38, 1, 1, 0),
(63, 2064, 1, 2, 0),
(63, 12051, 4, 1, 0),
(63, 41, 4, 2, 0),
(63, 1207, 4, 3, 0),
(63, 12052, 4, 4, 0),
(63, 38, 4, 5, 0),
(63, 12024, 4, 6, 0),
(63, 12053, 4, 7, 0),
(63, 12054, 4, 8, 0),
(63, 1569, 4, 9, 0),
(63, 59, 4, 10, 0),
(62, 12052, 1, 1, 0),
(62, 38, 1, 2, 0),
(62, 2139, 1, 3, 0),
(62, 12055, 4, 1, 0),
(62, 41, 4, 2, 0),
(62, 12052, 4, 3, 0),
(62, 38, 4, 4, 0),
(62, 1569, 4, 5, 0),
(62, 59, 4, 6, 0),
(54, 11995, 1, 1, 0),
(54, 12052, 1, 2, 0),
(54, 2226, 1, 3, 0),
(54, 2227, 1, 4, 0),
(54, 2228, 1, 5, 0),
(54, 12056, 4, 1, 0),
(54, 12052, 4, 2, 0),
(54, 2226, 4, 3, 0),
(54, 2227, 4, 4, 0),
(54, 2228, 4, 5, 0),
(54, 12057, 4, 6, 0),
(54, 12045, 4, 7, 0),
(54, 12058, 4, 8, 0),
(54, 2234, 4, 9, 0),
(54, 2235, 4, 10, 0),
(54, 218, 4, 11, 0),
(54, 2236, 4, 12, 0),
(54, 2237, 4, 13, 0),
(54, 59, 4, 14, 0),
(21, 12052, 1, 1, 0),
(21, 233, 1, 2, 0),
(21, 2332, 1, 3, 0),
(21, 12059, 4, 1, 0),
(21, 2334, 4, 2, 0),
(21, 41, 4, 3, 0),
(21, 12052, 4, 4, 0),
(21, 12024, 4, 5, 0),
(21, 12060, 4, 6, 0),
(21, 12061, 4, 7, 0),
(21, 12062, 4, 8, 0),
(21, 2340, 4, 9, 0),
(21, 2341, 4, 10, 0),
(21, 12063, 4, 11, 0),
(21, 2343, 4, 12, 0),
(21, 2344, 4, 13, 0),
(21, 2332, 4, 14, 0),
(21, 12064, 4, 15, 0),
(21, 2346, 4, 16, 0),
(21, 597, 4, 17, 0),
(21, 245, 4, 18, 0),
(21, 12065, 4, 19, 0),
(21, 2348, 4, 20, 0),
(21, 2346, 4, 21, 0),
(21, 371, 4, 22, 0),
(21, 2349, 4, 23, 0),
(21, 2350, 4, 24, 0),
(21, 268, 4, 25, 0),
(21, 2340, 4, 26, 0),
(21, 2351, 4, 27, 0),
(21, 2352, 4, 28, 0),
(21, 2349, 4, 29, 0),
(21, 2350, 4, 30, 0),
(21, 872, 4, 31, 0),
(21, 2353, 4, 32, 0),
(21, 2354, 4, 33, 0),
(21, 2355, 4, 34, 0),
(21, 268, 4, 35, 0),
(21, 385, 4, 36, 0),
(21, 644, 4, 37, 0),
(21, 245, 4, 38, 0),
(21, 2356, 4, 39, 0),
(21, 2357, 4, 40, 0),
(21, 2358, 4, 41, 0),
(21, 59, 4, 42, 0),
(15, 12052, 1, 1, 0),
(15, 2563, 1, 2, 0),
(15, 2564, 1, 3, 0),
(15, 2565, 1, 4, 0),
(15, 12066, 4, 1, 0),
(15, 2563, 4, 2, 0),
(15, 2564, 4, 3, 0),
(15, 2565, 4, 4, 0),
(15, 12024, 4, 5, 0),
(15, 12067, 4, 6, 0),
(15, 2552, 4, 7, 0),
(15, 1205, 4, 8, 0),
(15, 1130, 4, 9, 0),
(15, 12068, 4, 10, 0),
(15, 12069, 4, 11, 0),
(15, 577, 4, 12, 0),
(15, 2572, 4, 13, 0),
(15, 247, 4, 14, 0),
(15, 2573, 4, 15, 0),
(15, 2574, 4, 16, 0),
(15, 2531, 4, 17, 0),
(15, 1158, 4, 18, 0),
(15, 2575, 4, 19, 0),
(15, 2576, 4, 20, 0),
(15, 2577, 4, 21, 0),
(15, 268, 4, 22, 0),
(15, 2578, 4, 23, 0),
(15, 2579, 4, 24, 0),
(15, 281, 4, 25, 0),
(15, 2580, 4, 26, 0),
(15, 268, 4, 27, 0),
(15, 2581, 4, 28, 0),
(15, 2582, 4, 29, 0),
(15, 2583, 4, 30, 0),
(15, 851, 4, 31, 0),
(15, 245, 4, 32, 0),
(15, 2584, 4, 33, 0),
(15, 281, 4, 34, 0),
(15, 1328, 4, 35, 0),
(15, 1329, 4, 36, 0),
(15, 2585, 4, 37, 0),
(15, 59, 4, 38, 0),
(19, 2732, 1, 1, 0),
(19, 2733, 1, 2, 0),
(19, 12070, 4, 1, 0),
(19, 2742, 4, 2, 0),
(19, 2743, 4, 3, 0),
(19, 644, 4, 4, 0),
(19, 2744, 4, 5, 0),
(19, 2745, 4, 6, 0),
(19, 12071, 4, 7, 0),
(19, 12072, 4, 8, 0),
(19, 2748, 4, 9, 0),
(19, 2749, 4, 10, 0),
(19, 2750, 4, 11, 0),
(19, 59, 4, 12, 0),
(18, 2810, 1, 1, 0),
(18, 2836, 1, 2, 0),
(18, 12035, 4, 1, 0),
(18, 2810, 4, 2, 0),
(18, 2836, 4, 3, 0),
(18, 12073, 4, 4, 0),
(18, 12074, 4, 5, 0),
(18, 12075, 4, 6, 0),
(18, 12076, 4, 7, 0),
(18, 2842, 4, 8, 0),
(18, 2742, 4, 9, 0),
(18, 2410, 4, 10, 0),
(18, 2810, 4, 11, 0),
(18, 2843, 4, 12, 0),
(18, 2644, 4, 13, 0),
(18, 2844, 4, 14, 0),
(18, 1158, 4, 15, 0),
(18, 2845, 4, 16, 0),
(18, 59, 4, 17, 0),
(14, 2917, 1, 1, 0),
(14, 2918, 1, 2, 0),
(14, 597, 1, 3, 0),
(14, 12077, 4, 1, 0),
(14, 2920, 4, 2, 0),
(14, 12004, 4, 3, 0),
(14, 12061, 4, 4, 0),
(14, 12078, 4, 5, 0),
(14, 2924, 4, 6, 0),
(14, 2925, 4, 7, 0),
(14, 371, 4, 8, 0),
(14, 273, 4, 9, 0),
(14, 2926, 4, 10, 0),
(14, 2927, 4, 11, 0),
(14, 580, 4, 12, 0),
(14, 257, 4, 13, 0),
(14, 2917, 4, 14, 0),
(14, 2918, 4, 15, 0),
(14, 597, 4, 16, 0),
(14, 948, 4, 17, 0),
(14, 2928, 4, 18, 0),
(14, 2929, 4, 19, 0),
(14, 2930, 4, 20, 0),
(14, 2931, 4, 21, 0),
(14, 959, 4, 22, 0),
(14, 2523, 4, 23, 0),
(14, 2932, 4, 24, 0),
(14, 2413, 4, 25, 0),
(14, 2933, 4, 26, 0),
(14, 2934, 4, 27, 0),
(14, 2935, 4, 28, 0),
(14, 2936, 4, 29, 0),
(14, 506, 4, 30, 0),
(14, 2743, 4, 31, 0),
(14, 247, 4, 32, 0),
(14, 1617, 4, 33, 0),
(14, 1094, 4, 34, 0),
(14, 2349, 4, 35, 0),
(14, 2350, 4, 36, 0),
(14, 268, 4, 37, 0),
(14, 1732, 4, 38, 0),
(14, 2350, 4, 39, 0),
(14, 2352, 4, 40, 0),
(14, 59, 4, 41, 0),
(13, 2917, 1, 1, 0),
(13, 3001, 1, 2, 0),
(13, 12079, 4, 1, 0),
(13, 12061, 4, 2, 0),
(13, 12078, 4, 3, 0),
(13, 12045, 4, 4, 0),
(13, 12080, 4, 5, 0),
(13, 12045, 4, 6, 0),
(13, 12081, 4, 7, 0),
(13, 12082, 4, 8, 0),
(13, 59, 4, 9, 0),
(9, 12133, 4, 14, 0),
(9, 3093, 4, 13, 0),
(9, 3092, 4, 12, 0),
(9, 2665, 4, 11, 0),
(9, 2292, 4, 10, 0),
(9, 3091, 4, 9, 0),
(9, 3090, 4, 8, 0),
(9, 3089, 4, 7, 0),
(9, 3088, 4, 6, 0),
(9, 2431, 4, 5, 0),
(9, 2292, 4, 4, 0),
(9, 3087, 4, 3, 0),
(9, 3086, 4, 2, 0),
(9, 12085, 4, 1, 0),
(9, 3084, 1, 5, 0),
(9, 3083, 1, 4, 0),
(9, 3082, 1, 3, 0),
(9, 12084, 1, 2, 0),
(9, 12083, 1, 1, 0),
(12, 12133, 4, 10, 0),
(12, 3221, 4, 9, 0),
(12, 224, 4, 8, 0),
(12, 3220, 4, 7, 0),
(12, 12045, 4, 6, 0),
(12, 12089, 4, 5, 0),
(12, 12088, 4, 4, 0),
(12, 12087, 4, 3, 0),
(12, 41, 4, 2, 0),
(12, 12086, 4, 1, 0),
(12, 3214, 1, 3, 0),
(12, 3213, 1, 2, 0),
(12, 2563, 1, 1, 0),
(8, 12083, 1, 1, 0),
(8, 12084, 1, 2, 0),
(8, 3082, 1, 3, 0),
(8, 3328, 1, 4, 0),
(8, 317, 1, 5, 0),
(8, 12090, 4, 1, 0),
(8, 59, 4, 2, 0),
(8, 12091, 4, 3, 0),
(8, 3329, 4, 4, 0),
(8, 3330, 4, 5, 0),
(8, 12092, 4, 6, 0),
(8, 12093, 4, 7, 0),
(8, 12094, 4, 8, 0),
(8, 3329, 4, 9, 0),
(8, 1130, 4, 10, 0),
(8, 3334, 4, 11, 0),
(8, 12024, 4, 12, 0),
(8, 12095, 4, 13, 0),
(8, 12096, 4, 14, 0),
(8, 2316, 4, 15, 0),
(8, 12097, 4, 16, 0),
(8, 12098, 4, 17, 0),
(8, 59, 4, 18, 0),
(8, 12090, 4, 19, 0),
(8, 59, 4, 20, 0),
(11, 12099, 1, 1, 0),
(11, 3082, 1, 2, 0),
(11, 3328, 1, 3, 0),
(11, 3401, 1, 4, 0),
(11, 3402, 1, 5, 0),
(11, 3403, 1, 6, 0),
(11, 12085, 4, 1, 0),
(11, 3086, 4, 2, 0),
(11, 3087, 4, 3, 0),
(11, 2292, 4, 4, 0),
(11, 2431, 4, 5, 0),
(11, 3405, 4, 6, 0),
(11, 3406, 4, 7, 0),
(11, 3091, 4, 8, 0),
(11, 71, 4, 9, 0),
(11, 2665, 4, 10, 0),
(11, 3092, 4, 11, 0),
(11, 3407, 4, 12, 0),
(11, 12100, 4, 13, 0),
(11, 3409, 4, 14, 0),
(11, 3410, 4, 15, 0),
(11, 59, 4, 16, 0),
(10, 12099, 1, 1, 0),
(10, 3082, 1, 2, 0),
(10, 3453, 1, 3, 0),
(10, 3454, 1, 4, 0),
(10, 12101, 4, 1, 0),
(10, 12024, 4, 2, 0),
(10, 12102, 4, 3, 0),
(10, 2632, 4, 4, 0),
(10, 3464, 4, 5, 0),
(10, 1219, 4, 6, 0),
(10, 12104, 4, 7, 0),
(10, 12131, 4, 8, 0),
(4, 12099, 1, 1, 0),
(4, 8, 1, 2, 0),
(4, 3507, 1, 3, 0),
(4, 3508, 1, 4, 0),
(4, 1001, 1, 5, 0),
(4, 3509, 1, 6, 0),
(4, 12105, 4, 1, 0),
(4, 12106, 4, 2, 0),
(4, 212, 4, 3, 0),
(4, 213, 4, 4, 0),
(4, 2915, 4, 5, 0),
(4, 709, 4, 6, 0),
(4, 3086, 4, 7, 0),
(4, 3087, 4, 8, 0),
(4, 3512, 4, 9, 0),
(4, 3513, 4, 10, 0),
(4, 12107, 4, 11, 0),
(4, 709, 4, 12, 0),
(4, 71, 4, 13, 0),
(4, 12108, 4, 14, 0),
(4, 709, 4, 15, 0),
(4, 3516, 4, 16, 0),
(4, 346, 4, 17, 0),
(4, 12108, 4, 18, 0),
(4, 709, 4, 19, 0),
(4, 3519, 4, 20, 0),
(4, 3520, 4, 21, 0),
(4, 3521, 4, 22, 0),
(4, 3522, 4, 23, 0),
(4, 12109, 4, 24, 0),
(4, 709, 4, 25, 0),
(4, 1378, 4, 26, 0),
(4, 709, 4, 27, 0),
(4, 255, 4, 28, 0),
(4, 709, 4, 29, 0),
(4, 12110, 4, 30, 0),
(4, 709, 4, 31, 0),
(4, 12111, 4, 32, 0),
(4, 709, 4, 33, 0),
(4, 482, 4, 34, 0),
(4, 3526, 4, 35, 0),
(4, 3527, 4, 36, 0),
(4, 3528, 4, 37, 0),
(4, 709, 4, 38, 0),
(4, 12112, 4, 39, 0),
(4, 3530, 4, 40, 0),
(4, 12113, 4, 41, 0),
(4, 59, 4, 42, 0),
(6, 12083, 1, 1, 0),
(6, 12084, 1, 2, 0),
(6, 3576, 1, 3, 0),
(6, 12114, 4, 1, 0),
(6, 12020, 4, 2, 0),
(6, 3087, 4, 3, 0),
(6, 2292, 4, 4, 0),
(6, 2431, 4, 5, 0),
(6, 3579, 4, 6, 0),
(6, 12024, 4, 7, 0),
(6, 3581, 4, 8, 0),
(6, 12115, 4, 9, 0),
(6, 3583, 4, 10, 0),
(6, 12010, 4, 11, 0),
(6, 3585, 4, 12, 0),
(6, 12116, 4, 13, 0),
(6, 12117, 4, 14, 0),
(6, 59, 4, 15, 0),
(3, 12099, 1, 1, 0),
(3, 8, 1, 2, 0),
(3, 3634, 1, 3, 0),
(3, 12114, 4, 1, 0),
(3, 12020, 4, 2, 0),
(3, 3087, 4, 3, 0),
(3, 2292, 4, 4, 0),
(3, 2431, 4, 5, 0),
(3, 3637, 4, 6, 0),
(3, 2513, 4, 7, 0),
(3, 3638, 4, 8, 0),
(3, 371, 4, 9, 0),
(3, 3086, 4, 10, 0),
(3, 12020, 4, 11, 0),
(3, 3541, 4, 12, 0),
(3, 12020, 4, 13, 0),
(3, 2292, 4, 14, 0),
(3, 2513, 4, 15, 0),
(3, 3792, 4, 16, 0),
(3, 245, 4, 17, 0),
(3, 2584, 4, 18, 0),
(3, 3642, 4, 19, 0),
(3, 662, 4, 20, 0),
(3, 3086, 4, 21, 0),
(3, 12118, 4, 22, 0),
(3, 59, 4, 23, 0),
(1, 12141, 4, 25, 0),
(1, 3689, 4, 24, 0),
(1, 12123, 4, 23, 0),
(1, 12084, 4, 22, 0),
(1, 12122, 4, 21, 0),
(1, 12008, 4, 20, 0),
(1, 12010, 4, 19, 0),
(1, 12121, 4, 18, 0),
(1, 3682, 4, 17, 0),
(1, 3681, 4, 16, 0),
(1, 3672, 4, 15, 0),
(1, 12130, 4, 14, 0),
(1, 8, 4, 13, 0),
(1, 3679, 4, 12, 0),
(1, 3678, 4, 11, 0),
(1, 245, 4, 10, 0),
(1, 3677, 4, 9, 0),
(1, 268, 4, 8, 0),
(1, 2450, 4, 7, 0),
(1, 3676, 4, 6, 0),
(1, 959, 4, 5, 0),
(1, 3675, 4, 4, 0),
(1, 249, 4, 3, 0),
(1, 2691, 4, 2, 0),
(1, 12129, 4, 1, 0),
(1, 3673, 1, 5, 0),
(1, 3508, 1, 4, 0),
(1, 3672, 1, 3, 0),
(1, 8, 1, 2, 0),
(1, 12099, 1, 1, 0);

CREATE TABLE `va_languages` (
  `language_code` varchar(2) NOT NULL,
  `language_order` int(11) DEFAULT '1',
  `language_name` varchar(255) NOT NULL,
  `show_for_user` tinyint(4) DEFAULT '0',
  `language_image` varchar(255) DEFAULT NULL,
  `language_image_active` varchar(255) DEFAULT NULL,
  `currency_code` varchar(4) DEFAULT NULL,
  PRIMARY KEY (`language_code`)
) ENGINE=MyISAM DEFAULT CHARSET=utf8;

INSERT INTO `va_languages` (`language_code`, `language_order`, `language_name`, `show_for_user`, `language_image`, `language_image_active`, `currency_code`) VALUES
('ar', 1, 'Arabic', 0, 'images/flags/sa.gif', NULL, NULL),
('br', 1, 'Brazilian', 0, 'images/flags/br.gif', NULL, NULL),
('cs', 1, 'Czech', 0, 'images/flags/cz.gif', NULL, NULL),
('de', 1, 'German', 1, 'images/flags/de.gif', NULL, NULL),
('el', 1, 'Greek', 0, 'images/flags/gr.gif', NULL, NULL),
('en', 1, 'English', 1, 'images/flags/gb.gif', NULL, NULL),
('es', 1, 'Spanish', 0, 'images/flags/es.gif', NULL, NULL),
('fi', 1, 'Finnish', 0, 'images/flags/fi.gif', NULL, NULL),
('fr', 1, 'French', 1, 'images/flags/fr.gif', NULL, NULL),
('hu', 1, 'Hungarian', 0, 'images/flags/hu.gif', NULL, NULL),
('it', 1, 'Italian', 0, 'images/flags/it.gif', NULL, NULL),
('lt', 1, 'Lithuanian', 0, 'images/flags/lt.gif', NULL, NULL),
('lv', 1, 'Latvian', 0, 'images/flags/lv.gif', NULL, NULL),
('nl', 1, 'Dutch', 0, 'images/flags/nl.gif', NULL, NULL),
('no', 1, 'Norweigian', 0, 'images/flags/no.gif', NULL, NULL),
('pl', 1, 'Polish', 0, 'images/flags/pl.gif', NULL, NULL),
('pt', 1, 'Portuguese', 0, 'images/flags/pt.gif', NULL, NULL),
('ru', 1, 'Русский', 1, 'images/flags/ru.gif', NULL, NULL),
('sk', 1, 'Slovak', 0, 'images/flags/sk.gif', NULL, NULL),
('sv', 1, 'Swedish', 0, 'images/flags/se.gif', NULL, NULL),
('tr', 1, 'Turkish', 0, 'images/flags/tr.gif', NULL, NULL),
('uk', 1, 'Ukrainian', 0, 'images/flags/ua.gif', NULL, NULL);

CREATE TABLE `va_layouts` (
  `layout_id` int(11) NOT NULL AUTO_INCREMENT,
  `sites_all` tinyint(4) DEFAULT '1',
  `show_for_user` tinyint(4) DEFAULT '0',
  `layout_name` varchar(64) NOT NULL,
  `user_layout_name` varchar(255) DEFAULT NULL,
  `top_menu_type` int(11) DEFAULT '1',
  `style_name` varchar(64) DEFAULT NULL,
  `scheme_name` varchar(64) DEFAULT NULL,
  `templates_dir` varchar(255) NOT NULL,
  `admin_templates_dir` varchar(255) NOT NULL,
  PRIMARY KEY (`layout_id`),
  KEY `sites_all` (`sites_all`)
) ENGINE=MyISAM  DEFAULT CHARSET=utf8 AUTO_INCREMENT=18 ;

INSERT INTO `va_layouts` (`layout_id`, `sites_all`, `show_for_user`, `layout_name`, `user_layout_name`, `top_menu_type`, `style_name`, `scheme_name`, `templates_dir`, `admin_templates_dir`) VALUES
(17, 1, 0, 'Nordis', 'Nordis', 1, 'nordis', NULL, './templates/user', '../templates/admin'),
(16, 1, 0, 'Ecos', 'Ecos', 1, 'ecos', NULL, './templates/user', '../templates/admin'),
(12, 1, 0, 'Stan', 'stan', 1, 'stan', NULL, './templates/user', '../templates/admin'),
(13, 1, 0, 'Mobile', NULL, 1, 'mobile', NULL, './templates/mobile', '../templates/admin'),
(14, 1, 0, 'Yom', 'Yom', 1, 'yom', NULL, './templates/user', '../templates/admin'),
(15, 1, 0, 'Sunny', 'Sunny', 1, 'sunny', NULL, './templates/user', '../templates/admin');

CREATE TABLE `va_layouts_sites` (
  `layout_id` int(11) NOT NULL DEFAULT '0',
  `site_id` int(11) NOT NULL DEFAULT '0',
  PRIMARY KEY (`layout_id`,`site_id`)
) ENGINE=MyISAM DEFAULT CHARSET=utf8;


CREATE TABLE `va_manuals_articles` (
  `article_id` int(11) NOT NULL AUTO_INCREMENT,
  `manual_id` int(11) DEFAULT '0',
  `parent_article_id` int(11) DEFAULT '0',
  `alias_article_id` int(11) DEFAULT '0',
  `article_path` varchar(255) NOT NULL,
  `article_title` varchar(255) DEFAULT NULL,
  `friendly_url` varchar(255) DEFAULT NULL,
  `article_order` int(11) DEFAULT '0',
  `section_number` varchar(255) DEFAULT NULL,
  `image_small` varchar(255) DEFAULT NULL,
  `image_small_alt` varchar(255) DEFAULT NULL,
  `image_large` varchar(255) DEFAULT NULL,
  `image_large_alt` varchar(255) DEFAULT NULL,
  `short_description` text,
  `full_description` text,
  `allowed_view` tinyint(4) NOT NULL DEFAULT '0',
  `shown_in_contents` tinyint(4) NOT NULL DEFAULT '0',
  `meta_title` varchar(255) DEFAULT NULL,
  `meta_keywords` varchar(255) DEFAULT NULL,
  `meta_description` varchar(255) DEFAULT NULL,
  `date_added` datetime DEFAULT NULL,
  `date_modified` datetime DEFAULT NULL,
  `admin_id_added_by` int(11) DEFAULT '0',
  `admin_id_modified_by` int(11) DEFAULT '0',
  PRIMARY KEY (`article_id`),
  KEY `manual_id` (`manual_id`),
  KEY `parent_article_id` (`parent_article_id`),
  KEY `alias_article_id` (`alias_article_id`),
  KEY `article_path` (`article_path`),
  KEY `friendly_url` (`friendly_url`)
) ENGINE=MyISAM DEFAULT CHARSET=utf8 AUTO_INCREMENT=1 ;


CREATE TABLE `va_manuals_categories` (
  `category_id` int(11) NOT NULL AUTO_INCREMENT,
  `category_name` varchar(255) DEFAULT NULL,
  `friendly_url` varchar(255) DEFAULT NULL,
  `category_order` int(11) DEFAULT '0',
  `short_description` text,
  `full_description` text,
  `sites_all` tinyint(4) DEFAULT '1',
  `access_level` tinyint(4) DEFAULT '7',
  `guest_access_level` tinyint(4) DEFAULT '7',
  `meta_title` varchar(255) DEFAULT NULL,
  `meta_keywords` varchar(255) DEFAULT NULL,
  `meta_description` varchar(255) DEFAULT NULL,
  `date_added` datetime DEFAULT NULL,
  `date_modified` datetime DEFAULT NULL,
  `admin_id_added_by` int(11) DEFAULT '0',
  `admin_id_modified_by` int(11) DEFAULT '0',
  PRIMARY KEY (`category_id`),
  KEY `friendly_url` (`friendly_url`),
  KEY `sites_all` (`sites_all`),
  KEY `access_level` (`access_level`),
  KEY `guest_access_level` (`guest_access_level`)
) ENGINE=MyISAM DEFAULT CHARSET=utf8 AUTO_INCREMENT=1 ;


CREATE TABLE `va_manuals_categories_sites` (
  `category_id` int(11) NOT NULL DEFAULT '0',
  `site_id` int(11) NOT NULL DEFAULT '0',
  PRIMARY KEY (`category_id`,`site_id`)
) ENGINE=MyISAM DEFAULT CHARSET=utf8;


CREATE TABLE `va_manuals_categories_subscriptions` (
  `category_id` int(11) NOT NULL DEFAULT '0',
  `subscription_id` int(11) NOT NULL DEFAULT '0',
  `access_level` tinyint(4) DEFAULT '0',
  PRIMARY KEY (`category_id`,`subscription_id`)
) ENGINE=MyISAM DEFAULT CHARSET=utf8;


CREATE TABLE `va_manuals_categories_types` (
  `category_id` int(11) NOT NULL DEFAULT '0',
  `user_type_id` int(11) NOT NULL DEFAULT '0',
  `access_level` tinyint(4) DEFAULT '0',
  PRIMARY KEY (`category_id`,`user_type_id`)
) ENGINE=MyISAM DEFAULT CHARSET=utf8;


CREATE TABLE `va_manuals_list` (
  `manual_id` int(11) NOT NULL AUTO_INCREMENT,
  `category_id` int(11) DEFAULT '0',
  `alias_manual_id` int(11) DEFAULT '0',
  `manual_order` int(11) DEFAULT '0',
  `manual_title` varchar(255) DEFAULT NULL,
  `friendly_url` varchar(255) DEFAULT NULL,
  `short_description` text,
  `full_description` text,
  `allowed_view` tinyint(4) DEFAULT '0',
  `meta_title` varchar(255) DEFAULT NULL,
  `meta_keywords` varchar(255) DEFAULT NULL,
  `meta_description` varchar(255) DEFAULT NULL,
  `date_added` datetime DEFAULT NULL,
  `date_modified` datetime DEFAULT NULL,
  `admin_id_added_by` int(11) DEFAULT '0',
  `admin_id_modified_by` int(11) DEFAULT '0',
  PRIMARY KEY (`manual_id`),
  KEY `category_id` (`category_id`),
  KEY `alias_manual_id` (`alias_manual_id`),
  KEY `friendly_url` (`friendly_url`)
) ENGINE=MyISAM DEFAULT CHARSET=utf8 AUTO_INCREMENT=1 ;


CREATE TABLE `va_manufacturers` (
  `manufacturer_id` int(11) NOT NULL AUTO_INCREMENT,
  `manufacturer_name` varchar(255) NOT NULL,
  `manufacturer_order` int(11) NOT NULL DEFAULT '1',
  `friendly_url` varchar(255) DEFAULT NULL,
  `affiliate_code` varchar(255) DEFAULT NULL,
  `short_description` text,
  `full_description` text,
  `image_small` varchar(255) DEFAULT NULL,
  `image_small_alt` varchar(255) DEFAULT NULL,
  `image_large` varchar(255) DEFAULT NULL,
  `image_large_alt` varchar(255) DEFAULT NULL,
  `meta_title` varchar(255) DEFAULT NULL,
  `meta_keywords` varchar(255) DEFAULT NULL,
  `meta_description` varchar(255) DEFAULT NULL,
  PRIMARY KEY (`manufacturer_id`),
  KEY `friendly_url` (`friendly_url`)
) ENGINE=MyISAM  DEFAULT CHARSET=utf8 AUTO_INCREMENT=11 ;

INSERT INTO `va_manufacturers` (`manufacturer_id`, `manufacturer_name`, `manufacturer_order`, `friendly_url`, `affiliate_code`, `short_description`, `full_description`, `image_small`, `image_small_alt`, `image_large`, `image_large_alt`, `meta_title`, `meta_keywords`, `meta_description`) VALUES
(3, 'Sony', 1, 'sony', NULL, NULL, NULL, 'images/manufacturers/small/sony.gif', 'sony', 'images/manufacturers/large/sony.gif', 'sony', NULL, NULL, NULL),
(4, 'Dell', 2, 'dell', NULL, NULL, NULL, 'images/manufacturers/small/dell.gif', 'Dell', 'images/manufacturers/large/dell.gif', 'Dell', NULL, NULL, NULL),
(5, 'Canon', 3, 'canon', NULL, NULL, NULL, 'images/manufacturers/small/canon.gif', 'Canon', 'images/manufacturers/large/canon.gif', 'Canon', NULL, NULL, NULL),
(6, 'Logitech', 4, 'logitech', NULL, NULL, NULL, 'images/manufacturers/small/logitech.gif', 'Logitech', 'images/manufacturers/large/logitech.gif', 'Logitech', NULL, NULL, NULL),
(7, 'JVC', 5, 'jvc', NULL, NULL, NULL, 'images/manufacturers/small/jvc.gif', 'JVC', 'images/manufacturers/large/jvc.gif', 'JVC', NULL, NULL, NULL),
(8, 'Nikon', 6, 'nikon', NULL, NULL, NULL, 'images/manufacturers/small/nikon.gif', 'Nikon', 'images/manufacturers/large/nikon.gif', 'Nikon', NULL, NULL, NULL),
(9, 'Philips', 7, 'philips', NULL, NULL, NULL, 'images/manufacturers/small/philips.gif', 'Philips', 'images/manufacturers/large/philips.gif', 'Philips', NULL, NULL, NULL),
(10, 'Panasonic', 1, 'panasonic', NULL, NULL, NULL, 'images/manufacturers/small/logo-panasonic.gif', NULL, 'images/manufacturers/large/logo-panasonic.gif', NULL, NULL, NULL, NULL);

CREATE TABLE `va_menus` (
  `menu_id` int(11) NOT NULL AUTO_INCREMENT,
  `menu_title` varchar(255) DEFAULT NULL,
  `menu_name` varchar(128) DEFAULT NULL,
  `menu_notes` text,
  `show_title` int(11) DEFAULT '0',
  PRIMARY KEY (`menu_id`)
) ENGINE=MyISAM DEFAULT CHARSET=utf8 AUTO_INCREMENT=1 ;


CREATE TABLE `va_menus_items` (
  `menu_item_id` int(11) NOT NULL AUTO_INCREMENT,
  `menu_id` int(11) DEFAULT '0',
  `parent_menu_item_id` int(11) DEFAULT '0',
  `menu_path` varchar(255) DEFAULT NULL,
  `menu_title` varchar(255) DEFAULT NULL,
  `menu_url` varchar(255) DEFAULT NULL,
  `menu_target` varchar(32) DEFAULT NULL,
  `menu_image` varchar(255) DEFAULT NULL,
  `menu_image_active` varchar(255) DEFAULT NULL,
  `menu_prefix` varchar(255) DEFAULT NULL,
  `menu_prefix_active` varchar(255) DEFAULT NULL,
  `menu_order` int(11) DEFAULT '0',
  `show_non_logged` tinyint(4) DEFAULT '0',
  `show_logged` tinyint(4) DEFAULT '0',
  PRIMARY KEY (`menu_item_id`),
  KEY `menu_id` (`menu_id`),
  KEY `parent_menu_item_id` (`parent_menu_item_id`)
) ENGINE=MyISAM DEFAULT CHARSET=utf8 AUTO_INCREMENT=1 ;


CREATE TABLE `va_newsletters` (
  `newsletter_id` int(11) NOT NULL AUTO_INCREMENT,
  `campaign_id` int(11) DEFAULT '0',
  `template_newsletter_id` int(11) DEFAULT NULL,
  `newsletter_type` tinyint(4) DEFAULT '1',
  `newsletter_date` datetime NOT NULL,
  `newsletter_subject` varchar(255) NOT NULL,
  `newsletter_body` text,
  `mail_type` tinyint(4) DEFAULT '0',
  `mail_from` varchar(128) DEFAULT NULL,
  `mail_cc` varchar(255) DEFAULT NULL,
  `mail_bcc` varchar(50) DEFAULT NULL,
  `mail_reply_to` varchar(128) DEFAULT NULL,
  `mail_return_path` varchar(128) DEFAULT NULL,
  `mailing_start` datetime DEFAULT NULL,
  `mailing_end` datetime DEFAULT NULL,
  `emails_total` int(11) DEFAULT '0',
  `emails_left` int(11) DEFAULT '0',
  `emails_sent` int(11) DEFAULT '0',
  `emails_opened` int(11) DEFAULT '0',
  `emails_clicked` int(11) DEFAULT '0',
  `emails_bounced` int(11) DEFAULT '0',
  `emails_unsubscribed` int(11) DEFAULT '0',
  `is_active` tinyint(4) DEFAULT '0',
  `is_sent` tinyint(4) DEFAULT '0',
  `is_prepared` tinyint(4) DEFAULT '0',
  `users_recipients` text,
  `admins_recipients` text,
  `subscribed_recipients` text,
  `orders_recipients` text,
  `custom_recipients` text,
  `added_by` int(11) DEFAULT '0',
  `added_date` datetime DEFAULT NULL,
  `edited_by` int(11) DEFAULT '0',
  `edited_date` datetime DEFAULT NULL,
  `template_active` tinyint(4) DEFAULT NULL,
  `template_period` tinyint(4) DEFAULT NULL,
  `template_interval` int(11) DEFAULT NULL,
  `template_newsletters_limit` int(11) DEFAULT NULL,
  `template_newsletters_added` varchar(50) DEFAULT NULL,
  `template_start_date` datetime DEFAULT NULL,
  `template_end_date` datetime DEFAULT NULL,
  `template_next_date` datetime DEFAULT NULL,
  `template_last_date` datetime DEFAULT NULL,
  `template_filter_period` int(11) DEFAULT NULL,
  `template_filter_interval` int(11) DEFAULT NULL,
  PRIMARY KEY (`newsletter_id`),
  KEY `campaign_id` (`campaign_id`),
  KEY `template_newsletter_id` (`template_newsletter_id`),
  KEY `newsletter_type` (`newsletter_type`),
  KEY `template_active` (`template_active`)
) ENGINE=MyISAM DEFAULT CHARSET=utf8 AUTO_INCREMENT=1 ;


CREATE TABLE `va_newsletters_campaigns` (
  `campaign_id` int(11) NOT NULL AUTO_INCREMENT,
  `site_id` int(11) DEFAULT '0',
  `is_active` tinyint(4) DEFAULT '1',
  `campaign_name` varchar(255) DEFAULT NULL,
  `campaign_date_start` datetime DEFAULT NULL,
  `campaign_date_end` datetime DEFAULT NULL,
  `emails_sent` int(11) DEFAULT '0',
  `emails_opened` int(11) DEFAULT '0',
  `emails_clicked` int(11) DEFAULT '0',
  `emails_bounced` int(11) DEFAULT '0',
  `emails_unsubscribed` int(11) DEFAULT '0',
  `admin_id_added_by` int(11) DEFAULT '0',
  `admin_id_modified_by` int(11) DEFAULT '0',
  `date_added` datetime DEFAULT NULL,
  `date_modified` datetime DEFAULT NULL,
  PRIMARY KEY (`campaign_id`)
) ENGINE=MyISAM DEFAULT CHARSET=utf8 AUTO_INCREMENT=1 ;


CREATE TABLE `va_newsletters_emails` (
  `email_id` int(11) NOT NULL AUTO_INCREMENT,
  `newsletter_id` int(11) DEFAULT '0',
  `email_type` tinyint(4) DEFAULT '0',
  `user_id` int(11) DEFAULT '0',
  `order_id` int(11) DEFAULT '0',
  `admin_id` int(11) DEFAULT '0',
  `user_email` varchar(128) NOT NULL,
  `user_name` varchar(128) DEFAULT NULL,
  `is_custom` tinyint(4) DEFAULT '0',
  `is_sent` tinyint(4) DEFAULT '0',
  `is_opened` tinyint(4) DEFAULT '0',
  `is_clicked` tinyint(4) DEFAULT '0',
  `is_bounced` tinyint(4) DEFAULT '0',
  `is_unsubscribed` tinyint(4) DEFAULT '0',
  `is_ordered` tinyint(4) DEFAULT '0',
  PRIMARY KEY (`email_id`),
  KEY `newsletter_id` (`newsletter_id`),
  KEY `email_type` (`email_type`),
  KEY `user_id` (`user_id`),
  KEY `order_id` (`order_id`),
  KEY `admin_id` (`admin_id`),
  KEY `user_email` (`user_email`)
) ENGINE=MyISAM DEFAULT CHARSET=utf8 AUTO_INCREMENT=1 ;


CREATE TABLE `va_newsletters_groups` (
  `group_id` int(11) NOT NULL AUTO_INCREMENT,
  `group_name` varchar(255) DEFAULT NULL,
  `group_desc` text,
  `show_for_user` tinyint(4) DEFAULT '1',
  `is_default` tinyint(4) DEFAULT '1',
  `is_hidden` tinyint(4) DEFAULT '0',
  `sites_all` tinyint(4) DEFAULT '1',
  PRIMARY KEY (`group_id`)
) ENGINE=MyISAM DEFAULT CHARSET=utf8 AUTO_INCREMENT=1 ;


CREATE TABLE `va_newsletters_groups_sites` (
  `group_id` int(11) NOT NULL DEFAULT '0',
  `site_id` int(11) NOT NULL DEFAULT '0',
  PRIMARY KEY (`group_id`,`site_id`)
) ENGINE=MyISAM DEFAULT CHARSET=utf8;


CREATE TABLE `va_newsletters_users` (
  `email_id` int(11) NOT NULL AUTO_INCREMENT,
  `user_id` int(11) DEFAULT '0',
  `user_name` varchar(128) DEFAULT NULL,
  `email` varchar(128) DEFAULT NULL,
  `date_added` datetime DEFAULT NULL,
  `date_updated` datetime DEFAULT NULL,
  PRIMARY KEY (`email_id`),
  KEY `user_id` (`user_id`),
  KEY `email` (`email`)
) ENGINE=MyISAM  DEFAULT CHARSET=utf8 AUTO_INCREMENT=63 ;

INSERT INTO `va_newsletters_users` (`email_id`, `user_id`, `user_name`, `email`, `date_added`, `date_updated`) VALUES
(62, 0, NULL, 'www@www.rh', '2012-12-09 21:55:40', NULL);

CREATE TABLE `va_newsletters_users_groups` (
  `email_id` int(11) NOT NULL DEFAULT '0',
  `group_id` int(11) NOT NULL DEFAULT '0',
  PRIMARY KEY (`email_id`,`group_id`)
) ENGINE=MyISAM DEFAULT CHARSET=utf8;


CREATE TABLE `va_newsletter_filters` (
  `filter_id` int(11) NOT NULL AUTO_INCREMENT,
  `newsletter_id` int(11) DEFAULT '0',
  `filter_parameter` varchar(64) DEFAULT NULL,
  `filter_value` varchar(255) DEFAULT NULL,
  PRIMARY KEY (`filter_id`),
  KEY `newsletter_id` (`newsletter_id`)
) ENGINE=MyISAM  DEFAULT CHARSET=utf8 AUTO_INCREMENT=17 ;

INSERT INTO `va_newsletter_filters` (`filter_id`, `newsletter_id`, `filter_parameter`, `filter_value`) VALUES
(6, 1, 'u_groups', '1'),
(5, 1, 'u_groups', '1'),
(14, 2, 'a_groups', '1'),
(13, 2, 'a_groups', '1'),
(12, 2, 'u_groups', '1'),
(11, 2, 'u_groups', '1'),
(15, 4, 'u_groups', '1'),
(16, 4, 'u_groups', '1');

CREATE TABLE `va_orders` (
  `order_id` int(11) NOT NULL AUTO_INCREMENT,
  `parent_order_id` int(11) DEFAULT '0',
  `invoice_number` varchar(128) DEFAULT NULL,
  `invoice_copy_number` int(11) DEFAULT '0',
  `site_id` int(11) DEFAULT '1',
  `session_id` varchar(32) DEFAULT NULL,
  `transaction_id` varchar(128) DEFAULT NULL,
  `authorization_code` varchar(128) DEFAULT NULL,
  `user_id` int(11) NOT NULL DEFAULT '0',
  `user_type_id` int(11) DEFAULT '0',
  `newsletter_id` int(11) DEFAULT '0',
  `newsletter_email_id` int(11) DEFAULT '0',
  `payment_id` int(11) DEFAULT '0',
  `success_message` varchar(255) DEFAULT NULL,
  `pending_message` varchar(50) DEFAULT NULL,
  `error_message` varchar(255) DEFAULT NULL,
  `visit_id` int(11) DEFAULT '0',
  `remote_address` varchar(32) DEFAULT NULL,
  `initial_ip` varchar(32) DEFAULT NULL,
  `cookie_ip` varchar(32) DEFAULT NULL,
  `affiliate_code` varchar(64) NOT NULL,
  `affiliate_user_id` int(11) DEFAULT '0',
  `friend_code` varchar(64) DEFAULT NULL,
  `friend_user_id` int(11) DEFAULT '0',
  `keywords` varchar(255) DEFAULT NULL,
  `coupons_ids` text,
  `vouchers_ids` text,
  `default_currency_code` varchar(4) DEFAULT NULL,
  `currency_code` varchar(4) DEFAULT NULL,
  `currency_rate` double(16,8) DEFAULT '1.00000000',
  `payment_currency_code` varchar(4) DEFAULT NULL,
  `payment_currency_rate` double(16,8) DEFAULT '1.00000000',
  `avs_response_code` varchar(64) DEFAULT NULL,
  `avs_message` varchar(255) DEFAULT NULL,
  `avs_address_match` varchar(16) DEFAULT NULL,
  `avs_zip_match` varchar(16) DEFAULT NULL,
  `cvv2_match` varchar(16) DEFAULT NULL,
  `secure_3d_check` varchar(16) DEFAULT NULL,
  `secure_3d_status` varchar(128) DEFAULT NULL,
  `secure_3d_md` varchar(255) DEFAULT NULL,
  `secure_3d_eci` varchar(16) DEFAULT NULL,
  `secure_3d_cavv` varchar(128) DEFAULT NULL,
  `secure_3d_xid` varchar(128) DEFAULT NULL,
  `order_status` int(11) NOT NULL DEFAULT '1',
  `total_buying` double(16,2) NOT NULL DEFAULT '0.00',
  `total_buying_tax` double(16,2) DEFAULT '0.00',
  `total_points_amount` double(16,4) DEFAULT '0.0000',
  `total_reward_points` double(16,4) DEFAULT '0.0000',
  `total_reward_credits` double(16,2) DEFAULT '0.00',
  `total_merchants_commission` double(16,2) DEFAULT '0.00',
  `total_affiliate_commission` double(16,2) DEFAULT '0.00',
  `goods_total` double(16,2) NOT NULL DEFAULT '0.00',
  `goods_tax` double(16,2) DEFAULT '0.00',
  `goods_incl_tax` double(16,2) NOT NULL DEFAULT '0.00',
  `goods_points_amount` double(16,4) DEFAULT '0.0000',
  `shipping_excl_tax` double(16,2) DEFAULT '0.00',
  `shipping_tax` double(16,2) DEFAULT '0.00',
  `shipping_incl_tax` double(16,2) DEFAULT '0.00',
  `shipping_points_cost` double(16,4) DEFAULT '0.0000',
  `total_quantity` int(11) NOT NULL DEFAULT '0',
  `weight_total` double(16,4) DEFAULT '0.0000',
  `total_discount` double(16,2) DEFAULT '0.00',
  `total_discount_tax` double(16,2) DEFAULT '0.00',
  `shipping_type_id` int(11) DEFAULT '0',
  `shipping_type_code` varchar(64) DEFAULT NULL,
  `shipping_type_desc` varchar(255) DEFAULT NULL,
  `shipping_cost` double(16,2) DEFAULT NULL,
  `shipping_points_amount` double(16,4) DEFAULT '0.0000',
  `shipping_taxable` int(11) DEFAULT '0',
  `shipping_tracking_id` varchar(64) DEFAULT NULL,
  `shipping_expecting_date` datetime DEFAULT NULL,
  `properties_total` double(16,2) DEFAULT '0.00',
  `properties_points_amount` double(16,4) DEFAULT '0.0000',
  `properties_taxable` double(16,2) DEFAULT '0.00',
  `tax_name` varchar(255) DEFAULT NULL,
  `tax_percent` double(16,3) DEFAULT NULL,
  `tax_total` double(16,2) DEFAULT '0.00',
  `tax_prices_type` tinyint(4) DEFAULT '0',
  `tax_round_type` tinyint(4) DEFAULT '1',
  `vouchers_amount` double(16,2) DEFAULT '0.00',
  `processing_fee` double(16,2) DEFAULT '0.00',
  `credit_amount` double(16,2) DEFAULT '0.00',
  `order_total` double(16,2) NOT NULL DEFAULT '0.00',
  `name` varchar(128) NOT NULL,
  `first_name` varchar(64) NOT NULL,
  `last_name` varchar(64) NOT NULL,
  `company_id` int(11) DEFAULT '0',
  `company_name` varchar(128) DEFAULT NULL,
  `email` varchar(128) NOT NULL,
  `address1` varchar(255) DEFAULT NULL,
  `address2` varchar(255) DEFAULT NULL,
  `city` varchar(128) DEFAULT NULL,
  `province` varchar(128) DEFAULT NULL,
  `state_id` int(11) DEFAULT '0',
  `state_code` varchar(8) DEFAULT NULL,
  `zip` varchar(16) DEFAULT NULL,
  `country_id` int(11) DEFAULT '0',
  `country_code` varchar(8) DEFAULT NULL,
  `phone` varchar(32) DEFAULT NULL,
  `daytime_phone` varchar(32) DEFAULT NULL,
  `evening_phone` varchar(32) DEFAULT NULL,
  `cell_phone` varchar(32) DEFAULT NULL,
  `fax` varchar(32) DEFAULT NULL,
  `delivery_name` varchar(128) DEFAULT NULL,
  `delivery_first_name` varchar(64) DEFAULT NULL,
  `delivery_last_name` varchar(64) DEFAULT NULL,
  `delivery_company_id` int(11) DEFAULT '0',
  `delivery_company_name` varchar(128) DEFAULT NULL,
  `delivery_email` varchar(128) DEFAULT NULL,
  `delivery_address1` varchar(255) DEFAULT NULL,
  `delivery_address2` varchar(255) DEFAULT NULL,
  `delivery_city` varchar(128) DEFAULT NULL,
  `delivery_province` varchar(128) DEFAULT NULL,
  `delivery_state_id` int(11) DEFAULT '0',
  `delivery_state_code` varchar(8) DEFAULT NULL,
  `delivery_zip` varchar(16) DEFAULT NULL,
  `delivery_country_id` int(11) DEFAULT '0',
  `delivery_country_code` varchar(8) DEFAULT NULL,
  `delivery_phone` varchar(32) DEFAULT NULL,
  `delivery_daytime_phone` varchar(32) DEFAULT NULL,
  `delivery_evening_phone` varchar(32) DEFAULT NULL,
  `delivery_cell_phone` varchar(32) DEFAULT NULL,
  `delivery_fax` varchar(32) DEFAULT NULL,
  `bill_encrypt_type` tinyint(4) DEFAULT '1',
  `bill_name` varchar(128) DEFAULT NULL,
  `bill_first_name` varchar(64) DEFAULT NULL,
  `bill_last_name` varchar(64) DEFAULT NULL,
  `bill_company_id` varchar(32) DEFAULT NULL,
  `bill_company_name` varchar(128) DEFAULT NULL,
  `bill_email` varchar(128) DEFAULT NULL,
  `bill_address1` varchar(255) DEFAULT NULL,
  `bill_address2` varchar(255) DEFAULT NULL,
  `bill_city` varchar(128) DEFAULT NULL,
  `bill_province` varchar(128) DEFAULT NULL,
  `bill_state_id` varchar(32) DEFAULT NULL,
  `bill_zip` varchar(16) DEFAULT NULL,
  `bill_country_id` varchar(32) DEFAULT NULL,
  `bill_phone` varchar(32) DEFAULT NULL,
  `bill_daytime_phone` varchar(32) DEFAULT NULL,
  `bill_evening_phone` varchar(32) DEFAULT NULL,
  `bill_cell_phone` varchar(32) DEFAULT NULL,
  `bill_fax` varchar(32) DEFAULT NULL,
  `bill_cc_number` varchar(64) DEFAULT NULL,
  `bill_cc_start_date` varchar(32) DEFAULT NULL,
  `bill_cc_expiry_date` varchar(32) DEFAULT NULL,
  `bill_cc_type` varchar(32) DEFAULT NULL,
  `bill_cc_issue_number` varchar(16) DEFAULT NULL,
  `bill_cc_cvv2` varchar(16) DEFAULT NULL,
  `cc_encrypt_type` tinyint(4) DEFAULT '1',
  `cc_name` varchar(90) DEFAULT NULL,
  `cc_first_name` varchar(64) DEFAULT NULL,
  `cc_last_name` varchar(64) DEFAULT NULL,
  `cc_number` varchar(32) DEFAULT NULL,
  `cc_start_date` datetime DEFAULT NULL,
  `cc_expiry_date` datetime DEFAULT NULL,
  `cc_type` int(11) DEFAULT NULL,
  `cc_issue_number` int(11) DEFAULT NULL,
  `cc_security_code` varchar(32) DEFAULT NULL,
  `pay_without_cc` text,
  `order_placed_date` datetime NOT NULL,
  `order_paid_date` datetime DEFAULT NULL,
  `modified_date` datetime DEFAULT NULL,
  `is_fast_checkout` tinyint(4) DEFAULT '0',
  `is_confirmed` tinyint(4) DEFAULT '0',
  `is_placed` tinyint(4) DEFAULT '0',
  `is_paid` tinyint(4) DEFAULT '0',
  `is_exported` tinyint(4) DEFAULT '0',
  `is_call_center` tinyint(4) DEFAULT '0',
  `is_recurring` tinyint(4) DEFAULT '0',
  `is_unsubscribed` tinyint(4) DEFAULT '0',
  `is_reminder_send` tinyint(4) DEFAULT '0',
  `reminder_send_date` datetime DEFAULT NULL,
  `admin_id_added_by` int(11) DEFAULT '0',
  `admin_id_modified_by` int(11) DEFAULT '0',
  `date_modified` datetime DEFAULT NULL,
  PRIMARY KEY (`order_id`),
  KEY `parent_order_id` (`parent_order_id`),
  KEY `invoice_number` (`invoice_number`),
  KEY `site_id` (`site_id`),
  KEY `session_id` (`session_id`),
  KEY `user_id` (`user_id`),
  KEY `user_type_id` (`user_type_id`),
  KEY `newsletter_id` (`newsletter_id`),
  KEY `payment_id` (`payment_id`),
  KEY `visit_id` (`visit_id`),
  KEY `affiliate_code` (`affiliate_code`),
  KEY `affiliate_user_id` (`affiliate_user_id`),
  KEY `friend_code` (`friend_code`),
  KEY `friend_user_id` (`friend_user_id`),
  KEY `keywords` (`keywords`),
  KEY `currency_code` (`currency_code`),
  KEY `order_status` (`order_status`),
  KEY `total_buying` (`total_buying`),
  KEY `goods_total` (`goods_total`),
  KEY `shipping_type_id` (`shipping_type_id`),
  KEY `shipping_tracking_id` (`shipping_tracking_id`),
  KEY `name` (`name`),
  KEY `first_name` (`first_name`),
  KEY `last_name` (`last_name`),
  KEY `email` (`email`),
  KEY `state_id` (`state_id`),
  KEY `country_id` (`country_id`),
  KEY `delivery_state_id` (`delivery_state_id`),
  KEY `delivery_country_id` (`delivery_country_id`),
  KEY `order_placed_date` (`order_placed_date`),
  KEY `order_paid_date` (`order_paid_date`),
  KEY `is_paid` (`is_paid`)
) ENGINE=MyISAM  DEFAULT CHARSET=utf8 AUTO_INCREMENT=2 ;


CREATE TABLE `va_orders_coupons` (
  `order_coupon_id` int(11) NOT NULL AUTO_INCREMENT,
  `order_id` int(11) DEFAULT '0',
  `order_item_id` int(11) DEFAULT '0',
  `coupon_id` int(11) DEFAULT '0',
  `coupon_code` varchar(64) DEFAULT NULL,
  `coupon_title` varchar(255) DEFAULT NULL,
  `discount_type` tinyint(4) DEFAULT '0',
  `discount_amount` double(16,2) DEFAULT '0.00',
  `discount_tax_amount` double(16,2) DEFAULT '0.00',
  PRIMARY KEY (`order_coupon_id`),
  KEY `order_id` (`order_id`),
  KEY `order_item_id` (`order_item_id`),
  KEY `coupon_id` (`coupon_id`)
) ENGINE=MyISAM DEFAULT CHARSET=utf8 AUTO_INCREMENT=1 ;


CREATE TABLE `va_orders_events` (
  `event_id` int(11) NOT NULL AUTO_INCREMENT,
  `order_id` int(11) DEFAULT '0',
  `admin_id` int(11) DEFAULT '0',
  `status_id` int(11) DEFAULT '0',
  `order_items` text,
  `event_date` datetime DEFAULT NULL,
  `event_type` varchar(32) DEFAULT NULL,
  `event_name` varchar(255) DEFAULT NULL,
  `event_description` text,
  PRIMARY KEY (`event_id`),
  KEY `order_id` (`order_id`),
  KEY `admin_id` (`admin_id`),
  KEY `status_id` (`status_id`)
) ENGINE=MyISAM  DEFAULT CHARSET=utf8 AUTO_INCREMENT=3 ;


CREATE TABLE `va_orders_items` (
  `order_item_id` int(11) NOT NULL AUTO_INCREMENT,
  `parent_order_item_id` int(11) DEFAULT '0',
  `top_order_item_id` int(11) DEFAULT '0',
  `order_id` int(11) NOT NULL DEFAULT '0',
  `site_id` int(11) DEFAULT '1',
  `user_id` int(11) DEFAULT '0',
  `user_type_id` int(11) DEFAULT '0',
  `item_id` int(11) NOT NULL DEFAULT '0',
  `subscription_id` int(11) DEFAULT '0',
  `cart_item_id` int(11) DEFAULT '0',
  `item_user_id` int(11) DEFAULT '0',
  `affiliate_user_id` int(11) DEFAULT '0',
  `friend_user_id` int(11) DEFAULT '0',
  `parent_item_id` int(11) DEFAULT '0',
  `item_type_id` int(11) NOT NULL DEFAULT '0',
  `item_code` varchar(64) DEFAULT NULL,
  `manufacturer_code` varchar(255) DEFAULT NULL,
  `supplier_id` int(11) DEFAULT '0',
  `coupons_ids` text,
  `item_status` int(11) NOT NULL DEFAULT '1',
  `component_order` int(11) DEFAULT '1',
  `component_name` varchar(255) DEFAULT NULL,
  `item_name` varchar(255) NOT NULL,
  `item_properties` text,
  `buying_price` double(16,2) DEFAULT '0.00',
  `real_price` double(16,2) DEFAULT '0.00',
  `discount_amount` double(16,2) DEFAULT '0.00',
  `points_price` double(16,4) DEFAULT '0.0000',
  `reward_points` double(16,4) DEFAULT '0.0000',
  `reward_credits` double(16,4) DEFAULT '0.0000',
  `affiliate_commission` double(16,4) DEFAULT '0.0000',
  `merchant_commission` double(16,4) DEFAULT '0.0000',
  `price` double(16,2) NOT NULL DEFAULT '0.00',
  `tax_id` int(11) DEFAULT '0',
  `tax_free` int(11) DEFAULT '0',
  `tax_percent` double(16,3) DEFAULT NULL,
  `width` double(16,4) DEFAULT '0.0000',
  `height` double(16,4) DEFAULT '0.0000',
  `length` double(16,4) DEFAULT '0.0000',
  `weight` double(16,4) DEFAULT '0.0000',
  `packages_number` double(16,4) DEFAULT NULL,
  `quantity` int(11) DEFAULT NULL,
  `downloadable` int(11) DEFAULT '0',
  `is_shipping_free` tinyint(4) DEFAULT '0',
  `shipping_cost` double(16,2) DEFAULT '0.00',
  `order_shipping_id` int(11) DEFAULT '0',
  `is_recurring` tinyint(4) DEFAULT '0',
  `recurring_price` double(16,2) DEFAULT NULL,
  `recurring_period` int(11) DEFAULT NULL,
  `recurring_interval` int(11) DEFAULT NULL,
  `recurring_payments_total` int(11) DEFAULT NULL,
  `recurring_payments_made` int(11) DEFAULT NULL,
  `recurring_payments_failed` int(11) DEFAULT NULL,
  `recurring_end_date` datetime DEFAULT NULL,
  `recurring_last_payment` datetime DEFAULT NULL,
  `recurring_next_payment` datetime DEFAULT NULL,
  `recurring_plan_payment` datetime DEFAULT NULL,
  `is_subscription` tinyint(4) DEFAULT '0',
  `is_account_subscription` tinyint(4) DEFAULT '0',
  `subscription_period` int(11) DEFAULT NULL,
  `subscription_interval` int(11) DEFAULT NULL,
  `subscription_suspend` int(11) DEFAULT NULL,
  `subscription_start_date` datetime DEFAULT NULL,
  `subscription_expiry_date` datetime DEFAULT NULL,
  PRIMARY KEY (`order_item_id`),
  KEY `parent_order_item_id` (`parent_order_item_id`),
  KEY `top_order_item_id` (`top_order_item_id`),
  KEY `order_id` (`order_id`),
  KEY `site_id` (`site_id`),
  KEY `user_id` (`user_id`),
  KEY `user_type_id` (`user_type_id`),
  KEY `item_id` (`item_id`),
  KEY `subscription_id` (`subscription_id`),
  KEY `item_user_id` (`item_user_id`),
  KEY `affiliate_user_id` (`affiliate_user_id`),
  KEY `friend_user_id` (`friend_user_id`),
  KEY `parent_item_id` (`parent_item_id`),
  KEY `item_type_id` (`item_type_id`),
  KEY `item_code` (`item_code`),
  KEY `supplier_id` (`supplier_id`),
  KEY `item_status` (`item_status`),
  KEY `price` (`price`),
  KEY `order_shipping_id` (`order_shipping_id`),
  KEY `is_subscription` (`is_subscription`),
  KEY `subscription_expiry_date` (`subscription_expiry_date`)
) ENGINE=MyISAM  DEFAULT CHARSET=utf8 AUTO_INCREMENT=2 ;


CREATE TABLE `va_orders_items_properties` (
  `item_property_id` int(11) NOT NULL AUTO_INCREMENT,
  `order_id` int(11) NOT NULL DEFAULT '0',
  `order_item_id` int(11) NOT NULL DEFAULT '0',
  `property_id` int(11) NOT NULL DEFAULT '0',
  `property_values_ids` text,
  `property_order` int(11) DEFAULT '1',
  `property_name` varchar(255) NOT NULL,
  `property_value` text,
  `additional_price` double(16,2) DEFAULT '0.00',
  `additional_weight` double(16,4) DEFAULT '0.0000',
  PRIMARY KEY (`item_property_id`),
  KEY `order_id` (`order_id`),
  KEY `order_item_id` (`order_item_id`),
  KEY `property_id` (`property_id`)
) ENGINE=MyISAM DEFAULT CHARSET=utf8 AUTO_INCREMENT=1 ;


CREATE TABLE `va_orders_items_serials` (
  `serial_id` int(11) NOT NULL AUTO_INCREMENT,
  `order_id` int(11) DEFAULT '0',
  `user_id` int(11) DEFAULT '0',
  `order_item_id` int(11) DEFAULT '0',
  `item_id` int(11) DEFAULT '0',
  `serial_number` varchar(128) DEFAULT NULL,
  `activated` tinyint(4) DEFAULT '0',
  `activations_number` int(11) DEFAULT '0',
  `serial_added` datetime DEFAULT NULL,
  `serial_expiry` datetime DEFAULT NULL,
  PRIMARY KEY (`serial_id`),
  KEY `order_id` (`order_id`),
  KEY `user_id` (`user_id`),
  KEY `order_item_id` (`order_item_id`),
  KEY `item_id` (`item_id`),
  KEY `serial_number` (`serial_number`)
) ENGINE=MyISAM DEFAULT CHARSET=utf8 AUTO_INCREMENT=1 ;


CREATE TABLE `va_orders_items_taxes` (
  `tax_item_id` int(11) NOT NULL AUTO_INCREMENT,
  `order_tax_id` int(11) DEFAULT '0',
  `item_type_id` int(11) DEFAULT '0',
  `tax_percent` double(16,3) DEFAULT NULL,
  `fixed_amount` double(16,2) DEFAULT NULL,
  PRIMARY KEY (`tax_item_id`),
  KEY `order_tax_id` (`order_tax_id`),
  KEY `item_type_id` (`item_type_id`)
) ENGINE=MyISAM DEFAULT CHARSET=utf8 AUTO_INCREMENT=1 ;


CREATE TABLE `va_orders_notes` (
  `note_id` int(11) NOT NULL AUTO_INCREMENT,
  `order_id` int(11) DEFAULT '0',
  `note_title` varchar(255) DEFAULT NULL,
  `note_details` text,
  `show_for_user` tinyint(4) DEFAULT '0',
  `date_added` datetime DEFAULT NULL,
  `date_updated` datetime DEFAULT NULL,
  PRIMARY KEY (`note_id`),
  KEY `order_id` (`order_id`)
) ENGINE=MyISAM DEFAULT CHARSET=utf8 AUTO_INCREMENT=1 ;


CREATE TABLE `va_orders_properties` (
  `order_property_id` int(11) NOT NULL AUTO_INCREMENT,
  `order_id` int(11) DEFAULT '0',
  `property_id` int(11) DEFAULT '0',
  `property_order` int(11) DEFAULT '1',
  `property_type` int(11) DEFAULT '0',
  `property_name` varchar(255) NOT NULL,
  `property_value_id` int(11) DEFAULT NULL,
  `property_value` text,
  `property_price` double(16,2) DEFAULT '0.00',
  `property_points_amount` double(16,4) DEFAULT '0.0000',
  `property_weight` double(16,4) DEFAULT '0.0000',
  `tax_free` tinyint(4) DEFAULT '0',
  PRIMARY KEY (`order_property_id`),
  KEY `order_id` (`order_id`),
  KEY `property_id` (`property_id`),
  KEY `property_name` (`property_name`)
) ENGINE=MyISAM DEFAULT CHARSET=utf8 AUTO_INCREMENT=1 ;


CREATE TABLE `va_orders_serials_activations` (
  `activation_id` int(11) NOT NULL AUTO_INCREMENT,
  `serial_id` int(11) DEFAULT '0',
  `order_id` int(11) DEFAULT '0',
  `remote_address` varchar(32) DEFAULT NULL,
  `generation_key` varchar(255) DEFAULT NULL,
  `activation_key` text,
  `date_added` datetime DEFAULT NULL,
  PRIMARY KEY (`activation_id`),
  KEY `serial_id` (`serial_id`),
  KEY `order_id` (`order_id`)
) ENGINE=MyISAM DEFAULT CHARSET=utf8 AUTO_INCREMENT=1 ;


CREATE TABLE `va_orders_shipments` (
  `order_shipping_id` int(11) NOT NULL AUTO_INCREMENT,
  `order_id` int(11) NOT NULL DEFAULT '0',
  `shipping_id` int(11) NOT NULL DEFAULT '0',
  `shipping_code` varchar(64) DEFAULT NULL,
  `shipping_desc` varchar(255) DEFAULT NULL,
  `shipping_cost` double(16,2) DEFAULT '0.00',
  `points_cost` double(16,4) DEFAULT '0.0000',
  `tax_free` tinyint(4) DEFAULT '0',
  `tracking_id` varchar(64) DEFAULT NULL,
  `expecting_date` datetime DEFAULT NULL,
  `goods_weight` double(16,4) DEFAULT '0.0000',
  `tare_weight` double(16,4) DEFAULT '0.0000',
  PRIMARY KEY (`order_shipping_id`),
  KEY `order_id` (`order_id`),
  KEY `shipping_id` (`shipping_id`)
) ENGINE=MyISAM  DEFAULT CHARSET=utf8 AUTO_INCREMENT=2 ;


CREATE TABLE `va_orders_taxes` (
  `order_tax_id` int(11) NOT NULL AUTO_INCREMENT,
  `order_id` int(11) DEFAULT '0',
  `tax_id` int(11) DEFAULT '0',
  `tax_type` tinyint(4) DEFAULT '1',
  `show_type` tinyint(4) DEFAULT '0',
  `tax_name` varchar(50) DEFAULT NULL,
  `tax_percent` double(16,3) DEFAULT '0.000',
  `fixed_amount` double(16,2) DEFAULT NULL,
  `shipping_tax_percent` double(16,3) DEFAULT NULL,
  `shipping_fixed_amount` double(16,2) DEFAULT NULL,
  PRIMARY KEY (`order_tax_id`),
  KEY `order_id` (`order_id`),
  KEY `tax_id` (`tax_id`)
) ENGINE=MyISAM DEFAULT CHARSET=utf8 AUTO_INCREMENT=1 ;


CREATE TABLE `va_order_custom_properties` (
  `property_id` int(11) NOT NULL AUTO_INCREMENT,
  `site_id` int(11) DEFAULT '1',
  `payment_id` int(11) DEFAULT '0',
  `property_order` int(11) DEFAULT '0',
  `property_code` varchar(64) DEFAULT NULL,
  `property_name` varchar(255) DEFAULT NULL,
  `property_description` text,
  `default_value` text,
  `property_style` varchar(255) DEFAULT NULL,
  `property_type` int(11) DEFAULT '0',
  `property_show` int(11) DEFAULT '0',
  `tax_free` tinyint(4) DEFAULT '0',
  `control_type` varchar(16) DEFAULT NULL,
  `control_style` varchar(255) DEFAULT NULL,
  `control_code` text,
  `onchange_code` text,
  `onclick_code` text,
  `required` tinyint(4) DEFAULT '0',
  `before_name_html` text,
  `after_name_html` text,
  `before_control_html` text,
  `after_control_html` text,
  `validation_regexp` text,
  `regexp_error` text,
  `options_values_sql` text,
  PRIMARY KEY (`property_id`),
  KEY `site_id` (`site_id`),
  KEY `payment_id` (`payment_id`)
) ENGINE=MyISAM  DEFAULT CHARSET=utf8 AUTO_INCREMENT=29 ;

INSERT INTO `va_order_custom_properties` (`property_id`, `site_id`, `payment_id`, `property_order`, `property_code`, `property_name`, `property_description`, `default_value`, `property_style`, `property_type`, `property_show`, `tax_free`, `control_type`, `control_style`, `control_code`, `onchange_code`, `onclick_code`, `required`, `before_name_html`, `after_name_html`, `before_control_html`, `after_control_html`, `validation_regexp`, `regexp_error`, `options_values_sql`) VALUES
(1, 1, 45, 1, NULL, 'Password (2 digits, Korean cards ONLY)', NULL, NULL, NULL, 4, 0, 0, 'TEXTBOX', NULL, NULL, NULL, NULL, 1, NULL, NULL, NULL, NULL, ' /^\\d{2}$/', NULL, NULL),
(2, 1, 46, 2, NULL, 'Account Type', NULL, NULL, NULL, 4, 0, 0, 'LISTBOX', NULL, NULL, NULL, NULL, 1, NULL, NULL, NULL, NULL, NULL, NULL, NULL),
(3, 1, 46, 3, NULL, 'Bank Routing Number', NULL, NULL, NULL, 4, 0, 0, 'TEXTBOX', NULL, NULL, NULL, NULL, 1, NULL, NULL, NULL, NULL, '/^\\d+$/', NULL, NULL),
(4, 1, 46, 4, NULL, 'Bank Account Number', NULL, NULL, NULL, 4, 0, 0, 'TEXTBOX', NULL, NULL, NULL, NULL, 1, NULL, NULL, NULL, NULL, '/^\\d+$/', NULL, NULL),
(5, 1, 46, 5, NULL, 'Check Number', NULL, NULL, NULL, 4, 0, 0, 'TEXTBOX', NULL, NULL, NULL, NULL, 1, NULL, NULL, NULL, NULL, '/^\\d+$/', NULL, NULL),
(6, 1, 46, 6, NULL, 'ID Issuing State', NULL, NULL, NULL, 4, 0, 0, 'LISTBOX', NULL, NULL, NULL, NULL, 1, NULL, NULL, NULL, NULL, NULL, NULL, NULL),
(7, 1, 46, 7, NULL, 'State ID РІР‚вЂњ License', NULL, NULL, NULL, 4, 0, 0, 'TEXTBOX', NULL, NULL, NULL, NULL, 1, NULL, NULL, NULL, NULL, NULL, NULL, NULL),
(8, 1, 46, 8, NULL, 'Last 4 digits of SSN', NULL, NULL, NULL, 4, 0, 0, 'TEXTBOX', NULL, NULL, NULL, NULL, 1, NULL, NULL, NULL, NULL, '/^\\d{4}$/', NULL, NULL),
(9, 1, 46, 9, NULL, 'Bank name', NULL, NULL, NULL, 4, 0, 0, 'TEXTBOX', NULL, NULL, NULL, NULL, 1, NULL, NULL, NULL, NULL, NULL, NULL, NULL),
(10, 1, 46, 10, NULL, 'City of the bank', NULL, NULL, NULL, 4, 0, 0, 'TEXTBOX', NULL, NULL, NULL, NULL, 1, NULL, NULL, NULL, NULL, NULL, NULL, NULL),
(11, 1, 46, 11, NULL, 'State of the bank', NULL, NULL, NULL, 4, 0, 0, 'LISTBOX', NULL, NULL, NULL, NULL, 1, NULL, NULL, NULL, NULL, NULL, NULL, NULL),
(12, 1, 46, 12, NULL, 'Date of Birth (mmddyyyy)', NULL, NULL, NULL, 4, 0, 0, 'TEXTBOX', NULL, NULL, NULL, NULL, 1, NULL, NULL, NULL, NULL, '/^\\d{8}$/', NULL, NULL),
(13, 1, 46, 13, NULL, 'Name', NULL, NULL, NULL, 4, 0, 0, 'TEXTBOX', NULL, NULL, NULL, NULL, 0, NULL, NULL, NULL, NULL, NULL, NULL, NULL),
(14, 1, 46, 14, NULL, 'Password', NULL, NULL, NULL, 4, 0, 0, 'TEXTBOX', NULL, NULL, NULL, NULL, 0, NULL, NULL, NULL, NULL, NULL, NULL, NULL),
(15, 1, 47, 15, NULL, 'First 11 Characters of the ID Card (10 digits and 1 letter)', NULL, NULL, NULL, 4, 0, 0, 'TEXTBOX', NULL, NULL, NULL, NULL, 0, NULL, NULL, NULL, NULL, '/^\\d{10}\\w{1}$/', NULL, NULL),
(16, 1, 47, 16, NULL, 'Second set of digits of the ID Card (7 digits long)', NULL, NULL, NULL, 4, 0, 0, 'TEXTBOX', NULL, NULL, NULL, NULL, 0, NULL, NULL, NULL, NULL, '/^\\d{7}$/', NULL, NULL),
(17, 1, 47, 17, NULL, 'Third set of digits of the ID Card (7 digits long)', NULL, NULL, NULL, 4, 0, 0, 'TEXTBOX', NULL, NULL, NULL, NULL, 0, NULL, NULL, NULL, NULL, '/^\\d{7}$/', NULL, NULL),
(18, 1, 47, 18, NULL, 'Final digit of the ID card', NULL, NULL, NULL, 4, 0, 0, 'TEXTBOX', NULL, NULL, NULL, NULL, 0, NULL, NULL, NULL, NULL, '/^\\d{1}$/', NULL, NULL),
(19, 1, 47, 19, NULL, 'Name', NULL, NULL, NULL, 4, 0, 0, 'TEXTBOX', NULL, NULL, NULL, NULL, 0, NULL, NULL, NULL, NULL, NULL, NULL, NULL),
(20, 1, 47, 20, NULL, 'Password', NULL, NULL, NULL, 4, 0, 0, 'TEXTBOX', NULL, NULL, NULL, NULL, 0, NULL, NULL, NULL, NULL, NULL, NULL, NULL),
(21, 1, 76, 21, NULL, 'domestic bank account', NULL, NULL, NULL, 4, 0, 0, 'TEXTBOX', NULL, NULL, NULL, NULL, 1, NULL, NULL, NULL, NULL, NULL, NULL, NULL),
(22, 1, 76, 22, NULL, 'The domestic code of the bank', NULL, NULL, NULL, 4, 0, 0, 'TEXTBOX', NULL, NULL, NULL, NULL, 1, NULL, NULL, NULL, NULL, NULL, NULL, NULL),
(23, 1, 76, 23, NULL, 'Country code', NULL, NULL, NULL, 4, 0, 0, 'TEXTBOX', NULL, NULL, NULL, NULL, 1, NULL, NULL, NULL, NULL, NULL, NULL, NULL),
(24, 1, 78, 24, NULL, 'accounting number', NULL, NULL, NULL, 4, 0, 0, 'TEXTBOX', NULL, NULL, NULL, NULL, 1, NULL, NULL, NULL, NULL, NULL, NULL, NULL),
(25, 1, 78, 25, NULL, 'bankcode', NULL, NULL, NULL, 4, 0, 0, 'TEXTBOX', NULL, NULL, NULL, NULL, 1, NULL, NULL, NULL, NULL, NULL, NULL, NULL),
(26, 1, 80, 26, NULL, 'social security number/company registration number', NULL, NULL, NULL, 4, 0, 0, 'TEXTBOX', NULL, NULL, NULL, NULL, 1, NULL, NULL, NULL, NULL, NULL, NULL, NULL),
(27, 1, 86, 27, NULL, 'User Name', NULL, NULL, NULL, 4, 0, 0, 'TEXTBOX', NULL, NULL, NULL, NULL, 1, NULL, NULL, NULL, NULL, NULL, NULL, NULL),
(28, 1, 86, 28, NULL, 'User Password', NULL, NULL, NULL, 4, 0, 0, 'TEXTBOX', NULL, NULL, NULL, NULL, 1, NULL, NULL, NULL, NULL, NULL, NULL, NULL);

CREATE TABLE `va_order_custom_values` (
  `property_value_id` int(11) NOT NULL AUTO_INCREMENT,
  `property_id` int(11) DEFAULT '0',
  `property_value` varchar(255) DEFAULT NULL,
  `property_price` double(16,2) DEFAULT '0.00',
  `property_weight` double(16,4) DEFAULT '0.0000',
  `hide_value` tinyint(4) DEFAULT '0',
  `is_default_value` tinyint(4) DEFAULT '0',
  PRIMARY KEY (`property_value_id`),
  KEY `property_id` (`property_id`)
) ENGINE=MyISAM  DEFAULT CHARSET=utf8 AUTO_INCREMENT=145 ;

INSERT INTO `va_order_custom_values` (`property_value_id`, `property_id`, `property_value`, `property_price`, `property_weight`, `hide_value`, `is_default_value`) VALUES
(1, 2, 'PC', NULL, NULL, 0, 0),
(2, 2, 'PS', NULL, NULL, 0, 0),
(3, 6, 'AK', NULL, NULL, 0, 0),
(4, 6, 'AL', NULL, NULL, 0, 0),
(5, 6, 'AR', NULL, NULL, 0, 0),
(6, 6, 'AS', NULL, NULL, 0, 0),
(7, 6, 'AZ', NULL, NULL, 0, 0),
(8, 6, 'CA', NULL, NULL, 0, 0),
(9, 6, 'CO', NULL, NULL, 0, 0),
(10, 6, 'CT', NULL, NULL, 0, 0),
(11, 6, 'DC', NULL, NULL, 0, 0),
(12, 6, 'DE', NULL, NULL, 0, 0),
(13, 6, 'FL', NULL, NULL, 0, 0),
(14, 6, 'FM', NULL, NULL, 0, 0),
(15, 6, 'GA', NULL, NULL, 0, 0),
(16, 6, 'GU', NULL, NULL, 0, 0),
(17, 6, 'HI', NULL, NULL, 0, 0),
(18, 6, 'IA', NULL, NULL, 0, 0),
(19, 6, 'ID', NULL, NULL, 0, 0),
(20, 6, 'IL', NULL, NULL, 0, 0),
(21, 6, 'IN', NULL, NULL, 0, 0),
(22, 6, 'KS', NULL, NULL, 0, 0),
(23, 6, 'KY', NULL, NULL, 0, 0),
(24, 6, 'LA', NULL, NULL, 0, 0),
(25, 6, 'MA', NULL, NULL, 0, 0),
(26, 6, 'MD', NULL, NULL, 0, 0),
(27, 6, 'ME', NULL, NULL, 0, 0),
(28, 6, 'MH', NULL, NULL, 0, 0),
(29, 6, 'MI', NULL, NULL, 0, 0),
(30, 6, 'MN', NULL, NULL, 0, 0),
(31, 6, 'MP', NULL, NULL, 0, 0),
(32, 6, 'MS', NULL, NULL, 0, 0),
(33, 6, 'MT', NULL, NULL, 0, 0),
(34, 6, 'NC', NULL, NULL, 0, 0),
(35, 6, 'ND', NULL, NULL, 0, 0),
(36, 6, 'NE', NULL, NULL, 0, 0),
(37, 6, 'NH', NULL, NULL, 0, 0),
(38, 6, 'NJ', NULL, NULL, 0, 0),
(39, 6, 'NM', NULL, NULL, 0, 0),
(40, 6, 'NV', NULL, NULL, 0, 0),
(41, 6, 'NY', NULL, NULL, 0, 0),
(42, 6, 'OH', NULL, NULL, 0, 0),
(43, 6, 'OK', NULL, NULL, 0, 0),
(44, 6, 'OR', NULL, NULL, 0, 0),
(45, 6, 'PA', NULL, NULL, 0, 0),
(46, 6, 'PR', NULL, NULL, 0, 0),
(47, 6, 'PW', NULL, NULL, 0, 0),
(48, 6, 'RI', NULL, NULL, 0, 0),
(49, 6, 'SC', NULL, NULL, 0, 0),
(50, 6, 'SD', NULL, NULL, 0, 0),
(51, 6, 'TN', NULL, NULL, 0, 0),
(52, 6, 'TX', NULL, NULL, 0, 0),
(53, 6, 'UT', NULL, NULL, 0, 0),
(54, 6, 'VA', NULL, NULL, 0, 0),
(55, 6, 'VI', NULL, NULL, 0, 0),
(56, 6, 'VT', NULL, NULL, 0, 0),
(57, 6, 'WA', NULL, NULL, 0, 0),
(58, 6, 'WV', NULL, NULL, 0, 0),
(59, 6, 'WY', NULL, NULL, 0, 0),
(60, 6, 'AB', NULL, NULL, 0, 0),
(61, 6, 'BC', NULL, NULL, 0, 0),
(62, 6, 'MB', NULL, NULL, 0, 0),
(63, 6, 'NB', NULL, NULL, 0, 0),
(64, 6, 'NF', NULL, NULL, 0, 0),
(65, 6, 'NS', NULL, NULL, 0, 0),
(66, 6, 'NT', NULL, NULL, 0, 0),
(67, 6, 'NU', NULL, NULL, 0, 0),
(68, 6, 'ON', NULL, NULL, 0, 0),
(69, 6, 'PE', NULL, NULL, 0, 0),
(70, 6, 'QC', NULL, NULL, 0, 0),
(71, 6, 'SK', NULL, NULL, 0, 0),
(72, 6, 'YT', NULL, NULL, 0, 0),
(73, 6, 'XX', NULL, NULL, 0, 0),
(74, 11, 'AK', NULL, NULL, 0, 0),
(75, 11, 'AL', NULL, NULL, 0, 0),
(76, 11, 'AR', NULL, NULL, 0, 0),
(77, 11, 'AS', NULL, NULL, 0, 0),
(78, 11, 'AZ', NULL, NULL, 0, 0),
(79, 11, 'CA', NULL, NULL, 0, 0),
(80, 11, 'CO', NULL, NULL, 0, 0),
(81, 11, 'CT', NULL, NULL, 0, 0),
(82, 11, 'DC', NULL, NULL, 0, 0),
(83, 11, 'DE', NULL, NULL, 0, 0),
(84, 11, 'FL', NULL, NULL, 0, 0),
(85, 11, 'FM', NULL, NULL, 0, 0),
(86, 11, 'GA', NULL, NULL, 0, 0),
(87, 11, 'GU', NULL, NULL, 0, 0),
(88, 11, 'HI', NULL, NULL, 0, 0),
(89, 11, 'IA', NULL, NULL, 0, 0),
(90, 11, 'ID', NULL, NULL, 0, 0),
(91, 11, 'IL', NULL, NULL, 0, 0),
(92, 11, 'IN', NULL, NULL, 0, 0),
(93, 11, 'KS', NULL, NULL, 0, 0),
(94, 11, 'KY', NULL, NULL, 0, 0),
(95, 11, 'LA', NULL, NULL, 0, 0),
(96, 11, 'MA', NULL, NULL, 0, 0),
(97, 11, 'MD', NULL, NULL, 0, 0),
(98, 11, 'ME', NULL, NULL, 0, 0),
(99, 11, 'MH', NULL, NULL, 0, 0),
(100, 11, 'MI', NULL, NULL, 0, 0),
(101, 11, 'MN', NULL, NULL, 0, 0),
(102, 11, 'MP', NULL, NULL, 0, 0),
(103, 11, 'MS', NULL, NULL, 0, 0),
(104, 11, 'MT', NULL, NULL, 0, 0),
(105, 11, 'NC', NULL, NULL, 0, 0),
(106, 11, 'ND', NULL, NULL, 0, 0),
(107, 11, 'NE', NULL, NULL, 0, 0),
(108, 11, 'NH', NULL, NULL, 0, 0),
(109, 11, 'NJ', NULL, NULL, 0, 0),
(110, 11, 'NM', NULL, NULL, 0, 0),
(111, 11, 'NV', NULL, NULL, 0, 0),
(112, 11, 'NY', NULL, NULL, 0, 0),
(113, 11, 'OH', NULL, NULL, 0, 0),
(114, 11, 'OK', NULL, NULL, 0, 0),
(115, 11, 'OR', NULL, NULL, 0, 0),
(116, 11, 'PA', NULL, NULL, 0, 0),
(117, 11, 'PR', NULL, NULL, 0, 0),
(118, 11, 'PW', NULL, NULL, 0, 0),
(119, 11, 'RI', NULL, NULL, 0, 0),
(120, 11, 'SC', NULL, NULL, 0, 0),
(121, 11, 'SD', NULL, NULL, 0, 0),
(122, 11, 'TN', NULL, NULL, 0, 0),
(123, 11, 'TX', NULL, NULL, 0, 0),
(124, 11, 'UT', NULL, NULL, 0, 0),
(125, 11, 'VA', NULL, NULL, 0, 0),
(126, 11, 'VI', NULL, NULL, 0, 0),
(127, 11, 'VT', NULL, NULL, 0, 0),
(128, 11, 'WA', NULL, NULL, 0, 0),
(129, 11, 'WV', NULL, NULL, 0, 0),
(130, 11, 'WY', NULL, NULL, 0, 0),
(131, 11, 'AB', NULL, NULL, 0, 0),
(132, 11, 'BC', NULL, NULL, 0, 0),
(133, 11, 'MB', NULL, NULL, 0, 0),
(134, 11, 'NB', NULL, NULL, 0, 0),
(135, 11, 'NF', NULL, NULL, 0, 0),
(136, 11, 'NS', NULL, NULL, 0, 0),
(137, 11, 'NT', NULL, NULL, 0, 0),
(138, 11, 'NU', NULL, NULL, 0, 0),
(139, 11, 'ON', NULL, NULL, 0, 0),
(140, 11, 'PE', NULL, NULL, 0, 0),
(141, 11, 'QC', NULL, NULL, 0, 0),
(142, 11, 'SK', NULL, NULL, 0, 0),
(143, 11, 'YT', NULL, NULL, 0, 0),
(144, 11, 'XX', NULL, NULL, 0, 0);

CREATE TABLE `va_order_statuses` (
  `status_id` int(11) NOT NULL AUTO_INCREMENT,
  `status_order` int(11) DEFAULT '1',
  `status_name` varchar(64) NOT NULL,
  `status_type` varchar(16) DEFAULT NULL,
  `is_user_cancel` tinyint(4) DEFAULT '0',
  `allow_user_cancel` tinyint(4) DEFAULT '0',
  `generate_invoice` tinyint(4) DEFAULT '0',
  `user_invoice_activation` tinyint(4) DEFAULT '0',
  `is_dispatch` tinyint(4) DEFAULT '0',
  `is_list` tinyint(4) DEFAULT '1',
  `show_for_user` tinyint(4) DEFAULT '0',
  `paid_status` tinyint(4) DEFAULT '0',
  `credit_note_action` tinyint(4) DEFAULT '1',
  `stock_level_action` int(11) DEFAULT '0',
  `points_action` int(11) DEFAULT '0',
  `credit_action` int(11) DEFAULT '0',
  `commission_action` int(11) DEFAULT '0',
  `download_activation` tinyint(4) DEFAULT '0',
  `download_notify` tinyint(4) DEFAULT '0',
  `item_notify` tinyint(4) DEFAULT '0',
  `mail_notify` tinyint(4) DEFAULT '0',
  `mail_to` varchar(255) DEFAULT NULL,
  `mail_from` varchar(64) DEFAULT NULL,
  `mail_cc` varchar(255) DEFAULT NULL,
  `mail_bcc` varchar(255) DEFAULT NULL,
  `mail_reply_to` varchar(64) DEFAULT NULL,
  `mail_return_path` varchar(64) DEFAULT NULL,
  `mail_type` int(11) DEFAULT '0',
  `mail_subject` varchar(255) DEFAULT NULL,
  `mail_body` text,
  `sms_notify` tinyint(4) DEFAULT '0',
  `sms_recipient` varchar(255) DEFAULT NULL,
  `sms_originator` varchar(64) DEFAULT NULL,
  `sms_message` text,
  `merchant_notify` tinyint(4) DEFAULT '0',
  `merchant_to` varchar(255) DEFAULT NULL,
  `merchant_from` varchar(64) DEFAULT NULL,
  `merchant_cc` varchar(255) DEFAULT NULL,
  `merchant_bcc` varchar(255) DEFAULT NULL,
  `merchant_reply_to` varchar(64) DEFAULT NULL,
  `merchant_return_path` varchar(64) DEFAULT NULL,
  `merchant_mail_type` tinyint(4) DEFAULT '0',
  `merchant_subject` varchar(255) DEFAULT NULL,
  `merchant_body` text,
  `merchant_sms_notify` tinyint(4) DEFAULT '0',
  `merchant_sms_recipient` varchar(255) DEFAULT NULL,
  `merchant_sms_originator` varchar(64) DEFAULT NULL,
  `merchant_sms_message` text,
  `supplier_notify` tinyint(4) DEFAULT '0',
  `supplier_to` varchar(255) DEFAULT NULL,
  `supplier_from` varchar(64) DEFAULT NULL,
  `supplier_cc` varchar(255) DEFAULT NULL,
  `supplier_bcc` varchar(255) DEFAULT NULL,
  `supplier_reply_to` varchar(64) DEFAULT NULL,
  `supplier_return_path` varchar(64) DEFAULT NULL,
  `supplier_mail_type` tinyint(4) DEFAULT '0',
  `supplier_subject` varchar(255) DEFAULT NULL,
  `supplier_body` text,
  `supplier_sms_notify` tinyint(4) DEFAULT '0',
  `supplier_sms_recipient` varchar(255) DEFAULT NULL,
  `supplier_sms_originator` varchar(64) DEFAULT NULL,
  `supplier_sms_message` text,
  `admin_notify` tinyint(4) DEFAULT '0',
  `admin_to` varchar(255) DEFAULT NULL,
  `admin_to_groups_ids` text,
  `admin_from` varchar(64) DEFAULT NULL,
  `admin_cc` varchar(255) DEFAULT NULL,
  `admin_bcc` varchar(255) DEFAULT NULL,
  `admin_reply_to` varchar(64) DEFAULT NULL,
  `admin_return_path` varchar(64) DEFAULT NULL,
  `admin_mail_type` tinyint(4) DEFAULT '0',
  `admin_subject` varchar(255) DEFAULT NULL,
  `admin_body` text,
  `admin_sms_notify` tinyint(4) DEFAULT '0',
  `admin_sms_recipient` varchar(255) DEFAULT NULL,
  `admin_sms_originator` varchar(64) DEFAULT NULL,
  `admin_sms_message` text,
  `final_message` text,
  `is_active` tinyint(4) DEFAULT '1',
  `view_order_groups_all` tinyint(4) DEFAULT '1',
  `view_order_groups_ids` text,
  `set_status_groups_all` tinyint(4) DEFAULT '1',
  `set_status_groups_ids` text,
  `update_order_groups_all` tinyint(4) DEFAULT '1',
  `update_order_groups_ids` text,
  `vi_blank_pd4_download` tinyint(4) DEFAULT '0',
  `vi_sf_download` tinyint(4) DEFAULT '0',
  PRIMARY KEY (`status_id`)
) ENGINE=MyISAM  DEFAULT CHARSET=utf8 AUTO_INCREMENT=19 ;

INSERT INTO `va_order_statuses` (`status_id`, `status_order`, `status_name`, `status_type`, `is_user_cancel`, `allow_user_cancel`, `generate_invoice`, `user_invoice_activation`, `is_dispatch`, `is_list`, `show_for_user`, `paid_status`, `credit_note_action`, `stock_level_action`, `points_action`, `credit_action`, `commission_action`, `download_activation`, `download_notify`, `item_notify`, `mail_notify`, `mail_to`, `mail_from`, `mail_cc`, `mail_bcc`, `mail_reply_to`, `mail_return_path`, `mail_type`, `mail_subject`, `mail_body`, `sms_notify`, `sms_recipient`, `sms_originator`, `sms_message`, `merchant_notify`, `merchant_to`, `merchant_from`, `merchant_cc`, `merchant_bcc`, `merchant_reply_to`, `merchant_return_path`, `merchant_mail_type`, `merchant_subject`, `merchant_body`, `merchant_sms_notify`, `merchant_sms_recipient`, `merchant_sms_originator`, `merchant_sms_message`, `supplier_notify`, `supplier_to`, `supplier_from`, `supplier_cc`, `supplier_bcc`, `supplier_reply_to`, `supplier_return_path`, `supplier_mail_type`, `supplier_subject`, `supplier_body`, `supplier_sms_notify`, `supplier_sms_recipient`, `supplier_sms_originator`, `supplier_sms_message`, `admin_notify`, `admin_to`, `admin_to_groups_ids`, `admin_from`, `admin_cc`, `admin_bcc`, `admin_reply_to`, `admin_return_path`, `admin_mail_type`, `admin_subject`, `admin_body`, `admin_sms_notify`, `admin_sms_recipient`, `admin_sms_originator`, `admin_sms_message`, `final_message`, `is_active`, `view_order_groups_all`, `view_order_groups_ids`, `set_status_groups_all`, `set_status_groups_ids`, `update_order_groups_all`, `update_order_groups_ids`, `vi_blank_pd4_download`, `vi_sf_download`) VALUES
(1, 1, 'Новый заказ', 'NEW', 0, 0, 0, 0, 0, 1, 0, 0, 0, 1, -1, -1, -1, 0, 0, 0, 0, NULL, NULL, NULL, NULL, NULL, NULL, 0, NULL, NULL, 0, NULL, NULL, NULL, 0, NULL, NULL, NULL, NULL, NULL, NULL, 0, NULL, NULL, 0, NULL, NULL, NULL, 0, NULL, NULL, NULL, NULL, NULL, NULL, NULL, NULL, NULL, 0, NULL, NULL, NULL, 0, NULL, NULL, NULL, NULL, NULL, NULL, NULL, 0, NULL, NULL, 0, NULL, NULL, NULL, NULL, 1, 1, NULL, 1, NULL, 1, NULL, 1, 1),
(3, 3, 'Заказ подтвержден', 'CONFIRMED', 0, 0, 0, 0, 0, 1, 0, 0, 0, 1, -1, -1, -1, 0, 0, 0, 0, NULL, NULL, NULL, NULL, NULL, NULL, 0, NULL, NULL, 0, NULL, NULL, NULL, 0, NULL, NULL, NULL, NULL, NULL, NULL, 0, NULL, NULL, 0, NULL, NULL, NULL, 0, NULL, NULL, NULL, NULL, NULL, NULL, NULL, NULL, NULL, 0, NULL, NULL, NULL, 0, NULL, NULL, NULL, NULL, NULL, NULL, NULL, 0, NULL, NULL, 0, NULL, NULL, NULL, NULL, 1, 1, NULL, 1, NULL, 1, NULL, 0, 0),
(4, 4, 'Заказ оплачен', 'PAID', 0, 0, 0, 1, 0, 1, 1, 1, 0, 1, -1, -1, 1, 1, 1, 1, 0, NULL, NULL, NULL, NULL, NULL, NULL, 0, NULL, NULL, 0, NULL, NULL, NULL, 0, NULL, NULL, NULL, NULL, NULL, NULL, 0, NULL, NULL, 0, NULL, NULL, NULL, 0, NULL, NULL, NULL, NULL, NULL, NULL, NULL, NULL, NULL, 0, NULL, NULL, NULL, 0, NULL, NULL, NULL, NULL, NULL, NULL, NULL, 0, NULL, NULL, 0, NULL, NULL, NULL, NULL, 1, 1, NULL, 1, NULL, 1, NULL, 1, 0),
(5, 5, 'Передан в Службу Доставки', 'SHIPPED', 0, 0, 0, 1, 0, 1, 1, 1, 0, 1, -1, -1, 1, 1, 0, 1, 1, NULL, NULL, NULL, NULL, NULL, NULL, 1, 'Интернет-магазин Demo доставка', '<b>Заказ {order_id}<br></b><br><b><b>Описание доставки </b>{shipping_type_desc}<br>Трекинг - номер</b> {tracking_id}', 0, NULL, NULL, 'Заказ {order_id}\r\n\r\nОписание доставки {shipping_type_desc}\r\nТрекинг - номер {tracking_id}', 0, NULL, NULL, NULL, NULL, NULL, NULL, 0, NULL, NULL, 0, NULL, NULL, NULL, 0, NULL, NULL, NULL, NULL, NULL, NULL, NULL, NULL, NULL, 0, NULL, NULL, NULL, 0, NULL, NULL, NULL, NULL, NULL, NULL, NULL, 0, NULL, NULL, 0, NULL, NULL, NULL, NULL, 1, 1, NULL, 1, NULL, 1, NULL, 0, 0),
(6, 6, 'Заказ в обработке', 'PENDING', 0, 0, 0, 0, 0, 1, 0, 0, 0, 1, -1, -1, -1, 0, 0, 0, 0, NULL, NULL, NULL, NULL, NULL, NULL, 0, NULL, NULL, 0, NULL, NULL, NULL, 0, NULL, NULL, NULL, NULL, NULL, NULL, 0, NULL, NULL, 0, NULL, NULL, NULL, 0, NULL, NULL, NULL, NULL, NULL, NULL, NULL, NULL, NULL, 0, NULL, NULL, NULL, 0, NULL, NULL, NULL, NULL, NULL, NULL, NULL, 0, NULL, NULL, 0, NULL, NULL, NULL, NULL, 1, 1, NULL, 1, NULL, 1, NULL, 0, 0),
(12, 12, 'Заказ отменен', 'CANCELLED', 1, 0, 0, 0, 0, 1, 1, 0, 0, -1, 1, 1, -1, 0, 0, 0, 0, NULL, NULL, NULL, NULL, NULL, NULL, 0, NULL, NULL, 0, NULL, NULL, NULL, 0, NULL, NULL, NULL, NULL, NULL, NULL, 0, NULL, NULL, 0, NULL, NULL, NULL, 0, NULL, NULL, NULL, NULL, NULL, NULL, NULL, NULL, NULL, 0, NULL, NULL, NULL, 0, NULL, NULL, NULL, NULL, NULL, NULL, NULL, 0, NULL, NULL, 0, NULL, NULL, NULL, NULL, 1, 1, NULL, 1, NULL, 1, NULL, 0, 0),
(17, 17, 'Выставлен счет', 'OTHER', 0, 0, 0, 1, 0, 1, 0, 0, 0, 1, -1, -1, -1, 0, 0, 0, 0, NULL, NULL, NULL, NULL, NULL, NULL, 0, NULL, NULL, 0, NULL, NULL, NULL, 0, NULL, NULL, NULL, NULL, NULL, NULL, 0, NULL, NULL, 0, NULL, NULL, NULL, 0, NULL, NULL, NULL, NULL, NULL, NULL, 0, NULL, NULL, 0, NULL, NULL, NULL, 0, NULL, NULL, NULL, NULL, NULL, NULL, NULL, 0, NULL, NULL, 0, NULL, NULL, NULL, NULL, 1, 1, NULL, 1, NULL, 1, NULL, 0, 0),
(18, 18, 'Заказ выполнен', 'SHIPPED', 0, 0, 0, 1, 0, 1, 0, 1, 0, -1, -1, -1, 1, 1, 0, 0, 0, NULL, NULL, NULL, NULL, NULL, NULL, 0, NULL, NULL, 0, NULL, NULL, NULL, 0, NULL, NULL, NULL, NULL, NULL, NULL, 0, NULL, NULL, 0, NULL, NULL, NULL, 0, NULL, NULL, NULL, NULL, NULL, NULL, 0, NULL, NULL, 0, NULL, NULL, NULL, 0, NULL, NULL, NULL, NULL, NULL, NULL, NULL, 0, NULL, NULL, 0, NULL, NULL, NULL, NULL, 1, 1, NULL, 1, NULL, 1, NULL, 0, 0);

CREATE TABLE `va_pages` (
  `page_id` int(11) NOT NULL AUTO_INCREMENT,
  `page_code` varchar(16) NOT NULL,
  `page_title` varchar(255) NOT NULL,
  `friendly_url` varchar(255) DEFAULT NULL,
  `page_url` varchar(255) DEFAULT NULL,
  `page_order` int(11) NOT NULL DEFAULT '1',
  `is_site_map` tinyint(4) DEFAULT '1',
  `sites_all` tinyint(4) DEFAULT '1',
  `user_types_all` tinyint(4) DEFAULT '1',
  `is_showing` tinyint(4) NOT NULL DEFAULT '1',
  `link_in_footer` tinyint(4) NOT NULL DEFAULT '0',
  `is_html` tinyint(4) DEFAULT NULL,
  `page_type` int(11) DEFAULT NULL,
  `page_path` varchar(255) DEFAULT NULL,
  `page_body` text,
  `meta_title` varchar(255) DEFAULT NULL,
  `meta_keywords` varchar(255) DEFAULT NULL,
  `meta_description` varchar(255) DEFAULT NULL,
  PRIMARY KEY (`page_id`),
  KEY `page_code` (`page_code`),
  KEY `friendly_url` (`friendly_url`),
  KEY `is_site_map` (`is_site_map`),
  KEY `sites_all` (`sites_all`),
  KEY `user_types_all` (`user_types_all`),
  KEY `is_showing` (`is_showing`),
  KEY `link_in_footer` (`link_in_footer`)
) ENGINE=MyISAM  DEFAULT CHARSET=utf8 AUTO_INCREMENT=21 ;

INSERT INTO `va_pages` (`page_id`, `page_code`, `page_title`, `friendly_url`, `page_url`, `page_order`, `is_site_map`, `sites_all`, `user_types_all`, `is_showing`, `link_in_footer`, `is_html`, `page_type`, `page_path`, `page_body`, `meta_title`, `meta_keywords`, `meta_description`) VALUES
(1, 'home', 'Home', 'home', 'index.php', 1, NULL, 1, 1, 1, 0, 1, 1, NULL, NULL, NULL, NULL, NULL),
(2, 'products', 'Products', 'products', 'products.php', 2, NULL, 1, 1, 1, 0, 1, 1, NULL, NULL, NULL, NULL, NULL),
(3, 'basket', 'Basket', 'basket', 'basket.php', 3, NULL, 1, 1, 1, 0, 1, 1, NULL, NULL, NULL, NULL, NULL),
(4, 'admin', 'Administration', 'administration', 'admin/admin.php', 11, NULL, 1, 1, 1, 0, 1, 1, NULL, NULL, NULL, NULL, NULL),
(5, 'registration', 'Registration', 'registration', 'user_profile.php', 1, NULL, 1, 1, 1, 0, 1, 1, NULL, NULL, NULL, NULL, NULL),
(6, 'news', 'News', 'news', 'articles.php?category_id=1', 5, NULL, 1, 1, 1, 1, NULL, NULL, NULL, NULL, NULL, NULL, NULL),
(7, 'help', 'Как делать покупки', 'kak-delat-pokupki', NULL, 8, 0, 1, 1, 1, 0, 1, NULL, NULL, '<p>\r\n	[en]</p>\r\n<table border="0" cellpadding="5" cellspacing="5" align="center" width="100%">\r\n	<tbody>\r\n		<tr>\r\n			<td class="middle">\r\n				<font size="4"><b>How to Shop at Our Online Store</b></font></td>\r\n		</tr>\r\n		<tr>\r\n			<td>\r\n				<font size="2">\r\n				<p align="justify">\r\n					Shopping online with us is a lot like shopping at a retail store you browse our catalogue of products for the items you''dlike, put them in a shopping basket, and complete your purchase at the check-outarea. The only difference is, we''re open 24 hours a day - seven days a week,...and you don''t have to put on shoes and leave the comfort of your home to shop!</p>\r\n				<p align="justify">\r\n					So read on and find out how you can enjoy the shopping experience with Our Online Store.</p>\r\n				</font></td>\r\n		</tr>\r\n	</tbody>\r\n</table>\r\n<p>\r\n	[/en][ru]</p>\r\n<table border="0" cellpadding="5" cellspacing="5" align="center" width="100%">\r\n	<tbody>\r\n		<tr>\r\n			<td class="middle">\r\n				<font size="4"><b>Как делать покупки в интернет-магазине</b></font></td>\r\n		</tr>\r\n		<tr>\r\n			<td>\r\n				<p align="justify">\r\n					Делать покупки в нашем интернет-магазина ничуть не сложнее, чем совершать покупки в обычном магазине. Вы просто просматриваете каталог товаров, добавляете, понравившиеся Вам товары в корзину, и переходите к оформлению заказа. После заполнения необходимых данных по оплате и доставке Ваш заказ поступает&nbsp; в обработку оператором интернет-магазина. Наш интернет-магазин открыт 24 часа в сутки, 7 дней в неделю, 365 дней в году.</p>\r\n			</td>\r\n		</tr>\r\n	</tbody>\r\n</table>\r\n<p>\r\n	[/ru]</p>\r\n<p>\r\n	&nbsp;</p>\r\n', 'Как делать покупки в интернет-магазине', 'Как делать покупки в интернет-магазине', 'Как делать покупки в интернет-магазине'),
(19, 'use_of_cookies', 'Use of cookies', 'use_of_cookies', NULL, 16, 0, 1, 1, 1, 0, 1, 1, NULL, '<p>\r\n	Cookie is usually a small piece of data sent from a website and stored in a web browser. Cookies were designed to be a reliable mechanism for websites to remember the state of the website or activity the user had taken in the past.</p>\r\n<p>\r\n	Any cookies that may be used by this website are used either solely on a per session basis (for example, to add product in the cart, track site visits) or to maintain user preferences (for example save login data, language preference etc.). Please read below a more detailed information about the cookies we use.</p>\r\n<table border="1" cellpadding="1" cellspacing="1">\r\n	<thead>\r\n		<tr>\r\n			<th scope="col">\r\n				Cookies Name</th>\r\n			<th scope="col">\r\n				Description</th>\r\n		</tr>\r\n	</thead>\r\n	<tbody>\r\n		<tr>\r\n			<td>\r\n				PHPSESSID</td>\r\n			<td>\r\n				This is a cookie designed to store and identify your unique session ID on the website. It does not contain any personal information and usually looks something like 1234567890abcdef. PHPSESSID is deleted as soon as you close all browser windows. This cookie is essential to the store because it allows to login, add products to cart and make purchases. It would be impossible to implement a convenient shopping mechanism without cookies or something like them <b>that&#39;s why PHPSESSID is always turned on</b>.</td>\r\n		</tr>\r\n		<tr>\r\n			<td>\r\n				cookie_lang</td>\r\n			<td>\r\n				This cookie saves the language selection on the site so the next time you visit it will be automatically selected. The cookie expires in a year.</td>\r\n		</tr>\r\n		<tr>\r\n			<td>\r\n				cookie_visit</td>\r\n			<td>\r\n				This is a cookie that records your IP address during the first visit and the number of the visit. It is used for various analytical studies and for anti-fraud purposes.</td>\r\n		</tr>\r\n		<tr>\r\n			<td>\r\n				cookie_user_login<br />\r\n				cookie_user_password</td>\r\n			<td>\r\n				These two cookies store login and password information for a year if you choose an option &quot;remember me&quot; in the login form.</td>\r\n		</tr>\r\n		<tr>\r\n			<td>\r\n				cookie_af</td>\r\n			<td>\r\n				This cookie is used to save the data about affiliate visits and calculate appropriate commissions. Usually this cookie expires in 90 days.</td>\r\n		</tr>\r\n		<tr>\r\n			<td>\r\n				cookie_friend</td>\r\n			<td>\r\n				This is a cookie used in coupons&#39; Friendly Visits functionality. It saves the data of a friendly visit and calculates possible bonuses.</td>\r\n		</tr>\r\n		<tr>\r\n			<td>\r\n				__utma<br />\r\n				__utmb<br />\r\n				__utmc<br />\r\n				__utm</td>\r\n			<td>\r\n				Our website uses Google Analytics cookies to monitor traffic sources and make different reports. These cookies enable Google to determine your IP address (which is stored anonymously on their servers), whether you are a returning visitor to the site and to track the pages that you visit during your session. See <a href="https://developers.google.com/analytics/resources/concepts/gaConceptsCookies" target="_blank">Google Analytics documentation</a> to learn more details. These cookies will be disabled if you turn off cookies.</td>\r\n		</tr>\r\n	</tbody>\r\n</table>\r\n<p>\r\n	&nbsp;</p>\r\n', NULL, NULL, NULL),
(8, 'about', 'О нас', 'o-nas', NULL, 9, 0, 1, 1, 1, 0, 1, 1, NULL, '<p>\r\n	Интернет-магазин Demo открыт 24 часа в сутки, 7 дней в неделю, 365 дней в году.</p>\r\n', 'О нас', NULL, NULL),
(11, 'faq', 'FAQ', 'faq', 'articles.php?category_id=4', 7, NULL, 1, 1, 1, 1, 1, 1, NULL, NULL, NULL, NULL, NULL),
(13, 'forum', 'Forum', 'forum', 'forum.php', 6, NULL, 1, 1, 1, 0, 0, 1, NULL, NULL, NULL, NULL, NULL),
(14, 'support', 'Support', 'support', 'support.php', 10, NULL, 1, 1, 1, 0, 0, 1, NULL, NULL, NULL, NULL, NULL),
(15, 'links', 'Links', 'links', 'articles.php?category_id=3', 12, NULL, 1, 1, 1, 1, 0, 1, NULL, NULL, NULL, NULL, NULL),
(16, 'images', 'Image Gallery', 'image-gallery', 'articles.php?category_id=5', 13, NULL, 1, 1, 1, 1, 0, 1, NULL, NULL, NULL, NULL, NULL),
(17, 'events', 'Events', 'events', 'articles.php?category_id=6', 14, NULL, 1, 1, 1, 1, 0, 1, NULL, NULL, NULL, NULL, NULL),
(18, 'site_map', 'Site Map', 'site-map', 'site_map.php', 15, NULL, 1, 1, 1, 1, 0, 1, NULL, '<br>', 'Site Map', 'site map', 'Site Map'),
(20, 'error404', 'Error 404', 'error-404', NULL, 17, 0, 1, 1, 1, 0, 1, 1, NULL, '<p style="text-align: center;">\r\n	<img src="images/page_not_found.png" /></p>\r\n<p style="text-align: justify;">\r\n	К сожалению, мы не можем найти страницу, которую Вы ищете. Возможно, она была удалена, переименована или временно недоступна.</p>\r\n', NULL, NULL, NULL);

CREATE TABLE `va_pages_sites` (
  `page_id` int(11) NOT NULL DEFAULT '0',
  `site_id` int(11) NOT NULL DEFAULT '0',
  PRIMARY KEY (`page_id`,`site_id`)
) ENGINE=MyISAM DEFAULT CHARSET=utf8;


CREATE TABLE `va_pages_user_types` (
  `page_id` int(11) NOT NULL DEFAULT '0',
  `user_type_id` int(11) NOT NULL DEFAULT '0',
  PRIMARY KEY (`page_id`,`user_type_id`)
) ENGINE=MyISAM DEFAULT CHARSET=utf8;


CREATE TABLE `va_payment_countries` (
  `payment_id` int(11) DEFAULT NULL,
  `country_id` int(11) DEFAULT NULL
) ENGINE=MyISAM DEFAULT CHARSET=utf8;

INSERT INTO `va_payment_countries` (`payment_id`, `country_id`) VALUES
(NULL, NULL);

CREATE TABLE `va_payment_currencies` (
  `payment_id` int(11) NOT NULL DEFAULT '0',
  `currency_id` int(11) NOT NULL DEFAULT '0',
  PRIMARY KEY (`payment_id`,`currency_id`)
) ENGINE=MyISAM DEFAULT CHARSET=utf8;


CREATE TABLE `va_payment_item_types` (
  `payment_id` int(11) NOT NULL DEFAULT '0',
  `item_type_id` int(11) NOT NULL DEFAULT '0',
  PRIMARY KEY (`payment_id`,`item_type_id`)
) ENGINE=MyISAM DEFAULT CHARSET=utf8;


CREATE TABLE `va_payment_parameters` (
  `parameter_id` int(11) NOT NULL AUTO_INCREMENT,
  `payment_id` int(11) NOT NULL DEFAULT '0',
  `parameter_name` varchar(255) NOT NULL,
  `parameter_type` varchar(16) NOT NULL,
  `parameter_source` text,
  `not_passed` tinyint(4) DEFAULT '0',
  PRIMARY KEY (`parameter_id`)
) ENGINE=MyISAM  DEFAULT CHARSET=utf8 AUTO_INCREMENT=1970 ;

INSERT INTO `va_payment_parameters` (`parameter_id`, `payment_id`, `parameter_name`, `parameter_type`, `parameter_source`, `not_passed`) VALUES
(1, 1, 'order_id', 'VARIABLE', 'order_id', 0),
(2, 1, 'vc', 'VARIABLE', 'vc', 0),
(40, 5, 'sid', 'CONSTANT', '!Your vendor number!', 0),
(41, 5, 'total', 'VARIABLE', 'order_total', 0),
(42, 5, 'cart_order_id', 'VARIABLE', 'order_id', 0),
(43, 5, 'card_holder_name', 'VARIABLE', 'name', 0),
(44, 5, 'street_address', 'VARIABLE', 'address', 0),
(45, 5, 'city', 'VARIABLE', 'city', 0),
(46, 5, 'state', 'VARIABLE', 'state', 0),
(47, 5, 'zip', 'VARIABLE', 'zip', 0),
(48, 5, 'country', 'VARIABLE', 'country', 0),
(49, 5, 'email', 'VARIABLE', 'email', 0),
(50, 5, 'phone', 'VARIABLE', 'phone', 0),
(51, 6, 'business', 'CONSTANT', 'your.paypal@example.com', 0),
(52, 6, 'at', 'CONSTANT', '!Please specify your identity token!', 1),
(53, 6, 'cmd', 'CONSTANT', '_xclick', 0),
(54, 6, 'invoice', 'VARIABLE', 'order_id', 0),
(55, 6, 'item_name', 'VARIABLE', 'basket', 0),
(56, 6, 'amount', 'VARIABLE', 'order_total', 0),
(57, 6, 'email', 'VARIABLE', 'email', 0),
(58, 6, 'first_name', 'VARIABLE', 'first_name', 0),
(59, 6, 'last_name', 'VARIABLE', 'last_name', 0),
(60, 6, 'city', 'VARIABLE', 'city', 0),
(61, 6, 'zip', 'VARIABLE', 'zip', 0),
(62, 6, 'state', 'VARIABLE', 'state_code', 0),
(69, 5, 'id_type', 'CONSTANT', '1', 0),
(70, 5, 'c_prod_{digit}', 'VARIABLE', '{item_id},{quantity}', 0),
(71, 5, 'c_name_{digit}', 'VARIABLE', 'item_name', 0),
(72, 5, 'c_description_{digit}', 'VARIABLE', 'short_description', 0),
(73, 5, 'c_price_{digit}', 'VARIABLE', 'price', 0),
(74, 5, 'c_tangible_{digit}', 'CONSTANT', 'Y', 0),
(160, 6, 'country', 'VARIABLE', 'country_code', 0),
(176, 5, 'secret_word', 'CONSTANT', '!Your secret word!', 1),
(223, 17, 'PAYEE_ACCOUNT', 'CONSTANT', '!Enter your account!', 0),
(224, 17, 'PAYEE_NAME', 'CONSTANT', '!Enter your name!', 0),
(225, 17, 'PAYEE_PASSPHRASE', 'CONSTANT', '!Enter your alternate passphrase!', 1),
(226, 17, 'PAYMENT_AMOUNT', 'VARIABLE', 'order_total', 0),
(227, 17, 'PAYMENT_UNITS', 'CONSTANT', '1', 0),
(228, 17, 'PAYMENT_METAL_ID', 'CONSTANT', '1', 0),
(229, 17, 'PAYMENT_ID', 'VARIABLE', 'order_id', 0),
(230, 17, 'STATUS_URL', 'VARIABLE', '{site_url}payments/egold_response.php', 0),
(231, 17, 'PAYMENT_URL', 'VARIABLE', '{site_url}order_final.php', 0),
(232, 17, 'PAYMENT_URL_METHOD', 'CONSTANT', 'POST', 0),
(233, 17, 'NOPAYMENT_URL', 'VARIABLE', '{site_url}order_final.php', 0),
(234, 17, 'NOPAYMENT_URL_METHOD', 'CONSTANT', 'POST', 0),
(235, 17, 'BAGGAGE_FIELDS', 'CONSTANT', NULL, 0),
(285, 6, 'address1', 'VARIABLE', 'address1', 0),
(318, 21, 'Username', 'CONSTANT', '!Your API Account Name', 1),
(319, 21, 'Password', 'CONSTANT', '!Your API Account Password', 1),
(320, 21, 'Subject', 'CONSTANT', NULL, 1),
(321, 21, 'SSLCert', 'CONSTANT', '!Absolute path to your API certificate', 1),
(322, 21, 'OrderTotal', 'VARIABLE', 'order_total', 1),
(323, 21, 'ReturnURL', 'VARIABLE', '{site_url}payments/paypal_details.php', 1),
(324, 21, 'CancelURL', 'VARIABLE', '{site_url}order_final.php', 1),
(325, 22, 'Username', 'CONSTANT', '!Your API Account Name', 0),
(326, 22, 'Password', 'CONSTANT', '!Your API Account Password', 0),
(327, 22, 'Subject', 'CONSTANT', NULL, 0),
(328, 22, 'SSLCert', 'CONSTANT', '!Absolute path to your API certificate', 0),
(329, 22, 'InvoiceID', 'VARIABLE', 'order_id', 0),
(330, 22, 'OrderTotal', 'VARIABLE', 'order_total', 0),
(331, 22, 'CreditCardType', 'VARIABLE', 'cc_type', 0),
(332, 22, 'CreditCardNumber', 'VARIABLE', 'cc_number', 0),
(333, 22, 'ExpMonth', 'VARIABLE', 'cc_expiry_month', 0),
(334, 22, 'ExpYear', 'VARIABLE', 'cc_expiry_yyyy', 0),
(335, 22, 'Payer', 'VARIABLE', 'email', 0),
(336, 22, 'CCFirstName', 'VARIABLE', 'cc_first_name', 0),
(337, 22, 'CCLastName', 'VARIABLE', 'cc_last_name', 0),
(338, 22, 'CVV2', 'VARIABLE', 'cc_security_code', 0),
(339, 22, 'Name', 'VARIABLE', 'name', 0),
(340, 22, 'Street1', 'VARIABLE', 'address1', 0),
(341, 22, 'Street2', 'VARIABLE', 'address2', 0),
(342, 22, 'CityName', 'VARIABLE', 'city', 0),
(343, 22, 'StateOrProvince', 'VARIABLE', 'state_code_or_province', 0),
(344, 22, 'Country', 'VARIABLE', 'country_code', 0),
(345, 22, 'PostalCode', 'VARIABLE', 'zip', 0),
(346, 22, 'ShipName', 'VARIABLE', 'delivery_name', 0),
(347, 22, 'ShipStreet1', 'VARIABLE', 'delivery_address1', 0),
(348, 22, 'ShipStreet2', 'VARIABLE', 'delivery_address2', 0),
(349, 22, 'ShipCityName', 'VARIABLE', 'delivery_city', 0),
(350, 22, 'ShipStateOrProvince', 'VARIABLE', 'delivery_state_code_or_province', 0),
(351, 22, 'ShipCountry', 'VARIABLE', 'delivery_country_code', 0),
(352, 22, 'ShipPostalCode', 'VARIABLE', 'delivery_zip', 0),
(353, 21, 'ShipName', 'VARIABLE', 'delivery_name', 1),
(354, 21, 'ShipStreet1', 'VARIABLE', 'delivery_address1', 1),
(355, 21, 'ShipStreet2', 'VARIABLE', 'delivery_address2', 1),
(356, 21, 'ShipCityName', 'VARIABLE', 'delivery_city', 1),
(357, 21, 'ShipStateOrProvince', 'VARIABLE', 'delivery_state_code_or_province', 1),
(358, 21, 'ShipCountry', 'VARIABLE', 'delivery_country_code', 1),
(359, 21, 'ShipPostalCode', 'VARIABLE', 'delivery_zip', 1),
(391, 6, 'address2', 'VARIABLE', 'address2', 0),
(392, 6, 'bn', 'CONSTANT', 'ViArt_ShoppingCart_ST', 0),
(419, 21, 'ButtonSource', 'CONSTANT', 'ViArt_ShoppingCart_EC', 1),
(420, 22, 'StartMonth', 'VARIABLE', 'cc_start_month', 0),
(581, 32, 'product_id', 'CONSTANT', '!Enter your product_id!', 0),
(582, 32, 'product_name', 'CONSTANT', '!Enter your product_name!', 0),
(583, 32, 'language', 'CONSTANT', 'En', 0),
(584, 32, 'cb_url', 'CONSTANT', '{site_url}payments/chronopay_confirm.php', 0),
(585, 32, 'cb_type', 'CONSTANT', 'P', 0),
(586, 32, 'product_price', 'VARIABLE', 'order_total', 0),
(587, 32, 'street', 'VARIABLE', 'address1', 0),
(588, 32, 'city', 'VARIABLE', 'city', 0),
(589, 32, 'state', 'VARIABLE', 'state', 0),
(590, 32, 'zip', 'VARIABLE', 'zip', 0),
(591, 32, 'country', 'VARIABLE', 'country', 0),
(592, 32, 'phone', 'VARIABLE', 'phone', 0),
(593, 32, 'email', 'VARIABLE', 'email', 0),
(594, 32, 'f_name', 'VARIABLE', 'first_name', 0),
(595, 32, 's_name', 'VARIABLE', 'last_name', 0),
(596, 32, 'cs1', 'VARIABLE', 'order_id', 0),
(597, 32, 'cs2', 'CONSTANT', NULL, 0),
(598, 32, 'cs3', 'CONSTANT', NULL, 0),
(624, 34, 'merchant_id', 'CONSTANT', '!Enter here your merchant_id!', 1),
(625, 34, 'merchant_key', 'CONSTANT', '!Enter here your merchant_key!', 1),
(626, 34, 'action_url', 'CONSTANT', 'https://sandbox.google.com/checkout/cws/v2/Merchant/[[Your-Merchant-ID]]/checkout', 1),
(627, 34, 'currency', 'CONSTANT', 'USD', 1),
(628, 34, 'item-name', 'VARIABLE', NULL, 1),
(639, 6, 'currency_code', 'VARIABLE', 'currency_code', 0),
(640, 6, 'charset', 'VARIABLE', 'charset', 0),
(641, 21, 'sandbox', 'CONSTANT', '0', 1),
(642, 22, 'StartYear', 'VARIABLE', 'cc_start_yyyy', 0),
(643, 22, 'IssueNumber', 'VARIABLE', 'cc_issue_number', 0),
(644, 22, 'ButtonSource', 'CONSTANT', 'ViArt_ShoppingCart_DP', 0),
(645, 22, 'IPAddress', 'VARIABLE', 'order_ip', 0),
(646, 22, 'sandbox', 'CONSTANT', '0', 0),
(775, 21, 'InvoiceID', 'VARIABLE', 'order_id', 1),
(776, 21, 'CurrencyID', 'VARIABLE', 'currency_code', 1),
(777, 22, 'CurrencyID', 'VARIABLE', 'currency_code', 0),
(778, 32, 'response_ip', 'CONSTANT', '69.20.58.35', 1),
(793, 41, 'action_url', 'CONSTANT', 'https://www.cashu.com/cgi-bin/pcashu.cgi', 1),
(794, 41, 'merchant_id', 'CONSTANT', '!Your Merchant ID!', 0),
(795, 41, 'display_text', 'VARIABLE', 'Order No: {order_id}', 0),
(796, 41, 'currency', 'CONSTANT', 'USD', 0),
(797, 41, 'amount', 'VARIABLE', 'order_total', 0),
(798, 41, 'language', 'CONSTANT', 'en', 0),
(799, 41, 'email', 'CONSTANT', NULL, 0),
(800, 41, 'session_id', 'VARIABLE', 'session_id', 0),
(801, 41, 'txt1', 'VARIABLE', 'order_id', 0),
(802, 41, 'test_mode', 'CONSTANT', '1', 1),
(803, 41, 'servicesName', 'CONSTANT', NULL, 1),
(804, 41, 'keyword', 'CONSTANT', '!Your secure keyword!', 1),
(805, 41, 'response_ip', 'VARIABLE', '75.125.36.194', 1),
(830, 43, 'pay_to_email', 'CONSTANT', '!enter your email!', 0),
(831, 43, 'return_url', 'VARIABLE', '{site_url}order_final.php', 0),
(832, 43, 'cancel_url', 'VARIABLE', '{site_url}order_info.php', 0),
(833, 43, 'status_url', 'VARIABLE', '{site_url}payments/moneybookers_status.php', 0),
(834, 43, 'secret_word', 'CONSTANT', '!Enter your secret word!', 1),
(835, 43, 'transaction_id', 'VARIABLE', 'order_id', 0),
(836, 43, 'pay_from_email', 'VARIABLE', 'email', 0),
(837, 43, 'amount', 'VARIABLE', 'order_total', 0),
(838, 43, 'currency', 'VARIABLE', 'currency_code', 0),
(839, 43, 'firstname', 'VARIABLE', 'first_name', 0),
(840, 43, 'lastname', 'VARIABLE', 'last_name', 0),
(841, 43, 'address', 'VARIABLE', 'address1', 0),
(842, 43, 'address2', 'VARIABLE', 'address2', 0),
(843, 43, 'phone_number', 'VARIABLE', 'phone', 0),
(844, 43, 'postal_code', 'VARIABLE', 'zip', 0),
(845, 43, 'city', 'VARIABLE', 'city', 0),
(846, 43, 'state', 'VARIABLE', 'state', 0),
(847, 43, 'country', 'VARIABLE', 'country_code_alpha3', 0),
(936, 6, 'sandbox', 'CONSTANT', '0', 1),
(1017, 51, 'USER', 'CONSTANT', '!Your Account User!', 1),
(1018, 51, 'VENDOR', 'CONSTANT', '!Your Account Vendor!', 1),
(1019, 51, 'PARTNER', 'CONSTANT', '!Your Account Partner!', 1),
(1020, 51, 'PWD', 'CONSTANT', '!Your Account Password!', 1),
(1021, 51, 'TENDER', 'CONSTANT', 'P', 0),
(1022, 51, 'TRXTYPE', 'CONSTANT', 'S', 0),
(1023, 51, 'ACTION', 'CONSTANT', 'S', 0),
(1024, 51, 'AMT', 'VARIABLE', 'order_total', 0),
(1025, 51, 'CURRENCY', 'VARIABLE', 'currency_code', 0),
(1026, 51, 'INVNUM', 'VARIABLE', 'order_id', 0),
(1027, 51, 'ORDERDESC', 'VARIABLE', 'basket', 0),
(1028, 51, 'CANCELURL', 'VARIABLE', '{site_url}order_final.php', 0),
(1029, 51, 'RETURNURL', 'VARIABLE', '{site_url}order_final.php', 0),
(1030, 51, 'Advanced_URL', 'CONSTANT', 'https://payflowpro.verisign.com', 1),
(1031, 51, 'PayPal_URL', 'CONSTANT', 'https://www.paypal.com/cgi-bin/webscr?cmd=_express-checkout&token=', 1),
(1032, 6, 'return', 'VARIABLE', '{site_url}order_final.php', 0),
(1033, 6, 'cancel_return', 'VARIABLE', '{site_url}order_final.php?return_action=cancel', 0),
(1182, 61, 'PAYEE_ID', 'CONSTANT', '!Enter your PAYEE_ID!', 0),
(1183, 61, 'SHOPORDERNUMBER', 'VARIABLE', 'order_id', 0),
(1184, 61, 'BILL_AMOUNT', 'VARIABLE', 'order_total', 0),
(1185, 61, 'DESCRIPTION', 'VARIABLE', 'basket', 0),
(1186, 61, 'SUCCESS_URL', 'VARIABLE', '{site_url}order_final.php', 0),
(1187, 61, 'FAILURE_URL', 'VARIABLE', '{site_url}order_final.php', 0),
(1188, 61, 'LANG', 'VARIABLE', 'en', 0),
(1189, 61, 'LOG', 'CONSTANT', '!Enter your LOG!', 1),
(1190, 61, 'PASS', 'CONSTANT', '!Enter your PASS!', 1),
(1191, 61, 'CHECK_URL', 'CONSTANT', 'https://www.portmone.com.ua/secure/bills/results.php', 1),
(1206, 21, 'business', 'CONSTANT', NULL, 1),
(1207, 22, 'business', 'CONSTANT', NULL, 0),
(1208, 63, 'order_id', 'VARIABLE', 'order_id', 0),
(1209, 63, 'vc', 'VARIABLE', 'vc', 0),
(1597, 22, 'Amount', 'VARIABLE', 'order_total_100', 1),
(1598, 22, 'CurrencyCode', 'VARIABLE', 'currency_value', 1),
(1599, 22, 'ProcessorId', 'CONSTANT', '!Your ProcessorId!', 1),
(1600, 22, 'MerchantId', 'CONSTANT', '!Your MerchantId!', 1),
(1601, 22, 'TransactionPwd', 'CONSTANT', '!Your TransactionPwd!', 1),
(1602, 22, 'MAPS_URL', 'CONSTANT', 'https://paypal.cardinalcommerce.com/maps/txns.asp', 1),
(1796, 43, 'payment_methods', 'CONSTANT', 'WLT', 0),
(1797, 43, 'recipient_description', 'CONSTANT', '!Enter your Merchant Name description!', 0),
(1798, 43, 'hide_login', 'CONSTANT', '0', 0),
(1799, 43, 'logo_url', 'VARIABLE', '{site_url}images/logo.png', 0),
(1800, 43, 'merchant_fields', 'CONSTANT', 'platform', 0),
(1801, 43, 'platform', 'CONSTANT', 'viart', 0),
(1802, 92, 'pay_to_email', 'CONSTANT', '!enter your email!', 0),
(1803, 92, 'return_url', 'VARIABLE', '{site_url}order_final.php', 0),
(1804, 92, 'cancel_url', 'VARIABLE', '{site_url}order_info.php', 0),
(1805, 92, 'status_url', 'VARIABLE', '{site_url}payments/moneybookers_status.php', 0),
(1806, 92, 'secret_word', 'CONSTANT', '!Enter your secret word!', 1),
(1807, 92, 'transaction_id', 'VARIABLE', 'order_id', 0),
(1808, 92, 'pay_from_email', 'VARIABLE', 'email', 0),
(1809, 92, 'amount', 'VARIABLE', 'order_total', 0),
(1810, 92, 'currency', 'VARIABLE', 'currency_code', 0),
(1811, 92, 'firstname', 'VARIABLE', 'first_name', 0),
(1812, 92, 'lastname', 'VARIABLE', 'last_name', 0),
(1813, 92, 'address', 'VARIABLE', 'address1', 0),
(1814, 92, 'address2', 'VARIABLE', 'address2', 0),
(1815, 92, 'phone_number', 'VARIABLE', 'phone', 0),
(1816, 92, 'postal_code', 'VARIABLE', 'zip', 0),
(1817, 92, 'city', 'VARIABLE', 'city', 0),
(1818, 92, 'state', 'VARIABLE', 'state', 0),
(1819, 92, 'country', 'VARIABLE', 'country_code_alpha3', 0),
(1820, 92, 'payment_methods', 'CONSTANT', 'ACC', 0),
(1821, 92, 'recipient_description', 'CONSTANT', '!Enter your Merchant Name description!', 0),
(1822, 92, 'hide_login', 'CONSTANT', '1', 0),
(1823, 92, 'logo_url', 'CONSTANT', '{site_url}images/logo.png', 0),
(1824, 92, 'merchant_fields', 'CONSTANT', 'platform', 0),
(1825, 92, 'platform', 'CONSTANT', 'viart', 0),
(1839, 22, 'apply3dsecure', 'CONSTANT', '1', 1),
(1900, 97, 'merchant_login', 'CONSTANT', 'Логин мерчанта', 1),
(1901, 97, 'pay_for', 'VARIABLE', 'order_id', 1),
(1902, 97, 'price', 'VARIABLE', 'order_total', 1),
(1903, 97, 'currency', 'CONSTANT', 'RUR', 1),
(1904, 97, 'url_success', 'VARIABLE', '{site_url}order_final.php', 1),
(1905, 97, 'url_fail', 'VARIABLE', '{site_url}order_final.php', 1),
(1906, 97, 'user_email', 'VARIABLE', 'email', 1),
(1908, 97, 'price_final', 'CONSTANT', 'false', 1),
(1909, 97, 'convert', 'CONSTANT', 'yes', 1),
(1911, 99, 'Q_TXN_ID', 'VARIABLE', 'order_id', 1),
(1912, 99, 'Q_SUMM', 'VARIABLE', 'order_total', 1),
(1913, 99, 'LIFETIME', 'CONSTANT', '7', 1),
(1914, 99, 'Q_CHECK_AGT', 'CONSTANT', 'false', 1),
(1915, 99, 'Q_ALARM', 'CONSTANT', '0', 1),
(1916, 100, 'WMI_MERCHANT_ID', 'CONSTANT', 'Идентификатор мерчанта', 1),
(1917, 100, 'WMI_PAYMENT_NO', 'VARIABLE', 'order_id', 1),
(1918, 100, 'WMI_PAYMENT_AMOUNT', 'VARIABLE', 'order_total', 1),
(1919, 100, 'WMI_CURRENCY_ID', 'CONSTANT', '643', 1),
(1920, 100, 'WMI_PTDISABLED', 'CONSTANT', NULL, 1),
(1953, 104, 'result_url', 'VARIABLE', '{site_url}order_final.php', 0),
(1954, 104, 'server_url', 'VARIABLE', '{site_url}payments/liqpay_response.php', 0),
(1921, 100, 'WMI_PTENABLED', 'CONSTANT', NULL, 1),
(1922, 100, 'WMI_SUCCESS_URL', 'VARIABLE', '{site_url}order_final.php', 1),
(1923, 100, 'WMI_FAIL_URL', 'VARIABLE', '{site_url}order_final.php', 1),
(1924, 100, 'WMI_AUTO_ACCEPT', 'CONSTANT', '1', 1),
(1925, 100, 'ORDER_EXPIRED', 'CONSTANT', '7', 1),
(1926, 100, 'WMI_CULTURE_ID', 'CONSTANT', 'ru-RU', 1),
(1952, 104, 'submit', 'CONSTANT', 'Купить', 0),
(1951, 104, 'order_id', 'VARIABLE', 'order_id', 0),
(1949, 104, 'currency', 'VARIABLE', 'currency_code', 0),
(1948, 104, 'amount', 'VARIABLE', 'order_total', 0),
(1947, 104, 'merchant_id', 'CONSTANT', 'Идентификатор мерчанта', 0),
(1950, 104, 'description', 'VARIABLE', 'order_id', 0),
(1969, 106, 'TestMode', 'CONSTANT', '0', 1),
(1968, 106, 'sIncCurrLabel', 'CONSTANT', 'RUR', 1),
(1966, 106, 'nInvId', 'VARIABLE', 'order_id', 1),
(1967, 106, 'nOutSum', 'VARIABLE', 'order_total', 1),
(1965, 106, 'sMrchLogin', 'CONSTANT', 'Логин мерчанта', 1),
(1939, 103, 'merchant_login', 'CONSTANT', 'Логин мерчанта', 1),
(1940, 103, 'pass', 'CONSTANT', 'Пароль мерчанта', 1),
(1941, 103, 'message', 'VARIABLE', 'Оплата заказа {order_id}', 1),
(1942, 103, 'order_total', 'VARIABLE', 'order_total', 1),
(1943, 103, 'currency_code', 'VARIABLE', 'currency_code', 1),
(1944, 97, 'test', 'CONSTANT', '0', 1),
(1946, 104, 'version', 'CONSTANT', '1.1', 0),
(1955, 105, 'amt', 'VARIABLE', 'order_total', 0),
(1956, 105, 'ccy', 'VARIABLE', 'currency_code', 0),
(1957, 105, 'merchant', 'CONSTANT', 'Идентификатор мерчанта', 0),
(1958, 105, 'order', 'VARIABLE', 'order_id', 0),
(1959, 105, 'details', 'VARIABLE', 'order_id', 0),
(1960, 105, 'ext_details', 'CONSTANT', NULL, 0),
(1961, 105, 'pay_way', 'CONSTANT', 'privat24', 0),
(1962, 105, 'return_url', 'VARIABLE', '{site_url}order_final.php', 0),
(1963, 105, 'server_url', 'VARIABLE', '{site_url}payments/p24_response.php', 0),
(1964, 105, 'submit', 'CONSTANT', 'Оплатить', 0);

CREATE TABLE `va_payment_systems` (
  `payment_id` int(11) NOT NULL AUTO_INCREMENT,
  `payment_order` int(11) DEFAULT '1',
  `payment_name` varchar(255) NOT NULL,
  `user_payment_name` varchar(255) DEFAULT NULL,
  `payment_info` text,
  `payment_notes` text,
  `payment_url` varchar(255) NOT NULL,
  `processing_time` int(11) DEFAULT '0',
  `processing_fee` double(16,2) DEFAULT NULL,
  `fee_type` int(11) DEFAULT '0',
  `fee_min_goods` double(16,2) DEFAULT NULL,
  `fee_max_goods` double(16,2) DEFAULT NULL,
  `submit_method` varchar(4) DEFAULT NULL,
  `recurring_method` int(11) DEFAULT '0',
  `is_advanced` tinyint(4) DEFAULT '0',
  `advanced_url` varchar(255) DEFAULT NULL,
  `advanced_php_lib` varchar(255) DEFAULT NULL,
  `capture_php_lib` varchar(255) DEFAULT NULL,
  `refund_php_lib` varchar(255) DEFAULT NULL,
  `void_php_lib` varchar(255) DEFAULT NULL,
  `success_status_id` int(11) DEFAULT NULL,
  `pending_status_id` int(11) DEFAULT NULL,
  `failure_status_id` int(11) DEFAULT NULL,
  `failure_action` int(11) DEFAULT '0',
  `is_active` tinyint(4) DEFAULT '0',
  `is_default` tinyint(4) DEFAULT '0',
  `is_call_center` tinyint(4) DEFAULT '0',
  `allowed_user_edit` tinyint(4) DEFAULT '0',
  `sites_all` tinyint(4) DEFAULT '1',
  `non_logged_users` tinyint(4) DEFAULT '1',
  `user_types_all` tinyint(4) DEFAULT '1',
  `item_types_all` tinyint(4) DEFAULT '1',
  `currencies_all` tinyint(4) DEFAULT '1',
  `image_small` varchar(255) DEFAULT NULL,
  `image_small_alt` varchar(255) DEFAULT NULL,
  `image_large` varchar(255) DEFAULT NULL,
  `image_large_alt` varchar(255) DEFAULT NULL,
  `fast_checkout_active` tinyint(4) DEFAULT '0',
  `fast_checkout_image` varchar(255) DEFAULT NULL,
  `fast_checkout_width` int(11) DEFAULT NULL,
  `fast_checkout_height` int(11) DEFAULT NULL,
  `fast_checkout_alt` varchar(255) DEFAULT NULL,
  `order_total_min` double(16,2) DEFAULT '0.00',
  `order_total_max` double(16,2) DEFAULT '0.00',
  `countries_all` int(11) DEFAULT '1',
  PRIMARY KEY (`payment_id`)
) ENGINE=MyISAM  DEFAULT CHARSET=utf8 AUTO_INCREMENT=108 ;

INSERT INTO `va_payment_systems` (`payment_id`, `payment_order`, `payment_name`, `user_payment_name`, `payment_info`, `payment_notes`, `payment_url`, `processing_time`, `processing_fee`, `fee_type`, `fee_min_goods`, `fee_max_goods`, `submit_method`, `recurring_method`, `is_advanced`, `advanced_url`, `advanced_php_lib`, `capture_php_lib`, `refund_php_lib`, `void_php_lib`, `success_status_id`, `pending_status_id`, `failure_status_id`, `failure_action`, `is_active`, `is_default`, `is_call_center`, `allowed_user_edit`, `sites_all`, `non_logged_users`, `user_types_all`, `item_types_all`, `currencies_all`, `image_small`, `image_small_alt`, `image_large`, `image_large_alt`, `fast_checkout_active`, `fast_checkout_image`, `fast_checkout_width`, `fast_checkout_height`, `fast_checkout_alt`, `order_total_min`, `order_total_max`, `countries_all`) VALUES
(1, 1, 'Personal', NULL, NULL, 'An example of payment system that does not process payments automatically but may collect credit cards data for offline charging.', 'credit_card_info.php', NULL, NULL, NULL, NULL, NULL, 'GET', 0, 0, NULL, NULL, NULL, NULL, NULL, NULL, NULL, NULL, NULL, 0, 0, 0, 0, 1, 1, 1, 1, NULL, NULL, NULL, NULL, NULL, 0, NULL, NULL, NULL, NULL, NULL, NULL, 1),
(5, 1, '2CheckOut', NULL, NULL, 'Please specify values for parameters ''sid'' and ''secret_word''.\r\n''sid'' - it is your vendor number in system like 340000, \r\n''secret_word'' - must be the same as in your 2CheckOut settings.\r\nFor Return URL you can use following page ''http://www.example.com/order_final.php''.', 'https://www2.2checkout.com/2co/buyer/purchase', NULL, NULL, NULL, NULL, NULL, 'POST', NULL, 0, NULL, NULL, NULL, NULL, NULL, NULL, NULL, NULL, NULL, 0, 0, 0, NULL, 1, 1, 1, 1, NULL, NULL, NULL, NULL, NULL, NULL, NULL, NULL, NULL, NULL, NULL, NULL, 1),
(6, 1, 'PayPal Website Payments Standard', NULL, NULL, 'Please specify your business email address where it says ''your.paypal@example.com'' and specify value for ''at'' (identity token) parameter from your PayPal settings.\r\n\r\nActivating PDT.\r\nTo use PDT, you must activate PDT and Auto Return in your PayPal account profile. You must also acquire a PDT identity token, which is used in all PDT communication you send to PayPal.\r\n \r\nFollow these steps to configure your account for PDT:\r\n1. Log in to your PayPal account. \r\n2. Click the Profile sub tab. \r\n3. Click Website Payment Preferences in the Seller Preferences column. \r\n4. Under Auto Return for Website Payments, click the On radio button. \r\n5. For the Return URL, enter the URL on your site that will receive the transaction ID posted by PayPal after a customer payment as ''http://www.example.com/order_final.php''.\r\n6. Under Payment Data Transfer, click the On radio button. \r\n7. Click Save. \r\n8. Click Website Payment Preferences in the Seller Preferences column. \r\n9. Scroll down to the Payment Data Transfer section of the page to view your PDT identity token, copy it and paste as ''at'' parameter value.\r\n\r\nAlso it''s recommended to turn on PayPal IPN notifications. For this withing you PayPal account please go to ''Profile > Instant Payment Notification Preferences'' and turn on this setting and set ''Notification URL'' as ''http://example.com/payments/paypal_ipn.php''.\r\n\r\nIf you don''t want pass data to PayPal in multi currencies please specify for currency_code parameter preferred currency code like ''USD''.\r\n\r\nFor testing with PayPal SandBox please change ''sandbox'' parameter value to ''1'' and specify ''Payment URL'' as https://www.sandbox.paypal.com/cgi-bin/webscr\r\nand use your sandbox account\r\n\r\nAfter testing with Sandbox please return ''sandbox'' value to ''0'' and specify production ''Payment URL'': https://www.paypal.com/cgi-bin/webscr\r\nand use your live account', 'https://www.paypal.com/cgi-bin/webscr', NULL, NULL, NULL, NULL, NULL, 'POST', 0, 0, NULL, NULL, NULL, NULL, NULL, NULL, NULL, NULL, NULL, 0, 0, 0, 0, 1, 1, 1, 1, NULL, NULL, NULL, NULL, NULL, 0, NULL, NULL, NULL, NULL, NULL, NULL, 1),
(17, 1, 'eGold SCI', NULL, NULL, 'Please specify your account number, name and passpharse in fields below. \r\nIf you want to change currency please use PAYMENT_UNITS parameter (possible values are 1 - USD, 2 - CAD, 85 - EUR, 81 - JPY).', 'https://www.e-gold.com/sci_asp/payments.asp', NULL, NULL, NULL, NULL, NULL, 'POST', 0, 0, NULL, NULL, NULL, NULL, NULL, NULL, NULL, NULL, NULL, 0, 0, 0, NULL, 1, 1, 1, 1, NULL, NULL, NULL, NULL, NULL, NULL, NULL, NULL, NULL, NULL, NULL, NULL, 1),
(21, 1, 'PayPal Express Checkout', NULL, NULL, 'Before proceed with this method you need to request an API Certificate withing your PayPal account from ''My Account > Profile > API Access''.\r\n\r\nOn ''API Access'' page click the link ''Request API Credentials'' and on the new page select ''API SSL client-side certificate'' option and tick off the checkbox to agree to PayPal terms. On the next page you will see API Username and Password details for your account and here you can download your certificate by pressing ''Download Certificate'' button, this SSL certificate should be uploaded to your web server.\r\n\r\nThen please specify you API information like ''Username'', ''Password'' and ''SSLCert'' in the fields below.\r\n\r\nIf you don''t want pass data to PayPal in multi currencies please specify for CurrencyID parameter preferred currency code like ''USD''.\r\n\r\nFor testing with PayPal SandBox please change ''sandbox'' parameter value to ''1'' and specify your developer account user name, password and API certificate. For testing with your real account the sandbox must always be set to 0 to avoid authentication errors.\r\n\r\nIn case you are intend to use PayPal IPN, you will need to specify your business email address for ''business'' parameter.', 'payments/paypal_checkout.php', NULL, NULL, NULL, NULL, NULL, 'GET', 0, 0, NULL, NULL, NULL, NULL, NULL, NULL, NULL, NULL, NULL, 0, 0, 0, 0, 1, 1, 1, 1, NULL, NULL, NULL, NULL, NULL, 1, 'https://www.paypal.com/en_US/i/btn/btn_xpressCheckout.gif', 145, 42, 'PayPal is the safer, easier way to pay.', NULL, NULL, 1),
(22, 1, 'PayPal Website Payments Pro', NULL, NULL, 'Before proceeding with this method or ''PayPal Express Checkout'' you need to request an API Certificate within your PayPal account at ''My Account > Profile > API Access''.\r\n\r\nOn ''API Access'' page click the link ''Request API Credentials'' and on the next page select option ''API SSL client-side certificate'' and tick off the checkbox to agree with PayPal terms. Next you will see API Username and Password details for your account and here you can download your certificate by clicking on ''Download Certificate'' button - this SSL certificate should be uploaded to your web server.\r\n\r\nAfterwords you need to click ''Submit Application'' from ''Merchant Tools > Business Solutions > Website Payment Pro''. (Works only for USA and UK customers).\r\n\r\nWhen you have finished all the steps above please specify your API information i.e. ''Username'', ''Password'' and ''SSLCert'' in the fields below.\r\n\r\nPlease note that Direct Payment API is not a standalone product. You are required to use Direct Payment API and Express Checkout together as part of the Website Payments Pro solution according to PayPal documentation.\r\n\r\nFor testing with PayPal SandBox change ''sandbox'' parameter value from ''0'' to ''1''.\r\n\r\nIn case you intend to use PayPal IPN, you will need to specify your business email address in ''business'' parameter.\r\n\r\nTo use 3d secure check (required for UK merchants to process Maestro credit cards) please fill in these parameters:\r\nProcessorId - the Processor ID you received in the email notification\r\nMerchantId - the Merchant ID you received in the email notification\r\nTransactionPwd - the TransactionPwd you have created in your Profile section.\r\n\r\nTo create a TransactionPwd please do the following steps:\r\nLogin into that profile <https://centineltest.cardinalcommerce.com>\r\n- Select Manage Profile\r\n- Select Update Profile information\r\n- Create a password in the field provided. \r\n- Hit ''Enter'' to save your settings.\r\n\r\nFor test mode use:\r\nMAPS_URL - https://centineltest.cardinalcommerce.com/maps/txns.asp\r\n\r\nfor live mode:\r\nMAPS_URL - https://paypal.cardinalcommerce.com/maps/txns.asp\r\n\r\nIf you are from USA or any other country and don''t want to use 3d secure check please change ''apply3dsecure'' parameter value from ''1'' to ''0''.\r\n\r\nIf you don''t want to pass data to PayPal in multicurrencies, please specify for ''CurrencyID'' parameter preferred currency code like ''USD'', ''EUR''.\r\nNote: if you use 3d secure check please specify for ''CurrencyCode'' parameter preferred currency iso code like ''840'', ''978''.', 'credit_card_info.php', NULL, NULL, NULL, NULL, NULL, 'GET', 0, 1, 'https://api-aa.paypal.com/2.0/', './payments/paypal_direct.php', NULL, NULL, NULL, 4, 6, 10, 1, 0, 0, 0, 0, 1, 1, 1, 1, NULL, NULL, NULL, NULL, NULL, 0, NULL, NULL, NULL, NULL, NULL, NULL, 1),
(32, 1, 'Chronopay', NULL, NULL, 'Please specify values for the following parameters:\r\n\r\n- product_id\r\n- product_name\r\n- cb_url = "{your_site_url}payments/chronopay_confirm.php"\r\n\r\non Chronopay in ''Check Product Info''\r\n(https://clients.chronopay.com/?cat=product&act=view&id=!Enter your product_id!)\r\nplease set ''Access URL'' like ''http://www.your_site.com/order_final.php''\r\n', 'https://secure.chronopay.com/index_shop.cgi', NULL, NULL, NULL, NULL, NULL, 'POST', 0, 0, NULL, NULL, NULL, NULL, NULL, NULL, NULL, NULL, NULL, 0, 0, 0, NULL, 1, 1, 1, 1, NULL, NULL, NULL, NULL, NULL, NULL, NULL, NULL, NULL, NULL, NULL, NULL, 1),
(34, 1, 'Google Checkout API', NULL, NULL, 'Parameters description:\r\n\r\n''action_url'' must be\r\nFor testing purposes: https://sandbox.google.com/checkout/cws/v2/Merchant/[[Your-Merchant-ID]]/checkout\r\nFor production site: https://checkout.google.com/cws/v2/Merchant/[[Your-Merchant-ID]]/checkout\r\nProduction URL example: https://checkout.google.com/cws/v2/Merchant/1234567890/checkout\r\n\r\nFor full Integration you must go to ''Settings, Profile'' in your Google Checkout account\r\nTesting account\r\nhttps://sandbox.google.com/checkout/sell/settings?section=Profile\r\nor live one\r\nhttps://checkout.google.com/sell/settings?section=Profile\r\nand set in field ''Public business website'' your URL to order_final.php \r\nFor example: http://www.your_site.com/order_final.php.\r\n\r\nAlso you have to go to ''Settings, Integration'' and set in field ''API callback URL'' your URL to google_checkout.php\r\nFor example: http://www.your_site.com/payments/google_checkout.php\r\nand set ''Callback method'' to ''XML''.\r\n\r\nTo receive status ''Charged'' for ViArt Shop orders, it is necessary to perform the following step:\r\n1) Specify [./payments/google_charge.php] in the ''Library to Capture Order'';\r\n2) Add the request URL parameter ''request_url'' in the Parameters List.\r\nFor a test account use - https://sandbox.google.com/checkout/api/checkout/v2/request/Merchant/!Your merchant_id!\r\nFor a live account use - https://checkout.google.com/api/checkout/v2/request/Merchant/!Your merchant_id!', './payments/google_process.php', NULL, NULL, NULL, NULL, NULL, 'GET', 0, 0, NULL, NULL, NULL, NULL, NULL, 4, 6, 10, 1, 0, 0, 0, NULL, 1, 1, 1, 1, NULL, NULL, NULL, NULL, NULL, 1, 'http://checkout.google.com/buttons/checkout.gif?merchant_id={merchant_id}&w=160&h=43&style=white&variant=text&loc=en_US', 160, 43, 'Google Checkout', NULL, NULL, 1),
(41, 1, 'Cashu', NULL, NULL, 'Please specify values for the following parameters:\r\n- merchant_id\r\n- keyword\r\n\r\nOn your Cashu merchant account (https://www.cashu.com/Merchants/index?lang=en) in ''Encryption Information''\r\nPlease set ''thnx_url'' like ''http://www.your_site.com/payments/cashu_confirm.php''\r\n\r\nUse ''servicesName'' if you use multiple services.\r\nAnd on your Cashu merchant account in ''Encryption Information'' please set ''thanks_url'' like ''http://www.your_site.com/payments/cashu_confirm.php''\r\n\r\n''email'' - Email address for the user if this is needed by the merchant.\r\n\r\n''test_mode'' - This parameter is used only for testing purposes.\r\n\r\nParameters ''action_url'', ''keyword'' and ''response_ip'' always is ''Not Passed''!', './payments/cashu_process.php', NULL, NULL, NULL, NULL, NULL, 'GET', 0, 0, NULL, NULL, NULL, NULL, NULL, NULL, NULL, NULL, NULL, 0, 0, 0, NULL, 1, 1, 1, 1, NULL, NULL, NULL, NULL, NULL, NULL, NULL, NULL, NULL, NULL, NULL, NULL, 1),
(43, 1, 'Moneybookers e-wallet', NULL, NULL, 'Required fields:\r\n\r\npay_to_email - Email address of the merchantРІР‚в„ўs moneybookers.com account\r\n\r\nsecret_word (required for moneybookers_status.php)\r\nThe secret word MUST be submitted in the РІР‚?Merchant ToolsРІР‚в„ў section in lowercase before the md5sig can be used. If you insert any uppercase symbols, they will automatically be converted to lower case. The only restriction on your secret word is the length which must not exceed 10 characters. Non-alphanumeric symbols can be used. If the РІР‚в„ўMerchant ToolsРІР‚в„ў section is not shown in your account, please contact merchantservices@moneybookers.com\r\n------------------------------------------------------------------------------------------------------\r\nOther fields:\r\n\r\nconfirmation_note\r\nMerchant may show to the customer on the confirmation screen - the end step of the\r\nprocess - a note, confirmation number, PIN or any other message. Line breaks <br> may be used for longer messages.\r\n\r\nreturn_url\r\nURL to which the customer will be returned when the payment is made. If this field is not filled, the merchant gateway window will simply close automatically at the end of the transaction, so that the customer will be returned to the last page on the merchant''s website where he has been before. A secure return_url functionality is available.\r\n\r\ncancel_url\r\nURL to which the customer will be returned if the payment process is cancelled. If this field is not filled, the merchant gateway window will simply close automatically upon clicking the cancellation button, so the customer will be\r\nreturned to the last page on the merchant''s website where the customer has been before.\r\n\r\nstatus_url\r\nURL to which the transaction details will posted after the payment process is complete.\r\nAlternatively, you may specify an email to which you would like to receive the If the status_url is omitted, no transaction details will be sent to the merchant.\r\nCould be email like  EMAIL_TO_RECEIVE_PAYMENT_NOTIFICATION@MERCHANT.COM\r\nrecipient_description\r\nMerchant Name this replaces merchant email address on the gateway\r\n\r\nlogo_url\r\nprovides a co-branded gateway ideally the image should be stored on a secure server to avoid a security warning which comes up on some browsers\r\n\r\nhide_login\r\nthis hides the Moneybookers login screen on the right hand side, should be done for all options apart from e-wallet\r\n\r\npayment_methods\r\nACC - for credit & debit cards\r\nWLT - for the e-wallet\r\nread more information in documentation', 'https://www.moneybookers.com/app/payment.pl', NULL, NULL, NULL, NULL, NULL, 'POST', 0, 0, NULL, NULL, NULL, NULL, NULL, 4, 6, 10, NULL, 0, 0, 0, 0, 1, 1, 1, 1, NULL, 'http://www.moneybookers.com/images/logos/checkout_logos/checkout_120x40px.gif', NULL, 'http://www.moneybookers.com/images/logos/checkout_logos/checkout_180x60px.gif', NULL, 0, NULL, NULL, NULL, NULL, NULL, NULL, 1),
(51, 1, 'PayFlow Pro Express', NULL, NULL, 'Please specify values for parameters ''USER'', ''VENDOR'', ''PARTNER'' and ''PWD''.\r\n\r\nAdvanced_URL:\r\nlive: ''https://payflowpro.verisign.com''\r\ntest: ''https://pilot-payflowpro.verisign.com''\r\n\r\nPayPal_URL:\r\nlive: ''https://www.paypal.com/cgi-bin/webscr?cmd=_express-checkout&token=''\r\ntest: ''https://www.sandbox.paypal.com/cgi-bin/webscr?cmd=_express-checkout&token=''\r\n\r\n''TENDER'': P - Express Checkout using PayPal account\r\n''TRXTYPE'': S - Sale\r\n''ACTION'': S - Sale, D\r\n\r\n', './payments/paypal_payflow_pro_express.php', NULL, NULL, NULL, NULL, NULL, 'GET', 0, 0, NULL, NULL, NULL, NULL, NULL, NULL, NULL, NULL, NULL, 0, 0, 0, NULL, 1, 1, 1, 1, NULL, NULL, NULL, NULL, NULL, NULL, NULL, NULL, NULL, NULL, NULL, NULL, 1),
(61, 1, 'Portmone', NULL, NULL, 'Please specify this parameters:\r\nPAYEE_ID:  Id shop. Assigns Portmone.com each store individually \r\nLOG:  Login for online store. Assigns Portmone.com each store individually \r\nPASS: The password for Internet shop. Assigns Portmone.com each store individually \r\nLANG: en - English, ru - Russian, uk - Ukrainian\r\n\r\nPayment URL:\r\nlive -\r\nhttps://www.portmone.com.ua/secure/gate/pay.php\r\ntest -\r\nhttps://www.portmone.com.ua/3dsecure/index.php\r\nhttps://www.portmone.com.ua/3dtest/index.php\r\n\r\nCHECK_URL:\r\nlive -\r\nhttps://www.portmone.com.ua/secure/bills/results.php \r\ntest -\r\nhttps://www.portmone.com.ua/3dsecure/result.php\r\nhttps://www.portmone.com.ua/3dtest/result.php', 'https://www.portmone.com.ua/secure/gate/pay.php', NULL, NULL, NULL, NULL, NULL, 'POST', NULL, 0, NULL, NULL, NULL, NULL, NULL, NULL, NULL, NULL, NULL, 0, 0, 0, NULL, 1, 1, 1, 1, NULL, NULL, NULL, NULL, NULL, 0, NULL, NULL, NULL, NULL, NULL, NULL, 1),
(63, 1, 'Оплата по безналичному расчету. Выписать счет-фактуру.', NULL, NULL, 'При выборе данного метода оплаты после оформления заказа формируется счет-фактура.  Пользователь может скачать счет-фактуру в Личном кабинете. До момента оплаты заказ сохраняется в статусе Заказ в обработке. ', 'order_confirmation.php', NULL, NULL, NULL, NULL, NULL, 'GET', NULL, 0, NULL, NULL, NULL, NULL, NULL, NULL, NULL, NULL, NULL, 1, 0, 0, 0, 1, 1, 1, 1, NULL, NULL, NULL, NULL, NULL, 0, NULL, NULL, NULL, NULL, NULL, NULL, 1),
(92, 1, 'Moneybookers Quick Checkout', 'Pay securely by credit / debit card', NULL, 'Required fields:\r\n\r\npay_to_email - Email address of the merchantРІР‚в„ўs moneybookers.com account\r\n\r\nsecret_word (required for moneybookers_status.php)\r\nThe secret word MUST be submitted in the РІР‚?Merchant ToolsРІР‚в„ў section in lowercase before the md5sig can be used. If you insert any uppercase symbols, they will automatically be converted to lower case. The only restriction on your secret word is the length which must not exceed 10 characters. Non-alphanumeric symbols can be used. If the РІР‚в„ўMerchant ToolsРІР‚в„ў section is not shown in your account, please contact merchantservices@moneybookers.com\r\n------------------------------------------------------------------------------------------------------\r\nOther fields:\r\n\r\nconfirmation_note\r\nMerchant may show to the customer on the confirmation screen - the end step of the\r\nprocess - a note, confirmation number, PIN or any other message. Line breaks <br> may be used for longer messages.\r\n\r\nreturn_url\r\nURL to which the customer will be returned when the payment is made. If this field is not filled, the merchant gateway window will simply close automatically at the end of the transaction, so that the customer will be returned to the last page on the merchant''s website where he has been before. A secure return_url functionality is available.\r\n\r\ncancel_url\r\nURL to which the customer will be returned if the payment process is cancelled. If this field is not filled, the merchant gateway window will simply close automatically upon clicking the cancellation button, so the customer will be\r\nreturned to the last page on the merchant''s website where the customer has been before.\r\n\r\nstatus_url\r\nURL to which the transaction details will posted after the payment process is complete.\r\nAlternatively, you may specify an email to which you would like to receive the If the status_url is omitted, no transaction details will be sent to the merchant.\r\nCould be email like  EMAIL_TO_RECEIVE_PAYMENT_NOTIFICATION@MERCHANT.COM\r\n\r\nrecipient_description\r\nMerchant Name this replaces merchant email address on the gateway\r\n\r\nlogo_url\r\nprovides a co-branded gateway ideally the image should be stored on a secure server to avoid a security warning which comes up on some browsers\r\n\r\nhide_login\r\nthis hides the Moneybookers login screen on the right hand side, should be done for all options apart from e-wallet\r\n\r\npayment_methods\r\nACC - for credit & debit cards\r\nWLT - for the e-wallet\r\nread more information in documentation\r\n\r\nPay securely by credit / debit card', 'https://www.moneybookers.com/app/payment.pl', 0, NULL, NULL, NULL, NULL, 'POST', 0, 0, NULL, NULL, NULL, NULL, NULL, 4, 6, 10, 0, 0, 0, 0, 0, 1, 1, 1, 1, 1, 'http://www.moneybookers.com/images/logos/checkout_logos/checkout_120x40px.gif', NULL, 'http://www.moneybookers.com/images/logos/checkout_logos/checkout_180x60px.gif', NULL, 1, NULL, NULL, NULL, NULL, 0.00, 0.00, 1),
(94, 1, 'Наличными курьеру', 'Наличными курьеру', NULL, NULL, 'order_final.php', NULL, NULL, NULL, NULL, NULL, 'GET', NULL, 0, NULL, NULL, NULL, NULL, NULL, 1, NULL, 12, NULL, 1, 1, 1, 0, 1, 1, 1, 1, 1, 'images/payments/small/courier.png', 'Оплата наличными курьеру.', NULL, NULL, 0, 'images/payments/small/courier.png', NULL, NULL, NULL, NULL, NULL, 1),
(97, 1, 'OnPay', NULL, NULL, 'Настройка платежной системы:\r\n=====================\r\n\r\nВ файл payments/onpay_admin.php вписываем секретный ключ.\r\n\r\n• price_final - комиссию платежной системы взимать с продавца.\r\n• convert - принудительная конвертация платежей в валюту ценника.\r\n• test - 0 - используется валюта currency, 1 - тестовая валюта TST.\r\n\r\n\r\nНастройки OnPay.ru:\r\n==============\r\n\r\n• Уведомлять по API - Да\r\n• Метод отправки запросов в API - POST\r\n• URL API - http://mysite.ru/payments/onpay_response.php\r\n• Обязательно использовать подпись MD5 для проверки… - Да\r\n• Пароль для API (secret_key) - Должно быть заполнено', './payments/onpay_process.php', NULL, NULL, NULL, NULL, NULL, 'POST', 0, 0, NULL, NULL, NULL, NULL, NULL, 4, 6, NULL, 0, 1, 0, 0, 0, 1, 1, 1, 1, 1, 'images/payments/small/onpay.jpg', 'Платежная система Onpay', NULL, NULL, 0, 'images/payments/small/onpay.jpg', NULL, NULL, NULL, NULL, NULL, 1),
(99, 1, 'QIWI', NULL, NULL, 'Настройка платежной системы:\r\n=====================\r\n\r\nВ файл payments/qiwi_admin.php вписываем логин и пароль.\r\n\r\n• LIFETIME - время действия счета в сутках (не более 45).\r\n• Q_CHECK_AGT - выставлять незарегистрированному пользователю.\r\n• Q_ALARM - уведомлять пользователя о выставленном счете.\r\n\r\n\r\nНастройки qiwi.ru:\r\n============\r\n\r\n• Адрес сайта вашего магазина - http://mysite.ru\r\n• URL для отправки в случае успешной оплаты счёта - http://mysite.ru/user_orders.php\r\n• URL для отправки в случае ошибки - http://mysite.ru/user_orders.php\r\n• SOAP-протокол - включен', './payments/qiwi_process.php', NULL, NULL, NULL, NULL, NULL, 'POST', 0, 0, NULL, NULL, NULL, NULL, NULL, 4, 6, NULL, 0, 1, 0, 0, 0, 1, 1, 1, 1, 1, 'images/payments/small/qiwi.jpg', 'Платежная система Qiwi', NULL, NULL, 0, 'images/payments/small/qiwi.jpg', NULL, NULL, 'Платежная система Qiwi', NULL, NULL, 1),
(100, 1, 'W1 Единый кошелек', NULL, NULL, 'Настройка платежной системы:\r\n=====================\r\n\r\nВ файл payments/w1_admin.php вписываем секретный ключ.\r\n\r\n• WMI_AUTO_ACCEPT - 1 - зачислять платеж автоматически, 0 - нет.\r\n• ORDER_EXPIRED - срок оплаты заказы (календарные дни).\r\n• WMI_PTENABLED - разрешить оплату заказа определенным способом. Перечисление через запятую.\r\n• WMI_PTDISABLED - запретить оплату заказа определенным способом. Перечисление через запятую.\r\n\r\n\r\nНастройки w1.ru:\r\n============\r\n\r\n• Адрес сайта - http://mysite.ru/\r\n• Адрес для оповещений - http://mysite.ru/payments/w1_response.php\r\n• Тип подписи - MD5', './payments/w1_process.php', NULL, NULL, NULL, NULL, NULL, 'POST', 0, 0, NULL, NULL, NULL, NULL, NULL, 4, 6, NULL, 0, 1, 0, 0, 0, 1, 1, 1, 1, 1, 'images/payments/small/w1.jpg', 'W1 Единый кошелек', NULL, NULL, 0, 'images/payments/small/w1.jpg', NULL, NULL, 'W1 Единый кошелек', NULL, NULL, 1),
(106, 1, 'Робокасса', NULL, NULL, 'Настройка платежной системы:\r\n=====================\r\n\r\nВ файл payments/robokassa_admin.php вписываем пароли мерчанта.\r\n\r\n• TestMode - 0 - реальная работа, 1 - тестирование\r\n\r\n\r\nНастройки robokassa.ru:\r\n================\r\n\r\nResult URL: http://mysite.ru/payments/robokassa_response.php\r\nМетод отсылки данных по Result URL: POST\r\n\r\nSuccess URL:http://mysite.ru/order_final.php\r\nМетод отсылки данных по Success URL: POST\r\n\r\nFail URL: http://mysite.ru/order_final.php\r\nМетод отсылки данных по Fail URL: POST', './payments/robokassa_process.php', NULL, NULL, NULL, NULL, NULL, 'POST', 0, 0, NULL, NULL, NULL, NULL, NULL, 4, 6, NULL, 0, 1, 0, 0, 0, 1, 1, 1, 1, 1, 'images/payments/small/robokassa.jpg', 'Робокасса', NULL, NULL, 0, 'images/payments/small/robokassa.jpg', NULL, NULL, 'Робокасса', NULL, NULL, 1),
(105, 1, 'Privat24', NULL, NULL, 'Настройка платежной системы:\r\n=====================\r\n\r\nВ файл payments/p24_admin.php вписываем пароль мерчанта.', 'https://api.privatbank.ua:9083/p24api/ishop', NULL, NULL, NULL, NULL, NULL, 'POST', NULL, 0, NULL, NULL, NULL, NULL, NULL, 4, 6, 6, NULL, 1, 0, 0, 0, 1, 1, 1, 1, 1, 'images/payments/small/pivatbank.jpg', 'Privat24', NULL, NULL, 0, 'images/payments/small/pivatbank.jpg', NULL, NULL, 'Privat24', NULL, NULL, 1),
(103, 1, 'Webmoney', NULL, NULL, 'Настройки webmoney:\r\n===============\r\n\r\n• Result URL: http://mysite.ru/payments/webmoney_check_ipn.php\r\n• Метод отсылки данных по Result URL: POST\r\n\r\n• Success URL: http://mysite.ru/order_final.php\r\n• Метод отсылки данных по Success URL: POST\r\n\r\n• Fail URL: http://mysite.ru/order_final.php\r\n• Метод отсылки данных по Fail URL: POST', './payments/webmoney_process.php', NULL, NULL, NULL, NULL, NULL, 'POST', 0, 0, NULL, NULL, NULL, NULL, NULL, 4, 6, NULL, 0, 1, 0, 0, 0, 1, 1, 1, 1, 1, 'images/payments/small/webmoney.jpg', 'Webmoney', NULL, NULL, 0, 'images/payments/small/webmoney.jpg', NULL, NULL, 'Webmoney', NULL, NULL, 1),
(104, 1, 'LiqPay', NULL, NULL, 'Настройка платежной системы:\r\n=====================\r\n\r\nВ файл payments/liqpay_admin.php вписываем пароль мерчанта.', 'https://liqpay.com/?do=clickNbuy', NULL, NULL, NULL, NULL, NULL, 'POST', NULL, 0, NULL, NULL, NULL, NULL, NULL, 4, 6, 6, NULL, 1, 0, 0, 0, 1, 1, 1, 1, 1, 'images/payments/small/liqpay.jpg', 'LiqPay', NULL, NULL, 0, 'images/payments/small/liqpay.jpg', NULL, NULL, 'LiqPay', NULL, NULL, 1),
(107, 2, 'Квитанция СберБанка РФ', 'Квитанция СберБанка РФ', NULL, NULL, 'order_final.php', NULL, NULL, NULL, NULL, NULL, 'GET', NULL, 0, NULL, NULL, NULL, NULL, NULL, NULL, NULL, NULL, NULL, 1, 0, 0, 0, 1, 1, 1, 1, 1, 'images/payments/small/sberbank.jpg', 'СберБанк', NULL, NULL, 0, 'images/payments/small/sberbank.jpg', NULL, NULL, 'СберБанк', NULL, NULL, 1);

CREATE TABLE `va_payment_systems_sites` (
  `payment_id` int(11) NOT NULL DEFAULT '0',
  `site_id` int(11) NOT NULL DEFAULT '0',
  PRIMARY KEY (`payment_id`,`site_id`)
) ENGINE=MyISAM DEFAULT CHARSET=utf8;


CREATE TABLE `va_payment_user_types` (
  `payment_id` int(11) DEFAULT '0',
  `user_type_id` int(11) DEFAULT '0',
  KEY `payment_id` (`payment_id`),
  KEY `user_type_id` (`user_type_id`)
) ENGINE=MyISAM DEFAULT CHARSET=utf8;


CREATE TABLE `va_polls` (
  `poll_id` int(11) NOT NULL AUTO_INCREMENT,
  `poll_type` int(11) NOT NULL DEFAULT '1',
  `question` text NOT NULL,
  `is_active` tinyint(4) NOT NULL DEFAULT '0',
  `date_added` datetime NOT NULL,
  `total_votes` int(11) DEFAULT '0',
  PRIMARY KEY (`poll_id`)
) ENGINE=MyISAM DEFAULT CHARSET=utf8 AUTO_INCREMENT=1 ;


CREATE TABLE `va_polls_options` (
  `poll_option_id` int(11) NOT NULL AUTO_INCREMENT,
  `poll_id` int(11) NOT NULL DEFAULT '0',
  `option_description` text NOT NULL,
  `is_default_value` tinyint(4) DEFAULT '0',
  PRIMARY KEY (`poll_option_id`),
  KEY `poll_id` (`poll_id`)
) ENGINE=MyISAM DEFAULT CHARSET=utf8 AUTO_INCREMENT=1 ;


CREATE TABLE `va_polls_votes` (
  `poll_id` int(11) NOT NULL DEFAULT '0',
  `poll_option_id` int(11) NOT NULL DEFAULT '0',
  `remote_address` varchar(32) NOT NULL,
  `date_added` datetime NOT NULL,
  KEY `poll_id` (`poll_id`),
  KEY `poll_option_id` (`poll_option_id`),
  KEY `remote_address` (`remote_address`)
) ENGINE=MyISAM DEFAULT CHARSET=utf8;


CREATE TABLE `va_prices` (
  `price_id` int(11) NOT NULL AUTO_INCREMENT,
  `price_title` varchar(64) DEFAULT NULL,
  `price_amount` double(16,2) DEFAULT '0.00',
  `price_description` text,
  PRIMARY KEY (`price_id`)
) ENGINE=MyISAM DEFAULT CHARSET=utf8 AUTO_INCREMENT=1 ;


CREATE TABLE `va_quotes` (
  `quote_id` int(11) NOT NULL AUTO_INCREMENT,
  `support_id` int(11) DEFAULT '0',
  `user_id` int(11) DEFAULT '0',
  `user_name` varchar(255) DEFAULT NULL,
  `user_email` varchar(255) DEFAULT NULL,
  `quote_price` double(16,2) DEFAULT '0.00',
  `quote_status_id` int(11) DEFAULT '0',
  `is_paid` tinyint(4) DEFAULT '0',
  `minutes_spent` int(11) DEFAULT '0',
  `date_due` datetime DEFAULT NULL,
  `summary` varchar(255) DEFAULT NULL,
  `description` text,
  `admin_id_added_by` int(11) DEFAULT '0',
  `admin_id_modified_by` int(11) DEFAULT '0',
  `date_added` datetime DEFAULT NULL,
  `date_modified` datetime DEFAULT NULL,
  PRIMARY KEY (`quote_id`),
  KEY `support_id` (`support_id`),
  KEY `user_id` (`user_id`),
  KEY `quote_status_id` (`quote_status_id`),
  KEY `is_paid` (`is_paid`)
) ENGINE=MyISAM DEFAULT CHARSET=utf8 AUTO_INCREMENT=1 ;


CREATE TABLE `va_quotes_events` (
  `event_id` int(11) NOT NULL AUTO_INCREMENT,
  `quote_id` int(11) DEFAULT '0',
  `feature_id` int(11) DEFAULT '0',
  `admin_id` int(11) DEFAULT '0',
  `status_id_old` int(11) DEFAULT '0',
  `status_id_new` int(11) DEFAULT '0',
  `event_date` datetime DEFAULT NULL,
  `event_name` varchar(255) DEFAULT NULL,
  `event_description` text,
  PRIMARY KEY (`event_id`),
  KEY `quote_id` (`quote_id`),
  KEY `feature_id` (`feature_id`),
  KEY `admin_id` (`admin_id`)
) ENGINE=MyISAM DEFAULT CHARSET=utf8 AUTO_INCREMENT=1 ;


CREATE TABLE `va_quotes_features` (
  `feature_id` int(11) NOT NULL AUTO_INCREMENT,
  `quote_id` int(11) DEFAULT '0',
  `feature_description` text,
  `feature_price` double(16,2) DEFAULT '0.00',
  `feature_status_id` int(11) DEFAULT '0',
  `feature_paid` int(11) DEFAULT '0',
  `minutes_spent` int(11) DEFAULT '0',
  `date_due` datetime DEFAULT NULL,
  `admin_id_added_by` int(11) DEFAULT '0',
  `admin_id_modified_by` int(11) DEFAULT '0',
  `date_added` datetime DEFAULT NULL,
  `date_modified` datetime DEFAULT NULL,
  PRIMARY KEY (`feature_id`),
  KEY `quote_id` (`quote_id`),
  KEY `feature_status_id` (`feature_status_id`),
  KEY `feature_paid` (`feature_paid`)
) ENGINE=MyISAM DEFAULT CHARSET=utf8 AUTO_INCREMENT=1 ;


CREATE TABLE `va_quotes_orders` (
  `quote_order_id` int(11) NOT NULL AUTO_INCREMENT,
  `quote_id` int(11) DEFAULT '0',
  `feature_id` int(11) DEFAULT '0',
  `order_id` int(11) DEFAULT '0',
  `order_item_id` int(11) DEFAULT '0',
  PRIMARY KEY (`quote_order_id`),
  KEY `quote_id` (`quote_id`),
  KEY `feature_id` (`feature_id`),
  KEY `order_id` (`order_id`),
  KEY `order_item_id` (`order_item_id`)
) ENGINE=MyISAM DEFAULT CHARSET=utf8 AUTO_INCREMENT=1 ;


CREATE TABLE `va_quotes_statuses` (
  `status_id` int(11) NOT NULL AUTO_INCREMENT,
  `status_name` varchar(255) DEFAULT NULL,
  `status_icon` varchar(255) DEFAULT NULL,
  `html_start` varchar(255) DEFAULT NULL,
  `html_end` varchar(255) DEFAULT NULL,
  `notes` text,
  PRIMARY KEY (`status_id`)
) ENGINE=MyISAM  DEFAULT CHARSET=utf8 AUTO_INCREMENT=5 ;

INSERT INTO `va_quotes_statuses` (`status_id`, `status_name`, `status_icon`, `html_start`, `html_end`, `notes`) VALUES
(1, 'Новый', NULL, NULL, NULL, NULL),
(2, 'Принятый', NULL, NULL, NULL, NULL),
(3, 'Оплаченный', NULL, NULL, NULL, NULL),
(4, 'В разработке', NULL, NULL, NULL, NULL);

CREATE TABLE `va_registration_categories` (
  `category_id` int(11) NOT NULL AUTO_INCREMENT,
  `parent_category_id` int(11) DEFAULT '0',
  `category_order` int(11) DEFAULT '1',
  `category_path` varchar(255) DEFAULT NULL,
  `category_name` varchar(255) DEFAULT NULL,
  `show_for_user` tinyint(4) NOT NULL DEFAULT '1',
  `admin_id_added_by` int(11) DEFAULT '0',
  `admin_id_modified_by` int(11) DEFAULT '0',
  `date_added` datetime DEFAULT NULL,
  `date_modified` datetime DEFAULT NULL,
  PRIMARY KEY (`category_id`),
  KEY `parent_category_id` (`parent_category_id`),
  KEY `category_order` (`category_order`),
  KEY `category_path` (`category_path`),
  KEY `show_for_user` (`show_for_user`)
) ENGINE=MyISAM  DEFAULT CHARSET=utf8 AUTO_INCREMENT=2 ;

INSERT INTO `va_registration_categories` (`category_id`, `parent_category_id`, `category_order`, `category_path`, `category_name`, `show_for_user`, `admin_id_added_by`, `admin_id_modified_by`, `date_added`, `date_modified`) VALUES
(1, 0, 1, '0,', 'Ноутбуки', 1, 1, 1, '2011-10-02 17:53:26', '2012-10-27 19:05:13');

CREATE TABLE `va_registration_custom_properties` (
  `property_id` int(11) NOT NULL AUTO_INCREMENT,
  `site_id` int(11) DEFAULT '1',
  `property_order` int(11) DEFAULT '0',
  `property_name` varchar(255) DEFAULT NULL,
  `property_description` text,
  `default_value` text,
  `property_style` varchar(255) DEFAULT NULL,
  `section_id` int(11) DEFAULT '0',
  `property_show` tinyint(4) DEFAULT '0',
  `control_type` varchar(16) DEFAULT NULL,
  `control_style` varchar(255) DEFAULT NULL,
  `control_code` text,
  `onchange_code` text,
  `onclick_code` text,
  `required` tinyint(4) DEFAULT '0',
  `before_name_html` text,
  `after_name_html` text,
  `before_control_html` text,
  `after_control_html` text,
  `validation_regexp` text,
  `regexp_error` text,
  `options_values_sql` text,
  PRIMARY KEY (`property_id`),
  KEY `site_id` (`site_id`)
) ENGINE=MyISAM DEFAULT CHARSET=utf8 AUTO_INCREMENT=1 ;


CREATE TABLE `va_registration_custom_values` (
  `property_value_id` int(11) NOT NULL AUTO_INCREMENT,
  `property_id` int(11) DEFAULT '0',
  `property_value` varchar(255) DEFAULT NULL,
  `hide_value` tinyint(4) DEFAULT '0',
  `is_default_value` tinyint(4) DEFAULT '0',
  PRIMARY KEY (`property_value_id`),
  KEY `property_id` (`property_id`)
) ENGINE=MyISAM DEFAULT CHARSET=utf8 AUTO_INCREMENT=1 ;


CREATE TABLE `va_registration_items` (
  `item_id` int(11) NOT NULL AUTO_INCREMENT,
  `item_code` varchar(64) DEFAULT NULL,
  `item_name` varchar(255) DEFAULT NULL,
  `item_order` int(11) DEFAULT '1',
  `show_for_user` tinyint(4) DEFAULT '1',
  `admin_id_added_by` int(11) DEFAULT '0',
  `admin_id_modified_by` int(11) DEFAULT '0',
  `date_added` datetime DEFAULT NULL,
  `date_modified` datetime DEFAULT NULL,
  PRIMARY KEY (`item_id`),
  KEY `item_code` (`item_code`),
  KEY `item_order` (`item_order`)
) ENGINE=MyISAM DEFAULT CHARSET=utf8 AUTO_INCREMENT=1 ;


CREATE TABLE `va_registration_items_assigned` (
  `item_id` int(11) NOT NULL DEFAULT '0',
  `category_id` int(11) NOT NULL DEFAULT '0',
  PRIMARY KEY (`item_id`,`category_id`)
) ENGINE=MyISAM DEFAULT CHARSET=utf8;

INSERT INTO `va_registration_items_assigned` (`item_id`, `category_id`) VALUES
(1, 1);

CREATE TABLE `va_registration_list` (
  `registration_id` int(11) NOT NULL AUTO_INCREMENT,
  `user_id` int(11) DEFAULT '0',
  `is_approved` tinyint(4) DEFAULT '0',
  `category_id` int(11) DEFAULT '0',
  `item_id` int(11) DEFAULT '0',
  `item_code` varchar(64) DEFAULT NULL,
  `item_name` varchar(255) DEFAULT NULL,
  `serial_number` varchar(128) DEFAULT NULL,
  `invoice_number` varchar(128) DEFAULT NULL,
  `store_name` varchar(128) DEFAULT NULL,
  `purchased_day` tinyint(4) DEFAULT '0',
  `purchased_month` tinyint(4) DEFAULT '0',
  `purchased_year` int(11) DEFAULT '0',
  `admin_id_added_by` int(11) DEFAULT '0',
  `admin_id_modified_by` int(11) DEFAULT '0',
  `date_added` datetime DEFAULT NULL,
  `date_modified` datetime DEFAULT NULL,
  PRIMARY KEY (`registration_id`),
  KEY `user_id` (`user_id`),
  KEY `category_id` (`category_id`),
  KEY `item_id` (`item_id`),
  KEY `item_code` (`item_code`),
  KEY `serial_number` (`serial_number`),
  KEY `invoice_number` (`invoice_number`),
  KEY `purchased_day` (`purchased_day`),
  KEY `purchased_month` (`purchased_month`),
  KEY `purchased_year` (`purchased_year`)
) ENGINE=MyISAM  DEFAULT CHARSET=utf8 AUTO_INCREMENT=3 ;

INSERT INTO `va_registration_list` (`registration_id`, `user_id`, `is_approved`, `category_id`, `item_id`, `item_code`, `item_name`, `serial_number`, `invoice_number`, `store_name`, `purchased_day`, `purchased_month`, `purchased_year`, `admin_id_added_by`, `admin_id_modified_by`, `date_added`, `date_modified`) VALUES
(2, 2, 1, 0, 0, NULL, NULL, NULL, NULL, NULL, 0, 0, 0, 0, 0, '2012-11-14 23:24:25', '2012-11-14 23:24:25'),
(1, 2, 1, 1, 0, NULL, NULL, NULL, NULL, NULL, 0, 0, 0, 0, 0, '2012-11-14 23:24:22', '2012-11-14 23:24:22');

CREATE TABLE `va_registration_properties` (
  `registration_property_id` int(11) NOT NULL AUTO_INCREMENT,
  `registration_id` int(11) DEFAULT '0',
  `property_id` int(11) DEFAULT '0',
  `property_value` text,
  PRIMARY KEY (`registration_property_id`),
  KEY `registration_id` (`registration_id`),
  KEY `property_id` (`property_id`)
) ENGINE=MyISAM DEFAULT CHARSET=utf8 AUTO_INCREMENT=1 ;


CREATE TABLE `va_releases` (
  `release_id` int(11) NOT NULL AUTO_INCREMENT,
  `item_id` int(11) NOT NULL DEFAULT '0',
  `release_type_id` int(11) NOT NULL DEFAULT '0',
  `release_date` datetime NOT NULL,
  `release_title` varchar(255) NOT NULL,
  `version` varchar(32) DEFAULT NULL,
  `release_desc` text,
  `download_type` int(11) NOT NULL DEFAULT '0',
  `path_to_file` varchar(255) DEFAULT NULL,
  `is_showing` tinyint(4) NOT NULL DEFAULT '1',
  `show_on_index` tinyint(4) NOT NULL DEFAULT '0',
  PRIMARY KEY (`release_id`),
  KEY `item_id` (`item_id`)
) ENGINE=MyISAM DEFAULT CHARSET=utf8 AUTO_INCREMENT=1 ;


CREATE TABLE `va_release_changes` (
  `change_id` int(11) NOT NULL AUTO_INCREMENT,
  `release_id` int(11) NOT NULL DEFAULT '0',
  `change_type_id` int(11) NOT NULL DEFAULT '0',
  `change_date` datetime NOT NULL,
  `change_desc` text,
  `is_showing` tinyint(4) NOT NULL DEFAULT '1',
  PRIMARY KEY (`change_id`),
  KEY `release_id` (`release_id`)
) ENGINE=MyISAM DEFAULT CHARSET=utf8 AUTO_INCREMENT=1 ;


CREATE TABLE `va_release_types` (
  `type_id` int(11) NOT NULL AUTO_INCREMENT,
  `type_name` varchar(255) NOT NULL,
  PRIMARY KEY (`type_id`)
) ENGINE=MyISAM  DEFAULT CHARSET=utf8 AUTO_INCREMENT=4 ;

INSERT INTO `va_release_types` (`type_id`, `type_name`) VALUES
(1, 'Апгрейд'),
(3, 'Новая версия');

CREATE TABLE `va_reminders` (
  `reminder_id` int(11) NOT NULL AUTO_INCREMENT,
  `user_id` int(11) DEFAULT '0',
  `start_date` datetime DEFAULT NULL,
  `end_date` datetime DEFAULT NULL,
  `reminder_year` int(11) DEFAULT '0',
  `reminder_month` tinyint(4) DEFAULT '0',
  `reminder_day` tinyint(4) DEFAULT '0',
  `reminder_weekdays` tinyint(4) DEFAULT '0',
  `reminder_title` varchar(255) DEFAULT NULL,
  `reminder_notes` text,
  `date_added` datetime DEFAULT NULL,
  `date_modified` datetime DEFAULT NULL,
  PRIMARY KEY (`reminder_id`),
  KEY `user_id` (`user_id`),
  KEY `start_date` (`start_date`),
  KEY `end_date` (`end_date`),
  KEY `reminder_year` (`reminder_year`),
  KEY `reminder_month` (`reminder_month`),
  KEY `reminder_day` (`reminder_day`),
  KEY `reminder_weekdays` (`reminder_weekdays`)
) ENGINE=MyISAM  DEFAULT CHARSET=utf8 AUTO_INCREMENT=2 ;

INSERT INTO `va_reminders` (`reminder_id`, `user_id`, `start_date`, `end_date`, `reminder_year`, `reminder_month`, `reminder_day`, `reminder_weekdays`, `reminder_title`, `reminder_notes`, `date_added`, `date_modified`) VALUES
(1, 2, NULL, '2012-11-15 00:00:00', 0, 11, 0, 8, 'Напоминание', 'Тест напоминания', '2012-11-14 21:10:52', '2012-11-14 21:10:52');

CREATE TABLE `va_reviews` (
  `review_id` int(11) NOT NULL AUTO_INCREMENT,
  `item_id` int(11) NOT NULL DEFAULT '0',
  `user_id` int(11) DEFAULT '0',
  `admin_id` int(11) DEFAULT '0',
  `recommended` tinyint(4) NOT NULL DEFAULT '0',
  `approved` tinyint(4) NOT NULL DEFAULT '0',
  `rating` int(11) DEFAULT '0',
  `summary` varchar(255) DEFAULT NULL,
  `user_name` varchar(64) DEFAULT NULL,
  `user_email` varchar(128) DEFAULT NULL,
  `remote_address` varchar(32) NOT NULL,
  `comments` text,
  `admin_id_approved_by` int(11) DEFAULT NULL,
  `admin_id_modified_by` int(11) DEFAULT NULL,
  `date_added` datetime NOT NULL,
  `date_modified` datetime DEFAULT NULL,
  `date_approved` datetime DEFAULT NULL,
  PRIMARY KEY (`review_id`),
  KEY `item_id` (`item_id`),
  KEY `user_id` (`user_id`),
  KEY `admin_id` (`admin_id`),
  KEY `recommended` (`recommended`),
  KEY `approved` (`approved`)
) ENGINE=MyISAM  DEFAULT CHARSET=utf8 AUTO_INCREMENT=4 ;

INSERT INTO `va_reviews` (`review_id`, `item_id`, `user_id`, `admin_id`, `recommended`, `approved`, `rating`, `summary`, `user_name`, `user_email`, `remote_address`, `comments`, `admin_id_approved_by`, `admin_id_modified_by`, `date_added`, `date_modified`, `date_approved`) VALUES
(1, 1, 0, 0, 1, 1, 5, 'Отзыв о буке', 'Subbota', 'urbanevgenijj@rambler.ru', '77.122.114.81', 'Хороший бук. Рекомендую', NULL, NULL, '2012-11-13 19:32:10', NULL, NULL),
(2, 1, 0, 0, 1, 1, 4, 'Тестируем', 'Федот', 'support@viarts.ru', '46.138.183.122', 'Тестируем Тестируем', NULL, NULL, '2012-11-28 01:27:27', NULL, NULL),
(3, 1, 0, 0, -1, 1, 3, 'Средний ноут', 'Егор', 'urbanevgenijj@rambler.ru', '95.81.1.183', 'Ноутбук средненький', NULL, NULL, '2012-11-28 16:52:47', NULL, NULL);

CREATE TABLE `va_saved_carts` (
  `cart_id` int(11) NOT NULL AUTO_INCREMENT,
  `site_id` int(11) DEFAULT '1',
  `user_id` int(11) DEFAULT '0',
  `cart_name` varchar(255) DEFAULT NULL,
  `cart_total` double(16,2) DEFAULT '0.00',
  `cart_added` datetime DEFAULT NULL,
  PRIMARY KEY (`cart_id`),
  KEY `site_id` (`site_id`),
  KEY `user_id` (`user_id`)
) ENGINE=MyISAM DEFAULT CHARSET=utf8 AUTO_INCREMENT=1 ;


CREATE TABLE `va_saved_items` (
  `cart_item_id` int(11) NOT NULL AUTO_INCREMENT,
  `site_id` int(11) DEFAULT '1',
  `item_id` int(11) NOT NULL DEFAULT '0',
  `cart_id` int(11) NOT NULL DEFAULT '0',
  `user_id` int(11) NOT NULL DEFAULT '0',
  `type_id` int(11) NOT NULL DEFAULT '0',
  `item_name` varchar(255) DEFAULT NULL,
  `quantity` int(11) DEFAULT '0',
  `quantity_bought` int(11) DEFAULT '0',
  `price` double(16,2) DEFAULT '0.00',
  `date_added` datetime DEFAULT NULL,
  PRIMARY KEY (`cart_item_id`),
  KEY `site_id` (`site_id`),
  KEY `item_id` (`item_id`),
  KEY `cart_id` (`cart_id`),
  KEY `user_id` (`user_id`),
  KEY `type_id` (`type_id`)
) ENGINE=MyISAM DEFAULT CHARSET=utf8 AUTO_INCREMENT=1 ;


CREATE TABLE `va_saved_items_properties` (
  `item_property_id` int(11) NOT NULL AUTO_INCREMENT,
  `cart_item_id` int(11) DEFAULT '0',
  `cart_id` int(11) DEFAULT '0',
  `property_id` int(11) DEFAULT '0',
  `property_value` text,
  `property_values_ids` text,
  PRIMARY KEY (`item_property_id`),
  KEY `cart_item_id` (`cart_item_id`),
  KEY `cart_id` (`cart_id`),
  KEY `property_id` (`property_id`)
) ENGINE=MyISAM DEFAULT CHARSET=utf8 AUTO_INCREMENT=1 ;


CREATE TABLE `va_saved_types` (
  `type_id` int(11) NOT NULL AUTO_INCREMENT,
  `type_name` varchar(64) DEFAULT NULL,
  `type_desc` text,
  `is_active` tinyint(4) DEFAULT '1',
  `allowed_search` tinyint(4) DEFAULT '0',
  PRIMARY KEY (`type_id`)
) ENGINE=MyISAM  DEFAULT CHARSET=utf8 AUTO_INCREMENT=2 ;

INSERT INTO `va_saved_types` (`type_id`, `type_name`, `type_desc`, `is_active`, `allowed_search`) VALUES
(1, 'На День рождения', NULL, 1, 1);

CREATE TABLE `va_search_engines` (
  `engine_id` int(11) NOT NULL AUTO_INCREMENT,
  `engine_name` varchar(64) DEFAULT NULL,
  `keywords_parameter` varchar(32) DEFAULT NULL,
  `referer_regexp` text,
  `user_agent_regexp` text,
  `ip_regexp` text,
  PRIMARY KEY (`engine_id`)
) ENGINE=MyISAM  DEFAULT CHARSET=utf8 AUTO_INCREMENT=12 ;

INSERT INTO `va_search_engines` (`engine_id`, `engine_name`, `keywords_parameter`, `referer_regexp`, `user_agent_regexp`, `ip_regexp`) VALUES
(1, 'Google', 'q', '/http:\\/\\/www\\.google\\.\\w{2,4}(\\.\\w{2})?\\//i', '/Googlebot.*google\\.com/i', NULL),
(2, 'Yahoo', 'p', '/search\\.yahoo\\.com\\//i', '/Yahoo.*Slurp.*yahoo\\.com/i', NULL),
(3, 'MSN', 'q', '/search(\\.\\w+)?\\.msn\\.\\w{2,4}(\\.\\w{2})?\\//i', '/msnbot.*msn\\.com/i', NULL),
(4, 'Ask.com', 'q', '/\\.ask\\.com\\//i', '/Ask.*Jeeves\\/Teoma.*ask\\.com/i', NULL),
(5, 'Gigablast', 'q', '/gigablast\\.com\\//i', '/Gigabot.*gigablast\\.com/i', NULL),
(6, 'Exalead', 'q', '/exalead\\.com\\//i', '/Exabot/i', NULL),
(7, 'LookSmart', 'qt', '/looksmart\\.(com|net)\\//i', '/ZyBorg.*looksmart.*WISEnutbot\\.com/i', NULL),
(8, 'Zibb', 'q', '/zibb\\.com\\//i', '/Zibber.*zibb\\.com/i', NULL),
(9, 'Entireweb', 'q', '/entireweb\\.com\\//i', '/Speedy.*Spider.*entireweb\\.com/i', NULL),
(10, 'Seekport', 'query', '/seekport\\.\\w{2,4}(\\.\\w{2})?\\//i', '/Seekbot.*Seekbot\\.net/i', NULL),
(11, 'Become', 'q', '/become.com\\//i', '/BecomeBot.*become\\.com/i', NULL);

CREATE TABLE `va_shipping_modules` (
  `shipping_module_id` int(11) NOT NULL AUTO_INCREMENT,
  `shipping_module_name` varchar(255) DEFAULT NULL,
  `user_module_name` varchar(255) DEFAULT NULL,
  `module_notes` text,
  `is_external` tinyint(4) DEFAULT '1',
  `php_external_lib` varchar(255) DEFAULT NULL,
  `external_url` varchar(255) DEFAULT NULL,
  `tracking_url` varchar(255) DEFAULT NULL,
  `is_active` tinyint(4) DEFAULT '1',
  `is_default` tinyint(4) DEFAULT '1',
  `is_call_center` tinyint(4) DEFAULT '1',
  `cost_add_percent` double(16,2) DEFAULT '0.00',
  PRIMARY KEY (`shipping_module_id`)
) ENGINE=MyISAM  DEFAULT CHARSET=utf8 AUTO_INCREMENT=12 ;

INSERT INTO `va_shipping_modules` (`shipping_module_id`, `shipping_module_name`, `user_module_name`, `module_notes`, `is_external`, `php_external_lib`, `external_url`, `tracking_url`, `is_active`, `is_default`, `is_call_center`, `cost_add_percent`) VALUES
(1, 'Custom Shipping', NULL, NULL, 0, NULL, NULL, NULL, 1, 1, 1, NULL),
(2, 'UPS', NULL, 'United Parcel Service (UPS)\r\n\r\nObtain UserID, Password and Developer''s Key from your country''s UPS E-Business web site. (See the\r\n''Security Elements'' section in the Product Overview chapter.)\r\n\r\nObtain Access Key. (See ''Security Elements'' in the Product Overview section.)\r\n\r\nFor Signature Tracking and Shipping, follow the product certification process identified in the Customer\r\nIntegration Environment section.\r\n\r\nFill in the parameters list below and set UPS system as active and begin receive you online shipping rates.\r\n\r\nShipperPostalCode - The shipper''s postal code. Required if country utilizes postal codes (i.e. US & PR)\r\n\r\nShipperCountryCode - The UPS billing code for the shipper''s country. See Origin Country Information\r\n table. Default = US.\r\n\r\nShipFromPostalCode - The sender''s postal code. Required if Ship To country code is US. Must supply\r\n either the sender''s city or postal code.\r\n\r\nShipFromCountryCode - The UPS billing code representing the sender''s country. See Appendix C for\r\n UPS Country Code table. Default = US.\r\n\r\nPackageWeightUnitOfMeasurement - The code representing the unit of measure associated with the \r\n package weight. LBS = Pounds (default) KGS = Kilograms\r\n\r\nPickupType:\r\n 01 - Daily Pickup\r\n 03 - Customer Counter\r\n 06 - One Time Pickup\r\n 07 - On Call Air Pickup\r\n 11 - Suggested Retail Rates (UPS Store)\r\n 19 - Letter Center\r\n 20 - Air Service Center\r\n\r\nPackagingType:\r\n 01 - UPS letter/ UPS Express Envelope\r\n 02 - Package\r\n 03 - UPS Tube\r\n 04 - UPS Pak\r\n 21 - UPS Express Box\r\n 24 - UPS 25Kg Box\r\n 25 - UPS 10Kg Box\r\n\r\nFor PackagingType 02 or 21 you must fill PackagingTypeUnitOfMeasurement, PackageLength,\r\n PackageWidth and PackageHeight. \r\n\r\nPackagingTypeUnitOfMeasurement - The code for the unit of measure associated with the package\r\n dimensions. IN = Inches (default)\r\n\r\nPackageLength - The length of the package used to determine dimensional weight. Valid values are\r\n between 1 and 108.00.\r\n\r\nPackageWidth - The width of the package used to determine dimensional weight. Valid values are\r\n between 1 and 108.00.\r\n\r\nPackageHeight - The height of the package used to determine dimensional weight. Valid values are\r\n between 1and 108.00.\r\n\r\nYou may visit your country''s UPS E-Business web site for more information about UPS Rates & Service Selection Tool. http://www.ups.com', 1, './shipping/ups.php', 'https://www.ups.com/ups.app/xml/Rate', 'http://wwwapps.ups.com/WebTracking/processInputRequest?HTMLVersion=5.0&error_carried=true&tracknums_displayed=1&TypeOfInquiryNumber=T&loc=en_US&AgreeToTermsAndConditions=yes&InquiryNumber1=', 0, NULL, NULL, NULL),
(3, 'USPS V4', NULL, 'United States Postal Service (USPS).\r\n\r\nTo use the USPS Web Tools you must be a registered user. Completing the registration process resulted in the receipt of your user ID, password, and test server URL. This test URL is already filled in.\r\n\r\nTo gain access to Live server, all users, including those registered for previous Web Tools use, must contact the Internet Customer Care Center (ICCC) for the URL to make Live calls. The ICCC will send the Live URL via e-mail. Fill live url in the field  External URL instead of present one.\r\n\r\nThis office is manned from 7:00 AM to 11:00 PM EST daily. \r\nE-mail address: icustomercare@usps.com \r\nTelephone: 1-800-344-7779 (7:00 AM to 11:00 PM EST daily)\r\n\r\nExternal URL:\r\nProduction - http://production.shippingapis.com/ShippingAPI.dll\r\nTesting - http://testing.shippingapis.com/ShippingAPI.dll\r\n\r\nCommon parameters:\r\n  USERID - required, use user ID provided with registration.\r\n  PASSWORD - is not required now, use password provided with registration if any.\r\n\r\nDomestic parameters:\r\n  ZipOrigination - required. Your ZIP code where dispath will be made from. ZIP code must be valid. Maximum characters allowed: 5.\r\n  Container - required, is only applicable for Express Mail and Priority Mail. Must contain one of the following valid packaging type names: "VARIABLE", "RECTANGULAR", "NONRECTANGULAR.\r\n  Size - required, must be one of the following: "REGULAR", "LARGE".\r\n  Machinable - optional. Applies only to Parcel Post. For Parcel Post, the value entered must be either "True" or "False".\r\n\r\nInternational parameters:\r\n  MailType - required, the following are valid international mail types: "package", "postcards or aerogrammes", "matter for the blind", "envelope".\r\n\r\nDimensions:\r\nTo capture the dimensional weight for Large Priority Mail pieces, RateV3 will require three new dimension tags for rectangular Priority Mail pieces: Length, Width, and Height; \r\nand four new dimension tags for non-rectangular pieces: Length, Width, Height, and Girth. \r\nShippers will specify in the existing Container tag whether a Large Priority Mail piece is rectangular or non-rectangular.\r\n\r\n\r\nPLEASE NOTE.\r\n\r\nUSPS service does not work for orders with weight more than 70 pounds. If you may receive orders that exceed this limit and you want to charge some shipping fee for them, don''t forget to set up alternative Shipping Module with Shipping Types that will handle over-weighted orders.\r\n\r\nIf you use USPS shipping module as the only shipping module of the shop please use functionality to restrict order placing if the weight is not in the following bounds 0 -70. And if the order exceeds these bounds appropriate error message will be shown. This restriction can be set on Orders > Order Profile Page, Order Restrictions section, Weight setting.\r\n\r\n\r\nTesting:\r\nPlease note that for test purposes USPS permits only particular parameters'' values to be used for the query. So in the Test mode it expects to receive the following information about the package for domestic shipping:\r\n \r\nZipOrigination: 10022\r\nZipDestination: 20008 (is set during Checkout process by user)\r\nPounds: 10\r\nOunces: 5 (weight can be set for every product on  Administration > Products)\r\nSize: LARGE\r\nMachinable: TRUE\r\n\r\nTo test international shipping use the following values:\r\n\r\nPounds: 2\r\nOunces: 0\r\nMailType: Package\r\nCountry: Albania\r\n\r\nor\r\n\r\nPounds: 0\r\nOunces: 1\r\nMailType: Postcards or Aerogrammes\r\nCountry: Algeria\r\n\r\nAll other parameters'' values won''t work in the test environment.', 1, './shipping/usps_v4.php', 'http://production.shippingapis.com/ShippingAPI.dll', 'http://trkcnfrm1.smi.usps.com/PTSInternetWeb/InterLabelInquiry.do?formattedLabel=', 0, NULL, NULL, NULL),
(5, 'CanadaPost', NULL, 'Canada Post.\r\n\r\nTo use the CanadaPost Web Tools you must be a registered user. Completing the registration process resulted in the receipt of your CPCID.\r\n\r\nThis office is manned from Monday to Friday 8:00 AM to 6:00 PM. \r\nTelephone: 1-866-607-6301; (Outside of Canada\r\n1-416-979-8822)\r\nGeneral Information\r\n\r\nExternal URL:\r\nProduction - http://sellonline.canadapost.ca:30000\r\nTesting - http://sellonline.canadapost.ca:30000\r\n\r\nCommon parameters:\r\n  CPCID - required, use CPCID provided with registration.\r\n  For testing CPCID = CPC_DEMO_XML.\r\n\r\nDomestic parameters:\r\n  fromPostalCode - required. Your ZIP code where dispath will be made from. ZIP code must be valid. \r\n  price - total cost.\r\n  quantity - quantity package\r\n  heiht, width, length - size of package in cm\r\n  weight - size of kg\r\n  description - description in package\r\n\r\nTesting:\r\nPlease note that for test purposes CanadaPost permits only particular parameters'' values to be used for the query. So in the Test mode it expects to receive the following information about the package for domestic shipping:', 0, './shipping/canadapost.php', 'http://sellonline.canadapost.ca:30000', 'https://em.canadapost.ca/emo/basicPin.do?language=en', 0, NULL, NULL, NULL),
(7, 'Australia Post', NULL, 'Pickup_Postcode - Postcode of the pick-up address.\r\nWeight - Packed weight of each parcel in grams (kg).\r\nLength - Packed length of parcel in millimetres (cm).\r\nWidth - Packed width of parcel in millimetres (cm).\r\nHeight - Packed height of parcel in millimetres (cm).\r\n\r\nShipping Code - The type of delivery service\r\nonly for Australia (country code "AU"):\r\n"STANDARD"= Regular Parcels\r\n"EXPRESS" = Express Parcels\r\nOutside Australia (country code rather than "AU"):\r\n"AIR" = Air Mail\r\n"SEA" = Sea Mail\r\n"ECI_D" = Express Courier International Document\r\n"ECI_M" = Express Courier International Merchandise\r\n"EPI" = Express Post International', 1, './shipping/australia_post.php', 'http://drc.edeliver.com.au/ratecalc.asp', NULL, 0, 0, 0, NULL),
(8, 'FedEx V10', NULL, 'The FedEx sign-up process requires some interaction with the company. FedEx requires that developers and their applications be certified. The first step is to register for a FedEx Ship Manager Direct account by visiting https://www.fedex.com/cgi-bin/shipapiDownload.cgi?link=4&first=y and completing the form. In addition to the standard contact information, you must indicate how you intend to use their online tools. If you''re developing e-commerce solutions for multiple clients, choose the Consultant option, otherwise select Corporate Developer. Select the communication path used - FSM Direct. Finally, you''ll need to select the Data Format desired - XML Tools. After you''ve registered, you''ll be given an address to a shipping server to be used in your testing phases, please apply it to ''External URL'' field below.\r\n\r\nYou''ll need to next contact FedEx by e-mail (websupport@fedex.com) to request to have you or your client''s account set up in a test environment. You''ll need to specify whether you''re using the Express, Ground, or both services. As well you can include source code from the shipping folder to contact the FedEx Direct. Although the company''s documentation indicates a 24 hour turn-around for approval, representatives indicate the wait can go up to 72 hours.\r\n\r\nAfter you''ve been approved, the next task is to subscribe to FedEx to get a meter number. Meter numbers are programmatically generated. Before sending subscription request please change the parameters below. \r\nAccountNumber - you FedEx account number.\r\nPersonName, CompanyName, Department, PhoneNumber, PagerNumber, FaxNumber, EmailAddress - your contact information\r\nLine1, Line2, City, StateOrProvinceCode, PostalCode, CountryCode - your address information\r\nWhen all the data are ready you can go to the page at http://your_site_url/shipping/fedex_subscription.php and send subscription request.\r\nAfter successfully running the FedEx subscription request a meter number will be returned, add this value to the MeterNumber field below.\r\n\r\nPlease update the rest of fields below.\r\nStateOrProvinceCode - Represents the state or province from which the shipment will be originating. (Required only if Sender Country Code is US or CA)\r\nPostalCode - Represents the postal code from which the shipment will be originating. (Required only if Sender Country Code is US or CA. May be required for other postal-aware countries when rating an internationally shipment.)\r\nCountryCode - Represents the country from which the shipment will be originating. (Required)\r\nReturnShipmentIndicator - NONRETURN, PRINTRETURNLABEL, EMAILLABEL\r\nDropoffType - REGULARPICKUP, REQUESTCOURIER, DROPBOX, BUSINESSSERVICECENTER, STATION\r\nPackaging - FEDEXENVELOPE, FEDEXPAK, FEDEXBOX, FEDEXTUBE, FEDEX10KGBOX, FEDEX25KGBOX, YOURPACKAGING\r\nFor YOURPACKAGING you also need specify package sizes: Length, Width, Height, Units (IN, CM)\r\nWeightUnits - LBS, KGS\r\nSet FedEx system as active and receive you online shipping rates.\r\n\r\nAfter your application testing is done, contact FedEx again by e-mail (websupport@fedex.com) or phone (800.810.9073) to initiate the certification process. For retrieving rates, you''ll be asked to state exactly how you will be using their API; you can also request to be moved to the production environment in a specific timeframe. Once certified, FedEx will provide you with a FedEx server address to be used when you re-subscribe to receive your production meter number.', 1, './shipping/fedex_v10.php', 'https://ws.fedex.com:443/web-services', 'http://www.fedex.com/Tracking?ascend_header=1&clienttype=dotcom&cntry_code=us&language=english&tracknumbers=', 0, 0, 0, NULL),
(9, 'FedEx', NULL, 'The FedEx sign-up process requires some interaction with the company. FedEx requires that developers and their applications be certified. The first step is to register for a FedEx Ship Manager Direct account by visiting https://www.fedex.com/cgi-bin/shipapiDownload.cgi?link=4&first=y and completing the form. In addition to the standard contact information, you must indicate how you intend to use their online tools. If you''re developing e-commerce solutions for multiple clients, choose the Consultant option, otherwise select Corporate Developer. Select the communication path used - FSM Direct. Finally, you''ll need to select the Data Format desired - XML Tools. After you''ve registered, you''ll be given an address to a shipping server to be used in your testing phases, please apply it to ''External URL'' field below.\r\n\r\nYou''ll need to next contact FedEx by e-mail (websupport@fedex.com) to request to have you or your client''s account set up in a test environment. You''ll need to specify whether you''re using the Express, Ground, or both services. As well you can include source code from the shipping folder to contact the FedEx Direct. Although the company''s documentation indicates a 24 hour turn-around for approval, representatives indicate the wait can go up to 72 hours.\r\n\r\nAfter you''ve been approved, the next task is to subscribe to FedEx to get a meter number. Meter numbers are programmatically generated. Before sending subscription request please change the parameters below. \r\nAccountNumber - you FedEx account number.\r\nPersonName, CompanyName, Department, PhoneNumber, PagerNumber, FaxNumber, EmailAddress - your contact information\r\nLine1, Line2, City, StateOrProvinceCode, PostalCode, CountryCode - your address information\r\nWhen all the data are ready you can go to the page at http://your_site_url/shipping/fedex_subscription.php and send subscription request.\r\nAfter successfully running the FedEx subscription request a meter number will be returned, add this value to the MeterNumber field below.\r\n\r\nPlease update the rest of fields below.\r\nStateOrProvinceCode - Represents the state or province from which the shipment will be originating. (Required only if Sender Country Code is US or CA)\r\nPostalCode - Represents the postal code from which the shipment will be originating. (Required only if Sender Country Code is US or CA. May be required for other postal-aware countries when rating an internationally shipment.)\r\nCountryCode - Represents the country from which the shipment will be originating. (Required)\r\nReturnShipmentIndicator - NONRETURN, PRINTRETURNLABEL, EMAILLABEL\r\nDropoffType - REGULARPICKUP, REQUESTCOURIER, DROPBOX, BUSINESSSERVICECENTER, STATION\r\nPackaging - FEDEXENVELOPE, FEDEXPAK, FEDEXBOX, FEDEXTUBE, FEDEX10KGBOX, FEDEX25KGBOX, YOURPACKAGING\r\nFor YOURPACKAGING you also need to specify package sizes: Length, Width, Height dimensions and Units (IN, CM), BUT they only need to be 1, 1, 1 (Length, Width, Height). Fedex does not require the exact dimensions for every box using YOURPACKAGING.\r\nWeightUnits - LBS, KGS\r\nSet FedEx system as active and receive you online shipping rates.\r\n\r\nAfter your application testing is done, contact FedEx again by e-mail (websupport@fedex.com) or phone (800.810.9073) to initiate the certification process. For retrieving rates, you''ll be asked to state exactly how you will be using their API; you can also request to be moved to the production environment in a specific timeframe. Once certified, FedEx will provide you with a FedEx server address to be used when you re-subscribe to receive your production meter number.', 1, './shipping/fedex.php', 'https://sslserver.fedex.com:443/GatewayDC', 'http://www.fedex.com/Tracking?ascend_header=1&clienttype=dotcom&cntry_code=us&language=english&tracknumbers=', 0, 0, 0, NULL),
(10, 'Доставка  Курьером Москва', NULL, NULL, 0, NULL, NULL, NULL, 1, 1, 1, NULL),
(11, 'Доставка цифровых товаров', NULL, NULL, 0, NULL, NULL, NULL, 1, 1, 1, NULL);

CREATE TABLE `va_shipping_modules_parameters` (
  `parameter_id` int(11) NOT NULL AUTO_INCREMENT,
  `shipping_module_id` int(11) DEFAULT '0',
  `parameter_name` varchar(255) DEFAULT NULL,
  `parameter_source` text,
  `not_passed` tinyint(4) DEFAULT '0',
  PRIMARY KEY (`parameter_id`),
  KEY `shipping_module_id` (`shipping_module_id`)
) ENGINE=MyISAM  DEFAULT CHARSET=utf8 AUTO_INCREMENT=158 ;

INSERT INTO `va_shipping_modules_parameters` (`parameter_id`, `shipping_module_id`, `parameter_name`, `parameter_source`, `not_passed`) VALUES
(8, 2, 'user_id', '!Enter your USERID here!', 0),
(9, 2, 'password', '!Enter your PASSWORD here!', 0),
(10, 2, 'access_license_number', '!Enter your Access License Number here!', 0),
(11, 2, 'ShipperPostalCode', NULL, 0),
(12, 2, 'ShipperCountryCode', NULL, 0),
(13, 2, 'ShipFromPostalCode', NULL, 0),
(14, 2, 'ShipFromCountryCode', NULL, 0),
(15, 2, 'PickupType', NULL, 0),
(16, 2, 'PackagingType', NULL, 0),
(21, 2, 'PackageWeightUnitOfMeasurement', 'LBS', 0),
(50, 2, 'PackagingTypeUnitOfMeasurement', 'IN', 0),
(51, 2, 'PackageLength', NULL, 0),
(52, 2, 'PackageWidth', NULL, 0),
(53, 2, 'PackageHeight', NULL, 0),
(54, 3, 'USERID', '!Enter your USERID here!', 0),
(55, 3, 'PASSWORD', '!Enter your PASSWORD here!', 0),
(56, 3, 'ZipOrigination', '!Enter your ZipOrigination here!', 0),
(57, 3, 'Container', 'VARIABLE', 0),
(58, 3, 'Size', 'REGULAR', 0),
(59, 3, 'Machinable', 'true', 0),
(60, 3, 'MailType', 'Package', 0),
(61, 3, 'Width', '15', 0),
(62, 3, 'Length', '30', 0),
(63, 3, 'Height', '15', 0),
(64, 3, 'Girth', NULL, 0),
(65, 5, 'language', 'en', 0),
(66, 5, 'CPCID', 'CPC_DEMO_XML', 0),
(67, 5, 'fromPostalCode', 'G1P2H5', 0),
(68, 5, 'AroundTime', '240', 0),
(69, 5, 'price', NULL, 0),
(70, 5, 'quantity', '1', 0),
(71, 5, 'weight', '10', 0),
(72, 5, 'length', '10', 0),
(73, 5, 'width', '10', 0),
(74, 5, 'height', '10', 0),
(75, 5, 'description', 'Canada Post', 0),
(76, 5, 'city', NULL, 0),
(77, 5, 'State', NULL, 0),
(78, 5, 'country', NULL, 0),
(79, 5, 'postalCode', NULL, 0),
(103, 7, 'Pickup_Postcode', '!Enter here your Pickup_Postcode!', 0),
(104, 7, 'Weight', '1', 0),
(105, 7, 'Length', '10', 0),
(106, 7, 'Width', '10', 0),
(107, 7, 'Height', '10', 0),
(108, 8, 'Key', '!Type here your key!', 0),
(109, 8, 'Password', '!Type here your password!', 0),
(110, 8, 'AccountNumber', '!Type here your account number!', 0),
(111, 8, 'MeterNumber', '!Type here your metter number!', 0),
(112, 8, 'StreetLines', NULL, 0),
(113, 8, 'City', NULL, 0),
(114, 8, 'StateOrProvinceCode', NULL, 0),
(115, 8, 'PostalCode', NULL, 0),
(116, 8, 'CountryCode', NULL, 0),
(117, 8, 'ServiceId', 'crs', 0),
(118, 8, 'Major', '10', 0),
(119, 8, 'Intermediate', '0', 0),
(120, 8, 'Minor', '0', 0),
(121, 8, 'PackagingType', 'YOUR_PACKAGING', 0),
(122, 8, 'DropoffType', 'REGULAR_PICKUP', 0),
(123, 8, 'Residential', 'true', 0),
(124, 8, 'RateType', 'RATED_ACCOUNT', 0),
(125, 8, 'DimensionsUnit', 'IN', 0),
(126, 8, 'Length', '10', 0),
(127, 8, 'Width', '10', 0),
(128, 8, 'Height', '10', 0),
(129, 8, 'WeightUnits', 'LB', 0),
(130, 8, 'WeightValue', '20', 0),
(131, 9, 'CustomerTransactionIdentifier', NULL, 0),
(132, 9, 'AccountNumber', '!Type here your account number!', 0),
(133, 9, 'MeterNumber', '!Type here your subscription number!', 0),
(134, 9, 'CarrierCode', 'FDXE', 0),
(135, 9, 'PersonName', NULL, 0),
(136, 9, 'CompanyName', NULL, 0),
(137, 9, 'Department', NULL, 0),
(138, 9, 'PhoneNumber', NULL, 0),
(139, 9, 'PagerNumber', NULL, 0),
(140, 9, 'FaxNumber', NULL, 0),
(141, 9, 'EMailAddress', NULL, 0),
(142, 9, 'Line1', NULL, 0),
(143, 9, 'Line2', NULL, 0),
(144, 9, 'City', NULL, 0),
(145, 9, 'StateOrProvinceCode', NULL, 0),
(146, 9, 'PostalCode', NULL, 0),
(147, 9, 'CountryCode', NULL, 0),
(148, 9, 'ReturnShipmentIndicator', NULL, 0),
(149, 9, 'DropoffType', NULL, 0),
(150, 9, 'Packaging', 'YOURPACKAGING', 0),
(151, 9, 'WeightUnits', 'LBS', 0),
(152, 9, 'PayorType', 'SENDER', 0),
(153, 9, 'Length', '1', 0),
(154, 9, 'Width', '1', 0),
(155, 9, 'Height', '1', 0),
(156, 9, 'Units', 'IN', 0),
(157, 9, 'PackageCount', '1', 0);

CREATE TABLE `va_shipping_rules` (
  `shipping_rule_id` int(11) NOT NULL AUTO_INCREMENT,
  `shipping_rule_desc` varchar(255) NOT NULL,
  `is_country_restriction` tinyint(4) DEFAULT '0',
  PRIMARY KEY (`shipping_rule_id`)
) ENGINE=MyISAM  DEFAULT CHARSET=utf8 AUTO_INCREMENT=3 ;

INSERT INTO `va_shipping_rules` (`shipping_rule_id`, `shipping_rule_desc`, `is_country_restriction`) VALUES
(1, 'Ограничений по доставке нет.', 0),
(2, 'Доставка только по г.Москве.', 1);

CREATE TABLE `va_shipping_rules_countries` (
  `shipping_rule_id` int(11) NOT NULL DEFAULT '0',
  `country_id` int(11) NOT NULL DEFAULT '0',
  KEY `shipping_rule_id` (`shipping_rule_id`),
  KEY `country_id` (`country_id`)
) ENGINE=MyISAM DEFAULT CHARSET=utf8;


CREATE TABLE `va_shipping_times` (
  `shipping_time_id` int(11) NOT NULL AUTO_INCREMENT,
  `shipping_time_desc` varchar(255) NOT NULL,
  `availability_time` int(11) DEFAULT '0',
  PRIMARY KEY (`shipping_time_id`)
) ENGINE=MyISAM  DEFAULT CHARSET=utf8 AUTO_INCREMENT=3 ;

INSERT INTO `va_shipping_times` (`shipping_time_id`, `shipping_time_desc`, `availability_time`) VALUES
(1, '3 дня.', NULL),
(2, 'На следующий день.', NULL);

CREATE TABLE `va_shipping_types` (
  `shipping_type_id` int(11) NOT NULL AUTO_INCREMENT,
  `shipping_module_id` int(11) DEFAULT '0',
  `shipping_order` int(11) DEFAULT '1',
  `shipping_type_code` varchar(64) DEFAULT NULL,
  `shipping_type_desc` varchar(255) NOT NULL,
  `shipping_time` int(11) DEFAULT '0',
  `tare_weight` double(16,4) DEFAULT '0.0000',
  `min_goods_cost` double(16,2) DEFAULT '0.00',
  `max_goods_cost` double(16,2) DEFAULT '0.00',
  `min_weight` double(16,4) DEFAULT '0.0000',
  `max_weight` double(16,4) DEFAULT '0.0000',
  `min_quantity` int(11) DEFAULT NULL,
  `max_quantity` int(11) DEFAULT NULL,
  `cost_per_order` double(16,2) DEFAULT '0.00',
  `cost_per_product` double(16,2) DEFAULT '0.00',
  `cost_per_weight` double(16,2) DEFAULT '0.00',
  `is_taxable` tinyint(4) DEFAULT '1',
  `is_active` tinyint(4) DEFAULT '1',
  `is_call_center` tinyint(4) DEFAULT '1',
  `sites_all` tinyint(4) DEFAULT '1',
  `user_types_all` tinyint(4) DEFAULT '1',
  `countries_all` tinyint(4) DEFAULT '1',
  `states_all` tinyint(4) DEFAULT '1',
  `image_small` varchar(255) DEFAULT NULL,
  `image_small_alt` varchar(255) DEFAULT NULL,
  `image_large` varchar(255) DEFAULT NULL,
  `image_large_alt` varchar(255) DEFAULT NULL,
  PRIMARY KEY (`shipping_type_id`),
  KEY `shipping_module_id` (`shipping_module_id`),
  KEY `sites_all` (`sites_all`)
) ENGINE=MyISAM  DEFAULT CHARSET=utf8 AUTO_INCREMENT=165 ;

INSERT INTO `va_shipping_types` (`shipping_type_id`, `shipping_module_id`, `shipping_order`, `shipping_type_code`, `shipping_type_desc`, `shipping_time`, `tare_weight`, `min_goods_cost`, `max_goods_cost`, `min_weight`, `max_weight`, `min_quantity`, `max_quantity`, `cost_per_order`, `cost_per_product`, `cost_per_weight`, `is_taxable`, `is_active`, `is_call_center`, `sites_all`, `user_types_all`, `countries_all`, `states_all`, `image_small`, `image_small_alt`, `image_large`, `image_large_alt`) VALUES
(28, 2, 1, '01', 'UPS Next Day Air', NULL, NULL, 0.00, 10000.00, 0.0000, 10000.0000, NULL, NULL, NULL, NULL, NULL, 1, 1, NULL, 1, 1, 0, 1, NULL, NULL, NULL, NULL),
(29, 2, 1, '02', 'UPS 2nd Day Air', NULL, NULL, 0.00, 10000.00, 0.0000, 10000.0000, NULL, NULL, NULL, NULL, NULL, 1, 1, NULL, 1, 1, 0, 1, NULL, NULL, NULL, NULL),
(30, 2, 1, '03', 'UPS Ground', NULL, NULL, 0.00, 10000.00, 0.0000, 10000.0000, NULL, NULL, NULL, NULL, NULL, 1, 1, NULL, 1, 1, 0, 1, NULL, NULL, NULL, NULL),
(31, 2, 1, '07', 'UPS Worldwide ExpressSM', NULL, NULL, 0.00, 10000.00, 0.0000, 10000.0000, NULL, NULL, NULL, NULL, NULL, 1, 1, NULL, 1, 1, 0, 1, NULL, NULL, NULL, NULL),
(32, 2, 1, '08', 'UPS Worldwide ExpeditedSM', NULL, NULL, 0.00, 10000.00, 0.0000, 10000.0000, NULL, NULL, NULL, NULL, NULL, 1, 1, NULL, 1, 1, 0, 1, NULL, NULL, NULL, NULL),
(33, 2, 1, '11', 'UPS Standard', NULL, NULL, 0.00, 10000.00, 0.0000, 10000.0000, NULL, NULL, NULL, NULL, NULL, 1, 1, NULL, 1, 1, 0, 1, NULL, NULL, NULL, NULL),
(34, 2, 1, '12', 'UPS 3 Day Select', NULL, NULL, 0.00, 10000.00, 0.0000, 10000.0000, NULL, NULL, NULL, NULL, NULL, 1, 1, NULL, 1, 1, 0, 1, NULL, NULL, NULL, NULL),
(35, 2, 1, '13', 'UPS Next Day Air Saver', NULL, NULL, 0.00, 10000.00, 0.0000, 10000.0000, NULL, NULL, NULL, NULL, NULL, 1, 1, NULL, 1, 1, 0, 1, NULL, NULL, NULL, NULL),
(36, 2, 1, '14', 'UPS Next Day Air Early A.M.', NULL, NULL, 0.00, 10000.00, 0.0000, 10000.0000, NULL, NULL, NULL, NULL, NULL, 1, 1, NULL, 1, 1, 0, 1, NULL, NULL, NULL, NULL),
(37, 2, 1, '54', 'UPS Worldwide Express PlusSM', NULL, NULL, 0.00, 10000.00, 0.0000, 10000.0000, NULL, NULL, NULL, NULL, NULL, 1, 1, NULL, 1, 1, 1, 1, NULL, NULL, NULL, NULL),
(38, 2, 1, '01', 'UPS Express', NULL, NULL, 0.00, 10000.00, 0.0000, 10000.0000, NULL, NULL, NULL, NULL, NULL, 1, 1, NULL, 1, 1, 0, 1, NULL, NULL, NULL, NULL),
(39, 2, 1, '02', 'UPS Expedited', NULL, NULL, 0.00, 10000.00, 0.0000, 10000.0000, NULL, NULL, NULL, NULL, NULL, 1, 1, NULL, 1, 1, 0, 1, NULL, NULL, NULL, NULL),
(40, 2, 1, '13', 'UPS Express Saver', NULL, NULL, 0.00, 10000.00, 0.0000, 10000.0000, NULL, NULL, NULL, NULL, NULL, 1, 1, NULL, 1, 1, 0, 1, NULL, NULL, NULL, NULL),
(41, 2, 1, '14', 'UPS Express Early A.M.', NULL, NULL, 0.00, 10000.00, 0.0000, 10000.0000, NULL, NULL, NULL, NULL, NULL, 1, 1, NULL, 1, 1, 0, 1, NULL, NULL, NULL, NULL),
(42, 2, 1, '07', 'UPS Express', NULL, NULL, 0.00, 10000.00, 0.0000, 10000.0000, NULL, NULL, NULL, NULL, NULL, 1, 1, NULL, 1, 1, 0, 1, NULL, NULL, NULL, NULL),
(43, 2, 1, '65', 'UPS Express Saver', NULL, NULL, 0.00, 10000.00, 0.0000, 10000.0000, NULL, NULL, NULL, NULL, NULL, 1, 1, NULL, 1, 1, 0, 1, NULL, NULL, NULL, NULL),
(44, 2, 1, '59', 'UPS 2nd Day Air A.M.', NULL, NULL, 0.00, 10000.00, 0.0000, 10000.0000, NULL, NULL, NULL, NULL, NULL, 1, 1, NULL, 1, 1, 0, 1, NULL, NULL, NULL, NULL),
(45, 2, 1, '08', 'UPS Expedited', NULL, NULL, 0.00, 10000.00, 0.0000, 10000.0000, NULL, NULL, NULL, NULL, NULL, 1, 1, NULL, 1, 1, 0, 1, NULL, NULL, NULL, NULL),
(46, 2, 1, '54', 'UPS Express Plus', NULL, NULL, 0.00, 10000.00, 0.0000, 10000.0000, NULL, NULL, NULL, NULL, NULL, 1, 1, NULL, 1, 1, 0, 1, NULL, NULL, NULL, NULL),
(47, 3, 1, 'Express Mail', 'USPS Express Mail', NULL, NULL, 0.00, 10000.00, 0.0000, 70.0000, NULL, NULL, NULL, NULL, NULL, 1, 1, NULL, 1, 1, 0, 1, NULL, NULL, NULL, NULL),
(48, 3, 1, 'Express Mail Hold For Pickup', 'USPS Express Mail Hold For Pickup', NULL, NULL, 0.00, 10000.00, 0.0000, 70.0000, NULL, NULL, NULL, NULL, NULL, 1, 1, NULL, 1, 1, 0, 1, NULL, NULL, NULL, NULL),
(49, 3, 1, 'Express Mail Sunday/Holiday Delivery', 'USPS Express Mail Sunday/Holiday Delivery', NULL, NULL, 0.00, 10000.00, 0.0000, 70.0000, NULL, NULL, NULL, NULL, NULL, 1, 1, NULL, 1, 1, 0, 1, NULL, NULL, NULL, NULL),
(50, 3, 1, 'Express Mail Flat Rate Envelope', 'USPS Express Mail Flat Rate Envelope', NULL, NULL, 0.00, 10000.00, 0.0000, 70.0000, NULL, NULL, NULL, NULL, NULL, 1, 1, NULL, 1, 1, 0, 1, NULL, NULL, NULL, NULL),
(51, 3, 1, 'Express Mail Flat Rate Envelope Hold For Pickup', 'USPS Express Mail Flat Rate Envelope Hold For Pickup', NULL, NULL, 0.00, 10000.00, 0.0000, 70.0000, NULL, NULL, NULL, NULL, NULL, 1, 1, NULL, 1, 1, 0, 1, NULL, NULL, NULL, NULL),
(52, 3, 1, 'Express Mail Sunday/Holiday Delivery Flat Rate Envelope', 'USPS Express Mail Sunday/Holiday Delivery Flat Rate Envelope', NULL, NULL, 0.00, 10000.00, 0.0000, 70.0000, NULL, NULL, NULL, NULL, NULL, 1, 1, NULL, 1, 1, 0, 1, NULL, NULL, NULL, NULL),
(53, 3, 1, 'Express Mail Legal Flat Rate Envelope', 'USPS Express Mail Legal Flat Rate Envelope', NULL, NULL, 0.00, 10000.00, 0.0000, 70.0000, NULL, NULL, NULL, NULL, NULL, 1, 1, NULL, 1, 1, 0, 1, NULL, NULL, NULL, NULL),
(54, 3, 1, 'Express Mail Legal Flat Rate Envelope Hold For Pickup', 'USPS Express Mail Legal Flat Rate Envelope Hold For Pickup', NULL, NULL, 0.00, 10000.00, 0.0000, 70.0000, NULL, NULL, NULL, NULL, NULL, 1, 1, NULL, 1, 1, 0, 1, NULL, NULL, NULL, NULL),
(55, 3, 1, 'Express Mail Sunday/Holiday Delivery Legal Flat Rate Envelope', 'USPS Express Mail Legal Flat Rate Envelope', NULL, NULL, 0.00, 10000.00, 0.0000, 70.0000, NULL, NULL, NULL, NULL, NULL, 1, 1, NULL, 1, 1, 0, 1, NULL, NULL, NULL, NULL),
(56, 3, 1, 'Priority Mail', 'USPS Priority Mail', NULL, NULL, 0.00, 10000.00, 0.0000, 70.0000, NULL, NULL, NULL, NULL, NULL, 1, 1, NULL, 1, 1, 0, 1, NULL, NULL, NULL, NULL),
(57, 3, 1, 'Priority Mail Large Flat Rate Box', 'USPS Priority Mail Large Flat Rate Box', NULL, NULL, 0.00, 10000.00, 0.0000, 70.0000, NULL, NULL, NULL, NULL, NULL, 1, 1, NULL, 1, 1, 0, 1, NULL, NULL, NULL, NULL),
(58, 3, 1, 'Priority Mail Medium Flat Rate Box', 'USPS Priority Mail Medium Flat Rate Box', NULL, NULL, 0.00, 10000.00, 0.0000, 70.0000, NULL, NULL, NULL, NULL, NULL, 1, 1, NULL, 1, 1, 0, 1, NULL, NULL, NULL, NULL),
(59, 3, 1, 'Priority Mail Small Flat Rate Box', 'USPS Priority Mail Small Flat Rate Box', NULL, NULL, 0.00, 10000.00, 0.0000, 70.0000, NULL, NULL, NULL, NULL, NULL, 1, 1, NULL, 1, 1, 0, 1, NULL, NULL, NULL, NULL),
(60, 3, 1, 'Priority Mail Flat Rate Envelope', 'USPS Priority Mail Flat Rate Envelope', NULL, NULL, 0.00, 10000.00, 0.0000, 70.0000, NULL, NULL, NULL, NULL, NULL, 1, 1, NULL, 1, 1, 0, 1, NULL, NULL, NULL, NULL),
(61, 3, 1, 'Priority Mail Legal Flat Rate Envelope', 'USPS Priority Mail Legal Flat Rate Envelope', NULL, NULL, 0.00, 10000.00, 0.0000, 70.0000, NULL, NULL, NULL, NULL, NULL, 1, 1, NULL, 1, 1, 0, 1, NULL, NULL, NULL, NULL),
(62, 3, 1, 'Priority Mail Padded Flat Rate Envelope', 'USPS Priority Mail Padded Flat Rate Envelope', NULL, NULL, 0.00, 10000.00, 0.0000, 70.0000, NULL, NULL, NULL, NULL, NULL, 1, 1, NULL, 1, 1, 0, 1, NULL, NULL, NULL, NULL),
(63, 3, 1, 'Priority Mail Gift Card Flat Rate Envelope', 'USPS Priority Mail Gift Card Flat Rate Envelope', NULL, NULL, 0.00, 10000.00, 0.0000, 70.0000, NULL, NULL, NULL, NULL, NULL, 1, 1, NULL, 1, 1, 0, 1, NULL, NULL, NULL, NULL),
(64, 3, 1, 'Priority Mail Small Flat Rate Envelope', 'USPS Priority Mail Small Flat Rate Envelope', NULL, NULL, 0.00, 10000.00, 0.0000, 70.0000, NULL, NULL, NULL, NULL, NULL, 1, 1, NULL, 1, 1, 0, 1, NULL, NULL, NULL, NULL),
(65, 3, 1, 'Priority Mail Window Flat Rate Envelope', 'USPS Priority Mail Window Flat Rate Envelope', NULL, NULL, 0.00, 10000.00, 0.0000, 70.0000, NULL, NULL, NULL, NULL, NULL, 1, 1, NULL, 1, 1, 0, 1, NULL, NULL, NULL, NULL),
(66, 3, 1, 'First-Class Mail Package', 'USPS First-Class Mail Package', NULL, NULL, 0.00, 10000.00, 0.0000, 70.0000, NULL, NULL, NULL, NULL, NULL, 1, 1, NULL, 1, 1, 0, 1, NULL, NULL, NULL, NULL),
(67, 3, 1, 'First-Class Mail Large Envelope', 'USPS First-Class Mail Large Envelope', NULL, NULL, 0.00, 10000.00, 0.0000, 70.0000, NULL, NULL, NULL, NULL, NULL, 1, 1, NULL, 1, 1, 0, 1, NULL, NULL, NULL, NULL),
(68, 3, 1, 'First-Class Mail Letter', 'USPS First-Class Mail Letter', NULL, NULL, 0.00, 10000.00, 0.0000, 70.0000, NULL, NULL, NULL, NULL, NULL, 1, 1, NULL, 1, 1, 0, 1, NULL, NULL, NULL, NULL),
(69, 5, 1, '1020', 'Canada Post Expedited', NULL, NULL, 0.00, 20000.00, 0.0000, 50.0000, NULL, NULL, NULL, NULL, NULL, 1, 1, NULL, 1, 1, 0, 1, NULL, NULL, NULL, NULL),
(70, 5, 1, '1040', 'Canada Post Priority Courier', NULL, NULL, 0.00, 20000.00, 0.0000, 50.0000, NULL, NULL, NULL, NULL, NULL, 1, 1, NULL, 1, 1, 0, 1, NULL, NULL, NULL, NULL),
(71, 5, 1, '1010', 'Canada Post Regular', NULL, NULL, 0.00, 20000.00, 0.0000, 50.0000, NULL, NULL, NULL, NULL, NULL, 1, 1, NULL, 1, 1, 0, 1, NULL, NULL, NULL, NULL),
(72, 5, 1, '1030', 'Canada Post Xpresspost', NULL, NULL, 0.00, 20000.00, 0.0000, 50.0000, NULL, NULL, NULL, NULL, NULL, 1, 1, NULL, 1, 1, 0, 1, NULL, NULL, NULL, NULL),
(73, 5, 2, '2005', 'Canada Post Small Packets Surface', NULL, NULL, 0.00, 20000.00, 0.0000, 50.0000, NULL, NULL, NULL, NULL, NULL, 1, 1, NULL, 1, 1, 0, 1, NULL, NULL, NULL, NULL),
(74, 5, 2, '2015', 'Canada Post Small Packets Air', NULL, NULL, 0.00, 20000.00, 0.0000, 50.0000, NULL, NULL, NULL, NULL, NULL, 1, 1, NULL, 1, 1, 0, 1, NULL, NULL, NULL, NULL),
(75, 5, 2, '2020', 'Canada Post Expedited US Business Contract', NULL, NULL, 0.00, 20000.00, 0.0000, 50.0000, NULL, NULL, NULL, NULL, NULL, 1, 1, NULL, 1, 1, 0, 1, NULL, NULL, NULL, NULL),
(76, 5, 2, '2025', 'Canada Post Expedited US Commercial', NULL, NULL, 0.00, 20000.00, 0.0000, 50.0000, NULL, NULL, NULL, NULL, NULL, 1, 1, NULL, 1, 1, 0, 1, NULL, NULL, NULL, NULL),
(77, 5, 2, '2030', 'Canada Post Xpresspost USA', NULL, NULL, 0.00, 20000.00, 0.0000, 50.0000, NULL, NULL, NULL, NULL, NULL, 1, 1, NULL, 1, 1, 0, 1, NULL, NULL, NULL, NULL),
(78, 5, 2, '2040', 'Canada Post Purolator International', NULL, NULL, 0.00, 20000.00, 0.0000, 50.0000, NULL, NULL, NULL, NULL, NULL, 1, 1, NULL, 1, 1, 1, 1, NULL, NULL, NULL, NULL),
(79, 5, 2, '2050', 'Canada Post Puropak International', NULL, NULL, 0.00, 20000.00, 0.0000, 50.0000, NULL, NULL, NULL, NULL, NULL, 1, 1, NULL, 1, 1, 1, 1, NULL, NULL, NULL, NULL),
(80, 5, 3, '3005', 'Canada Post Small Packets Surface for World', NULL, NULL, 0.00, 20000.00, 0.0000, 50.0000, NULL, NULL, NULL, NULL, NULL, 1, 1, NULL, 1, 1, 1, 1, NULL, NULL, NULL, NULL),
(81, 5, 3, '3010', 'Canada Post Surface International fo World', NULL, NULL, 0.00, 20000.00, 0.0000, 50.0000, NULL, NULL, NULL, NULL, NULL, 1, 1, NULL, 1, 1, 1, 1, NULL, NULL, NULL, NULL),
(82, 5, 3, '3015', 'Canada Post Small Packets Air for World', NULL, NULL, 0.00, 20000.00, 0.0000, 50.0000, NULL, NULL, NULL, NULL, NULL, 1, 1, NULL, 1, 1, 1, 1, NULL, NULL, NULL, NULL),
(83, 5, 3, '3020', 'Canada Post Air International for World', NULL, NULL, 0.00, 20000.00, 0.0000, 50.0000, NULL, NULL, NULL, NULL, NULL, 1, 1, NULL, 1, 1, 1, 1, NULL, NULL, NULL, NULL),
(84, 5, 3, '3025', 'Canada Post Xpresspost International for World', NULL, NULL, 0.00, 20000.00, 0.0000, 50.0000, NULL, NULL, NULL, NULL, NULL, 1, 1, NULL, 1, 1, 1, 1, NULL, NULL, NULL, NULL),
(85, 5, 3, '3040', 'Canada Post Purolator International for World', NULL, NULL, 0.00, 20000.00, 0.0000, 50.0000, NULL, NULL, NULL, NULL, NULL, 1, 1, NULL, 1, 1, 1, 1, NULL, NULL, NULL, NULL),
(86, 5, 3, '3050', 'Canada Post Puropak International for World', NULL, NULL, 0.00, 20000.00, 0.0000, 50.0000, NULL, NULL, NULL, NULL, NULL, 1, 1, NULL, 1, 1, 1, 1, NULL, NULL, NULL, NULL),
(87, 3, 4, 'First-Class Mail Postcards', 'USPS First-Class Mail Postcards', NULL, NULL, 0.00, 10000.00, 0.0000, 70.0000, NULL, NULL, NULL, NULL, NULL, 1, 1, NULL, 1, 1, 0, 1, NULL, NULL, NULL, NULL),
(88, 3, 5, 'First-Class Mail Large Postcards', 'USPS First-Class Mail Large Postcards', NULL, NULL, 0.00, 10000.00, 0.0000, 70.0000, NULL, NULL, NULL, NULL, NULL, 1, 1, NULL, 1, 1, 0, 1, NULL, NULL, NULL, NULL),
(108, 7, 25, 'STANDARD', 'Regular Parcels', NULL, NULL, 0.00, 999999.00, 0.0000, 999999.0000, 0, 999999, NULL, NULL, NULL, 1, 1, 1, 1, 1, 0, 1, NULL, NULL, NULL, NULL),
(109, 7, 26, 'EXPRESS', 'Express Parcels', NULL, NULL, 0.00, 999999.00, 0.0000, 999999.0000, 0, 999999, NULL, NULL, NULL, 1, 1, 1, 1, 1, 0, 1, NULL, NULL, NULL, NULL),
(110, 7, 27, 'AIR', 'Air Mail', NULL, NULL, 0.00, 999999.00, 0.0000, 999999.0000, 0, 999999, NULL, NULL, NULL, 1, 1, 1, 1, 1, 0, 1, NULL, NULL, NULL, NULL),
(111, 7, 28, 'SEA', 'Sea Mail', NULL, NULL, 0.00, 999999.00, 0.0000, 999999.0000, 0, 999999, NULL, NULL, NULL, 1, 1, 1, 1, 1, 0, 1, NULL, NULL, NULL, NULL),
(112, 7, 29, 'ECI_D', 'Express Courier International Document', NULL, NULL, 0.00, 999999.00, 0.0000, 999999.0000, 0, 999999, NULL, NULL, NULL, 1, 1, 1, 1, 1, 0, 1, NULL, NULL, NULL, NULL),
(113, 7, 30, 'ECI_M', 'Express Courier International Merchandise', NULL, NULL, 0.00, 999999.00, 0.0000, 999999.0000, 0, 999999, NULL, NULL, NULL, 1, 1, 1, 1, 1, 0, 1, NULL, NULL, NULL, NULL),
(114, 7, 31, 'EPI', 'Express Post International', NULL, NULL, 0.00, 999999.00, 0.0000, 999999.0000, 0, 999999, NULL, NULL, NULL, 1, 1, 1, 1, 1, 0, 1, NULL, NULL, NULL, NULL),
(115, 8, 6, 'STANDARD_OVERNIGHT', 'STANDARD OVERNIGHT', NULL, NULL, NULL, NULL, NULL, NULL, NULL, NULL, NULL, NULL, NULL, 1, 1, 1, 1, 1, 0, 1, NULL, NULL, NULL, NULL),
(116, 8, 7, 'PRIORITY_OVERNIGHT', 'PRIORITY OVERNIGHT', NULL, NULL, NULL, NULL, NULL, NULL, NULL, NULL, NULL, NULL, NULL, 1, 1, 1, 1, 1, 0, 1, NULL, NULL, NULL, NULL),
(117, 8, 8, 'FEDEX_1_DAY_FREIGHT', 'FEDEX 1 DAY FREIGHT', NULL, NULL, NULL, NULL, NULL, NULL, NULL, NULL, NULL, NULL, NULL, 1, 1, 1, 1, 1, 0, 1, NULL, NULL, NULL, NULL),
(118, 8, 9, 'FEDEX_2_DAY', 'FEDEX 2 DAY', NULL, NULL, NULL, NULL, NULL, NULL, NULL, NULL, NULL, NULL, NULL, 1, 1, 1, 1, 1, 0, 1, NULL, NULL, NULL, NULL),
(119, 8, 10, 'FEDEX_2_DAY_FREIGHT', 'FEDEX 2 DAY FREIGHT', NULL, NULL, NULL, NULL, NULL, NULL, NULL, NULL, NULL, NULL, NULL, 1, 1, 1, 1, 1, 0, 1, NULL, NULL, NULL, NULL),
(120, 8, 11, 'FEDEX_3_DAY_FREIGHT', 'FEDEX 3 DAY FREIGHT', NULL, NULL, NULL, NULL, NULL, NULL, NULL, NULL, NULL, NULL, NULL, 1, 1, 1, 1, 1, 0, 1, NULL, NULL, NULL, NULL),
(121, 8, 12, 'FEDEX_EXPRESS_SAVER', 'FEDEX EXPRESS SAVER', NULL, NULL, NULL, NULL, NULL, NULL, NULL, NULL, NULL, NULL, NULL, 1, 1, 1, 1, 1, 0, 1, NULL, NULL, NULL, NULL),
(122, 8, 13, 'FEDEX_GROUND', 'FEDEX GROUND', NULL, NULL, NULL, NULL, NULL, NULL, NULL, NULL, NULL, NULL, NULL, 1, 1, 1, 1, 1, 0, 1, NULL, NULL, NULL, NULL),
(123, 8, 14, 'FIRST_OVERNIGHT', 'FIRST OVERNIGHT', NULL, NULL, NULL, NULL, NULL, NULL, NULL, NULL, NULL, NULL, NULL, 1, 1, 1, 1, 1, 0, 1, NULL, NULL, NULL, NULL),
(124, 8, 15, 'GROUND_HOME_DELIVERY', 'GROUND HOME DELIVERY', NULL, NULL, NULL, NULL, NULL, NULL, NULL, NULL, NULL, NULL, NULL, 1, 1, 1, 1, 1, 0, 1, NULL, NULL, NULL, NULL),
(125, 8, 16, 'EUROPE_FIRST_INTERNATIONAL_PRIORITY', 'EUROPE FIRST INTERNATIONAL PRIORITY', NULL, NULL, NULL, NULL, NULL, NULL, NULL, NULL, NULL, NULL, NULL, 1, 1, 1, 1, 1, 0, 1, NULL, NULL, NULL, NULL),
(126, 8, 17, 'INTERNATIONAL_DISTRIBUTION_FREIGHT', 'INTERNATIONAL DISTRIBUTION FREIGHT', NULL, NULL, NULL, NULL, NULL, NULL, NULL, NULL, NULL, NULL, NULL, 1, 1, 1, 1, 1, 0, 1, NULL, NULL, NULL, NULL),
(127, 8, 18, 'INTERNATIONAL_ECONOMY', 'INTERNATIONAL ECONOMY', NULL, NULL, NULL, NULL, NULL, NULL, NULL, NULL, NULL, NULL, NULL, 1, 1, 1, 1, 1, 0, 1, NULL, NULL, NULL, NULL),
(128, 8, 19, 'INTERNATIONAL_ECONOMY_DISTRIBUTION', 'INTERNATIONAL ECONOMY DISTRIBUTION', NULL, NULL, NULL, NULL, NULL, NULL, NULL, NULL, NULL, NULL, NULL, 1, 1, 1, 1, 1, 0, 1, NULL, NULL, NULL, NULL),
(129, 8, 20, 'INTERNATIONAL_ECONOMY_FREIGHT ', 'INTERNATIONAL ECONOMY FREIGHT ', NULL, NULL, NULL, NULL, NULL, NULL, NULL, NULL, NULL, NULL, NULL, 1, 1, 1, 1, 1, 0, 1, NULL, NULL, NULL, NULL),
(130, 8, 21, 'INTERNATIONAL_FIRST', 'INTERNATIONAL FIRST', NULL, NULL, NULL, NULL, NULL, NULL, NULL, NULL, NULL, NULL, NULL, 1, 1, 1, 1, 1, 0, 1, NULL, NULL, NULL, NULL),
(131, 8, 22, 'INTERNATIONAL_PRIORITY', 'INTERNATIONAL PRIORITY', NULL, NULL, NULL, NULL, NULL, NULL, NULL, NULL, NULL, NULL, NULL, 1, 1, 1, 1, 1, 0, 1, NULL, NULL, NULL, NULL),
(132, 8, 23, 'INTERNATIONAL_PRIORITY_DISTRIBUTION', 'INTERNATIONAL PRIORITY DISTRIBUTION', NULL, NULL, NULL, NULL, NULL, NULL, NULL, NULL, NULL, NULL, NULL, 1, 1, 1, 1, 1, 0, 1, NULL, NULL, NULL, NULL),
(133, 8, 24, 'INTERNATIONAL_PRIORITY_FREIGHT', 'INTERNATIONAL PRIORITY FREIGHT', NULL, NULL, NULL, NULL, NULL, NULL, NULL, NULL, NULL, NULL, NULL, 1, 1, 1, 1, 1, 0, 1, NULL, NULL, NULL, NULL),
(134, 3, 32, 'Parcel Post', 'USPS Parcel Post', NULL, NULL, 0.00, 10000.00, 0.0000, 70.0000, NULL, NULL, NULL, NULL, NULL, 1, 1, 1, 1, 1, 0, 1, NULL, NULL, NULL, NULL),
(135, 3, 33, 'Media Mail', 'USPS Media Mail', NULL, NULL, 0.00, 10000.00, 0.0000, 70.0000, NULL, NULL, NULL, NULL, NULL, 1, 1, 1, 1, 1, 0, 1, NULL, NULL, NULL, NULL),
(136, 3, 34, 'Library Mail', 'USPS Library Mail', NULL, NULL, 0.00, 10000.00, 0.0000, 70.0000, NULL, NULL, NULL, NULL, NULL, 1, 1, 1, 1, 1, 0, 1, NULL, NULL, NULL, NULL),
(137, 3, 35, 'USPS GXG Envelopes**', 'USPS GXG Envelopes**', NULL, NULL, 0.00, 10000.00, 0.0000, 70.0000, NULL, NULL, NULL, NULL, NULL, 1, 1, 1, 1, 1, 0, 1, NULL, NULL, NULL, NULL),
(138, 3, 36, 'Express Mail International', 'USPS Express Mail International', NULL, NULL, 0.00, 10000.00, 0.0000, 70.0000, NULL, NULL, NULL, NULL, NULL, 1, 1, 1, 1, 1, 0, 1, NULL, NULL, NULL, NULL),
(139, 3, 37, 'Priority Mail International', 'USPS Priority Mail International', NULL, NULL, 0.00, 10000.00, 0.0000, 70.0000, NULL, NULL, NULL, NULL, NULL, 1, 1, 1, 1, 1, 0, 1, NULL, NULL, NULL, NULL),
(140, 3, 38, 'Priority Mail International Large Flat Rate Box', 'USPS Priority Mail International Large Flat Rate Box', NULL, NULL, 0.00, 10000.00, 0.0000, 70.0000, NULL, NULL, NULL, NULL, NULL, 1, 1, 1, 1, 1, 0, 1, NULL, NULL, NULL, NULL),
(141, 3, 39, 'Priority Mail International Medium Flat Rate Box', 'USPS Priority Mail International Medium Flat Rate Box', NULL, NULL, 0.00, 10000.00, 0.0000, 70.0000, NULL, NULL, NULL, NULL, NULL, 1, 1, 1, 1, 1, 0, 1, NULL, NULL, NULL, NULL),
(142, 3, 40, 'Priority Mail International Small Flat Rate Box**', 'USPS Priority Mail International Small Flat Rate Box**', NULL, NULL, 0.00, 10000.00, 0.0000, 70.0000, NULL, NULL, NULL, NULL, NULL, 1, 1, 1, 1, 1, 0, 1, NULL, NULL, NULL, NULL),
(143, 3, 41, 'Priority Mail International DVD Flat Rate Box**', 'USPS Priority Mail International DVD Flat Rate Box**', NULL, NULL, 0.00, 10000.00, 0.0000, 70.0000, NULL, NULL, NULL, NULL, NULL, 1, 1, 1, 1, 1, 0, 1, NULL, NULL, NULL, NULL),
(144, 3, 42, 'Priority Mail International Large Video Flat Rate Box**', 'USPS Priority Mail International Large Video Flat Rate Box**', NULL, NULL, 0.00, 10000.00, 0.0000, 70.0000, NULL, NULL, NULL, NULL, NULL, 1, 1, 1, 1, 1, 0, 1, NULL, NULL, NULL, NULL),
(145, 3, 43, 'First-Class Mail International Package**', 'USPS First-Class Mail International Package**', NULL, NULL, 0.00, 10000.00, 0.0000, 70.0000, NULL, NULL, NULL, NULL, NULL, 1, 1, 1, 1, 1, 0, 1, NULL, NULL, NULL, NULL),
(146, 9, 1, 'PRIORITYOVERNIGHT', 'FedEx Priority Overnight', NULL, NULL, 0.00, 10000.00, 0.0000, 10000.0000, NULL, NULL, NULL, NULL, NULL, 1, 1, 1, 1, 1, 1, 1, NULL, NULL, NULL, NULL),
(147, 9, 1, 'STANDARDOVERNIGHT', 'FedEx Standard Overnight', NULL, NULL, 0.00, 10000.00, 0.0000, 10000.0000, NULL, NULL, NULL, NULL, NULL, 1, 1, 1, 1, 1, 1, 1, NULL, NULL, NULL, NULL),
(148, 9, 1, 'FIRSTOVERNIGHT', 'FedEx First Overnight', NULL, NULL, 0.00, 10000.00, 0.0000, 10000.0000, NULL, NULL, NULL, NULL, NULL, 1, 1, 1, 1, 1, 1, 1, NULL, NULL, NULL, NULL),
(149, 9, 1, 'FEDEX2DAY', 'FedEx 2Day', NULL, NULL, 0.00, 10000.00, 0.0000, 10000.0000, NULL, NULL, NULL, NULL, NULL, 1, 1, 1, 1, 1, 1, 1, NULL, NULL, NULL, NULL),
(150, 9, 1, 'FEDEXEXPRESSSAVER', 'FedEx Express Saver', NULL, NULL, 0.00, 10000.00, 0.0000, 10000.0000, NULL, NULL, NULL, NULL, NULL, 1, 1, 1, 1, 1, 1, 1, NULL, NULL, NULL, NULL),
(151, 9, 1, 'FEDEX1DAYFREIGHT', 'FedEx 1Day Freight', NULL, NULL, 0.00, 10000.00, 0.0000, 10000.0000, NULL, NULL, NULL, NULL, NULL, 1, 1, 1, 1, 1, 1, 1, NULL, NULL, NULL, NULL),
(152, 9, 1, 'FEDEX2DAYFREIGHT', 'FedEx 2Day Freight', NULL, NULL, 0.00, 10000.00, 0.0000, 10000.0000, NULL, NULL, NULL, NULL, NULL, 1, 1, 1, 1, 1, 1, 1, NULL, NULL, NULL, NULL),
(153, 9, 1, 'FEDEX3DAYFREIGHT', 'FedEx 3Day Freight', NULL, NULL, 0.00, 10000.00, 0.0000, 10000.0000, NULL, NULL, NULL, NULL, NULL, 1, 1, 1, 1, 1, 1, 1, NULL, NULL, NULL, NULL),
(154, 9, 1, 'FEDEXGROUND', 'FedEx Ground', NULL, NULL, 0.00, 10000.00, 0.0000, 10000.0000, NULL, NULL, NULL, NULL, NULL, 1, 1, 1, 1, 1, 1, 1, NULL, NULL, NULL, NULL),
(155, 9, 1, 'GROUNDHOMEDELIVERY', 'FedEx Home Delivery', NULL, NULL, 0.00, 10000.00, 0.0000, 10000.0000, NULL, NULL, NULL, NULL, NULL, 1, 1, 1, 1, 1, 1, 1, NULL, NULL, NULL, NULL),
(156, 9, 1, 'INTERNATIONALPRIORITY', 'FedEx International Priority', NULL, NULL, 0.00, 10000.00, 0.0000, 10000.0000, NULL, NULL, NULL, NULL, NULL, 1, 1, 1, 1, 1, 1, 1, NULL, NULL, NULL, NULL),
(157, 9, 1, 'INTERNATIONALECONOMY', 'FedEx International Economy', NULL, NULL, 0.00, 10000.00, 0.0000, 10000.0000, NULL, NULL, NULL, NULL, NULL, 1, 1, 1, 1, 1, 1, 1, NULL, NULL, NULL, NULL),
(158, 9, 1, 'INTERNATIONALFIRST', 'FedEx International First', NULL, NULL, 0.00, 10000.00, 0.0000, 10000.0000, NULL, NULL, NULL, NULL, NULL, 1, 1, 1, 1, 1, 1, 1, NULL, NULL, NULL, NULL),
(159, 9, 1, 'INTERNATIONALPRIORITYFREIGHT', 'FedEx International Priority Freight', NULL, NULL, 0.00, 10000.00, 0.0000, 10000.0000, NULL, NULL, NULL, NULL, NULL, 1, 1, 1, 1, 1, 1, 1, NULL, NULL, NULL, NULL),
(160, 9, 1, 'INTERNATIONALECONOMYFREIGHT', 'FedEx International Economy Freight', NULL, NULL, 0.00, 10000.00, 0.0000, 10000.0000, NULL, NULL, NULL, NULL, NULL, 1, 1, 1, 1, 1, 1, 1, NULL, NULL, NULL, NULL),
(161, 9, 1, 'EUROPEFIRSTINTERNATIONALPRIORITY', 'FedEx Europe First', NULL, NULL, 0.00, 10000.00, 0.0000, 10000.0000, NULL, NULL, NULL, NULL, NULL, 1, 1, 1, 1, 1, 1, 1, NULL, NULL, NULL, NULL),
(162, 1, 44, NULL, 'Курьерская доставка', NULL, NULL, NULL, NULL, NULL, NULL, NULL, NULL, 250.00, NULL, NULL, 0, 1, 1, 1, 1, 1, 1, 'http://17.ilis.z8.ru/images/shipping/small/courier.png', 'Курьерская доставка', NULL, NULL),
(163, 10, 45, NULL, 'Экспресс', NULL, NULL, NULL, NULL, NULL, NULL, NULL, NULL, 100.00, NULL, NULL, 0, 1, 1, 1, 1, 1, 1, 'http://17.ilis.z8.ru/images/shipping/small/express.png', 'Курьер 2', NULL, NULL),
(164, 11, 46, NULL, 'SMS моментально', NULL, NULL, NULL, NULL, NULL, NULL, NULL, NULL, NULL, NULL, NULL, 0, 1, 1, 1, 1, 1, 1, 'http://17.ilis.z8.ru/images/shipping/small/sms.png', 'SMS моментальная доставка', NULL, NULL);

CREATE TABLE `va_shipping_types_countries` (
  `shipping_type_id` int(11) NOT NULL DEFAULT '0',
  `country_id` int(11) NOT NULL DEFAULT '0',
  PRIMARY KEY (`shipping_type_id`,`country_id`)
) ENGINE=MyISAM DEFAULT CHARSET=utf8;

INSERT INTO `va_shipping_types_countries` (`shipping_type_id`, `country_id`) VALUES
(28, 180),
(28, 228),
(29, 180),
(29, 228),
(30, 180),
(30, 228),
(31, 1),
(31, 2),
(31, 3),
(31, 4),
(31, 5),
(31, 6),
(31, 7),
(31, 9),
(31, 10),
(31, 11),
(31, 12),
(31, 14),
(31, 15),
(31, 16),
(31, 17),
(31, 18),
(31, 19),
(31, 20),
(31, 22),
(31, 23),
(31, 24),
(31, 25),
(31, 26),
(31, 27),
(31, 28),
(31, 29),
(31, 30),
(31, 31),
(31, 32),
(31, 33),
(31, 34),
(31, 35),
(31, 36),
(31, 37),
(31, 38),
(31, 39),
(31, 40),
(31, 41),
(31, 42),
(31, 43),
(31, 44),
(31, 45),
(31, 46),
(31, 47),
(31, 48),
(31, 49),
(31, 50),
(31, 51),
(31, 52),
(31, 53),
(31, 57),
(31, 59),
(31, 60),
(31, 61),
(31, 62),
(31, 64),
(31, 65),
(31, 66),
(31, 68),
(31, 70),
(31, 71),
(31, 72),
(31, 73),
(31, 75),
(31, 76),
(31, 78),
(31, 79),
(31, 80),
(31, 81),
(31, 82),
(31, 83),
(31, 84),
(31, 85),
(31, 86),
(31, 87),
(31, 88),
(31, 90),
(31, 91),
(31, 92),
(31, 93),
(31, 94),
(31, 95),
(31, 96),
(31, 97),
(31, 98),
(31, 99),
(31, 101),
(31, 103),
(31, 104),
(31, 105),
(31, 106),
(31, 107),
(31, 108),
(31, 109),
(31, 111),
(31, 112),
(31, 113),
(31, 114),
(31, 115),
(31, 116),
(31, 117),
(31, 118),
(31, 119),
(31, 120),
(31, 121),
(31, 122),
(31, 123),
(31, 124),
(31, 125),
(31, 126),
(31, 127),
(31, 128),
(31, 129),
(31, 130),
(31, 131),
(31, 132),
(31, 136),
(31, 137),
(31, 139),
(31, 140),
(31, 141),
(31, 142),
(31, 143),
(31, 144),
(31, 145),
(31, 146),
(31, 147),
(31, 148),
(31, 149),
(31, 150),
(31, 152),
(31, 153),
(31, 154),
(31, 155),
(31, 156),
(31, 157),
(31, 158),
(31, 159),
(31, 160),
(31, 161),
(31, 162),
(31, 163),
(31, 165),
(31, 166),
(31, 167),
(31, 168),
(31, 169),
(31, 170),
(31, 171),
(31, 172),
(31, 173),
(31, 174),
(31, 175),
(31, 176),
(31, 178),
(31, 179),
(31, 180),
(31, 181),
(31, 183),
(31, 184),
(31, 185),
(31, 186),
(31, 187),
(31, 188),
(31, 189),
(31, 190),
(31, 191),
(31, 192),
(31, 193),
(31, 195),
(31, 196),
(31, 198),
(31, 200),
(31, 201),
(31, 202),
(31, 203),
(31, 204),
(31, 205),
(31, 206),
(31, 207),
(31, 208),
(31, 209),
(31, 210),
(31, 211),
(31, 212),
(31, 213),
(31, 214),
(31, 215),
(31, 216),
(31, 217),
(31, 218),
(31, 219),
(31, 220),
(31, 221),
(31, 222),
(31, 223),
(31, 224),
(31, 225),
(31, 226),
(31, 227),
(31, 229),
(31, 230),
(31, 231),
(31, 232),
(31, 233),
(31, 234),
(31, 235),
(31, 236),
(31, 237),
(31, 238),
(31, 239),
(31, 240),
(31, 241),
(31, 242),
(31, 243),
(31, 244),
(32, 1),
(32, 2),
(32, 3),
(32, 4),
(32, 5),
(32, 6),
(32, 7),
(32, 9),
(32, 10),
(32, 11),
(32, 12),
(32, 14),
(32, 15),
(32, 16),
(32, 17),
(32, 18),
(32, 19),
(32, 20),
(32, 22),
(32, 23),
(32, 24),
(32, 25),
(32, 26),
(32, 27),
(32, 28),
(32, 29),
(32, 30),
(32, 31),
(32, 32),
(32, 33),
(32, 34),
(32, 35),
(32, 36),
(32, 37),
(32, 38),
(32, 39),
(32, 40),
(32, 41),
(32, 42),
(32, 43),
(32, 44),
(32, 45),
(32, 46),
(32, 47),
(32, 48),
(32, 49),
(32, 50),
(32, 51),
(32, 52),
(32, 53),
(32, 57),
(32, 59),
(32, 60),
(32, 61),
(32, 62),
(32, 64),
(32, 65),
(32, 66),
(32, 68),
(32, 70),
(32, 71),
(32, 72),
(32, 73),
(32, 75),
(32, 76),
(32, 78),
(32, 79),
(32, 80),
(32, 81),
(32, 82),
(32, 83),
(32, 84),
(32, 85),
(32, 86),
(32, 87),
(32, 88),
(32, 90),
(32, 91),
(32, 92),
(32, 93),
(32, 94),
(32, 95),
(32, 96),
(32, 97),
(32, 98),
(32, 99),
(32, 101),
(32, 103),
(32, 104),
(32, 105),
(32, 106),
(32, 107),
(32, 108),
(32, 109),
(32, 111),
(32, 112),
(32, 113),
(32, 114),
(32, 115),
(32, 116),
(32, 117),
(32, 118),
(32, 119),
(32, 120),
(32, 121),
(32, 122),
(32, 123),
(32, 124),
(32, 125),
(32, 126),
(32, 127),
(32, 128),
(32, 129),
(32, 130),
(32, 131),
(32, 132),
(32, 136),
(32, 137),
(32, 139),
(32, 140),
(32, 141),
(32, 142),
(32, 143),
(32, 144),
(32, 145),
(32, 146),
(32, 147),
(32, 148),
(32, 149),
(32, 150),
(32, 152),
(32, 153),
(32, 154),
(32, 155),
(32, 156),
(32, 157),
(32, 158),
(32, 159),
(32, 160),
(32, 161),
(32, 162),
(32, 163),
(32, 165),
(32, 166),
(32, 167),
(32, 168),
(32, 169),
(32, 170),
(32, 171),
(32, 172),
(32, 173),
(32, 174),
(32, 175),
(32, 176),
(32, 178),
(32, 179),
(32, 180),
(32, 181),
(32, 183),
(32, 184),
(32, 185),
(32, 186),
(32, 187),
(32, 188),
(32, 189),
(32, 190),
(32, 191),
(32, 192),
(32, 193),
(32, 195),
(32, 196),
(32, 198),
(32, 200),
(32, 201),
(32, 202),
(32, 203),
(32, 204),
(32, 205),
(32, 206),
(32, 207),
(32, 208),
(32, 209),
(32, 210),
(32, 211),
(32, 212),
(32, 213),
(32, 214),
(32, 215),
(32, 216),
(32, 217),
(32, 218),
(32, 219),
(32, 220),
(32, 221),
(32, 222),
(32, 223),
(32, 224),
(32, 225),
(32, 226),
(32, 227),
(32, 229),
(32, 230),
(32, 231),
(32, 232),
(32, 233),
(32, 234),
(32, 235),
(32, 236),
(32, 237),
(32, 238),
(32, 239),
(32, 240),
(32, 241),
(32, 242),
(32, 243),
(32, 244),
(33, 8),
(33, 13),
(33, 21),
(33, 54),
(33, 55),
(33, 56),
(33, 58),
(33, 63),
(33, 67),
(33, 69),
(33, 74),
(33, 77),
(33, 89),
(33, 100),
(33, 102),
(33, 110),
(33, 133),
(33, 134),
(33, 135),
(33, 138),
(33, 151),
(33, 164),
(33, 177),
(33, 182),
(33, 194),
(33, 197),
(33, 199),
(33, 228),
(34, 180),
(34, 228),
(35, 180),
(35, 228),
(36, 180),
(36, 228),
(38, 37),
(39, 37),
(40, 37),
(41, 37),
(42, 8),
(42, 13),
(42, 21),
(42, 54),
(42, 55),
(42, 56),
(42, 58),
(42, 63),
(42, 67),
(42, 69),
(42, 74),
(42, 77),
(42, 89),
(42, 100),
(42, 102),
(42, 110),
(42, 133),
(42, 134),
(42, 135),
(42, 138),
(42, 151),
(42, 164),
(42, 177),
(42, 182),
(42, 194),
(42, 197),
(42, 199),
(43, 8),
(43, 13),
(43, 21),
(43, 54),
(43, 55),
(43, 56),
(43, 58),
(43, 63),
(43, 67),
(43, 69),
(43, 74),
(43, 77),
(43, 89),
(43, 100),
(43, 102),
(43, 110),
(43, 133),
(43, 134),
(43, 135),
(43, 138),
(43, 151),
(43, 164),
(43, 177),
(43, 182),
(43, 194),
(43, 197),
(43, 199),
(44, 228),
(45, 155),
(46, 155),
(47, 180),
(47, 227),
(47, 228),
(47, 235),
(48, 180),
(48, 227),
(48, 228),
(48, 235),
(49, 180),
(49, 227),
(49, 228),
(49, 235),
(50, 180),
(50, 227),
(50, 228),
(50, 235),
(51, 180),
(51, 227),
(51, 228),
(51, 235),
(52, 180),
(52, 227),
(52, 228),
(52, 235),
(53, 180),
(53, 227),
(53, 228),
(53, 235),
(54, 180),
(54, 227),
(54, 228),
(54, 235),
(55, 180),
(55, 227),
(55, 228),
(55, 235),
(56, 180),
(56, 227),
(56, 228),
(56, 235),
(57, 180),
(57, 227),
(57, 228),
(57, 235),
(58, 179),
(58, 227),
(58, 228),
(58, 235),
(59, 180),
(59, 227),
(59, 228),
(59, 235),
(60, 180),
(60, 227),
(60, 228),
(60, 235),
(61, 180),
(61, 227),
(61, 228),
(61, 235),
(62, 180),
(62, 227),
(62, 228),
(62, 235),
(63, 180),
(63, 227),
(63, 228),
(63, 235),
(64, 180),
(64, 227),
(64, 228),
(64, 235),
(65, 180),
(65, 227),
(65, 228),
(65, 235),
(66, 180),
(66, 227),
(66, 228),
(66, 235),
(67, 180),
(67, 227),
(67, 228),
(67, 235),
(68, 180),
(68, 228),
(68, 235),
(68, 246),
(69, 37),
(70, 37),
(71, 37),
(72, 37),
(73, 37),
(74, 37),
(75, 228),
(76, 228),
(77, 228),
(87, 180),
(87, 227),
(87, 228),
(87, 235),
(88, 180),
(88, 227),
(88, 228),
(88, 235),
(108, 14),
(109, 14),
(110, 1),
(110, 2),
(110, 3),
(110, 4),
(110, 5),
(110, 6),
(110, 7),
(110, 8),
(110, 9),
(110, 10),
(110, 11),
(110, 12),
(110, 13),
(110, 15),
(110, 16),
(110, 17),
(110, 18),
(110, 19),
(110, 20),
(110, 21),
(110, 22),
(110, 23),
(110, 24),
(110, 25),
(110, 26),
(110, 27),
(110, 28),
(110, 29),
(110, 30),
(110, 31),
(110, 32),
(110, 33),
(110, 34),
(110, 35),
(110, 36),
(110, 37),
(110, 38),
(110, 39),
(110, 40),
(110, 41),
(110, 42),
(110, 43),
(110, 44),
(110, 45),
(110, 46),
(110, 47),
(110, 48),
(110, 49),
(110, 50),
(110, 51),
(110, 52),
(110, 53),
(110, 54),
(110, 55),
(110, 56),
(110, 57),
(110, 58),
(110, 59),
(110, 60),
(110, 61),
(110, 62),
(110, 63),
(110, 64),
(110, 65),
(110, 66),
(110, 67),
(110, 68),
(110, 69),
(110, 70),
(110, 71),
(110, 72),
(110, 73),
(110, 74),
(110, 76),
(110, 77),
(110, 78),
(110, 79),
(110, 80),
(110, 81),
(110, 82),
(110, 83),
(110, 84),
(110, 85),
(110, 86),
(110, 87),
(110, 88),
(110, 89),
(110, 90),
(110, 91),
(110, 92),
(110, 93),
(110, 94),
(110, 95),
(110, 96),
(110, 97),
(110, 98),
(110, 99),
(110, 100),
(110, 101),
(110, 102),
(110, 103),
(110, 104),
(110, 105),
(110, 106),
(110, 107),
(110, 108),
(110, 109),
(110, 110),
(110, 111),
(110, 112),
(110, 113),
(110, 114),
(110, 115),
(110, 116),
(110, 117),
(110, 118),
(110, 119),
(110, 120),
(110, 121),
(110, 122),
(110, 123),
(110, 124),
(110, 125),
(110, 126),
(110, 127),
(110, 128),
(110, 129),
(110, 130),
(110, 131),
(110, 132),
(110, 133),
(110, 134),
(110, 135),
(110, 136),
(110, 137),
(110, 138),
(110, 139),
(110, 140),
(110, 141),
(110, 142),
(110, 143),
(110, 144),
(110, 145),
(110, 146),
(110, 147),
(110, 148),
(110, 149),
(110, 150),
(110, 151),
(110, 152),
(110, 153),
(110, 154),
(110, 155),
(110, 156),
(110, 157),
(110, 158),
(110, 159),
(110, 160),
(110, 161),
(110, 162),
(110, 163),
(110, 164),
(110, 165),
(110, 166),
(110, 167),
(110, 168),
(110, 169),
(110, 170),
(110, 171),
(110, 172),
(110, 173),
(110, 174),
(110, 175),
(110, 176),
(110, 177),
(110, 178),
(110, 179),
(110, 180),
(110, 181),
(110, 182),
(110, 183),
(110, 184),
(110, 185),
(110, 186),
(110, 187),
(110, 188),
(110, 189),
(110, 190),
(110, 191),
(110, 192),
(110, 193),
(110, 194),
(110, 195),
(110, 196),
(110, 197),
(110, 198),
(110, 199),
(110, 200),
(110, 201),
(110, 202),
(110, 203),
(110, 204),
(110, 205),
(110, 206),
(110, 207),
(110, 208),
(110, 209),
(110, 210),
(110, 211),
(110, 212),
(110, 213),
(110, 214),
(110, 215),
(110, 216),
(110, 217),
(110, 218),
(110, 219),
(110, 220),
(110, 221),
(110, 222),
(110, 223),
(110, 224),
(110, 225),
(110, 226),
(110, 227),
(110, 228),
(110, 229),
(110, 230),
(110, 231),
(110, 232),
(110, 233),
(110, 234),
(110, 235),
(110, 236),
(110, 237),
(110, 238),
(110, 239),
(110, 240),
(110, 241),
(110, 242),
(110, 243),
(110, 244),
(110, 245),
(110, 246),
(110, 247),
(111, 1),
(111, 2),
(111, 3),
(111, 4),
(111, 5),
(111, 6),
(111, 7),
(111, 8),
(111, 9),
(111, 10),
(111, 11),
(111, 12),
(111, 13),
(111, 15),
(111, 16),
(111, 17),
(111, 18),
(111, 19),
(111, 20),
(111, 21),
(111, 22),
(111, 23),
(111, 24),
(111, 25),
(111, 26),
(111, 27),
(111, 28),
(111, 29),
(111, 30),
(111, 31),
(111, 32),
(111, 33),
(111, 34),
(111, 35),
(111, 36),
(111, 37),
(111, 38),
(111, 39),
(111, 40),
(111, 41),
(111, 42),
(111, 43),
(111, 44),
(111, 45),
(111, 46),
(111, 47),
(111, 48),
(111, 49),
(111, 50),
(111, 51),
(111, 52),
(111, 53),
(111, 54),
(111, 55),
(111, 56),
(111, 57),
(111, 58),
(111, 59),
(111, 60),
(111, 61),
(111, 62),
(111, 63),
(111, 64),
(111, 65),
(111, 66),
(111, 67),
(111, 68),
(111, 69),
(111, 70),
(111, 71),
(111, 72),
(111, 73),
(111, 74),
(111, 76),
(111, 77),
(111, 78),
(111, 79),
(111, 80),
(111, 81),
(111, 82),
(111, 83),
(111, 84),
(111, 85),
(111, 86),
(111, 87),
(111, 88),
(111, 89),
(111, 90),
(111, 91),
(111, 92),
(111, 93),
(111, 94),
(111, 95),
(111, 96),
(111, 97),
(111, 98),
(111, 99),
(111, 100),
(111, 101),
(111, 102),
(111, 103),
(111, 104),
(111, 105),
(111, 106),
(111, 107),
(111, 108),
(111, 109),
(111, 110),
(111, 111),
(111, 112),
(111, 113),
(111, 114),
(111, 115),
(111, 116),
(111, 117),
(111, 118),
(111, 119),
(111, 120),
(111, 121),
(111, 122),
(111, 123),
(111, 124),
(111, 125),
(111, 126),
(111, 127),
(111, 128),
(111, 129),
(111, 130),
(111, 131),
(111, 132),
(111, 133),
(111, 134),
(111, 135),
(111, 136),
(111, 137),
(111, 138),
(111, 139),
(111, 140),
(111, 141),
(111, 142),
(111, 143),
(111, 144),
(111, 145),
(111, 146),
(111, 147),
(111, 148),
(111, 149),
(111, 150),
(111, 151),
(111, 152),
(111, 153),
(111, 154),
(111, 155),
(111, 156),
(111, 157),
(111, 158),
(111, 159),
(111, 160),
(111, 161),
(111, 162),
(111, 163),
(111, 164),
(111, 165),
(111, 166),
(111, 167),
(111, 168),
(111, 169),
(111, 170),
(111, 171),
(111, 172),
(111, 173),
(111, 174),
(111, 175),
(111, 176),
(111, 177),
(111, 178),
(111, 179),
(111, 180),
(111, 181),
(111, 182),
(111, 183),
(111, 184),
(111, 185),
(111, 186),
(111, 187),
(111, 188),
(111, 189),
(111, 190),
(111, 191),
(111, 192),
(111, 193),
(111, 194),
(111, 195),
(111, 196),
(111, 197),
(111, 198),
(111, 199),
(111, 200),
(111, 201),
(111, 202),
(111, 203),
(111, 204),
(111, 205),
(111, 206),
(111, 207),
(111, 208),
(111, 209),
(111, 210),
(111, 211),
(111, 212),
(111, 213),
(111, 214),
(111, 215),
(111, 216),
(111, 217),
(111, 218),
(111, 219),
(111, 220),
(111, 221),
(111, 222),
(111, 223),
(111, 224),
(111, 225),
(111, 226),
(111, 227),
(111, 228),
(111, 229),
(111, 230),
(111, 231),
(111, 232),
(111, 233),
(111, 234),
(111, 235),
(111, 236),
(111, 237),
(111, 238),
(111, 239),
(111, 240),
(111, 241),
(111, 242),
(111, 243),
(111, 244),
(111, 245),
(111, 246),
(111, 247),
(112, 1),
(112, 2),
(112, 3),
(112, 4),
(112, 5),
(112, 6),
(112, 7),
(112, 8),
(112, 9),
(112, 10),
(112, 11),
(112, 12),
(112, 13),
(112, 15),
(112, 16),
(112, 17),
(112, 18),
(112, 19),
(112, 20),
(112, 21),
(112, 22),
(112, 23),
(112, 24),
(112, 25),
(112, 26),
(112, 27),
(112, 28),
(112, 29),
(112, 30),
(112, 31),
(112, 32),
(112, 33),
(112, 34),
(112, 35),
(112, 36),
(112, 37),
(112, 38),
(112, 39),
(112, 40),
(112, 41),
(112, 42),
(112, 43),
(112, 44),
(112, 45),
(112, 46),
(112, 47),
(112, 48),
(112, 49),
(112, 50),
(112, 51),
(112, 52),
(112, 53),
(112, 54),
(112, 55),
(112, 56),
(112, 57),
(112, 58),
(112, 59),
(112, 60),
(112, 61),
(112, 62),
(112, 63),
(112, 64),
(112, 65),
(112, 66),
(112, 67),
(112, 68),
(112, 69),
(112, 70),
(112, 71),
(112, 72),
(112, 73),
(112, 74),
(112, 76),
(112, 77),
(112, 78),
(112, 79),
(112, 80),
(112, 81),
(112, 82),
(112, 83),
(112, 84),
(112, 85),
(112, 86),
(112, 87),
(112, 88),
(112, 89),
(112, 90),
(112, 91),
(112, 92),
(112, 93),
(112, 94),
(112, 95),
(112, 96),
(112, 97),
(112, 98),
(112, 99),
(112, 100),
(112, 101),
(112, 102),
(112, 103),
(112, 104),
(112, 105),
(112, 106),
(112, 107),
(112, 108),
(112, 109),
(112, 110),
(112, 111),
(112, 112),
(112, 113),
(112, 114),
(112, 115),
(112, 116),
(112, 117),
(112, 118),
(112, 119),
(112, 120),
(112, 121),
(112, 122),
(112, 123),
(112, 124),
(112, 125),
(112, 126),
(112, 127),
(112, 128),
(112, 129),
(112, 130),
(112, 131),
(112, 132),
(112, 133),
(112, 134),
(112, 135),
(112, 136),
(112, 137),
(112, 138),
(112, 139),
(112, 140),
(112, 141),
(112, 142),
(112, 143),
(112, 144),
(112, 145),
(112, 146),
(112, 147),
(112, 148),
(112, 149),
(112, 150),
(112, 151),
(112, 152),
(112, 153),
(112, 154),
(112, 155),
(112, 156),
(112, 157),
(112, 158),
(112, 159),
(112, 160),
(112, 161),
(112, 162),
(112, 163),
(112, 164),
(112, 165),
(112, 166),
(112, 167),
(112, 168),
(112, 169),
(112, 170),
(112, 171),
(112, 172),
(112, 173),
(112, 174),
(112, 175),
(112, 176),
(112, 177),
(112, 178),
(112, 179),
(112, 180),
(112, 181),
(112, 182),
(112, 183),
(112, 184),
(112, 185),
(112, 186),
(112, 187),
(112, 188),
(112, 189),
(112, 190),
(112, 191),
(112, 192),
(112, 193),
(112, 194),
(112, 195),
(112, 196),
(112, 197),
(112, 198),
(112, 199),
(112, 200),
(112, 201),
(112, 202),
(112, 203),
(112, 204),
(112, 205),
(112, 206),
(112, 207),
(112, 208),
(112, 209),
(112, 210),
(112, 211),
(112, 212),
(112, 213),
(112, 214),
(112, 215),
(112, 216),
(112, 217),
(112, 218),
(112, 219),
(112, 220),
(112, 221),
(112, 222),
(112, 223),
(112, 224),
(112, 225),
(112, 226),
(112, 227),
(112, 228),
(112, 229),
(112, 230),
(112, 231),
(112, 232),
(112, 233),
(112, 234),
(112, 235),
(112, 236),
(112, 237),
(112, 238),
(112, 239),
(112, 240),
(112, 241),
(112, 242),
(112, 243),
(112, 244),
(112, 245),
(112, 246),
(112, 247),
(113, 1),
(113, 2),
(113, 3),
(113, 4),
(113, 5),
(113, 6),
(113, 7),
(113, 8),
(113, 9),
(113, 10),
(113, 11),
(113, 12),
(113, 13),
(113, 15),
(113, 16),
(113, 17),
(113, 18),
(113, 19),
(113, 20),
(113, 21),
(113, 22),
(113, 23),
(113, 24),
(113, 25),
(113, 26),
(113, 27),
(113, 28),
(113, 29),
(113, 30),
(113, 31),
(113, 32),
(113, 33),
(113, 34),
(113, 35),
(113, 36),
(113, 37),
(113, 38),
(113, 39),
(113, 40),
(113, 41),
(113, 42),
(113, 43),
(113, 44),
(113, 45),
(113, 46),
(113, 47),
(113, 48),
(113, 49),
(113, 50),
(113, 51),
(113, 52),
(113, 53),
(113, 54),
(113, 55),
(113, 56),
(113, 57),
(113, 58),
(113, 59),
(113, 60),
(113, 61),
(113, 62),
(113, 63),
(113, 64),
(113, 65),
(113, 66),
(113, 67),
(113, 68),
(113, 69),
(113, 70),
(113, 71),
(113, 72),
(113, 73),
(113, 74),
(113, 76),
(113, 77),
(113, 78),
(113, 79),
(113, 80),
(113, 81),
(113, 82),
(113, 83),
(113, 84),
(113, 85),
(113, 86),
(113, 87),
(113, 88),
(113, 89),
(113, 90),
(113, 91),
(113, 92),
(113, 93),
(113, 94),
(113, 95),
(113, 96),
(113, 97),
(113, 98),
(113, 99),
(113, 100),
(113, 101),
(113, 102),
(113, 103),
(113, 104),
(113, 105),
(113, 106),
(113, 107),
(113, 108),
(113, 109),
(113, 110),
(113, 111),
(113, 112),
(113, 113),
(113, 114),
(113, 115),
(113, 116),
(113, 117),
(113, 118),
(113, 119),
(113, 120),
(113, 121),
(113, 122),
(113, 123),
(113, 124),
(113, 125),
(113, 126),
(113, 127),
(113, 128),
(113, 129),
(113, 130),
(113, 131),
(113, 132),
(113, 133),
(113, 134),
(113, 135),
(113, 136),
(113, 137),
(113, 138),
(113, 139),
(113, 140),
(113, 141),
(113, 142),
(113, 143),
(113, 144),
(113, 145),
(113, 146),
(113, 147),
(113, 148),
(113, 149),
(113, 150),
(113, 151),
(113, 152),
(113, 153),
(113, 154),
(113, 155),
(113, 156),
(113, 157),
(113, 158),
(113, 159),
(113, 160),
(113, 161),
(113, 162),
(113, 163),
(113, 164),
(113, 165),
(113, 166),
(113, 167),
(113, 168),
(113, 169),
(113, 170),
(113, 171),
(113, 172),
(113, 173),
(113, 174),
(113, 175),
(113, 176),
(113, 177),
(113, 178),
(113, 179),
(113, 180),
(113, 181),
(113, 182),
(113, 183),
(113, 184),
(113, 185),
(113, 186),
(113, 187),
(113, 188),
(113, 189),
(113, 190),
(113, 191),
(113, 192),
(113, 193),
(113, 194),
(113, 195),
(113, 196),
(113, 197),
(113, 198),
(113, 199),
(113, 200),
(113, 201),
(113, 202),
(113, 203),
(113, 204),
(113, 205),
(113, 206),
(113, 207),
(113, 208),
(113, 209),
(113, 210),
(113, 211),
(113, 212),
(113, 213),
(113, 214),
(113, 215),
(113, 216),
(113, 217),
(113, 218),
(113, 219),
(113, 220),
(113, 221),
(113, 222),
(113, 223),
(113, 224),
(113, 225),
(113, 226),
(113, 227),
(113, 228),
(113, 229),
(113, 230),
(113, 231),
(113, 232),
(113, 233),
(113, 234),
(113, 235),
(113, 236),
(113, 237),
(113, 238),
(113, 239),
(113, 240),
(113, 241),
(113, 242),
(113, 243),
(113, 244),
(113, 245),
(113, 246),
(113, 247),
(114, 1),
(114, 2),
(114, 3),
(114, 4),
(114, 5),
(114, 6),
(114, 7),
(114, 8),
(114, 9),
(114, 10),
(114, 11),
(114, 12),
(114, 13),
(114, 15),
(114, 16),
(114, 17),
(114, 18),
(114, 19),
(114, 20),
(114, 21),
(114, 22),
(114, 23),
(114, 24),
(114, 25),
(114, 26),
(114, 27),
(114, 28),
(114, 29),
(114, 30),
(114, 31),
(114, 32),
(114, 33),
(114, 34),
(114, 35),
(114, 36),
(114, 37),
(114, 38),
(114, 39),
(114, 40),
(114, 41),
(114, 42),
(114, 43),
(114, 44),
(114, 45),
(114, 46),
(114, 47),
(114, 48),
(114, 49),
(114, 50),
(114, 51),
(114, 52),
(114, 53),
(114, 54),
(114, 55),
(114, 56),
(114, 57),
(114, 58),
(114, 59),
(114, 60),
(114, 61),
(114, 62),
(114, 63),
(114, 64),
(114, 65),
(114, 66),
(114, 67),
(114, 68),
(114, 69),
(114, 70),
(114, 71),
(114, 72),
(114, 73),
(114, 74),
(114, 76),
(114, 77),
(114, 78),
(114, 79),
(114, 80),
(114, 81),
(114, 82),
(114, 83),
(114, 84),
(114, 85),
(114, 86),
(114, 87),
(114, 88),
(114, 89),
(114, 90),
(114, 91),
(114, 92),
(114, 93),
(114, 94),
(114, 95),
(114, 96),
(114, 97),
(114, 98),
(114, 99),
(114, 100),
(114, 101),
(114, 102),
(114, 103),
(114, 104),
(114, 105),
(114, 106),
(114, 107),
(114, 108),
(114, 109),
(114, 110),
(114, 111),
(114, 112),
(114, 113),
(114, 114),
(114, 115),
(114, 116),
(114, 117),
(114, 118),
(114, 119),
(114, 120),
(114, 121),
(114, 122),
(114, 123),
(114, 124),
(114, 125),
(114, 126),
(114, 127),
(114, 128),
(114, 129),
(114, 130),
(114, 131),
(114, 132),
(114, 133),
(114, 134),
(114, 135),
(114, 136),
(114, 137),
(114, 138),
(114, 139),
(114, 140),
(114, 141),
(114, 142),
(114, 143),
(114, 144),
(114, 145),
(114, 146),
(114, 147),
(114, 148),
(114, 149),
(114, 150),
(114, 151),
(114, 152),
(114, 153),
(114, 154),
(114, 155),
(114, 156),
(114, 157),
(114, 158),
(114, 159),
(114, 160),
(114, 161),
(114, 162),
(114, 163),
(114, 164),
(114, 165),
(114, 166),
(114, 167),
(114, 168),
(114, 169),
(114, 170),
(114, 171),
(114, 172),
(114, 173),
(114, 174),
(114, 175),
(114, 176),
(114, 177),
(114, 178),
(114, 179),
(114, 180),
(114, 181),
(114, 182),
(114, 183),
(114, 184),
(114, 185),
(114, 186),
(114, 187),
(114, 188),
(114, 189),
(114, 190),
(114, 191),
(114, 192),
(114, 193),
(114, 194),
(114, 195),
(114, 196),
(114, 197),
(114, 198),
(114, 199),
(114, 200),
(114, 201),
(114, 202),
(114, 203),
(114, 204),
(114, 205),
(114, 206),
(114, 207),
(114, 208),
(114, 209),
(114, 210),
(114, 211),
(114, 212),
(114, 213),
(114, 214),
(114, 215),
(114, 216),
(114, 217),
(114, 218),
(114, 219),
(114, 220),
(114, 221),
(114, 222),
(114, 223),
(114, 224),
(114, 225),
(114, 226),
(114, 227),
(114, 228),
(114, 229),
(114, 230),
(114, 231),
(114, 232),
(114, 233),
(114, 234),
(114, 235),
(114, 236),
(114, 237),
(114, 238),
(114, 239),
(114, 240),
(114, 241),
(114, 242),
(114, 243),
(114, 244),
(114, 245),
(114, 246),
(114, 247),
(134, 180),
(134, 227),
(134, 228),
(134, 235),
(135, 180),
(135, 227),
(135, 228),
(135, 235),
(136, 180),
(136, 227),
(136, 228),
(136, 235),
(137, 1),
(137, 2),
(137, 3),
(137, 4),
(137, 5),
(137, 6),
(137, 7),
(137, 8),
(137, 9),
(137, 10),
(137, 11),
(137, 12),
(137, 13),
(137, 14),
(137, 15),
(137, 16),
(137, 17),
(137, 18),
(137, 19),
(137, 20),
(137, 21),
(137, 22),
(137, 23),
(137, 24),
(137, 25),
(137, 26),
(137, 27),
(137, 28),
(137, 29),
(137, 30),
(137, 31),
(137, 32),
(137, 33),
(137, 34),
(137, 35),
(137, 36),
(137, 37),
(137, 38),
(137, 39),
(137, 40),
(137, 41),
(137, 42),
(137, 43),
(137, 44),
(137, 45),
(137, 46),
(137, 47),
(137, 48),
(137, 49),
(137, 50),
(137, 51),
(137, 52),
(137, 53),
(137, 54),
(137, 55),
(137, 56),
(137, 57),
(137, 58),
(137, 59),
(137, 60),
(137, 61),
(137, 62),
(137, 63),
(137, 64),
(137, 65),
(137, 66),
(137, 67),
(137, 68),
(137, 69),
(137, 70),
(137, 71),
(137, 72),
(137, 73),
(137, 74),
(137, 76),
(137, 77),
(137, 78),
(137, 79),
(137, 80),
(137, 81),
(137, 82),
(137, 83),
(137, 84),
(137, 85),
(137, 86),
(137, 87),
(137, 88),
(137, 89),
(137, 90),
(137, 91),
(137, 92),
(137, 93),
(137, 94),
(137, 95),
(137, 96),
(137, 97),
(137, 98),
(137, 99),
(137, 100),
(137, 101),
(137, 102),
(137, 103),
(137, 104),
(137, 105),
(137, 106),
(137, 107),
(137, 108),
(137, 109),
(137, 110),
(137, 111),
(137, 112),
(137, 113),
(137, 114),
(137, 115),
(137, 116),
(137, 117),
(137, 118),
(137, 119),
(137, 120),
(137, 121),
(137, 122),
(137, 123),
(137, 124),
(137, 125),
(137, 126),
(137, 127),
(137, 128),
(137, 129),
(137, 130),
(137, 131),
(137, 132),
(137, 133),
(137, 134),
(137, 135),
(137, 136),
(137, 137),
(137, 138),
(137, 139),
(137, 140),
(137, 141),
(137, 142),
(137, 143),
(137, 144),
(137, 145),
(137, 146),
(137, 147),
(137, 148),
(137, 149),
(137, 150),
(137, 151),
(137, 152),
(137, 153),
(137, 154),
(137, 155),
(137, 156),
(137, 157),
(137, 158),
(137, 159),
(137, 160),
(137, 161),
(137, 162),
(137, 163),
(137, 164),
(137, 165),
(137, 166),
(137, 167),
(137, 168),
(137, 169),
(137, 170),
(137, 171),
(137, 172),
(137, 173),
(137, 174),
(137, 175),
(137, 176),
(137, 177),
(137, 178),
(137, 179),
(137, 181),
(137, 182),
(137, 183),
(137, 184),
(137, 185),
(137, 186),
(137, 187),
(137, 188),
(137, 189),
(137, 190),
(137, 191),
(137, 192),
(137, 193),
(137, 194),
(137, 195),
(137, 196),
(137, 197),
(137, 198),
(137, 199),
(137, 200),
(137, 201),
(137, 202),
(137, 203),
(137, 204),
(137, 205),
(137, 206),
(137, 207),
(137, 208),
(137, 209),
(137, 210),
(137, 211),
(137, 212),
(137, 213),
(137, 214),
(137, 215),
(137, 216),
(137, 217),
(137, 218),
(137, 219),
(137, 220),
(137, 221),
(137, 222),
(137, 223),
(137, 224),
(137, 225),
(137, 226),
(137, 229),
(137, 230),
(137, 231),
(137, 232),
(137, 233),
(137, 234),
(137, 236),
(137, 237),
(137, 238),
(137, 239),
(137, 240),
(137, 241),
(137, 242),
(137, 243),
(137, 244),
(137, 245),
(137, 246),
(137, 247),
(138, 1),
(138, 2),
(138, 3),
(138, 4),
(138, 5),
(138, 6),
(138, 7),
(138, 8),
(138, 9),
(138, 10),
(138, 11),
(138, 12),
(138, 13),
(138, 14),
(138, 15),
(138, 16),
(138, 17),
(138, 18),
(138, 19),
(138, 20),
(138, 21),
(138, 22),
(138, 23),
(138, 24),
(138, 25),
(138, 26),
(138, 27),
(138, 28),
(138, 29),
(138, 30),
(138, 31),
(138, 32),
(138, 33),
(138, 34),
(138, 35),
(138, 36),
(138, 37),
(138, 38),
(138, 39),
(138, 40),
(138, 41),
(138, 42),
(138, 43),
(138, 44),
(138, 45),
(138, 46),
(138, 47),
(138, 48),
(138, 49),
(138, 50),
(138, 51),
(138, 52),
(138, 53),
(138, 54),
(138, 55),
(138, 56),
(138, 57),
(138, 58),
(138, 59),
(138, 60),
(138, 61),
(138, 62),
(138, 63),
(138, 64),
(138, 65),
(138, 66),
(138, 67),
(138, 68),
(138, 69),
(138, 70),
(138, 71),
(138, 72),
(138, 73),
(138, 74),
(138, 76),
(138, 77),
(138, 78),
(138, 79),
(138, 80),
(138, 81),
(138, 82),
(138, 83),
(138, 84),
(138, 85),
(138, 86),
(138, 87),
(138, 88),
(138, 89),
(138, 90),
(138, 91),
(138, 92),
(138, 93),
(138, 94),
(138, 95),
(138, 96),
(138, 97),
(138, 98),
(138, 99),
(138, 100),
(138, 101),
(138, 102),
(138, 103),
(138, 104),
(138, 105),
(138, 106),
(138, 107),
(138, 108),
(138, 109),
(138, 110),
(138, 111),
(138, 112),
(138, 113),
(138, 114),
(138, 115),
(138, 116),
(138, 117),
(138, 118),
(138, 119),
(138, 120),
(138, 121),
(138, 122),
(138, 123),
(138, 124),
(138, 125),
(138, 126),
(138, 127),
(138, 128),
(138, 129),
(138, 130),
(138, 131),
(138, 132),
(138, 133),
(138, 134),
(138, 135),
(138, 136),
(138, 137),
(138, 138),
(138, 139),
(138, 140),
(138, 141),
(138, 142),
(138, 143),
(138, 144),
(138, 145),
(138, 146),
(138, 147),
(138, 148),
(138, 149),
(138, 150),
(138, 151),
(138, 152),
(138, 153),
(138, 154),
(138, 155),
(138, 156),
(138, 157),
(138, 158),
(138, 159),
(138, 160),
(138, 161),
(138, 162),
(138, 163),
(138, 164),
(138, 165),
(138, 166),
(138, 167),
(138, 168),
(138, 169),
(138, 170),
(138, 171),
(138, 172),
(138, 173),
(138, 174),
(138, 175),
(138, 176),
(138, 177),
(138, 178),
(138, 179),
(138, 181),
(138, 182),
(138, 183),
(138, 184),
(138, 185),
(138, 186),
(138, 187),
(138, 188),
(138, 189),
(138, 190),
(138, 191),
(138, 192),
(138, 193),
(138, 194),
(138, 195),
(138, 196),
(138, 197),
(138, 198),
(138, 199),
(138, 200),
(138, 201),
(138, 202),
(138, 203),
(138, 204),
(138, 205),
(138, 206),
(138, 207),
(138, 208),
(138, 209),
(138, 210),
(138, 211),
(138, 212),
(138, 213),
(138, 214),
(138, 215),
(138, 216),
(138, 217),
(138, 218),
(138, 219),
(138, 220),
(138, 221),
(138, 222),
(138, 223),
(138, 224),
(138, 225),
(138, 226),
(138, 229),
(138, 230),
(138, 231),
(138, 232),
(138, 233),
(138, 234),
(138, 236),
(138, 237),
(138, 238),
(138, 239),
(138, 240),
(138, 241),
(138, 242),
(138, 243),
(138, 244),
(138, 245),
(138, 246),
(138, 247),
(139, 1),
(139, 2),
(139, 3),
(139, 4),
(139, 5),
(139, 6),
(139, 7),
(139, 8),
(139, 9),
(139, 10),
(139, 11),
(139, 12),
(139, 13),
(139, 14),
(139, 15),
(139, 16),
(139, 17),
(139, 18),
(139, 19),
(139, 20),
(139, 21),
(139, 22),
(139, 23),
(139, 24),
(139, 25),
(139, 26),
(139, 27),
(139, 28),
(139, 29),
(139, 30),
(139, 31),
(139, 32),
(139, 33),
(139, 34),
(139, 35),
(139, 36),
(139, 37),
(139, 38),
(139, 39),
(139, 40),
(139, 41),
(139, 42),
(139, 43),
(139, 44),
(139, 45),
(139, 46),
(139, 47),
(139, 48),
(139, 49),
(139, 50),
(139, 51),
(139, 52),
(139, 53),
(139, 54),
(139, 55),
(139, 56),
(139, 57),
(139, 58),
(139, 59),
(139, 60),
(139, 61),
(139, 62),
(139, 63),
(139, 64),
(139, 65),
(139, 66),
(139, 67),
(139, 68),
(139, 69),
(139, 70),
(139, 71),
(139, 72),
(139, 73),
(139, 74),
(139, 76),
(139, 77),
(139, 78),
(139, 79),
(139, 80),
(139, 81),
(139, 82),
(139, 83),
(139, 84),
(139, 85),
(139, 86),
(139, 87),
(139, 88),
(139, 89),
(139, 90),
(139, 91),
(139, 92),
(139, 93),
(139, 94),
(139, 95),
(139, 96),
(139, 97),
(139, 98),
(139, 99),
(139, 100),
(139, 101),
(139, 102),
(139, 103),
(139, 104),
(139, 105),
(139, 106),
(139, 107),
(139, 108),
(139, 109),
(139, 110),
(139, 111),
(139, 112),
(139, 113),
(139, 114),
(139, 115),
(139, 116),
(139, 117),
(139, 118),
(139, 119),
(139, 120),
(139, 121),
(139, 122),
(139, 123),
(139, 124),
(139, 125),
(139, 126),
(139, 127),
(139, 128),
(139, 129),
(139, 130),
(139, 131),
(139, 132),
(139, 133),
(139, 134),
(139, 135),
(139, 136),
(139, 137),
(139, 138),
(139, 139),
(139, 140),
(139, 141),
(139, 142),
(139, 143),
(139, 144),
(139, 145),
(139, 146),
(139, 147),
(139, 148),
(139, 149),
(139, 150),
(139, 151),
(139, 152),
(139, 153),
(139, 154),
(139, 155),
(139, 156),
(139, 157),
(139, 158),
(139, 159),
(139, 160),
(139, 161),
(139, 162),
(139, 163),
(139, 164),
(139, 165),
(139, 166),
(139, 167),
(139, 168),
(139, 169),
(139, 170),
(139, 171),
(139, 172),
(139, 173),
(139, 174),
(139, 175),
(139, 176),
(139, 177),
(139, 178),
(139, 179),
(139, 181),
(139, 182),
(139, 183),
(139, 184),
(139, 185),
(139, 186),
(139, 187),
(139, 188),
(139, 189),
(139, 190),
(139, 191),
(139, 192),
(139, 193),
(139, 194),
(139, 195),
(139, 196),
(139, 197),
(139, 198),
(139, 199),
(139, 200),
(139, 201),
(139, 202),
(139, 203),
(139, 204),
(139, 205),
(139, 206),
(139, 207),
(139, 208),
(139, 209),
(139, 210),
(139, 211),
(139, 212),
(139, 213),
(139, 214),
(139, 215),
(139, 216),
(139, 217),
(139, 218),
(139, 219),
(139, 220),
(139, 221),
(139, 222),
(139, 223),
(139, 224),
(139, 225),
(139, 226),
(139, 229),
(139, 230),
(139, 231),
(139, 232),
(139, 233),
(139, 234),
(139, 236),
(139, 237),
(139, 238),
(139, 239),
(139, 240),
(139, 241),
(139, 242),
(139, 243),
(139, 244),
(139, 245),
(139, 246),
(139, 247),
(140, 1),
(140, 2),
(140, 3),
(140, 4),
(140, 5),
(140, 6),
(140, 7),
(140, 8),
(140, 9),
(140, 10),
(140, 11),
(140, 12),
(140, 13),
(140, 14),
(140, 15),
(140, 16),
(140, 17),
(140, 18),
(140, 19),
(140, 20),
(140, 21),
(140, 22),
(140, 23),
(140, 24),
(140, 25),
(140, 26),
(140, 27),
(140, 28),
(140, 29),
(140, 30),
(140, 31),
(140, 32),
(140, 33),
(140, 34),
(140, 35),
(140, 36),
(140, 37),
(140, 38),
(140, 39),
(140, 40),
(140, 41),
(140, 42),
(140, 43),
(140, 44),
(140, 45),
(140, 46),
(140, 47),
(140, 48),
(140, 49),
(140, 50),
(140, 51),
(140, 52),
(140, 53),
(140, 54),
(140, 55),
(140, 56),
(140, 57),
(140, 58),
(140, 59),
(140, 60),
(140, 61),
(140, 62),
(140, 63),
(140, 64),
(140, 65),
(140, 66),
(140, 67),
(140, 68),
(140, 69),
(140, 70),
(140, 71),
(140, 72),
(140, 73),
(140, 74),
(140, 76),
(140, 77),
(140, 78),
(140, 79),
(140, 80),
(140, 81),
(140, 82),
(140, 83),
(140, 84),
(140, 85),
(140, 86),
(140, 87),
(140, 88),
(140, 89),
(140, 90),
(140, 91),
(140, 92),
(140, 93),
(140, 94),
(140, 95),
(140, 96),
(140, 97),
(140, 98),
(140, 99),
(140, 100),
(140, 101),
(140, 102),
(140, 103),
(140, 104),
(140, 105),
(140, 106),
(140, 107),
(140, 108),
(140, 109),
(140, 110),
(140, 111),
(140, 112),
(140, 113),
(140, 114),
(140, 115),
(140, 116),
(140, 117),
(140, 118),
(140, 119),
(140, 120),
(140, 121),
(140, 122),
(140, 123),
(140, 124),
(140, 125),
(140, 126),
(140, 127),
(140, 128),
(140, 129),
(140, 130),
(140, 131),
(140, 132),
(140, 133),
(140, 134),
(140, 135),
(140, 136),
(140, 137),
(140, 138),
(140, 139),
(140, 140),
(140, 141),
(140, 142),
(140, 143),
(140, 144),
(140, 145),
(140, 146),
(140, 147),
(140, 148),
(140, 149),
(140, 150),
(140, 151),
(140, 152),
(140, 153),
(140, 154),
(140, 155),
(140, 156),
(140, 157),
(140, 158),
(140, 159),
(140, 160),
(140, 161),
(140, 162),
(140, 163),
(140, 164),
(140, 165),
(140, 166),
(140, 167),
(140, 168),
(140, 169),
(140, 170),
(140, 171),
(140, 172),
(140, 173),
(140, 174),
(140, 175),
(140, 176),
(140, 177),
(140, 178),
(140, 179),
(140, 181),
(140, 182),
(140, 183),
(140, 184),
(140, 185),
(140, 186),
(140, 187),
(140, 188),
(140, 189),
(140, 190),
(140, 191),
(140, 192),
(140, 193),
(140, 194),
(140, 195),
(140, 196),
(140, 197),
(140, 198),
(140, 199),
(140, 200),
(140, 201),
(140, 202),
(140, 203),
(140, 204),
(140, 205),
(140, 206),
(140, 207),
(140, 208),
(140, 209),
(140, 210),
(140, 211),
(140, 212),
(140, 213),
(140, 214),
(140, 215),
(140, 216),
(140, 217),
(140, 218),
(140, 219),
(140, 220),
(140, 221),
(140, 222),
(140, 223),
(140, 224),
(140, 225),
(140, 226),
(140, 229),
(140, 230),
(140, 231),
(140, 232),
(140, 233),
(140, 234),
(140, 236),
(140, 237),
(140, 238),
(140, 239),
(140, 240),
(140, 241),
(140, 242),
(140, 243),
(140, 244),
(140, 245),
(140, 246),
(140, 247),
(141, 1),
(141, 2),
(141, 3),
(141, 4),
(141, 5),
(141, 6),
(141, 7),
(141, 8),
(141, 9),
(141, 10),
(141, 11),
(141, 12),
(141, 13),
(141, 14),
(141, 15),
(141, 16),
(141, 17),
(141, 18),
(141, 19),
(141, 20),
(141, 21),
(141, 22),
(141, 23),
(141, 24),
(141, 25),
(141, 26),
(141, 27),
(141, 28),
(141, 29),
(141, 30),
(141, 31),
(141, 32),
(141, 33),
(141, 34),
(141, 35),
(141, 36),
(141, 37),
(141, 38),
(141, 39),
(141, 40),
(141, 41),
(141, 42),
(141, 43),
(141, 44),
(141, 45),
(141, 46),
(141, 47),
(141, 48),
(141, 49),
(141, 50),
(141, 51),
(141, 52),
(141, 53),
(141, 54),
(141, 55),
(141, 56),
(141, 57),
(141, 58),
(141, 59),
(141, 60),
(141, 61),
(141, 62),
(141, 63),
(141, 64),
(141, 65),
(141, 66),
(141, 67),
(141, 68),
(141, 69),
(141, 70),
(141, 71),
(141, 72),
(141, 73),
(141, 74),
(141, 76),
(141, 77),
(141, 78),
(141, 79),
(141, 80),
(141, 81),
(141, 82),
(141, 83),
(141, 84),
(141, 85),
(141, 86),
(141, 87),
(141, 88),
(141, 89),
(141, 90),
(141, 91),
(141, 92),
(141, 93),
(141, 94),
(141, 95),
(141, 96),
(141, 97),
(141, 98),
(141, 99),
(141, 100),
(141, 101),
(141, 102),
(141, 103),
(141, 104),
(141, 105),
(141, 106),
(141, 107),
(141, 108),
(141, 109),
(141, 110),
(141, 111),
(141, 112),
(141, 113),
(141, 114),
(141, 115),
(141, 116),
(141, 117),
(141, 118),
(141, 119),
(141, 120),
(141, 121),
(141, 122),
(141, 123),
(141, 124),
(141, 125),
(141, 126),
(141, 127),
(141, 128),
(141, 129),
(141, 130),
(141, 131),
(141, 132),
(141, 133),
(141, 134),
(141, 135),
(141, 136),
(141, 137),
(141, 138),
(141, 139),
(141, 140),
(141, 141),
(141, 142),
(141, 143),
(141, 144),
(141, 145),
(141, 146),
(141, 147),
(141, 148),
(141, 149),
(141, 150),
(141, 151),
(141, 152),
(141, 153),
(141, 154),
(141, 155),
(141, 156),
(141, 157),
(141, 158),
(141, 159),
(141, 160),
(141, 161),
(141, 162),
(141, 163),
(141, 164),
(141, 165),
(141, 166),
(141, 167),
(141, 168),
(141, 169),
(141, 170),
(141, 171),
(141, 172),
(141, 173),
(141, 174),
(141, 175),
(141, 176),
(141, 177),
(141, 178),
(141, 179),
(141, 181),
(141, 182),
(141, 183),
(141, 184),
(141, 185),
(141, 186),
(141, 187),
(141, 188),
(141, 189),
(141, 190),
(141, 191),
(141, 192),
(141, 193),
(141, 194),
(141, 195),
(141, 196),
(141, 197),
(141, 198),
(141, 199),
(141, 200),
(141, 201),
(141, 202),
(141, 203),
(141, 204),
(141, 205),
(141, 206),
(141, 207),
(141, 208),
(141, 209),
(141, 210),
(141, 211),
(141, 212),
(141, 213),
(141, 214),
(141, 215),
(141, 216),
(141, 217),
(141, 218),
(141, 219),
(141, 220),
(141, 221),
(141, 222),
(141, 223),
(141, 224),
(141, 225),
(141, 226),
(141, 229),
(141, 230),
(141, 231),
(141, 232),
(141, 233),
(141, 234),
(141, 236),
(141, 237),
(141, 238),
(141, 239),
(141, 240),
(141, 241),
(141, 242),
(141, 243),
(141, 244),
(141, 245),
(141, 246),
(141, 247),
(142, 1),
(142, 2),
(142, 3),
(142, 4),
(142, 5),
(142, 6),
(142, 7),
(142, 8),
(142, 9),
(142, 10),
(142, 11),
(142, 12),
(142, 13),
(142, 14),
(142, 15),
(142, 16),
(142, 17),
(142, 18),
(142, 19),
(142, 20),
(142, 21),
(142, 22),
(142, 23),
(142, 24),
(142, 25),
(142, 26),
(142, 27),
(142, 28),
(142, 29),
(142, 30),
(142, 31),
(142, 32),
(142, 33),
(142, 34),
(142, 35),
(142, 36),
(142, 37),
(142, 38),
(142, 39),
(142, 40),
(142, 41),
(142, 42),
(142, 43),
(142, 44),
(142, 45),
(142, 46),
(142, 47),
(142, 48),
(142, 49),
(142, 50),
(142, 51),
(142, 52),
(142, 53),
(142, 54),
(142, 55),
(142, 56),
(142, 57),
(142, 58),
(142, 59),
(142, 60),
(142, 61),
(142, 62),
(142, 63),
(142, 64),
(142, 65),
(142, 66),
(142, 67),
(142, 68),
(142, 69),
(142, 70),
(142, 71),
(142, 72),
(142, 73),
(142, 74),
(142, 76),
(142, 77),
(142, 78),
(142, 79),
(142, 80),
(142, 81),
(142, 82),
(142, 83),
(142, 84),
(142, 85),
(142, 86),
(142, 87),
(142, 88),
(142, 89),
(142, 90),
(142, 91),
(142, 92),
(142, 93),
(142, 94),
(142, 95),
(142, 96),
(142, 97),
(142, 98),
(142, 99),
(142, 100),
(142, 101),
(142, 102),
(142, 103),
(142, 104),
(142, 105),
(142, 106),
(142, 107),
(142, 108),
(142, 109),
(142, 110),
(142, 111),
(142, 112),
(142, 113),
(142, 114),
(142, 115),
(142, 116),
(142, 117),
(142, 118),
(142, 119),
(142, 120),
(142, 121),
(142, 122),
(142, 123),
(142, 124),
(142, 125),
(142, 126),
(142, 127),
(142, 128),
(142, 129),
(142, 130),
(142, 131),
(142, 132),
(142, 133),
(142, 134),
(142, 135),
(142, 136),
(142, 137),
(142, 138),
(142, 139),
(142, 140),
(142, 141),
(142, 142),
(142, 143),
(142, 144),
(142, 145),
(142, 146),
(142, 147),
(142, 148),
(142, 149),
(142, 150),
(142, 151),
(142, 152),
(142, 153),
(142, 154),
(142, 155),
(142, 156),
(142, 157),
(142, 158),
(142, 159),
(142, 160),
(142, 161),
(142, 162),
(142, 163),
(142, 164),
(142, 165),
(142, 166),
(142, 167),
(142, 168),
(142, 169),
(142, 170),
(142, 171),
(142, 172),
(142, 173),
(142, 174),
(142, 175),
(142, 176),
(142, 177),
(142, 178),
(142, 179),
(142, 181),
(142, 182),
(142, 183),
(142, 184),
(142, 185),
(142, 186),
(142, 187),
(142, 188),
(142, 189),
(142, 190),
(142, 191),
(142, 192),
(142, 193),
(142, 194),
(142, 195),
(142, 196),
(142, 197),
(142, 198),
(142, 199),
(142, 200),
(142, 201),
(142, 202),
(142, 203),
(142, 204),
(142, 205),
(142, 206),
(142, 207),
(142, 208),
(142, 209),
(142, 210),
(142, 211),
(142, 212),
(142, 213),
(142, 214),
(142, 215),
(142, 216),
(142, 217),
(142, 218),
(142, 219),
(142, 220),
(142, 221),
(142, 222),
(142, 223),
(142, 224),
(142, 225),
(142, 226),
(142, 229),
(142, 230),
(142, 231),
(142, 232),
(142, 233),
(142, 234),
(142, 236),
(142, 237),
(142, 238),
(142, 239),
(142, 240),
(142, 241),
(142, 242),
(142, 243),
(142, 244),
(142, 245),
(142, 246),
(142, 247),
(143, 1),
(143, 2),
(143, 3),
(143, 4),
(143, 5),
(143, 6),
(143, 7),
(143, 8),
(143, 9),
(143, 10),
(143, 11),
(143, 12),
(143, 13),
(143, 14),
(143, 15),
(143, 16),
(143, 17),
(143, 18),
(143, 19),
(143, 20),
(143, 21),
(143, 22),
(143, 23),
(143, 24),
(143, 25),
(143, 26),
(143, 27),
(143, 28),
(143, 29),
(143, 30),
(143, 31),
(143, 32),
(143, 33),
(143, 34),
(143, 35),
(143, 36),
(143, 37),
(143, 38),
(143, 39),
(143, 40),
(143, 41),
(143, 42),
(143, 43),
(143, 44),
(143, 45),
(143, 46),
(143, 47),
(143, 48),
(143, 49),
(143, 50),
(143, 51),
(143, 52),
(143, 53),
(143, 54),
(143, 55),
(143, 56),
(143, 57),
(143, 58),
(143, 59),
(143, 60),
(143, 61),
(143, 62),
(143, 63),
(143, 64),
(143, 65),
(143, 66),
(143, 67),
(143, 68),
(143, 69),
(143, 70),
(143, 71),
(143, 72),
(143, 73),
(143, 74),
(143, 76),
(143, 77),
(143, 78),
(143, 79),
(143, 80),
(143, 81),
(143, 82),
(143, 83),
(143, 84),
(143, 85),
(143, 86),
(143, 87),
(143, 88),
(143, 89),
(143, 90),
(143, 91),
(143, 92),
(143, 93),
(143, 94),
(143, 95),
(143, 96),
(143, 97),
(143, 98),
(143, 99),
(143, 100),
(143, 101),
(143, 102),
(143, 103),
(143, 104),
(143, 105),
(143, 106),
(143, 107),
(143, 108),
(143, 109),
(143, 110),
(143, 111),
(143, 112),
(143, 113),
(143, 114),
(143, 115),
(143, 116),
(143, 117),
(143, 118),
(143, 119),
(143, 120),
(143, 121),
(143, 122),
(143, 123),
(143, 124),
(143, 125),
(143, 126),
(143, 127),
(143, 128),
(143, 129),
(143, 130),
(143, 131),
(143, 132),
(143, 133),
(143, 134),
(143, 135),
(143, 136),
(143, 137),
(143, 138),
(143, 139),
(143, 140),
(143, 141),
(143, 142),
(143, 143),
(143, 144),
(143, 145),
(143, 146),
(143, 147),
(143, 148),
(143, 149),
(143, 150),
(143, 151),
(143, 152),
(143, 153),
(143, 154),
(143, 155),
(143, 156),
(143, 157),
(143, 158),
(143, 159),
(143, 160),
(143, 161),
(143, 162),
(143, 163),
(143, 164),
(143, 165),
(143, 166),
(143, 167),
(143, 168),
(143, 169),
(143, 170),
(143, 171),
(143, 172),
(143, 173),
(143, 174),
(143, 175),
(143, 176),
(143, 177),
(143, 178),
(143, 179),
(143, 181),
(143, 182),
(143, 183),
(143, 184),
(143, 185),
(143, 186),
(143, 187),
(143, 188),
(143, 189),
(143, 190),
(143, 191),
(143, 192),
(143, 193),
(143, 194),
(143, 195),
(143, 196),
(143, 197),
(143, 198),
(143, 199),
(143, 200),
(143, 201),
(143, 202),
(143, 203),
(143, 204),
(143, 205),
(143, 206),
(143, 207),
(143, 208),
(143, 209),
(143, 210),
(143, 211),
(143, 212),
(143, 213),
(143, 214),
(143, 215),
(143, 216),
(143, 217),
(143, 218),
(143, 219),
(143, 220),
(143, 221),
(143, 222),
(143, 223),
(143, 224),
(143, 225),
(143, 226),
(143, 229),
(143, 230),
(143, 231),
(143, 232),
(143, 233),
(143, 234),
(143, 236),
(143, 237),
(143, 238),
(143, 239),
(143, 240),
(143, 241),
(143, 242),
(143, 243),
(143, 244),
(143, 245),
(143, 246),
(143, 247),
(144, 1),
(144, 2),
(144, 3),
(144, 4),
(144, 5),
(144, 6),
(144, 7),
(144, 8),
(144, 9),
(144, 10),
(144, 11),
(144, 12),
(144, 13),
(144, 14),
(144, 15),
(144, 16),
(144, 17),
(144, 18),
(144, 19),
(144, 20),
(144, 21),
(144, 22),
(144, 23),
(144, 24),
(144, 25),
(144, 26),
(144, 27),
(144, 28),
(144, 29),
(144, 30),
(144, 31),
(144, 32),
(144, 33),
(144, 34),
(144, 35),
(144, 36),
(144, 37),
(144, 38),
(144, 39),
(144, 40),
(144, 41),
(144, 42),
(144, 43),
(144, 44),
(144, 45),
(144, 46),
(144, 47),
(144, 48),
(144, 49),
(144, 50),
(144, 51),
(144, 52),
(144, 53),
(144, 54),
(144, 55),
(144, 56),
(144, 57),
(144, 58),
(144, 59),
(144, 60),
(144, 61),
(144, 62),
(144, 63),
(144, 64),
(144, 65),
(144, 66),
(144, 67),
(144, 68),
(144, 69),
(144, 70),
(144, 71),
(144, 72),
(144, 73),
(144, 74),
(144, 76),
(144, 77),
(144, 78),
(144, 79),
(144, 80),
(144, 81),
(144, 82),
(144, 83),
(144, 84),
(144, 85),
(144, 86),
(144, 87),
(144, 88),
(144, 89),
(144, 90),
(144, 91),
(144, 92),
(144, 93),
(144, 94),
(144, 95),
(144, 96),
(144, 97),
(144, 98),
(144, 99),
(144, 100),
(144, 101),
(144, 102),
(144, 103),
(144, 104),
(144, 105),
(144, 106),
(144, 107),
(144, 108),
(144, 109),
(144, 110),
(144, 111),
(144, 112),
(144, 113),
(144, 114),
(144, 115),
(144, 116),
(144, 117),
(144, 118),
(144, 119),
(144, 120),
(144, 121),
(144, 122),
(144, 123),
(144, 124),
(144, 125),
(144, 126),
(144, 127),
(144, 128),
(144, 129),
(144, 130),
(144, 131),
(144, 132),
(144, 133),
(144, 134),
(144, 135),
(144, 136),
(144, 137),
(144, 138),
(144, 139),
(144, 140),
(144, 141),
(144, 142),
(144, 143),
(144, 144),
(144, 145),
(144, 146),
(144, 147),
(144, 148),
(144, 149),
(144, 150),
(144, 151),
(144, 152),
(144, 153),
(144, 154),
(144, 155),
(144, 156),
(144, 157),
(144, 158),
(144, 159),
(144, 160),
(144, 161),
(144, 162),
(144, 163),
(144, 164),
(144, 165),
(144, 166),
(144, 167),
(144, 168),
(144, 169),
(144, 170),
(144, 171),
(144, 172),
(144, 173),
(144, 174),
(144, 175),
(144, 176),
(144, 177),
(144, 178),
(144, 179),
(144, 181),
(144, 182),
(144, 183),
(144, 184),
(144, 185),
(144, 186),
(144, 187),
(144, 188),
(144, 189),
(144, 190),
(144, 191),
(144, 192),
(144, 193),
(144, 194),
(144, 195),
(144, 196),
(144, 197),
(144, 198),
(144, 199),
(144, 200),
(144, 201),
(144, 202),
(144, 203),
(144, 204),
(144, 205),
(144, 206),
(144, 207),
(144, 208),
(144, 209),
(144, 210),
(144, 211),
(144, 212),
(144, 213),
(144, 214),
(144, 215),
(144, 216),
(144, 217),
(144, 218),
(144, 219),
(144, 220),
(144, 221),
(144, 222),
(144, 223),
(144, 224),
(144, 225),
(144, 226),
(144, 229),
(144, 230),
(144, 231),
(144, 232),
(144, 233),
(144, 234),
(144, 236),
(144, 237),
(144, 238),
(144, 239),
(144, 240),
(144, 241),
(144, 242),
(144, 243),
(144, 244),
(144, 245),
(144, 246),
(144, 247),
(145, 1),
(145, 2),
(145, 3),
(145, 4),
(145, 5),
(145, 6),
(145, 7),
(145, 8),
(145, 9),
(145, 10),
(145, 11),
(145, 12),
(145, 13),
(145, 14),
(145, 15),
(145, 16),
(145, 17),
(145, 18),
(145, 19),
(145, 20),
(145, 21),
(145, 22),
(145, 23),
(145, 24),
(145, 25),
(145, 26),
(145, 27),
(145, 28),
(145, 29),
(145, 30),
(145, 31),
(145, 32),
(145, 33),
(145, 34),
(145, 35),
(145, 36),
(145, 37),
(145, 38),
(145, 39),
(145, 40),
(145, 41),
(145, 42),
(145, 43),
(145, 44),
(145, 45),
(145, 46),
(145, 47),
(145, 48),
(145, 49),
(145, 50),
(145, 51),
(145, 52),
(145, 53),
(145, 54),
(145, 55),
(145, 56),
(145, 57),
(145, 58),
(145, 59),
(145, 60),
(145, 61),
(145, 62),
(145, 63),
(145, 64),
(145, 65),
(145, 66),
(145, 67),
(145, 68),
(145, 69),
(145, 70),
(145, 71),
(145, 72),
(145, 73),
(145, 74),
(145, 76),
(145, 77),
(145, 78),
(145, 79),
(145, 80),
(145, 81),
(145, 82),
(145, 83),
(145, 84),
(145, 85),
(145, 86),
(145, 87),
(145, 88),
(145, 89),
(145, 90),
(145, 91),
(145, 92),
(145, 93),
(145, 94),
(145, 95),
(145, 96),
(145, 97),
(145, 98),
(145, 99),
(145, 100),
(145, 101),
(145, 102),
(145, 103),
(145, 104),
(145, 105),
(145, 106),
(145, 107),
(145, 108),
(145, 109),
(145, 110),
(145, 111),
(145, 112),
(145, 113),
(145, 114),
(145, 115),
(145, 116),
(145, 117),
(145, 118),
(145, 119),
(145, 120),
(145, 121),
(145, 122),
(145, 123),
(145, 124),
(145, 125),
(145, 126),
(145, 127),
(145, 128),
(145, 129),
(145, 130),
(145, 131),
(145, 132),
(145, 133),
(145, 134),
(145, 135),
(145, 136),
(145, 137),
(145, 138),
(145, 139),
(145, 140),
(145, 141),
(145, 142),
(145, 143),
(145, 144),
(145, 145),
(145, 146),
(145, 147),
(145, 148),
(145, 149),
(145, 150),
(145, 151),
(145, 152),
(145, 153),
(145, 154),
(145, 155),
(145, 156),
(145, 157),
(145, 158),
(145, 159),
(145, 160),
(145, 161),
(145, 162),
(145, 163),
(145, 164),
(145, 165),
(145, 166),
(145, 167),
(145, 168),
(145, 169),
(145, 170),
(145, 171),
(145, 172),
(145, 173),
(145, 174),
(145, 175),
(145, 176),
(145, 177),
(145, 178),
(145, 179),
(145, 181),
(145, 182),
(145, 183),
(145, 184),
(145, 185),
(145, 186),
(145, 187),
(145, 188),
(145, 189),
(145, 190),
(145, 191),
(145, 192),
(145, 193),
(145, 194),
(145, 195),
(145, 196),
(145, 197),
(145, 198),
(145, 199),
(145, 200),
(145, 201),
(145, 202),
(145, 203),
(145, 204),
(145, 205),
(145, 206),
(145, 207),
(145, 208),
(145, 209),
(145, 210),
(145, 211),
(145, 212),
(145, 213),
(145, 214),
(145, 215),
(145, 216),
(145, 217),
(145, 218),
(145, 219),
(145, 220),
(145, 221),
(145, 222),
(145, 223),
(145, 224),
(145, 225),
(145, 226),
(145, 229),
(145, 230),
(145, 231),
(145, 232),
(145, 233),
(145, 234),
(145, 236),
(145, 237),
(145, 238),
(145, 239),
(145, 240),
(145, 241),
(145, 242),
(145, 243),
(145, 244),
(145, 245),
(145, 246),
(145, 247);

CREATE TABLE `va_shipping_types_sites` (
  `shipping_type_id` int(11) NOT NULL DEFAULT '0',
  `site_id` int(11) NOT NULL DEFAULT '0',
  PRIMARY KEY (`shipping_type_id`,`site_id`)
) ENGINE=MyISAM DEFAULT CHARSET=utf8;


CREATE TABLE `va_shipping_types_states` (
  `shipping_type_id` int(11) NOT NULL DEFAULT '0',
  `state_id` int(11) NOT NULL DEFAULT '0',
  PRIMARY KEY (`shipping_type_id`,`state_id`)
) ENGINE=MyISAM DEFAULT CHARSET=utf8;


CREATE TABLE `va_shipping_types_users` (
  `shipping_type_id` int(11) DEFAULT '0',
  `user_type_id` int(11) DEFAULT '0',
  KEY `shipping_type_id` (`shipping_type_id`),
  KEY `user_type_id` (`user_type_id`)
) ENGINE=MyISAM DEFAULT CHARSET=utf8;


CREATE TABLE `va_sites` (
  `site_id` int(11) NOT NULL AUTO_INCREMENT,
  `parent_site_id` int(11) DEFAULT NULL,
  `is_mobile` tinyint(4) DEFAULT '0',
  `is_mobile_redirect` tinyint(4) DEFAULT '0',
  `site_name` varchar(255) DEFAULT NULL,
  `site_description` text,
  PRIMARY KEY (`site_id`)
) ENGINE=MyISAM  DEFAULT CHARSET=utf8 AUTO_INCREMENT=2 ;

INSERT INTO `va_sites` (`site_id`, `parent_site_id`, `is_mobile`, `is_mobile_redirect`, `site_name`, `site_description`) VALUES
(1, NULL, 0, 0, '41re', NULL);

CREATE TABLE `va_sliders` (
  `slider_id` int(11) NOT NULL AUTO_INCREMENT,
  `slider_name` varchar(64) DEFAULT NULL,
  `slider_title` varchar(255) DEFAULT NULL,
  `slider_height` varchar(16) DEFAULT NULL,
  `slider_width` varchar(16) DEFAULT NULL,
  PRIMARY KEY (`slider_id`)
) ENGINE=MyISAM  DEFAULT CHARSET=utf8 AUTO_INCREMENT=2 ;

INSERT INTO `va_sliders` (`slider_id`, `slider_name`, `slider_title`, `slider_height`, `slider_width`) VALUES
(1, 'Слайдер Хиты продаж', NULL, '5cm', '10cm');

CREATE TABLE `va_sliders_items` (
  `item_id` int(11) NOT NULL AUTO_INCREMENT,
  `slider_id` int(11) NOT NULL DEFAULT '0',
  `show_for_user` tinyint(4) DEFAULT '1',
  `item_order` int(11) DEFAULT '0',
  `item_name` varchar(255) DEFAULT NULL,
  `slider_image` varchar(255) DEFAULT NULL,
  `slider_link` varchar(255) DEFAULT NULL,
  `slider_html` text,
  PRIMARY KEY (`item_id`),
  KEY `slider_id` (`slider_id`)
) ENGINE=MyISAM  DEFAULT CHARSET=utf8 AUTO_INCREMENT=5 ;

INSERT INTO `va_sliders_items` (`item_id`, `slider_id`, `show_for_user`, `item_order`, `item_name`, `slider_image`, `slider_link`, `slider_html`) VALUES
(1, 1, 1, 1, 'PANASONIC VIERA TX-LR42U20', 'images/big/PANASONIC_VIERA_TX-LR42U20.jpg', 'product_details.php?category_id=57&item_id=55', NULL),
(2, 1, 1, 2, 'Nikon D80', 'images/big/D80.jpg', 'product_details.php?category_id=55&item_id=18', NULL),
(3, 1, 1, 3, 'Sony NWZ-E454', 'images/big/Sony_NWZ-E454.jpg', 'product_details.php?category_id=58&item_id=35', NULL),
(4, 1, 1, 4, 'Видеокамера Canon VIXIA HF10', 'images/big/VIXIAHF10.jpg', 'product_details.php?category_id=56&item_id=15', NULL);

CREATE TABLE `va_states` (
  `state_id` int(11) NOT NULL AUTO_INCREMENT,
  `state_code` varchar(8) DEFAULT NULL,
  `country_id` int(11) DEFAULT '0',
  `state_name` varchar(64) NOT NULL,
  `show_for_user` tinyint(4) DEFAULT '1',
  PRIMARY KEY (`state_id`),
  KEY `state_code` (`state_code`),
  KEY `country_id` (`country_id`)
) ENGINE=MyISAM  DEFAULT CHARSET=utf8 AUTO_INCREMENT=141 ;

INSERT INTO `va_states` (`state_id`, `state_code`, `country_id`, `state_name`, `show_for_user`) VALUES
(52, '80', 188, 'Забайкальский край', 1),
(53, '01', 188, 'Адыгея (Адыгея) Республика', 1),
(54, '02', 188, 'Алтай Республика', 1),
(55, '22', 188, 'Алтайский край', 1),
(56, '28', 188, 'Амурская область', 1),
(57, '30', 188, 'Астраханская область', 1),
(58, '29', 188, 'Архангельская область', 1),
(59, '04', 188, 'Бурятия Республика', 1),
(60, '32', 188, 'Брянская область', 1),
(61, '31', 188, 'Белгородская область', 1),
(62, '03', 188, 'Башкортостан Республика', 1),
(63, '36', 188, 'Воронежская область', 1),
(64, '35', 188, 'Вологодская область', 1),
(65, '34', 188, 'Волгоградская область', 1),
(66, '33', 188, 'Владимирская область', 1),
(67, '05', 188, 'Дагестан Республика', 1),
(68, '79', 188, 'Еврейская автономная область', 1),
(69, '38', 188, 'Иркутская область', 1),
(70, '06', 188, 'Ингушетия Республика', 1),
(71, '37', 188, 'Ивановская область', 1),
(72, '39', 188, 'Калининградская область', 1),
(73, '07', 188, 'Кабардино-Балкарская Республика', 1),
(74, '08', 188, 'Калмыкия-Хальмг Тангч Республика', 1),
(75, '40', 188, 'Калужская область', 1),
(76, '41', 188, 'Камчатская область', 1),
(77, '09', 188, 'Карачаево-Черкесская Республика', 1),
(78, '10', 188, 'Карелия Республика', 1),
(79, '42', 188, 'Кемеровская область', 1),
(80, '43', 188, 'Кировская область', 1),
(81, '11', 188, 'Коми Республика', 1),
(82, '81', 188, 'Пермский край', 1),
(83, '82', 188, 'Камчатский край', 1),
(84, '44', 188, 'Костромская область', 1),
(85, '23', 188, 'Краснодарский край', 1),
(86, '24', 188, 'Красноярский край', 1),
(87, '45', 188, 'Курганская область', 1),
(88, '46', 188, 'Курская область', 1),
(89, '47', 188, 'Ленинградская область', 1),
(90, '48', 188, 'Липецкая область', 1),
(91, '49', 188, 'Магаданская область', 1),
(92, '12', 188, 'Марий Эл Республика', 1),
(93, '13', 188, 'Мордовия Республика', 1),
(94, '77', 188, 'Москва', 1),
(95, '50', 188, 'Московская область', 1),
(96, '51', 188, 'Мурманская область', 1),
(97, '83', 188, 'Ненецкий автономный округ', 1),
(98, '52', 188, 'Нижегородская область', 1),
(99, '53', 188, 'Новгородская область', 1),
(100, '54', 188, 'Новосибирская область', 1),
(101, '55', 188, 'Омская область', 1),
(102, '56', 188, 'Оренбургская область', 1),
(103, '57', 188, 'Орловская область', 1),
(104, '58', 188, 'Пензенская область', 1),
(105, '59', 188, 'Пермская область', 1),
(106, '25', 188, 'Приморский край', 1),
(107, '60', 188, 'Псковская область', 1),
(108, '61', 188, 'Ростовская область', 1),
(109, '62', 188, 'Рязанская область', 1),
(110, '63', 188, 'Самарская область', 1),
(111, '78', 188, 'Санкт-Петербург', 1),
(112, '64', 188, 'Саратовская область', 1),
(113, '14', 188, 'Саха (Якутия) Республика', 1),
(114, '65', 188, 'Сахалинская область', 1),
(115, '66', 188, 'Свердловская область', 1),
(116, '15', 188, 'Северная Осетия Республика', 1),
(117, '67', 188, 'Смоленская область', 1),
(118, '26', 188, 'Ставропольский край', 1),
(119, '84', 188, 'Таймырский (Долгано-Ненецкий) авт. округ', 1),
(120, '68', 188, 'Тамбовская область', 1),
(121, '16', 188, 'Татарстан (Татарстан) Республика', 1),
(122, '69', 188, 'Тверская область', 1),
(123, '70', 188, 'Томская область', 1),
(124, '71', 188, 'Тульская область', 1),
(125, '17', 188, 'Тыва (Тува) Республика', 1),
(126, '72', 188, 'Тюменская область', 1),
(127, '18', 188, 'Удмуртская Республика', 1),
(128, '73', 188, 'Ульяновская область', 1),
(129, '85', 188, 'Усть-Ордынский Бурятский АО', 1),
(130, '27', 188, 'Хабаровский край', 1),
(131, '19', 188, 'Хакасия Республика', 1),
(132, '86', 188, 'Ханты-Мансийский автономный округ', 1),
(133, '74', 188, 'Челябинская область', 1),
(134, '20', 188, 'Чеченская Республика', 1),
(136, '21', 188, 'Чувашская Республика - Чаваш Республики', 1),
(137, '87', 188, 'Чукотский автономный округ', 1),
(138, '88', 188, 'Красноярский край', 1),
(139, '89', 188, 'Ямало-Ненецкий автономный округ', 1),
(140, '76', 188, 'Ярославская область', 1);

CREATE TABLE `va_subscriptions` (
  `subscription_id` int(11) NOT NULL AUTO_INCREMENT,
  `group_id` int(11) DEFAULT '0',
  `user_type_id` int(11) DEFAULT '0',
  `subscription_name` varchar(255) DEFAULT NULL,
  `is_active` tinyint(4) DEFAULT '1',
  `is_default` tinyint(4) DEFAULT '0',
  `is_subscription_recurring` tinyint(4) DEFAULT '1',
  `subscription_fee` double(16,2) DEFAULT '0.00',
  `subscription_period` int(11) DEFAULT NULL,
  `subscription_interval` int(11) DEFAULT NULL,
  `subscription_suspend` int(11) DEFAULT '0',
  `subscription_points_type` tinyint(4) DEFAULT NULL,
  `subscription_points_amount` double(16,4) DEFAULT NULL,
  `subscription_credits_type` tinyint(4) DEFAULT NULL,
  `subscription_credits_amount` double(16,2) DEFAULT NULL,
  `subscription_affiliate_type` tinyint(4) DEFAULT NULL,
  `subscription_affiliate_amount` int(11) DEFAULT NULL,
  PRIMARY KEY (`subscription_id`),
  KEY `group_id` (`group_id`),
  KEY `user_type_id` (`user_type_id`)
) ENGINE=MyISAM DEFAULT CHARSET=utf8 AUTO_INCREMENT=1 ;


CREATE TABLE `va_subscriptions_groups` (
  `group_id` int(11) NOT NULL AUTO_INCREMENT,
  `group_name` varchar(255) DEFAULT NULL,
  `is_active` tinyint(4) DEFAULT '1',
  PRIMARY KEY (`group_id`)
) ENGINE=MyISAM DEFAULT CHARSET=utf8 AUTO_INCREMENT=1 ;


CREATE TABLE `va_suppliers` (
  `supplier_id` int(11) NOT NULL AUTO_INCREMENT,
  `supplier_order` int(11) DEFAULT '1',
  `supplier_name` varchar(255) DEFAULT NULL,
  `supplier_email` varchar(255) DEFAULT NULL,
  `short_description` text,
  `full_description` text,
  `image_small` varchar(255) DEFAULT NULL,
  `image_small_alt` varchar(255) DEFAULT NULL,
  `image_large` varchar(255) DEFAULT NULL,
  `image_large_alt` varchar(255) DEFAULT NULL,
  PRIMARY KEY (`supplier_id`)
) ENGINE=MyISAM DEFAULT CHARSET=utf8 AUTO_INCREMENT=1 ;


CREATE TABLE `va_support` (
  `support_id` int(11) NOT NULL AUTO_INCREMENT,
  `site_id` int(11) NOT NULL DEFAULT '1',
  `user_id` int(11) NOT NULL DEFAULT '0',
  `user_name` varchar(64) NOT NULL,
  `user_email` varchar(128) NOT NULL,
  `affiliate_code` varchar(64) DEFAULT NULL,
  `mail_cc` varchar(255) DEFAULT NULL,
  `mail_bcc` varchar(255) DEFAULT NULL,
  `mail_headers` text,
  `remote_address` varchar(32) DEFAULT NULL,
  `identifier` varchar(128) DEFAULT NULL,
  `environment` varchar(255) DEFAULT NULL,
  `support_product_id` int(11) NOT NULL DEFAULT '0',
  `support_type_id` int(11) NOT NULL DEFAULT '0',
  `dep_id` int(11) NOT NULL DEFAULT '0',
  `summary` varchar(255) NOT NULL,
  `description` text,
  `mail_body_text` text,
  `mail_body_html` text,
  `support_status_id` int(11) DEFAULT '0',
  `support_priority_id` int(11) DEFAULT '0',
  `admin_id_assign_to` int(11) NOT NULL DEFAULT '0',
  `admin_id_assign_by` int(11) NOT NULL DEFAULT '0',
  `admin_id_added_by` int(11) NOT NULL DEFAULT '0',
  `admin_id_modified_by` int(11) NOT NULL DEFAULT '0',
  `date_added` datetime NOT NULL,
  `date_modified` datetime NOT NULL,
  `date_viewed` datetime DEFAULT NULL,
  PRIMARY KEY (`support_id`),
  KEY `site_id` (`site_id`),
  KEY `user_id` (`user_id`),
  KEY `user_name` (`user_name`),
  KEY `user_email` (`user_email`),
  KEY `support_product_id` (`support_product_id`),
  KEY `support_type_id` (`support_type_id`),
  KEY `dep_id` (`dep_id`),
  KEY `summary` (`summary`),
  KEY `admin_id_assign_to` (`admin_id_assign_to`),
  KEY `admin_id_assign_by` (`admin_id_assign_by`),
  KEY `admin_id_added_by` (`admin_id_added_by`),
  KEY `admin_id_modified_by` (`admin_id_modified_by`),
  KEY `date_added` (`date_added`)
) ENGINE=MyISAM DEFAULT CHARSET=utf8 AUTO_INCREMENT=1 ;


CREATE TABLE `va_support_attachments` (
  `attachment_id` int(11) NOT NULL AUTO_INCREMENT,
  `support_id` int(11) NOT NULL DEFAULT '0',
  `message_id` int(11) DEFAULT '0',
  `admin_id` int(11) DEFAULT '0',
  `user_id` int(11) DEFAULT '0',
  `session_id` varchar(32) DEFAULT NULL,
  `attachment_status` int(11) DEFAULT '0',
  `file_name` varchar(255) DEFAULT NULL,
  `file_path` varchar(255) DEFAULT NULL,
  `date_added` datetime DEFAULT NULL,
  PRIMARY KEY (`attachment_id`),
  KEY `support_id` (`support_id`),
  KEY `message_id` (`message_id`),
  KEY `admin_id` (`admin_id`),
  KEY `user_id` (`user_id`),
  KEY `session_id` (`session_id`)
) ENGINE=MyISAM DEFAULT CHARSET=utf8 AUTO_INCREMENT=1 ;


CREATE TABLE `va_support_custom_properties` (
  `property_id` int(11) NOT NULL AUTO_INCREMENT,
  `site_id` int(11) DEFAULT '1',
  `property_order` int(11) DEFAULT '0',
  `property_name` varchar(255) DEFAULT NULL,
  `property_description` text,
  `default_value` text,
  `property_style` varchar(255) DEFAULT NULL,
  `section_id` int(11) DEFAULT '0',
  `property_show` tinyint(4) DEFAULT '0',
  `control_type` varchar(16) DEFAULT NULL,
  `control_style` varchar(255) DEFAULT NULL,
  `control_code` text,
  `onchange_code` text,
  `onclick_code` text,
  `required` tinyint(4) DEFAULT '0',
  `before_name_html` text,
  `after_name_html` text,
  `before_control_html` text,
  `after_control_html` text,
  `validation_regexp` text,
  `regexp_error` text,
  `options_values_sql` text,
  PRIMARY KEY (`property_id`),
  KEY `site_id` (`site_id`)
) ENGINE=MyISAM DEFAULT CHARSET=utf8 AUTO_INCREMENT=1 ;


CREATE TABLE `va_support_custom_values` (
  `property_value_id` int(11) NOT NULL AUTO_INCREMENT,
  `property_id` int(11) DEFAULT '0',
  `property_value` varchar(255) DEFAULT NULL,
  `hide_value` tinyint(4) DEFAULT '0',
  `is_default_value` tinyint(4) DEFAULT '0',
  PRIMARY KEY (`property_value_id`),
  KEY `property_id` (`property_id`)
) ENGINE=MyISAM DEFAULT CHARSET=utf8 AUTO_INCREMENT=1 ;


CREATE TABLE `va_support_departments` (
  `dep_id` int(11) NOT NULL AUTO_INCREMENT,
  `short_title` varchar(255) DEFAULT NULL,
  `full_title` varchar(255) DEFAULT NULL,
  `signature` text,
  `attachments_dir` varchar(255) DEFAULT NULL,
  `attachments_mask` text,
  `incoming_account` text,
  `incoming_type_id` int(11) DEFAULT '0',
  `incoming_product_id` int(11) DEFAULT '0',
  `outgoing_account` varchar(50) DEFAULT NULL,
  `show_for_user` tinyint(4) DEFAULT '1',
  `sites_all` tinyint(4) DEFAULT '1',
  PRIMARY KEY (`dep_id`),
  KEY `incoming_type_id` (`incoming_type_id`),
  KEY `incoming_product_id` (`incoming_product_id`),
  KEY `sites_all` (`sites_all`)
) ENGINE=MyISAM  DEFAULT CHARSET=utf8 AUTO_INCREMENT=2 ;

INSERT INTO `va_support_departments` (`dep_id`, `short_title`, `full_title`, `signature`, `attachments_dir`, `attachments_mask`, `incoming_account`, `incoming_type_id`, `incoming_product_id`, `outgoing_account`, `show_for_user`, `sites_all`) VALUES
(1, 'Служба Поддержки', 'Служба Поддержки Пользователей', NULL, NULL, NULL, 'support@your_site.com', NULL, NULL, 'support@your_site.com', 1, 1);

CREATE TABLE `va_support_departments_sites` (
  `dep_id` int(11) NOT NULL DEFAULT '0',
  `site_id` int(11) NOT NULL DEFAULT '0',
  PRIMARY KEY (`dep_id`,`site_id`)
) ENGINE=MyISAM DEFAULT CHARSET=utf8;


CREATE TABLE `va_support_messages` (
  `message_id` int(11) NOT NULL AUTO_INCREMENT,
  `support_id` int(11) NOT NULL DEFAULT '0',
  `internal` tinyint(4) NOT NULL DEFAULT '0',
  `dep_id` int(11) NOT NULL DEFAULT '0',
  `support_status_id` int(11) NOT NULL DEFAULT '0',
  `admin_id_assign_by` int(11) NOT NULL DEFAULT '0',
  `admin_id_assign_to` int(11) NOT NULL DEFAULT '0',
  `admin_id_modified_by` int(11) NOT NULL DEFAULT '0',
  `user_rating` tinyint(4) DEFAULT NULL,
  `user_rating_comments` varchar(128) DEFAULT NULL,
  `user_rating_id` int(11) DEFAULT NULL,
  `user_rating_ip` varchar(32) DEFAULT NULL,
  `admin_rating` tinyint(4) DEFAULT NULL,
  `admin_rating_comments` varchar(255) DEFAULT NULL,
  `admin_rating_id` int(11) DEFAULT NULL,
  `admin_rating_ip` varchar(32) DEFAULT NULL,
  `subject` varchar(255) DEFAULT NULL,
  `message_text` text,
  `mail_body_text` text,
  `mail_body_html` text,
  `reply_to` varchar(255) DEFAULT NULL,
  `reply_from` varchar(255) DEFAULT NULL,
  `mail_cc` varchar(255) DEFAULT NULL,
  `mail_headers` text,
  `date_added` datetime NOT NULL,
  `date_viewed` datetime DEFAULT NULL,
  `date_modified` datetime DEFAULT NULL,
  `is_user_reply` tinyint(4) DEFAULT '0',
  `is_html` tinyint(4) DEFAULT '0',
  PRIMARY KEY (`message_id`),
  KEY `support_id` (`support_id`),
  KEY `dep_id` (`dep_id`),
  KEY `support_status_id` (`support_status_id`),
  KEY `admin_id_assign_by` (`admin_id_assign_by`),
  KEY `admin_id_assign_to` (`admin_id_assign_to`),
  KEY `admin_id_modified_by` (`admin_id_modified_by`),
  KEY `date_added` (`date_added`)
) ENGINE=MyISAM DEFAULT CHARSET=utf8 AUTO_INCREMENT=1 ;


CREATE TABLE `va_support_predefined` (
  `reply_id` int(11) NOT NULL AUTO_INCREMENT,
  `type_id` int(11) DEFAULT '0',
  `subject` varchar(255) DEFAULT NULL,
  `body` text,
  `total_uses` int(11) DEFAULT '0',
  `admin_id_added_by` int(11) DEFAULT '0',
  `admin_id_modified_by` int(11) DEFAULT '0',
  `date_added` datetime DEFAULT NULL,
  `date_modified` datetime DEFAULT NULL,
  `last_updated` datetime DEFAULT NULL,
  PRIMARY KEY (`reply_id`),
  KEY `type_id` (`type_id`)
) ENGINE=MyISAM DEFAULT CHARSET=utf8 AUTO_INCREMENT=1 ;


CREATE TABLE `va_support_predefined_types` (
  `type_id` int(11) NOT NULL AUTO_INCREMENT,
  `type_name` varchar(64) DEFAULT NULL,
  PRIMARY KEY (`type_id`)
) ENGINE=MyISAM DEFAULT CHARSET=utf8 AUTO_INCREMENT=1 ;


CREATE TABLE `va_support_priorities` (
  `priority_id` int(11) NOT NULL AUTO_INCREMENT,
  `priority_name` varchar(255) NOT NULL,
  `priority_rank` int(11) DEFAULT '0',
  `admin_html` text,
  `is_default` tinyint(4) DEFAULT '0',
  PRIMARY KEY (`priority_id`)
) ENGINE=MyISAM  DEFAULT CHARSET=utf8 AUTO_INCREMENT=4 ;

INSERT INTO `va_support_priorities` (`priority_id`, `priority_name`, `priority_rank`, `admin_html`, `is_default`) VALUES
(1, 'Высокий', 1, '<img src="../images/high.gif" width="8" height="12" border="0">', 0),
(2, 'Нормальный', 2, NULL, 1),
(3, 'Низкий', 3, '<img src="../images/low.gif" width="8" height="12" border="0">', 0);

CREATE TABLE `va_support_products` (
  `product_id` int(11) NOT NULL AUTO_INCREMENT,
  `product_name` varchar(255) NOT NULL,
  `show_for_user` tinyint(4) DEFAULT '1',
  `sites_all` int(11) DEFAULT '1',
  PRIMARY KEY (`product_id`),
  KEY `sites_all` (`sites_all`)
) ENGINE=MyISAM DEFAULT CHARSET=utf8 AUTO_INCREMENT=1 ;


CREATE TABLE `va_support_products_sites` (
  `product_id` int(11) NOT NULL DEFAULT '0',
  `site_id` int(11) NOT NULL DEFAULT '0',
  PRIMARY KEY (`product_id`,`site_id`)
) ENGINE=MyISAM DEFAULT CHARSET=utf8;


CREATE TABLE `va_support_properties` (
  `support_property_id` int(11) NOT NULL AUTO_INCREMENT,
  `support_id` int(11) DEFAULT '0',
  `property_id` int(11) DEFAULT '0',
  `property_value` text,
  PRIMARY KEY (`support_property_id`),
  KEY `support_id` (`support_id`),
  KEY `property_id` (`property_id`)
) ENGINE=MyISAM DEFAULT CHARSET=utf8 AUTO_INCREMENT=1 ;


CREATE TABLE `va_support_statuses` (
  `status_id` int(11) NOT NULL AUTO_INCREMENT,
  `status_name` varchar(255) NOT NULL,
  `show_for_user` tinyint(4) DEFAULT '1',
  `status_caption` varchar(255) DEFAULT NULL,
  `status_icon` varchar(128) DEFAULT NULL,
  `html_start` varchar(255) DEFAULT NULL,
  `html_end` varchar(255) DEFAULT NULL,
  `is_user_new` tinyint(4) DEFAULT '0',
  `is_user_reply` tinyint(4) DEFAULT '0',
  `is_operation` tinyint(4) DEFAULT '0',
  `is_reassign` tinyint(4) DEFAULT '0',
  `is_internal` tinyint(4) DEFAULT '0',
  `is_list` tinyint(4) DEFAULT '0',
  `is_closed` tinyint(4) DEFAULT '0',
  `is_add_knowledge` tinyint(4) DEFAULT '0',
  `admin_notify` tinyint(4) DEFAULT '0',
  `admin_to` varchar(255) DEFAULT NULL,
  `admin_from` varchar(64) DEFAULT NULL,
  `admin_cc` varchar(255) DEFAULT NULL,
  `admin_bcc` varchar(255) DEFAULT NULL,
  `admin_reply_to` varchar(64) DEFAULT NULL,
  `admin_return_path` varchar(64) DEFAULT NULL,
  `admin_mail_type` tinyint(4) DEFAULT '0',
  `admin_subject` varchar(255) DEFAULT NULL,
  `admin_body` text,
  `manager_by_notify` tinyint(4) DEFAULT '0',
  `manager_by_to` varchar(255) DEFAULT NULL,
  `manager_by_from` varchar(64) DEFAULT NULL,
  `manager_by_cc` varchar(255) DEFAULT NULL,
  `manager_by_bcc` varchar(255) DEFAULT NULL,
  `manager_by_reply_to` varchar(64) DEFAULT NULL,
  `manager_by_return_path` varchar(64) DEFAULT NULL,
  `manager_by_mail_type` tinyint(4) DEFAULT '0',
  `manager_by_subject` varchar(255) DEFAULT NULL,
  `manager_by_body` text,
  `manager_to_notify` tinyint(4) DEFAULT '0',
  `manager_to_to` varchar(255) DEFAULT NULL,
  `manager_to_from` varchar(64) DEFAULT NULL,
  `manager_to_cc` varchar(255) DEFAULT NULL,
  `manager_to_bcc` varchar(255) DEFAULT NULL,
  `manager_to_reply_to` varchar(64) DEFAULT NULL,
  `manager_to_return_path` varchar(64) DEFAULT NULL,
  `manager_to_mail_type` tinyint(4) DEFAULT '0',
  `manager_to_subject` varchar(255) DEFAULT NULL,
  `manager_to_body` text,
  `user_notify` tinyint(4) DEFAULT '0',
  `user_to` varchar(255) DEFAULT NULL,
  `user_from` varchar(64) DEFAULT NULL,
  `user_cc` varchar(255) DEFAULT NULL,
  `user_bcc` varchar(255) DEFAULT NULL,
  `user_reply_to` varchar(64) DEFAULT NULL,
  `user_return_path` varchar(64) DEFAULT NULL,
  `user_mail_type` tinyint(4) DEFAULT '0',
  `user_subject` varchar(255) DEFAULT NULL,
  `user_body` text,
  PRIMARY KEY (`status_id`)
) ENGINE=MyISAM  DEFAULT CHARSET=utf8 AUTO_INCREMENT=10 ;

INSERT INTO `va_support_statuses` (`status_id`, `status_name`, `show_for_user`, `status_caption`, `status_icon`, `html_start`, `html_end`, `is_user_new`, `is_user_reply`, `is_operation`, `is_reassign`, `is_internal`, `is_list`, `is_closed`, `is_add_knowledge`, `admin_notify`, `admin_to`, `admin_from`, `admin_cc`, `admin_bcc`, `admin_reply_to`, `admin_return_path`, `admin_mail_type`, `admin_subject`, `admin_body`, `manager_by_notify`, `manager_by_to`, `manager_by_from`, `manager_by_cc`, `manager_by_bcc`, `manager_by_reply_to`, `manager_by_return_path`, `manager_by_mail_type`, `manager_by_subject`, `manager_by_body`, `manager_to_notify`, `manager_to_to`, `manager_to_from`, `manager_to_cc`, `manager_to_bcc`, `manager_to_reply_to`, `manager_to_return_path`, `manager_to_mail_type`, `manager_to_subject`, `manager_to_body`, `user_notify`, `user_to`, `user_from`, `user_cc`, `user_bcc`, `user_reply_to`, `user_return_path`, `user_mail_type`, `user_subject`, `user_body`) VALUES
(1, 'Новый запрос', 0, 'Новый запрос', NULL, NULL, NULL, 1, 0, 0, 0, 0, 1, 0, 0, NULL, NULL, NULL, NULL, NULL, NULL, NULL, NULL, NULL, NULL, NULL, NULL, NULL, NULL, NULL, NULL, NULL, NULL, NULL, NULL, NULL, NULL, NULL, NULL, NULL, NULL, NULL, NULL, NULL, NULL, NULL, NULL, NULL, NULL, NULL, NULL, NULL, NULL, NULL, NULL),
(2, 'Отвечено', 0, 'Отвечено', NULL, NULL, NULL, 0, 0, 1, 0, 0, 1, 0, 0, NULL, NULL, NULL, NULL, NULL, NULL, NULL, NULL, NULL, NULL, NULL, NULL, NULL, NULL, NULL, NULL, NULL, NULL, NULL, NULL, NULL, NULL, NULL, NULL, NULL, NULL, NULL, NULL, NULL, NULL, NULL, NULL, NULL, NULL, NULL, NULL, NULL, NULL, NULL, NULL),
(4, 'Запрос дополнительной информации', 0, 'Запрос дополнительной информации', NULL, NULL, NULL, 0, 0, 1, 0, 0, 1, 0, 0, NULL, NULL, NULL, NULL, NULL, NULL, NULL, NULL, NULL, NULL, NULL, NULL, NULL, NULL, NULL, NULL, NULL, NULL, NULL, NULL, NULL, NULL, NULL, NULL, NULL, NULL, NULL, NULL, NULL, NULL, NULL, NULL, NULL, NULL, NULL, NULL, NULL, NULL, NULL, NULL),
(5, 'На рассмотрении', 0, 'На рассмотрении', NULL, NULL, NULL, 0, 0, 1, 0, 0, 1, 0, 0, NULL, NULL, NULL, NULL, NULL, NULL, NULL, NULL, NULL, NULL, NULL, NULL, NULL, NULL, NULL, NULL, NULL, NULL, NULL, NULL, NULL, NULL, NULL, NULL, NULL, NULL, NULL, NULL, NULL, NULL, NULL, NULL, NULL, NULL, NULL, NULL, NULL, NULL, NULL, NULL),
(6, 'Закрыто', 0, 'Закрыто', NULL, NULL, NULL, 0, 0, 1, 0, 0, 0, 1, 0, NULL, NULL, NULL, NULL, NULL, NULL, NULL, NULL, NULL, NULL, NULL, NULL, NULL, NULL, NULL, NULL, NULL, NULL, NULL, NULL, NULL, NULL, NULL, NULL, NULL, NULL, NULL, NULL, NULL, NULL, NULL, NULL, NULL, NULL, NULL, NULL, NULL, NULL, NULL, NULL),
(7, 'Перенаправлено специалисту (Internal) (Служебное сообщение)', 0, 'Перенаправлено специалисту (Internal)', NULL, NULL, NULL, 0, 0, 1, 1, 1, 1, 0, 0, NULL, NULL, NULL, NULL, NULL, NULL, NULL, NULL, NULL, NULL, NULL, NULL, NULL, NULL, NULL, NULL, NULL, NULL, NULL, NULL, NULL, NULL, NULL, NULL, NULL, NULL, NULL, NULL, NULL, NULL, NULL, NULL, NULL, NULL, NULL, NULL, NULL, NULL, NULL, NULL),
(8, 'Ответ пользователя', 0, 'Ответ пользователя', NULL, NULL, NULL, 0, 1, 0, 0, 0, 1, 0, 0, NULL, NULL, NULL, NULL, NULL, NULL, NULL, NULL, NULL, NULL, NULL, NULL, NULL, NULL, NULL, NULL, NULL, NULL, NULL, NULL, NULL, NULL, NULL, NULL, NULL, NULL, NULL, NULL, NULL, NULL, NULL, NULL, NULL, NULL, NULL, NULL, NULL, NULL, NULL, NULL),
(9, 'Добавлено в Базу Знаний (Internal) (Служебное сообщение)', 0, 'Добавлено в Базу Знаний (Internal)', NULL, NULL, NULL, 0, 0, 0, 0, 1, 0, 0, 1, NULL, NULL, NULL, NULL, NULL, NULL, NULL, NULL, NULL, NULL, NULL, NULL, NULL, NULL, NULL, NULL, NULL, NULL, NULL, NULL, NULL, NULL, NULL, NULL, NULL, NULL, NULL, NULL, NULL, NULL, NULL, NULL, NULL, NULL, NULL, NULL, NULL, NULL, NULL, NULL);

CREATE TABLE `va_support_time_report` (
  `report_id` int(11) NOT NULL AUTO_INCREMENT,
  `admin_id` int(11) NOT NULL DEFAULT '0',
  `support_id` int(11) NOT NULL DEFAULT '0',
  `started_date` datetime DEFAULT NULL,
  `report_date` datetime DEFAULT NULL,
  `spent_hours` int(11) DEFAULT '0',
  PRIMARY KEY (`report_id`),
  KEY `admin_id` (`admin_id`),
  KEY `support_id` (`support_id`)
) ENGINE=MyISAM DEFAULT CHARSET=utf8 AUTO_INCREMENT=1 ;


CREATE TABLE `va_support_types` (
  `type_id` int(11) NOT NULL AUTO_INCREMENT,
  `type_name` varchar(255) NOT NULL,
  `show_for_user` tinyint(4) DEFAULT '1',
  PRIMARY KEY (`type_id`)
) ENGINE=MyISAM  DEFAULT CHARSET=utf8 AUTO_INCREMENT=8 ;

INSERT INTO `va_support_types` (`type_id`, `type_name`, `show_for_user`) VALUES
(7, 'Предложение', 1),
(6, 'Консультация по товару', 1);

CREATE TABLE `va_support_users_departments` (
  `admin_id` int(11) NOT NULL DEFAULT '0',
  `dep_id` int(11) NOT NULL DEFAULT '0',
  `is_default_dep` tinyint(4) DEFAULT '0',
  PRIMARY KEY (`admin_id`,`dep_id`)
) ENGINE=MyISAM DEFAULT CHARSET=utf8;

INSERT INTO `va_support_users_departments` (`admin_id`, `dep_id`, `is_default_dep`) VALUES
(1, 1, 1);

CREATE TABLE `va_support_users_priorities` (
  `user_priority_id` int(11) NOT NULL AUTO_INCREMENT,
  `priority_id` int(11) DEFAULT '0',
  `user_id` int(11) DEFAULT '0',
  `user_email` varchar(255) DEFAULT NULL,
  `priority_expiry` datetime DEFAULT NULL,
  `admin_id_added_by` int(11) DEFAULT '0',
  `admin_id_modified_by` int(11) DEFAULT '0',
  `date_added` datetime DEFAULT NULL,
  `date_modified` datetime DEFAULT NULL,
  PRIMARY KEY (`user_priority_id`),
  KEY `priority_id` (`priority_id`),
  KEY `user_id` (`user_id`)
) ENGINE=MyISAM DEFAULT CHARSET=utf8 AUTO_INCREMENT=1 ;


CREATE TABLE `va_tax_rates` (
  `tax_id` int(11) NOT NULL AUTO_INCREMENT,
  `is_default` tinyint(4) DEFAULT '0',
  `tax_name` varchar(255) NOT NULL,
  `tax_type` tinyint(4) DEFAULT '1',
  `show_type` tinyint(4) DEFAULT '0',
  `postal_code` text,
  `state_id` int(11) DEFAULT '0',
  `country_id` int(11) DEFAULT '0',
  `tax_percent` double(16,3) NOT NULL DEFAULT '0.000',
  `fixed_amount` double(16,2) DEFAULT NULL,
  `shipping_tax_percent` double(16,3) DEFAULT NULL,
  `shipping_fixed_amount` double(16,2) DEFAULT NULL,
  PRIMARY KEY (`tax_id`),
  KEY `state_id` (`state_id`),
  KEY `country_id` (`country_id`)
) ENGINE=MyISAM  DEFAULT CHARSET=utf8 AUTO_INCREMENT=2 ;

INSERT INTO `va_tax_rates` (`tax_id`, `is_default`, `tax_name`, `tax_type`, `show_type`, `postal_code`, `state_id`, `country_id`, `tax_percent`, `fixed_amount`, `shipping_tax_percent`, `shipping_fixed_amount`) VALUES
(1, 1, 'НДС', 0, 1, NULL, 0, 188, 18.000, NULL, NULL, NULL);

CREATE TABLE `va_tax_rates_items` (
  `tax_item_id` int(11) NOT NULL AUTO_INCREMENT,
  `tax_id` int(11) DEFAULT '0',
  `item_type_id` int(11) DEFAULT '0',
  `tax_percent` double(16,3) DEFAULT NULL,
  `fixed_amount` double(16,2) DEFAULT NULL,
  PRIMARY KEY (`tax_item_id`),
  KEY `tax_id` (`tax_id`),
  KEY `item_type_id` (`item_type_id`)
) ENGINE=MyISAM  DEFAULT CHARSET=utf8 AUTO_INCREMENT=10 ;

INSERT INTO `va_tax_rates_items` (`tax_item_id`, `tax_id`, `item_type_id`, `tax_percent`, `fixed_amount`) VALUES
(1, 1, 1, NULL, NULL),
(2, 1, 2, NULL, NULL),
(3, 1, 3, NULL, NULL),
(4, 1, 4, NULL, NULL),
(5, 1, 5, NULL, NULL),
(6, 1, 6, NULL, NULL),
(7, 1, 7, NULL, NULL),
(8, 1, 8, NULL, NULL),
(9, 1, 9, NULL, NULL);

CREATE TABLE `va_tracking_pages` (
  `page_id` int(11) NOT NULL AUTO_INCREMENT,
  `visit_id` int(11) NOT NULL DEFAULT '0',
  `ip_long` int(11) NOT NULL DEFAULT '0',
  `ip_text` varchar(32) DEFAULT NULL,
  `forwarded_ips` varchar(255) DEFAULT NULL,
  `request_uri` varchar(255) DEFAULT NULL,
  `request_page` varchar(255) DEFAULT NULL,
  `date_added` datetime NOT NULL,
  `year_added` smallint(6) NOT NULL DEFAULT '0',
  `month_added` tinyint(4) NOT NULL DEFAULT '0',
  `day_added` tinyint(4) NOT NULL DEFAULT '0',
  `hour_added` tinyint(4) NOT NULL DEFAULT '0',
  `site_id` int(11) NOT NULL DEFAULT '0',
  PRIMARY KEY (`page_id`),
  KEY `visit_id` (`visit_id`),
  KEY `ip_long` (`ip_long`),
  KEY `date_added` (`date_added`),
  KEY `year_added` (`year_added`),
  KEY `month_added` (`month_added`),
  KEY `day_added` (`day_added`),
  KEY `hour_added` (`hour_added`),
  KEY `site_id` (`site_id`)
) ENGINE=MyISAM DEFAULT CHARSET=utf8 AUTO_INCREMENT=1 ;


CREATE TABLE `va_tracking_visits` (
  `visit_id` int(11) NOT NULL AUTO_INCREMENT,
  `parent_visit_id` int(11) DEFAULT '0',
  `visit_number` int(11) DEFAULT '1',
  `ip_long` int(11) NOT NULL DEFAULT '0',
  `ip_text` varchar(32) NOT NULL,
  `forwarded_ips` varchar(50) DEFAULT NULL,
  `affiliate_code` varchar(64) DEFAULT NULL,
  `keywords` varchar(255) DEFAULT NULL,
  `user_agent` varchar(255) DEFAULT NULL,
  `request_uri` varchar(255) DEFAULT NULL,
  `request_page` varchar(255) DEFAULT NULL,
  `referer` varchar(255) DEFAULT NULL,
  `referer_host` varchar(255) DEFAULT NULL,
  `referer_engine_id` int(11) NOT NULL DEFAULT '0',
  `robot_engine_id` int(11) NOT NULL DEFAULT '0',
  `date_added` datetime NOT NULL,
  `year_added` smallint(6) NOT NULL DEFAULT '0',
  `month_added` tinyint(4) NOT NULL DEFAULT '0',
  `week_added` int(11) NOT NULL DEFAULT '0',
  `day_added` tinyint(4) NOT NULL DEFAULT '0',
  `hour_added` tinyint(4) NOT NULL DEFAULT '0',
  `site_id` int(11) NOT NULL DEFAULT '0',
  PRIMARY KEY (`visit_id`),
  KEY `parent_visit_id` (`parent_visit_id`),
  KEY `ip_long` (`ip_long`),
  KEY `affiliate_code` (`affiliate_code`),
  KEY `keywords` (`keywords`),
  KEY `referer_host` (`referer_host`),
  KEY `referer_engine_id` (`referer_engine_id`),
  KEY `robot_engine_id` (`robot_engine_id`),
  KEY `date_added` (`date_added`),
  KEY `year_added` (`year_added`),
  KEY `month_added` (`month_added`),
  KEY `week_added` (`week_added`),
  KEY `day_added` (`day_added`),
  KEY `hour_added` (`hour_added`),
  KEY `site_id` (`site_id`)
) ENGINE=MyISAM DEFAULT CHARSET=utf8 AUTO_INCREMENT=1 ;


CREATE TABLE `va_users` (
  `user_id` int(11) NOT NULL AUTO_INCREMENT,
  `user_type_id` int(11) DEFAULT '0',
  `subscription_id` int(11) DEFAULT '0',
  `layout_id` int(11) DEFAULT NULL,
  `is_approved` tinyint(4) DEFAULT '0',
  `is_hidden` tinyint(4) DEFAULT '0',
  `is_unsubscribed` tinyint(4) DEFAULT '0',
  `expiry_date` datetime DEFAULT NULL,
  `suspend_date` datetime DEFAULT NULL,
  `registration_last_step` int(11) DEFAULT '1',
  `registration_total_steps` int(11) DEFAULT '1',
  `is_sms_allowed` tinyint(4) DEFAULT '0',
  `credit_balance` double(16,2) DEFAULT '0.00',
  `total_points` double(16,4) DEFAULT '0.0000',
  `discount_type` tinyint(4) DEFAULT NULL,
  `discount_amount` double(16,2) DEFAULT '0.00',
  `reward_type` tinyint(4) DEFAULT NULL,
  `reward_amount` double(16,4) DEFAULT NULL,
  `credit_reward_type` tinyint(4) DEFAULT NULL,
  `credit_reward_amount` double(16,2) DEFAULT NULL,
  `affiliate_commission_type` tinyint(4) DEFAULT NULL,
  `affiliate_commission_amount` double(16,2) DEFAULT NULL,
  `merchant_fee_type` tinyint(4) DEFAULT NULL,
  `merchant_fee_amount` double(16,2) DEFAULT NULL,
  `tax_free` tinyint(4) DEFAULT '0',
  `order_min_goods_cost` double(16,2) DEFAULT NULL,
  `order_max_goods_cost` double(16,2) DEFAULT NULL,
  `coupons_ids` text,
  `login` varchar(64) NOT NULL,
  `password` varchar(32) NOT NULL,
  `nickname` varchar(32) DEFAULT NULL,
  `affiliate_code` varchar(64) DEFAULT NULL,
  `security_question` varchar(255) DEFAULT NULL,
  `security_answer` varchar(255) DEFAULT NULL,
  `personal_image` varchar(255) DEFAULT NULL,
  `short_description` varchar(255) DEFAULT NULL,
  `full_description` text,
  `friendly_url` varchar(255) DEFAULT NULL,
  `name` varchar(128) NOT NULL,
  `first_name` varchar(64) NOT NULL,
  `last_name` varchar(64) NOT NULL,
  `company_id` int(11) DEFAULT '0',
  `company_name` varchar(128) DEFAULT NULL,
  `email` varchar(128) NOT NULL,
  `address1` varchar(255) DEFAULT NULL,
  `address2` varchar(255) DEFAULT NULL,
  `city` varchar(128) DEFAULT NULL,
  `province` varchar(128) DEFAULT NULL,
  `state_id` int(11) DEFAULT '0',
  `state_code` varchar(8) DEFAULT NULL,
  `zip` varchar(16) DEFAULT NULL,
  `country_id` int(11) DEFAULT '0',
  `country_code` varchar(8) DEFAULT NULL,
  `phone` varchar(32) DEFAULT NULL,
  `daytime_phone` varchar(32) DEFAULT NULL,
  `evening_phone` varchar(32) DEFAULT NULL,
  `cell_phone` varchar(32) DEFAULT NULL,
  `fax` varchar(32) DEFAULT NULL,
  `delivery_name` varchar(128) DEFAULT NULL,
  `delivery_first_name` varchar(64) DEFAULT NULL,
  `delivery_last_name` varchar(64) DEFAULT NULL,
  `delivery_company_id` int(11) DEFAULT '0',
  `delivery_company_name` varchar(128) DEFAULT NULL,
  `delivery_email` varchar(128) DEFAULT NULL,
  `delivery_address1` varchar(255) DEFAULT NULL,
  `delivery_address2` varchar(255) DEFAULT NULL,
  `delivery_city` varchar(128) DEFAULT NULL,
  `delivery_province` varchar(128) DEFAULT NULL,
  `delivery_state_id` int(11) DEFAULT '0',
  `delivery_state_code` varchar(8) DEFAULT NULL,
  `delivery_zip` varchar(16) DEFAULT NULL,
  `delivery_country_id` int(11) DEFAULT '0',
  `delivery_country_code` varchar(8) DEFAULT NULL,
  `delivery_phone` varchar(32) DEFAULT NULL,
  `delivery_daytime_phone` varchar(32) DEFAULT NULL,
  `delivery_evening_phone` varchar(32) DEFAULT NULL,
  `delivery_cell_phone` varchar(32) DEFAULT NULL,
  `delivery_fax` varchar(32) DEFAULT NULL,
  `bill_encrypt_type` tinyint(4) DEFAULT '1',
  `bill_name` varchar(128) DEFAULT NULL,
  `bill_first_name` varchar(64) DEFAULT NULL,
  `bill_last_name` varchar(64) DEFAULT NULL,
  `bill_company_id` varchar(32) DEFAULT NULL,
  `bill_company_name` varchar(128) DEFAULT NULL,
  `bill_email` varchar(128) DEFAULT NULL,
  `bill_address1` varchar(255) DEFAULT NULL,
  `bill_address2` varchar(255) DEFAULT NULL,
  `bill_city` varchar(128) DEFAULT NULL,
  `bill_province` varchar(128) DEFAULT NULL,
  `bill_state_id` varchar(32) DEFAULT NULL,
  `bill_zip` varchar(32) DEFAULT NULL,
  `bill_country_id` varchar(32) DEFAULT NULL,
  `bill_phone` varchar(32) DEFAULT NULL,
  `bill_daytime_phone` varchar(32) DEFAULT NULL,
  `bill_evening_phone` varchar(32) DEFAULT NULL,
  `bill_cell_phone` varchar(32) DEFAULT NULL,
  `bill_fax` varchar(32) DEFAULT NULL,
  `bill_cc_number` varchar(64) DEFAULT NULL,
  `bill_cc_start_date` varchar(32) DEFAULT NULL,
  `bill_cc_expiry_date` varchar(32) DEFAULT NULL,
  `bill_cc_type` varchar(32) DEFAULT NULL,
  `bill_cc_issue_number` varchar(16) DEFAULT NULL,
  `bill_cc_cvv2` varchar(16) DEFAULT NULL,
  `paypal_account` varchar(128) DEFAULT NULL,
  `msn_account` varchar(128) DEFAULT NULL,
  `icq_number` varchar(32) DEFAULT NULL,
  `user_site_url` varchar(255) DEFAULT NULL,
  `tax_id` varchar(128) DEFAULT NULL,
  `birth_year` smallint(6) DEFAULT NULL,
  `birth_month` tinyint(4) DEFAULT NULL,
  `birth_day` tinyint(4) DEFAULT NULL,
  `user_notes` text,
  `admin_notes` text,
  `registration_ip` varchar(32) DEFAULT NULL,
  `registration_date` datetime DEFAULT NULL,
  `modified_ip` varchar(32) DEFAULT NULL,
  `modified_date` datetime DEFAULT NULL,
  `admin_modified_ip` varchar(32) DEFAULT NULL,
  `admin_modified_date` datetime DEFAULT NULL,
  `last_logged_ip` varchar(32) DEFAULT NULL,
  `last_logged_date` datetime DEFAULT NULL,
  `last_visit_ip` varchar(32) DEFAULT NULL,
  `last_visit_page` varchar(255) DEFAULT NULL,
  `last_visit_date` datetime DEFAULT NULL,
  `reset_password_code` varchar(64) DEFAULT NULL,
  `reset_password_date` datetime DEFAULT NULL,
  PRIMARY KEY (`user_id`),
  KEY `subscription_id` (`subscription_id`),
  KEY `login` (`login`),
  KEY `password` (`password`),
  KEY `nickname` (`nickname`),
  KEY `affiliate_code` (`affiliate_code`),
  KEY `name` (`name`),
  KEY `first_name` (`first_name`),
  KEY `last_name` (`last_name`),
  KEY `company_id` (`company_id`),
  KEY `email` (`email`),
  KEY `state_id` (`state_id`),
  KEY `country_id` (`country_id`),
  KEY `delivery_company_id` (`delivery_company_id`),
  KEY `delivery_state_id` (`delivery_state_id`),
  KEY `delivery_country_id` (`delivery_country_id`),
  KEY `last_visit_date` (`last_visit_date`),
  KEY `reset_password_code` (`reset_password_code`)
) ENGINE=MyISAM  DEFAULT CHARSET=utf8 AUTO_INCREMENT=4 ;

INSERT INTO `va_users` (`user_id`, `user_type_id`, `subscription_id`, `layout_id`, `is_approved`, `is_hidden`, `is_unsubscribed`, `expiry_date`, `suspend_date`, `registration_last_step`, `registration_total_steps`, `is_sms_allowed`, `credit_balance`, `total_points`, `discount_type`, `discount_amount`, `reward_type`, `reward_amount`, `credit_reward_type`, `credit_reward_amount`, `affiliate_commission_type`, `affiliate_commission_amount`, `merchant_fee_type`, `merchant_fee_amount`, `tax_free`, `order_min_goods_cost`, `order_max_goods_cost`, `coupons_ids`, `login`, `password`, `nickname`, `affiliate_code`, `security_question`, `security_answer`, `personal_image`, `short_description`, `full_description`, `friendly_url`, `name`, `first_name`, `last_name`, `company_id`, `company_name`, `email`, `address1`, `address2`, `city`, `province`, `state_id`, `state_code`, `zip`, `country_id`, `country_code`, `phone`, `daytime_phone`, `evening_phone`, `cell_phone`, `fax`, `delivery_name`, `delivery_first_name`, `delivery_last_name`, `delivery_company_id`, `delivery_company_name`, `delivery_email`, `delivery_address1`, `delivery_address2`, `delivery_city`, `delivery_province`, `delivery_state_id`, `delivery_state_code`, `delivery_zip`, `delivery_country_id`, `delivery_country_code`, `delivery_phone`, `delivery_daytime_phone`, `delivery_evening_phone`, `delivery_cell_phone`, `delivery_fax`, `bill_encrypt_type`, `bill_name`, `bill_first_name`, `bill_last_name`, `bill_company_id`, `bill_company_name`, `bill_email`, `bill_address1`, `bill_address2`, `bill_city`, `bill_province`, `bill_state_id`, `bill_zip`, `bill_country_id`, `bill_phone`, `bill_daytime_phone`, `bill_evening_phone`, `bill_cell_phone`, `bill_fax`, `bill_cc_number`, `bill_cc_start_date`, `bill_cc_expiry_date`, `bill_cc_type`, `bill_cc_issue_number`, `bill_cc_cvv2`, `paypal_account`, `msn_account`, `icq_number`, `user_site_url`, `tax_id`, `birth_year`, `birth_month`, `birth_day`, `user_notes`, `admin_notes`, `registration_ip`, `registration_date`, `modified_ip`, `modified_date`, `admin_modified_ip`, `admin_modified_date`, `last_logged_ip`, `last_logged_date`, `last_visit_ip`, `last_visit_page`, `last_visit_date`, `reset_password_code`, `reset_password_date`) VALUES
(2, 1, 0, NULL, 1, NULL, 0, NULL, NULL, 1, 1, 1, 0.00, 0.0000, NULL, NULL, NULL, NULL, NULL, NULL, NULL, NULL, NULL, NULL, 0, NULL, NULL, NULL, 'fedot', 'fedot', '', 'fedot', '', '', NULL, NULL, NULL, 'fedot', '', 'Федот', '', NULL, NULL, 'support@viarts.ru', 'ул. Новая, 6', NULL, 'Москва', NULL, 0, '', NULL, 0, '', NULL, NULL, NULL, '89260000000', NULL, NULL, 'Федот', NULL, NULL, NULL, 'support@viarts.ru', 'ул. Новая, 6', NULL, 'Москва', NULL, 0, '', NULL, 0, '', NULL, NULL, NULL, '89260000000', NULL, 1, NULL, NULL, NULL, NULL, NULL, NULL, NULL, NULL, NULL, NULL, NULL, NULL, NULL, NULL, NULL, NULL, NULL, NULL, NULL, NULL, NULL, NULL, NULL, NULL, NULL, NULL, NULL, NULL, NULL, NULL, NULL, NULL, NULL, NULL, '46.138.168.146', '2012-10-20 01:14:10', '46.138.169.20', '2012-11-29 23:28:33', '77.122.114.81', '2012-11-19 17:05:48', '127.0.0.1', '2013-01-10 14:33:03', '127.0.0.1', '/admin/admin_cms_page_layout.php?page_id=1&rp=admin_cms.php', '2013-01-11 16:10:20', NULL, NULL),
(3, 2, 0, NULL, 1, NULL, 0, NULL, NULL, 1, 1, 0, 0.00, 0.0000, NULL, 0.00, NULL, NULL, NULL, NULL, NULL, NULL, NULL, NULL, 0, NULL, NULL, NULL, 'soft', '123456', '', 'soft', '', '', NULL, NULL, NULL, 'soft', '', '', '', NULL, 'ООО "Soft"', 'support@soft.ru', 'ул. Новая, 63', NULL, NULL, NULL, 0, '', '111111', 0, '', NULL, NULL, NULL, '89260858514', NULL, NULL, NULL, NULL, NULL, 'ООО "Soft"', 'support@soft.ru', 'ул. Новая, 63', NULL, NULL, NULL, 0, '', '111111', 0, '', NULL, NULL, NULL, '89260858514', NULL, 1, NULL, NULL, NULL, NULL, NULL, NULL, NULL, NULL, NULL, NULL, NULL, NULL, NULL, NULL, NULL, NULL, NULL, NULL, NULL, NULL, NULL, NULL, NULL, NULL, NULL, NULL, NULL, NULL, NULL, NULL, NULL, NULL, NULL, NULL, '127.0.0.1', '2013-01-10 12:36:54', NULL, NULL, NULL, NULL, '127.0.0.1', '2013-01-10 12:36:54', '127.0.0.1', '/user_login.php?operation=logout', '2013-01-10 12:38:24', NULL, NULL);

CREATE TABLE `va_users_addresses` (
  `address_id` int(11) NOT NULL AUTO_INCREMENT,
  `user_id` int(11) DEFAULT '0',
  `address_type` tinyint(4) DEFAULT '0',
  `name` varchar(128) DEFAULT NULL,
  `first_name` varchar(64) DEFAULT NULL,
  `last_name` varchar(64) DEFAULT NULL,
  `company_id` int(11) DEFAULT '0',
  `company_name` varchar(128) DEFAULT NULL,
  `email` varchar(128) DEFAULT NULL,
  `address1` varchar(255) DEFAULT NULL,
  `address2` varchar(255) DEFAULT NULL,
  `city` varchar(128) DEFAULT NULL,
  `province` varchar(128) DEFAULT NULL,
  `state_id` int(11) DEFAULT '0',
  `state_code` varchar(8) DEFAULT NULL,
  `postal_code` varchar(16) DEFAULT NULL,
  `country_id` int(11) DEFAULT '0',
  `country_code` varchar(8) DEFAULT NULL,
  `phone` varchar(32) DEFAULT NULL,
  `daytime_phone` varchar(32) DEFAULT NULL,
  `evening_phone` varchar(32) DEFAULT NULL,
  `cell_phone` varchar(32) DEFAULT NULL,
  `fax` varchar(32) DEFAULT NULL,
  PRIMARY KEY (`address_id`),
  KEY `user_id` (`user_id`)
) ENGINE=MyISAM  DEFAULT CHARSET=utf8 AUTO_INCREMENT=3 ;

INSERT INTO `va_users_addresses` (`address_id`, `user_id`, `address_type`, `name`, `first_name`, `last_name`, `company_id`, `company_name`, `email`, `address1`, `address2`, `city`, `province`, `state_id`, `state_code`, `postal_code`, `country_id`, `country_code`, `phone`, `daytime_phone`, `evening_phone`, `cell_phone`, `fax`) VALUES
(1, 2, 2, '', 'Федот', 'Федотов', NULL, NULL, '', 'Новая 6', NULL, 'Москва', NULL, 0, '', NULL, 0, '', NULL, NULL, NULL, '85555555555', NULL),
(2, 2, 2, '', 'Dan', 'Федотов', NULL, NULL, '', 'Новая 6', NULL, 'New York', NULL, 0, '', NULL, 0, '', NULL, NULL, NULL, '85555555555', NULL);

CREATE TABLE `va_users_commissions` (
  `commission_id` int(11) NOT NULL AUTO_INCREMENT,
  `payment_id` int(11) DEFAULT '0',
  `user_id` int(11) DEFAULT '0',
  `order_id` int(11) DEFAULT '0',
  `order_item_id` int(11) DEFAULT '0',
  `commission_amount` double(16,2) DEFAULT '0.00',
  `commission_action` int(11) DEFAULT '0',
  `commission_type` int(11) DEFAULT '0',
  `date_added` datetime NOT NULL,
  PRIMARY KEY (`commission_id`),
  KEY `payment_id` (`payment_id`),
  KEY `user_id` (`user_id`),
  KEY `order_id` (`order_id`),
  KEY `order_item_id` (`order_item_id`),
  KEY `date_added` (`date_added`)
) ENGINE=MyISAM  DEFAULT CHARSET=utf8 AUTO_INCREMENT=24 ;

INSERT INTO `va_users_commissions` (`commission_id`, `payment_id`, `user_id`, `order_id`, `order_item_id`, `commission_amount`, `commission_action`, `commission_type`, `date_added`) VALUES
(19, 0, 2, 24, 20, 60.00, 1, 2, '2012-11-14 21:06:27'),
(18, 0, 2, 22, 18, 1000.00, 1, 1, '2012-11-14 20:06:48'),
(17, 0, 2, 23, 19, 100.00, 1, 2, '2012-11-14 19:09:00'),
(16, 0, 2, 23, 19, 900.00, 1, 1, '2012-11-14 19:09:00'),
(15, 0, 3, 19, 15, 35200.00, 1, 1, '2012-11-14 01:19:49'),
(14, 0, 3, 13, 9, 35200.00, 1, 1, '2012-10-24 03:30:03'),
(13, 0, 3, 12, 8, 35200.00, 1, 1, '2012-10-24 00:52:51'),
(12, 0, 3, 12, 8, 35200.00, -1, 1, '2012-10-24 00:52:40'),
(11, 0, 3, 12, 8, 35200.00, 1, 1, '2012-10-24 00:36:53'),
(20, 0, 2, 27, 23, 22.00, 1, 2, '2012-11-19 16:39:28'),
(21, 0, 2, 28, 24, 669.90, 1, 2, '2012-11-19 16:52:35'),
(22, 0, 2, 29, 25, 170.00, 1, 2, '2012-11-19 17:01:16'),
(23, 0, 3, 41, 39, 35200.00, 1, 1, '2012-11-29 23:32:42');

CREATE TABLE `va_users_credits` (
  `credit_id` int(11) NOT NULL AUTO_INCREMENT,
  `user_id` int(11) DEFAULT '0',
  `order_id` int(11) DEFAULT '0',
  `order_item_id` int(11) DEFAULT '0',
  `credit_amount` double(16,2) DEFAULT '0.00',
  `credit_action` int(11) DEFAULT '0',
  `credit_type` tinyint(4) DEFAULT '0',
  `admin_id_added_by` int(11) DEFAULT '0',
  `admin_id_modified_by` int(11) DEFAULT '0',
  `date_added` datetime DEFAULT NULL,
  `date_modified` datetime DEFAULT NULL,
  PRIMARY KEY (`credit_id`),
  KEY `user_id` (`user_id`),
  KEY `order_id` (`order_id`),
  KEY `order_item_id` (`order_item_id`),
  KEY `date_added` (`date_added`)
) ENGINE=MyISAM DEFAULT CHARSET=utf8 AUTO_INCREMENT=1 ;


CREATE TABLE `va_users_files` (
  `file_id` int(11) NOT NULL AUTO_INCREMENT,
  `user_id` int(11) NOT NULL DEFAULT '0',
  `file_type` varchar(32) DEFAULT NULL,
  `file_name` varchar(255) DEFAULT NULL,
  `file_path` varchar(255) DEFAULT NULL,
  PRIMARY KEY (`file_id`),
  KEY `user_id` (`user_id`)
) ENGINE=MyISAM  DEFAULT CHARSET=utf8 AUTO_INCREMENT=2 ;

INSERT INTO `va_users_files` (`file_id`, `user_id`, `file_type`, `file_name`, `file_path`) VALUES
(1, 2, 'downloads', 'yel_cart.png', 'yel_cart.png');

CREATE TABLE `va_users_payments` (
  `payment_id` int(11) NOT NULL AUTO_INCREMENT,
  `user_id` int(11) DEFAULT '0',
  `is_paid` tinyint(4) DEFAULT '0',
  `transaction_id` varchar(128) DEFAULT NULL,
  `payment_total` double(16,2) DEFAULT '0.00',
  `payment_name` varchar(255) DEFAULT NULL,
  `payment_notes` text,
  `date_added` datetime DEFAULT NULL,
  `date_modified` datetime DEFAULT NULL,
  `date_paid` datetime DEFAULT NULL,
  `admin_id_added_by` int(11) DEFAULT '0',
  `admin_id_modified_by` int(11) DEFAULT '0',
  PRIMARY KEY (`payment_id`),
  KEY `user_id` (`user_id`),
  KEY `is_paid` (`is_paid`),
  KEY `date_paid` (`date_paid`)
) ENGINE=MyISAM DEFAULT CHARSET=utf8 AUTO_INCREMENT=1 ;


CREATE TABLE `va_users_points` (
  `points_id` int(11) NOT NULL AUTO_INCREMENT,
  `user_id` int(11) DEFAULT '0',
  `order_id` int(11) DEFAULT '0',
  `order_item_id` int(11) DEFAULT '0',
  `points_amount` double(16,4) DEFAULT '0.0000',
  `points_action` int(11) DEFAULT '0',
  `points_type` int(11) DEFAULT '0',
  `admin_id_added_by` int(11) DEFAULT '0',
  `admin_id_modified_by` int(11) DEFAULT '0',
  `date_added` datetime DEFAULT NULL,
  `date_modified` datetime DEFAULT NULL,
  PRIMARY KEY (`points_id`),
  KEY `user_id` (`user_id`),
  KEY `order_id` (`order_id`),
  KEY `order_item_id` (`order_item_id`),
  KEY `date_added` (`date_added`)
) ENGINE=MyISAM DEFAULT CHARSET=utf8 AUTO_INCREMENT=1 ;


CREATE TABLE `va_users_properties` (
  `user_property_id` int(11) NOT NULL AUTO_INCREMENT,
  `user_id` int(11) DEFAULT '0',
  `property_id` int(11) DEFAULT '0',
  `property_value` text,
  PRIMARY KEY (`user_property_id`),
  KEY `user_id` (`user_id`),
  KEY `property_id` (`property_id`)
) ENGINE=MyISAM DEFAULT CHARSET=utf8 AUTO_INCREMENT=1 ;


CREATE TABLE `va_users_ps_details` (
  `psd_id` int(11) NOT NULL AUTO_INCREMENT,
  `user_id` int(11) DEFAULT '0',
  `payment_id` int(11) DEFAULT '0',
  `is_default` tinyint(4) DEFAULT '0',
  `is_active` int(11) DEFAULT '0',
  `cc_encrypt_type` tinyint(4) DEFAULT '1',
  `cc_name` varchar(128) DEFAULT NULL,
  `cc_first_name` varchar(64) DEFAULT NULL,
  `cc_last_name` varchar(64) DEFAULT NULL,
  `cc_number` varchar(64) DEFAULT NULL,
  `cc_start_date` datetime DEFAULT NULL,
  `cc_expiry_date` datetime DEFAULT NULL,
  `cc_type` int(11) DEFAULT NULL,
  `cc_issue_number` int(11) DEFAULT NULL,
  `cc_security_code` varchar(32) DEFAULT NULL,
  `success_payments` int(11) DEFAULT '0',
  `failed_payments` int(11) DEFAULT '0',
  `last_payment_date` datetime DEFAULT NULL,
  `admin_id_added_by` int(11) DEFAULT '0',
  `admin_id_modified_by` int(11) DEFAULT '0',
  `date_added` datetime DEFAULT NULL,
  `date_modified` datetime DEFAULT NULL,
  PRIMARY KEY (`psd_id`),
  KEY `user_id` (`user_id`),
  KEY `payment_id` (`payment_id`)
) ENGINE=MyISAM DEFAULT CHARSET=utf8 AUTO_INCREMENT=1 ;


CREATE TABLE `va_users_ps_properties` (
  `user_property_id` int(11) NOT NULL AUTO_INCREMENT,
  `psd_id` int(11) DEFAULT '0',
  `user_id` int(11) DEFAULT '0',
  `property_id` int(11) DEFAULT '0',
  `property_order` int(11) DEFAULT '1',
  `property_type` int(11) DEFAULT '0',
  `property_name` varchar(255) NOT NULL,
  `property_value_id` int(11) DEFAULT NULL,
  `property_value` text,
  PRIMARY KEY (`user_property_id`),
  KEY `psd_id` (`psd_id`),
  KEY `user_id` (`user_id`),
  KEY `property_id` (`property_id`),
  KEY `property_name` (`property_name`)
) ENGINE=MyISAM DEFAULT CHARSET=utf8 AUTO_INCREMENT=1 ;


CREATE TABLE `va_user_profile_properties` (
  `property_id` int(11) NOT NULL AUTO_INCREMENT,
  `user_type_id` int(11) DEFAULT '0',
  `property_order` int(11) DEFAULT '0',
  `property_code` varchar(64) DEFAULT NULL,
  `property_name` varchar(255) DEFAULT NULL,
  `property_description` text,
  `default_value` text,
  `property_style` varchar(255) DEFAULT NULL,
  `section_id` int(11) DEFAULT '0',
  `property_show` tinyint(4) DEFAULT '0',
  `control_type` varchar(16) DEFAULT NULL,
  `control_style` varchar(255) DEFAULT NULL,
  `control_code` text,
  `onchange_code` text,
  `onclick_code` text,
  `required` tinyint(4) DEFAULT '0',
  `before_name_html` text,
  `after_name_html` text,
  `before_control_html` text,
  `after_control_html` text,
  `validation_regexp` text,
  `regexp_error` text,
  `options_values_sql` text,
  PRIMARY KEY (`property_id`),
  KEY `user_type_id` (`user_type_id`)
) ENGINE=MyISAM DEFAULT CHARSET=utf8 AUTO_INCREMENT=1 ;


CREATE TABLE `va_user_profile_sections` (
  `section_id` int(11) NOT NULL AUTO_INCREMENT,
  `is_active` tinyint(4) DEFAULT '1',
  `step_number` int(11) DEFAULT '1',
  `section_order` int(11) DEFAULT '0',
  `section_code` varchar(16) DEFAULT NULL,
  `section_name` varchar(64) DEFAULT NULL,
  `user_types_all` tinyint(4) DEFAULT '1',
  PRIMARY KEY (`section_id`)
) ENGINE=MyISAM  DEFAULT CHARSET=utf8 AUTO_INCREMENT=5 ;

INSERT INTO `va_user_profile_sections` (`section_id`, `is_active`, `step_number`, `section_order`, `section_code`, `section_name`, `user_types_all`) VALUES
(1, 1, 1, 1, 'login', 'LOGIN_INFO_MSG', 1),
(2, 1, 1, 2, 'personal', 'PERSONAL_DETAILS_MSG', 1),
(3, 1, 1, 3, 'delivery', 'DELIVERY_DETAILS_MSG', 1),
(4, 1, 1, 4, 'additional', 'ADDITIONAL_DETAILS_MSG', 1);

CREATE TABLE `va_user_profile_sections_types` (
  `section_id` int(11) NOT NULL DEFAULT '0',
  `user_type_id` int(11) NOT NULL DEFAULT '0',
  PRIMARY KEY (`section_id`,`user_type_id`)
) ENGINE=MyISAM DEFAULT CHARSET=utf8;


CREATE TABLE `va_user_profile_values` (
  `property_value_id` int(11) NOT NULL AUTO_INCREMENT,
  `property_id` int(11) DEFAULT '0',
  `property_value` varchar(255) DEFAULT NULL,
  `hide_value` tinyint(4) DEFAULT '0',
  `is_default_value` tinyint(4) DEFAULT '0',
  PRIMARY KEY (`property_value_id`),
  KEY `property_id` (`property_id`)
) ENGINE=MyISAM DEFAULT CHARSET=utf8 AUTO_INCREMENT=1 ;


CREATE TABLE `va_user_types` (
  `type_id` int(11) NOT NULL AUTO_INCREMENT,
  `type_name` varchar(128) DEFAULT NULL,
  `is_default` tinyint(4) DEFAULT '0',
  `is_active` tinyint(4) DEFAULT '1',
  `is_sms_allowed` tinyint(4) DEFAULT '0',
  `sites_all` tinyint(4) DEFAULT '1',
  `countries_all` tinyint(4) DEFAULT '1',
  `show_for_user` tinyint(4) DEFAULT '1',
  `price_type` tinyint(4) DEFAULT '0',
  `discount_type` tinyint(4) DEFAULT NULL,
  `discount_amount` double(16,2) DEFAULT '0.00',
  `reward_type` tinyint(4) DEFAULT NULL,
  `reward_amount` double(16,4) DEFAULT NULL,
  `credit_reward_type` tinyint(4) DEFAULT NULL,
  `credit_reward_amount` double(16,2) DEFAULT NULL,
  `affiliate_commission_type` tinyint(4) DEFAULT NULL,
  `affiliate_commission_amount` double(16,2) DEFAULT NULL,
  `merchant_fee_type` tinyint(4) DEFAULT NULL,
  `merchant_fee_amount` double(16,2) DEFAULT NULL,
  `order_min_goods_cost` double(16,2) DEFAULT NULL,
  `order_max_goods_cost` double(16,2) DEFAULT NULL,
  `tax_free` tinyint(4) DEFAULT '0',
  `coupons_ids` text,
  `is_subscription` tinyint(4) DEFAULT '0',
  `is_subscription_recurring` int(11) DEFAULT NULL,
  `subscription_name` varchar(255) DEFAULT NULL,
  `subscription_fee` double(16,2) DEFAULT NULL,
  `subscription_period` int(11) DEFAULT NULL,
  `subscription_interval` int(11) DEFAULT NULL,
  `subscription_suspend` int(11) DEFAULT '0',
  `subscription_points_type` tinyint(4) DEFAULT NULL,
  `subscription_points_amount` double(16,4) DEFAULT NULL,
  `subscription_credits_type` tinyint(4) DEFAULT NULL,
  `subscription_credits_amount` double(16,2) DEFAULT NULL,
  `subscription_affiliate_type` tinyint(4) DEFAULT NULL,
  `subscription_affiliate_amount` double(16,2) DEFAULT NULL,
  PRIMARY KEY (`type_id`)
) ENGINE=MyISAM  DEFAULT CHARSET=utf8 AUTO_INCREMENT=3 ;

INSERT INTO `va_user_types` (`type_id`, `type_name`, `is_default`, `is_active`, `is_sms_allowed`, `sites_all`, `countries_all`, `show_for_user`, `price_type`, `discount_type`, `discount_amount`, `reward_type`, `reward_amount`, `credit_reward_type`, `credit_reward_amount`, `affiliate_commission_type`, `affiliate_commission_amount`, `merchant_fee_type`, `merchant_fee_amount`, `order_min_goods_cost`, `order_max_goods_cost`, `tax_free`, `coupons_ids`, `is_subscription`, `is_subscription_recurring`, `subscription_name`, `subscription_fee`, `subscription_period`, `subscription_interval`, `subscription_suspend`, `subscription_points_type`, `subscription_points_amount`, `subscription_credits_type`, `subscription_credits_amount`, `subscription_affiliate_type`, `subscription_affiliate_amount`) VALUES
(1, 'Покупатель', 1, 1, 1, 1, 1, 1, 0, NULL, NULL, NULL, NULL, NULL, NULL, NULL, NULL, NULL, NULL, NULL, NULL, 0, NULL, 0, 0, NULL, NULL, NULL, NULL, NULL, NULL, NULL, NULL, NULL, NULL, NULL),
(2, 'Продавец', 0, 1, 0, 1, 1, 1, 0, NULL, NULL, NULL, NULL, NULL, NULL, 1, 10.00, NULL, NULL, NULL, NULL, 0, NULL, 0, NULL, NULL, NULL, NULL, NULL, 0, NULL, NULL, NULL, NULL, NULL, NULL);

CREATE TABLE `va_user_types_countries` (
  `type_id` int(11) NOT NULL DEFAULT '0',
  `country_id` int(11) NOT NULL DEFAULT '0',
  PRIMARY KEY (`type_id`,`country_id`)
) ENGINE=MyISAM DEFAULT CHARSET=utf8;


CREATE TABLE `va_user_types_settings` (
  `type_id` int(11) NOT NULL DEFAULT '0',
  `setting_name` varchar(64) NOT NULL,
  `setting_value` varchar(50) DEFAULT NULL,
  PRIMARY KEY (`type_id`,`setting_name`)
) ENGINE=MyISAM DEFAULT CHARSET=utf8;

INSERT INTO `va_user_types_settings` (`type_id`, `setting_name`, `setting_value`) VALUES
(1, 'merchant_order_cc_cvv2', '1'),
(1, 'merchant_order_cc_number', '1'),
(1, 'merchant_order_payment_details', '1'),
(1, 'merchant_orders', '1'),
(1, 'approve_product_registration', '1'),
(1, 'access_product_registration', '1'),
(1, 'approve_product', '1'),
(1, 'delete_product', '1'),
(1, 'edit_product', '1'),
(1, 'add_product', '1'),
(1, 'merchant_sales', '1'),
(1, 'access_products', '1'),
(1, 'my_orders', '1'),
(1, 'my_product_registrations', '1'),
(2, 'add_ad', '1'),
(2, 'affiliate_sales', '1'),
(2, 'affiliate_join', '1'),
(2, 'merchant_order_cc_cvv2', '0'),
(2, 'merchant_order_cc_number', '0'),
(2, 'merchant_order_payment_details', '1'),
(2, 'merchant_orders', '1'),
(2, 'approve_product_registration', '1'),
(2, 'access_product_registration', '1'),
(2, 'approve_product', '1'),
(2, 'delete_product', '1'),
(2, 'edit_product', '1'),
(2, 'add_product', '1'),
(2, 'merchant_sales', '1'),
(2, 'access_products', '1'),
(2, 'my_orders', '1'),
(2, 'my_product_registrations', '1'),
(2, 'reminder_service', '1'),
(1, 'reminder_service', '1'),
(1, 'my_wishlist', '1'),
(1, 'my_carts', '1'),
(1, 'my_payments', '1'),
(2, 'my_wishlist', '1'),
(1, 'my_forum', '1'),
(1, 'my_support', '1'),
(1, 'my_details', '1'),
(1, 'user_order_update_pd', '2'),
(1, 'user_addresses', '1'),
(1, 'edit_pd', '1'),
(1, 'upgrade_downgrade', '1'),
(1, 'approve_profile', '1'),
(1, 'edit_profile', '1'),
(1, 'new_profile', '1'),
(1, 'cancel_subscription', NULL),
(2, 'my_carts', '1'),
(2, 'my_payments', '1'),
(2, 'my_forum', '1'),
(2, 'my_support', '1'),
(2, 'my_details', '1'),
(2, 'user_order_update_pd', '0'),
(2, 'user_addresses', '1'),
(2, 'edit_pd', '1'),
(2, 'upgrade_downgrade', '1'),
(2, 'approve_profile', '1'),
(2, 'edit_profile', '1'),
(2, 'new_profile', '1'),
(2, 'cancel_subscription', NULL),
(1, 'affiliate_join', '0'),
(1, 'affiliate_sales', '1'),
(1, 'add_ad', '1'),
(1, 'edit_ad', '1'),
(1, 'delete_ad', '1'),
(1, 'approve_ad', '1'),
(1, 'add_dating', '0'),
(1, 'edit_dating', '0'),
(1, 'delete_dating', '0'),
(1, 'approve_dating', '0'),
(2, 'edit_ad', '1'),
(2, 'delete_ad', '1'),
(2, 'approve_ad', '1'),
(2, 'add_dating', '0'),
(2, 'edit_dating', '0'),
(2, 'delete_dating', '0'),
(2, 'approve_dating', '0');

CREATE TABLE `va_user_types_sites` (
  `type_id` int(11) NOT NULL DEFAULT '0',
  `site_id` int(11) NOT NULL DEFAULT '0',
  PRIMARY KEY (`type_id`,`site_id`)
) ENGINE=MyISAM DEFAULT CHARSET=utf8;

